Date,Local Site Name,County,Year,Month,mean_latitude,mean_longitude,Ozone,PM2.5
2024-01-01,Bryson City,Swain,2024,1,35.434767,-83.442133,,43.0
2024-01-01,Castle Hayne,New Hanover,2024,1,34.364167,-77.838611,,44.5
2024-01-01,Clemmons Middle,Forsyth,2024,1,36.026612,-80.341962,,47.5
2024-01-01,Durham Armory,Durham,2024,1,36.0329550008979,-78.904037,,61.0
2024-01-01,Frying Pan Mountain,Haywood,2024,1,35.379167,-82.7925,,14.0
2024-01-01,Garinger High School,Mecklenburg,2024,1,35.2401000008895,-80.785683,28.0,42.0
2024-01-01,Hattie Avenue,Forsyth,2024,1,36.11094,-80.224501,,48.0
2024-01-01,Leggett,Edgecombe,2024,1,35.988278,-77.5843,,38.0
2024-01-01,Linville Falls,Avery,2024,1,35.972347,-81.933072,,14.0
2024-01-01,Mendenhall School,Guilford,2024,1,36.1090060008986,-79.802314,,53.0
2024-01-01,Millbrook School,Wake,2024,1,35.856111,-78.574167,25.0,61.5
2024-01-01,Old High School,Swain,2024,1,35.498711,-83.310242,,23.0
2024-01-01,Pitt Agri. Center,Pitt,2024,1,35.6412760008938,-77.360126,,46.0
2024-01-01,Rockwell,Rowan,2024,1,35.551868,-80.395039,27.0,36.0
2024-01-01,West Johnston Co.,Johnston,2024,1,35.59095,-78.4622,,46.0
2024-01-02,Bryson City,Swain,2024,1,35.434767,-83.442133,,21.0
2024-01-02,Castle Hayne,New Hanover,2024,1,34.364167,-77.838611,,20.5
2024-01-02,Clemmons Middle,Forsyth,2024,1,36.026612,-80.341962,,37.0
2024-01-02,Durham Armory,Durham,2024,1,36.0329550008979,-78.904037,,49.0
2024-01-02,Garinger High School,Mecklenburg,2024,1,35.2401000008895,-80.785683,23.0,32.0
2024-01-02,Hattie Avenue,Forsyth,2024,1,36.11094,-80.224501,,33.0
2024-01-02,Leggett,Edgecombe,2024,1,35.988278,-77.5843,,18.0
2024-01-02,Mendenhall School,Guilford,2024,1,36.1090060008986,-79.802314,,33.0
2024-01-02,Millbrook School,Wake,2024,1,35.856111,-78.574167,23.0,32.0
2024-01-02,Pitt Agri. Center,Pitt,2024,1,35.6412760008938,-77.360126,,12.0
2024-01-02,Rockwell,Rowan,2024,1,35.551868,-80.395039,26.0,24.0
2024-01-02,West Johnston Co.,Johnston,2024,1,35.59095,-78.4622,,19.0
2024-01-03,Bryson City,Swain,2024,1,35.434767,-83.442133,,34.0
2024-01-03,Castle Hayne,New Hanover,2024,1,34.364167,-77.838611,,42.0
2024-01-03,Clemmons Middle,Forsyth,2024,1,36.026612,-80.341962,,58.0
2024-01-03,Durham Armory,Durham,2024,1,36.0329550008979,-78.904037,,59.0
2024-01-03,Garinger High School,Mecklenburg,2024,1,35.2401000008895,-80.785683,21.0,52.0
2024-01-03,Hattie Avenue,Forsyth,2024,1,36.11094,-80.224501,,56.0
2024-01-03,Leggett,Edgecombe,2024,1,35.988278,-77.5843,,41.0
2024-01-03,Mendenhall School,Guilford,2024,1,36.1090060008986,-79.802314,,55.0
2024-01-03,Millbrook School,Wake,2024,1,35.856111,-78.574167,21.0,54.0
2024-01-03,Pitt Agri. Center,Pitt,2024,1,35.6412760008938,-77.360126,,52.0
2024-01-03,Rockwell,Rowan,2024,1,35.551868,-80.395039,24.0,55.0
2024-01-03,West Johnston Co.,Johnston,2024,1,35.59095,-78.4622,,54.0
2024-01-04,Bryson City,Swain,2024,1,35.434767,-83.442133,,31.0
2024-01-04,Castle Hayne,New Hanover,2024,1,34.364167,-77.838611,,50.5
2024-01-04,Clemmons Middle,Forsyth,2024,1,36.026612,-80.341962,,32.0
2024-01-04,Durham Armory,Durham,2024,1,36.0329550008979,-78.904037,,55.0
2024-01-04,Frying Pan Mountain,Haywood,2024,1,35.379167,-82.7925,,16.0
2024-01-04,Garinger High School,Mecklenburg,2024,1,35.2401000008895,-80.785683,29.0,33.0
2024-01-04,Hattie Avenue,Forsyth,2024,1,36.11094,-80.224501,,28.0
2024-01-04,Leggett,Edgecombe,2024,1,35.988278,-77.5843,,38.0
2024-01-04,Linville Falls,Avery,2024,1,35.972347,-81.933072,,13.0
2024-01-04,Mendenhall School,Guilford,2024,1,36.1090060008986,-79.802314,,31.0
2024-01-04,Millbrook School,Wake,2024,1,35.856111,-78.574167,28.0,36.5
2024-01-04,Old High School,Swain,2024,1,35.498711,-83.310242,,27.0
2024-01-04,Pitt Agri. Center,Pitt,2024,1,35.6412760008938,-77.360126,,39.0
2024-01-04,Rockwell,Rowan,2024,1,35.551868,-80.395039,28.0,33.0
2024-01-04,West Johnston Co.,Johnston,2024,1,35.59095,-78.4622,,40.0
2024-01-05,Bryson City,Swain,2024,1,35.434767,-83.442133,,45.0
2024-01-05,Castle Hayne,New Hanover,2024,1,34.364167,-77.838611,,34.5
2024-01-05,Clemmons Middle,Forsyth,2024,1,36.026612,-80.341962,,54.0
2024-01-05,Durham Armory,Durham,2024,1,36.0329550008979,-78.904037,,58.0
2024-01-05,Garinger High School,Mecklenburg,2024,1,35.2401000008895,-80.785683,25.0,35.0
2024-01-05,Hattie Avenue,Forsyth,2024,1,36.11094,-80.224501,,46.0
2024-01-05,Leggett,Edgecombe,2024,1,35.988278,-77.5843,,21.0
2024-01-05,Mendenhall School,Guilford,2024,1,36.1090060008986,-79.802314,,51.0
2024-01-05,Millbrook School,Wake,2024,1,35.856111,-78.574167,30.0,34.0
2024-01-05,Pitt Agri. Center,Pitt,2024,1,35.6412760008938,-77.360126,,25.0
2024-01-05,Rockwell,Rowan,2024,1,35.551868,-80.395039,25.0,43.0
2024-01-05,West Johnston Co.,Johnston,2024,1,35.59095,-78.4622,,24.0
2024-01-06,Bryson City,Swain,2024,1,35.434767,-83.442133,,16.0
2024-01-06,Castle Hayne,New Hanover,2024,1,34.364167,-77.838611,,29.0
2024-01-06,Clemmons Middle,Forsyth,2024,1,36.026612,-80.341962,,48.0
2024-01-06,Durham Armory,Durham,2024,1,36.0329550008979,-78.904037,,54.0
2024-01-06,Garinger High School,Mecklenburg,2024,1,35.2401000008895,-80.785683,21.0,23.0
2024-01-06,Hattie Avenue,Forsyth,2024,1,36.11094,-80.224501,,51.0
2024-01-06,Leggett,Edgecombe,2024,1,35.988278,-77.5843,,25.0
2024-01-06,Mendenhall School,Guilford,2024,1,36.1090060008986,-79.802314,,48.0
2024-01-06,Millbrook School,Wake,2024,1,35.856111,-78.574167,24.0,34.0
2024-01-06,Pitt Agri. Center,Pitt,2024,1,35.6412760008938,-77.360126,,18.0
2024-01-06,Rockwell,Rowan,2024,1,35.551868,-80.395039,22.0,39.0
2024-01-06,West Johnston Co.,Johnston,2024,1,35.59095,-78.4622,,20.0
2024-01-07,Bryson City,Swain,2024,1,35.434767,-83.442133,,8.0
2024-01-07,Castle Hayne,New Hanover,2024,1,34.364167,-77.838611,,22.0
2024-01-07,Clemmons Middle,Forsyth,2024,1,36.026612,-80.341962,,23.5
2024-01-07,Durham Armory,Durham,2024,1,36.0329550008979,-78.904037,,42.0
2024-01-07,Frying Pan Mountain,Haywood,2024,1,35.379167,-82.7925,,6.0
2024-01-07,Garinger High School,Mecklenburg,2024,1,35.2401000008895,-80.785683,31.0,15.0
2024-01-07,Hattie Avenue,Forsyth,2024,1,36.11094,-80.224501,,23.0
2024-01-07,Leggett,Edgecombe,2024,1,35.988278,-77.5843,,11.0
2024-01-07,Linville Falls,Avery,2024,1,35.972347,-81.933072,,5.0
2024-01-07,Mendenhall School,Guilford,2024,1,36.1090060008986,-79.802314,,24.0
2024-01-07,Millbrook School,Wake,2024,1,35.856111,-78.574167,30.0,18.5
2024-01-07,Old High School,Swain,2024,1,35.498711,-83.310242,,13.0
2024-01-07,Pitt Agri. Center,Pitt,2024,1,35.6412760008938,-77.360126,,8.0
2024-01-07,Rockwell,Rowan,2024,1,35.551868,-80.395039,32.0,11.0
2024-01-07,West Johnston Co.,Johnston,2024,1,35.59095,-78.4622,,13.0
2024-01-08,Bryson City,Swain,2024,1,35.434767,-83.442133,,17.0
2024-01-08,Castle Hayne,New Hanover,2024,1,34.364167,-77.838611,,23.0
2024-01-08,Clemmons Middle,Forsyth,2024,1,36.026612,-80.341962,,27.0
2024-01-08,Durham Armory,Durham,2024,1,36.0329550008979,-78.904037,,49.0
2024-01-08,Garinger High School,Mecklenburg,2024,1,35.2401000008895,-80.785683,29.0,24.0
2024-01-08,Hattie Avenue,Forsyth,2024,1,36.11094,-80.224501,,26.0
2024-01-08,Leggett,Edgecombe,2024,1,35.988278,-77.5843,,19.0
2024-01-08,Mendenhall School,Guilford,2024,1,36.1090060008986,-79.802314,,27.0
2024-01-08,Millbrook School,Wake,2024,1,35.856111,-78.574167,30.0,23.0
2024-01-08,Old High School,Swain,2024,1,35.498711,-83.310242,,12.0
2024-01-08,Pitt Agri. Center,Pitt,2024,1,35.6412760008938,-77.360126,,11.0
2024-01-08,Rockwell,Rowan,2024,1,35.551868,-80.395039,30.0,27.0
2024-01-08,West Johnston Co.,Johnston,2024,1,35.59095,-78.4622,,23.0
2024-01-09,Bryson City,Swain,2024,1,35.434767,-83.442133,,8.0
2024-01-09,Castle Hayne,New Hanover,2024,1,34.364167,-77.838611,,38.5
2024-01-09,Clemmons Middle,Forsyth,2024,1,36.026612,-80.341962,,25.0
2024-01-09,Durham Armory,Durham,2024,1,36.0329550008979,-78.904037,,36.0
2024-01-09,Garinger High School,Mecklenburg,2024,1,35.2401000008895,-80.785683,34.0,13.0
2024-01-09,Hattie Avenue,Forsyth,2024,1,36.11094,-80.224501,,22.0
2024-01-09,Leggett,Edgecombe,2024,1,35.988278,-77.5843,,38.0
2024-01-09,Mendenhall School,Guilford,2024,1,36.1090060008986,-79.802314,,27.0
2024-01-09,Millbrook School,Wake,2024,1,35.856111,-78.574167,,25.0
2024-01-09,Pitt Agri. Center,Pitt,2024,1,35.6412760008938,-77.360126,,27.0
2024-01-09,Rockwell,Rowan,2024,1,35.551868,-80.395039,34.0,16.0
2024-01-09,West Johnston Co.,Johnston,2024,1,35.59095,-78.4622,,24.0
2024-01-10,Bryson City,Swain,2024,1,35.434767,-83.442133,,20.0
2024-01-10,Castle Hayne,New Hanover,2024,1,34.364167,-77.838611,,28.5
2024-01-10,Clemmons Middle,Forsyth,2024,1,36.026612,-80.341962,,21.0
2024-01-10,Durham Armory,Durham,2024,1,36.0329550008979,-78.904037,,44.0
2024-01-10,Garinger High School,Mecklenburg,2024,1,35.2401000008895,-80.785683,23.0,11.0
2024-01-10,Hattie Avenue,Forsyth,2024,1,36.11094,-80.224501,,19.0
2024-01-10,Leggett,Edgecombe,2024,1,35.988278,-77.5843,,3.0
2024-01-10,Linville Falls,Avery,2024,1,35.972347,-81.933072,,6.0
2024-01-10,Mendenhall School,Guilford,2024,1,36.1090060008986,-79.802314,,24.0
2024-01-10,Millbrook School,Wake,2024,1,35.856111,-78.574167,21.0,22.0
2024-01-10,Pitt Agri. Center,Pitt,2024,1,35.6412760008938,-77.360126,,2.0
2024-01-10,Rockwell,Rowan,2024,1,35.551868,-80.395039,,8.0
2024-01-10,West Johnston Co.,Johnston,2024,1,35.59095,-78.4622,,16.0
2024-01-11,Bryson City,Swain,2024,1,35.434767,-83.442133,,32.0
2024-01-11,Castle Hayne,New Hanover,2024,1,34.364167,-77.838611,,29.5
2024-01-11,Clemmons Middle,Forsyth,2024,1,36.026612,-80.341962,,37.0
2024-01-11,Durham Armory,Durham,2024,1,36.0329550008979,-78.904037,,58.0
2024-01-11,Garinger High School,Mecklenburg,2024,1,35.2401000008895,-80.785683,28.0,45.0
2024-01-11,Hattie Avenue,Forsyth,2024,1,36.11094,-80.224501,,49.0
2024-01-11,Leggett,Edgecombe,2024,1,35.988278,-77.5843,,33.0
2024-01-11,Mendenhall School,Guilford,2024,1,36.1090060008986,-79.802314,,46.0
2024-01-11,Millbrook School,Wake,2024,1,35.856111,-78.574167,23.0,54.0
2024-01-11,Old High School,Swain,2024,1,35.498711,-83.310242,,12.0
2024-01-11,Pitt Agri. Center,Pitt,2024,1,35.6412760008938,-77.360126,,30.0
2024-01-11,Rockwell,Rowan,2024,1,35.551868,-80.395039,,58.0
2024-01-11,West Johnston Co.,Johnston,2024,1,35.59095,-78.4622,,37.0
2024-01-12,Bryson City,Swain,2024,1,35.434767,-83.442133,,33.0
2024-01-12,Castle Hayne,New Hanover,2024,1,34.364167,-77.838611,,42.0
2024-01-12,Clemmons Middle,Forsyth,2024,1,36.026612,-80.341962,,53.0
2024-01-12,Durham Armory,Durham,2024,1,36.0329550008979,-78.904037,,58.0
2024-01-12,Garinger High School,Mecklenburg,2024,1,35.2401000008895,-80.785683,29.0,52.0
2024-01-12,Hattie Avenue,Forsyth,2024,1,36.11094,-80.224501,,49.0
2024-01-12,Leggett,Edgecombe,2024,1,35.988278,-77.5843,,45.0
2024-01-12,Mendenhall School,Guilford,2024,1,36.1090060008986,-79.802314,,55.0
2024-01-12,Millbrook School,Wake,2024,1,35.856111,-78.574167,34.0,57.0
2024-01-12,Pitt Agri. Center,Pitt,2024,1,35.6412760008938,-77.360126,,40.0
2024-01-12,Rockwell,Rowan,2024,1,35.551868,-80.395039,31.0,55.0
2024-01-12,West Johnston Co.,Johnston,2024,1,35.59095,-78.4622,,44.0
2024-01-13,Bryson City,Swain,2024,1,35.434767,-83.442133,,13.0
2024-01-13,Castle Hayne,New Hanover,2024,1,34.364167,-77.838611,,29.0
2024-01-13,Clemmons Middle,Forsyth,2024,1,36.026612,-80.341962,,23.0
2024-01-13,Durham Armory,Durham,2024,1,36.0329550008979,-78.904037,,44.0
2024-01-13,Frying Pan Mountain,Haywood,2024,1,35.379167,-82.7925,,6.0
2024-01-13,Garinger High School,Mecklenburg,2024,1,35.2401000008895,-80.785683,31.0,28.0
2024-01-13,Hattie Avenue,Forsyth,2024,1,36.11094,-80.224501,,24.0
2024-01-13,Leggett,Edgecombe,2024,1,35.988278,-77.5843,,0.0
2024-01-13,Linville Falls,Avery,2024,1,35.972347,-81.933072,,11.0
2024-01-13,Mendenhall School,Guilford,2024,1,36.1090060008986,-79.802314,,22.0
2024-01-13,Millbrook School,Wake,2024,1,35.856111,-78.574167,32.0,21.0
2024-01-13,Pitt Agri. Center,Pitt,2024,1,35.6412760008938,-77.360126,,11.0
2024-01-13,Rockwell,Rowan,2024,1,35.551868,-80.395039,32.0,18.0
2024-01-13,West Johnston Co.,Johnston,2024,1,35.59095,-78.4622,,19.0
2024-01-14,Bryson City,Swain,2024,1,35.434767,-83.442133,,36.0
2024-01-14,Castle Hayne,New Hanover,2024,1,34.364167,-77.838611,,25.0
2024-01-14,Clemmons Middle,Forsyth,2024,1,36.026612,-80.341962,,26.0
2024-01-14,Durham Armory,Durham,2024,1,36.0329550008979,-78.904037,,53.0
2024-01-14,Garinger High School,Mecklenburg,2024,1,35.2401000008895,-80.785683,38.0,23.0
2024-01-14,Hattie Avenue,Forsyth,2024,1,36.11094,-80.224501,,25.0
2024-01-14,Leggett,Edgecombe,2024,1,35.988278,-77.5843,,27.0
2024-01-14,Mendenhall School,Guilford,2024,1,36.1090060008986,-79.802314,,32.0
2024-01-14,Millbrook School,Wake,2024,1,35.856111,-78.574167,33.0,28.0
2024-01-14,Old High School,Swain,2024,1,35.498711,-83.310242,,26.0
2024-01-14,Pitt Agri. Center,Pitt,2024,1,35.6412760008938,-77.360126,,18.0
2024-01-14,Rockwell,Rowan,2024,1,35.551868,-80.395039,36.0,28.0
2024-01-14,West Johnston Co.,Johnston,2024,1,35.59095,-78.4622,,27.0
2024-01-15,Bryson City,Swain,2024,1,35.434767,-83.442133,,43.0
2024-01-15,Castle Hayne,New Hanover,2024,1,34.364167,-77.838611,,22.0
2024-01-15,Clemmons Middle,Forsyth,2024,1,36.026612,-80.341962,,34.0
2024-01-15,Durham Armory,Durham,2024,1,36.0329550008979,-78.904037,,52.0
2024-01-15,Garinger High School,Mecklenburg,2024,1,35.2401000008895,-80.785683,25.0,44.0
2024-01-15,Hattie Avenue,Forsyth,2024,1,36.11094,-80.224501,,33.0
2024-01-15,Leggett,Edgecombe,2024,1,35.988278,-77.5843,,22.0
2024-01-15,Mendenhall School,Guilford,2024,1,36.1090060008986,-79.802314,,39.0
2024-01-15,Millbrook School,Wake,2024,1,35.856111,-78.574167,23.0,28.0
2024-01-15,Pitt Agri. Center,Pitt,2024,1,35.6412760008938,-77.360126,,24.0
2024-01-15,Rockwell,Rowan,2024,1,35.551868,-80.395039,19.0,43.0
2024-01-15,West Johnston Co.,Johnston,2024,1,35.59095,-78.4622,,30.0
2024-01-16,Bryson City,Swain,2024,1,35.434767,-83.442133,,14.0
2024-01-16,Castle Hayne,New Hanover,2024,1,34.364167,-77.838611,,34.5
2024-01-16,Clemmons Middle,Forsyth,2024,1,36.026612,-80.341962,,33.0
2024-01-16,Durham Armory,Durham,2024,1,36.0329550008979,-78.904037,,54.0
2024-01-16,Frying Pan Mountain,Haywood,2024,1,35.379167,-82.7925,,10.0
2024-01-16,Garinger High School,Mecklenburg,2024,1,35.2401000008895,-80.785683,31.0,47.0
2024-01-16,Hattie Avenue,Forsyth,2024,1,36.11094,-80.224501,,29.5
2024-01-16,Leggett,Edgecombe,2024,1,35.988278,-77.5843,,31.0
2024-01-16,Linville Falls,Avery,2024,1,35.972347,-81.933072,,17.0
2024-01-16,Mendenhall School,Guilford,2024,1,36.1090060008986,-79.802314,,39.0
2024-01-16,Millbrook School,Wake,2024,1,35.856111,-78.574167,29.0,38.0
2024-01-16,Pitt Agri. Center,Pitt,2024,1,35.6412760008938,-77.360126,,29.0
2024-01-16,Rockwell,Rowan,2024,1,35.551868,-80.395039,30.0,34.0
2024-01-16,West Johnston Co.,Johnston,2024,1,35.59095,-78.4622,,32.0
2024-01-17,Bryson City,Swain,2024,1,35.434767,-83.442133,,12.0
2024-01-17,Castle Hayne,New Hanover,2024,1,34.364167,-77.838611,,36.0
2024-01-17,Clemmons Middle,Forsyth,2024,1,36.026612,-80.341962,,40.0
2024-01-17,Durham Armory,Durham,2024,1,36.0329550008979,-78.904037,,55.0
2024-01-17,Garinger High School,Mecklenburg,2024,1,35.2401000008895,-80.785683,30.0,31.0
2024-01-17,Hattie Avenue,Forsyth,2024,1,36.11094,-80.224501,,26.0
2024-01-17,Leggett,Edgecombe,2024,1,35.988278,-77.5843,,19.0
2024-01-17,Millbrook School,Wake,2024,1,35.856111,-78.574167,31.0,29.0
2024-01-17,Old High School,Swain,2024,1,35.498711,-83.310242,,13.0
2024-01-17,Pitt Agri. Center,Pitt,2024,1,35.6412760008938,-77.360126,,20.0
2024-01-17,Rockwell,Rowan,2024,1,35.551868,-80.395039,31.0,24.0
2024-01-17,West Johnston Co.,Johnston,2024,1,35.59095,-78.4622,,22.0
2024-01-18,Bryson City,Swain,2024,1,35.434767,-83.442133,,32.0
2024-01-18,Castle Hayne,New Hanover,2024,1,34.364167,-77.838611,,40.5
2024-01-18,Clemmons Middle,Forsyth,2024,1,36.026612,-80.341962,,54.0
2024-01-18,Durham Armory,Durham,2024,1,36.0329550008979,-78.904037,,56.0
2024-01-18,Garinger High School,Mecklenburg,2024,1,35.2401000008895,-80.785683,33.0,39.0
2024-01-18,Hattie Avenue,Forsyth,2024,1,36.11094,-80.224501,,41.0
2024-01-18,Leggett,Edgecombe,2024,1,35.988278,-77.5843,,39.0
2024-01-18,Millbrook School,Wake,2024,1,35.856111,-78.574167,32.0,47.0
2024-01-18,Pitt Agri. Center,Pitt,2024,1,35.6412760008938,-77.360126,,38.0
2024-01-18,Rockwell,Rowan,2024,1,35.551868,-80.395039,32.0,42.0
2024-01-18,West Johnston Co.,Johnston,2024,1,35.59095,-78.4622,,44.0
2024-01-19,Bryson City,Swain,2024,1,35.434767,-83.442133,,22.0
2024-01-19,Castle Hayne,New Hanover,2024,1,34.364167,-77.838611,,37.0
2024-01-19,Clemmons Middle,Forsyth,2024,1,36.026612,-80.341962,,31.5
2024-01-19,Durham Armory,Durham,2024,1,36.0329550008979,-78.904037,,60.0
2024-01-19,Frying Pan Mountain,Haywood,2024,1,35.379167,-82.7925,,15.0
2024-01-19,Garinger High School,Mecklenburg,2024,1,35.2401000008895,-80.785683,33.0,34.5
2024-01-19,Hattie Avenue,Forsyth,2024,1,36.11094,-80.224501,,33.5
2024-01-19,Leggett,Edgecombe,2024,1,35.988278,-77.5843,,27.0
2024-01-19,Linville Falls,Avery,2024,1,35.972347,-81.933072,,23.0
2024-01-19,Millbrook School,Wake,2024,1,35.856111,-78.574167,33.0,41.5
2024-01-19,Pitt Agri. Center,Pitt,2024,1,35.6412760008938,-77.360126,,34.0
2024-01-19,Rockwell,Rowan,2024,1,35.551868,-80.395039,33.0,31.0
2024-01-19,West Johnston Co.,Johnston,2024,1,35.59095,-78.4622,,43.0
2024-01-20,Bryson City,Swain,2024,1,35.434767,-83.442133,,12.0
2024-01-20,Castle Hayne,New Hanover,2024,1,34.364167,-77.838611,,43.5
2024-01-20,Clemmons Middle,Forsyth,2024,1,36.026612,-80.341962,,31.0
2024-01-20,Durham Armory,Durham,2024,1,36.0329550008979,-78.904037,,55.0
2024-01-20,Garinger High School,Mecklenburg,2024,1,35.2401000008895,-80.785683,32.0,27.0
2024-01-20,Hattie Avenue,Forsyth,2024,1,36.11094,-80.224501,,29.0
2024-01-20,Leggett,Edgecombe,2024,1,35.988278,-77.5843,,19.0
2024-01-20,Millbrook School,Wake,2024,1,35.856111,-78.574167,31.0,26.5
2024-01-20,Pitt Agri. Center,Pitt,2024,1,35.6412760008938,-77.360126,,25.0
2024-01-20,Rockwell,Rowan,2024,1,35.551868,-80.395039,31.0,23.0
2024-01-20,West Johnston Co.,Johnston,2024,1,35.59095,-78.4622,,23.0
2024-01-21,Bryson City,Swain,2024,1,35.434767,-83.442133,,30.0
2024-01-21,Castle Hayne,New Hanover,2024,1,34.364167,-77.838611,,27.5
2024-01-21,Clemmons Middle,Forsyth,2024,1,36.026612,-80.341962,,34.0
2024-01-21,Durham Armory,Durham,2024,1,36.0329550008979,-78.904037,,55.0
2024-01-21,Garinger High School,Mecklenburg,2024,1,35.2401000008895,-80.785683,31.0,35.0
2024-01-21,Hattie Avenue,Forsyth,2024,1,36.11094,-80.224501,,28.0
2024-01-21,Millbrook School,Wake,2024,1,35.856111,-78.574167,33.0,33.0
2024-01-21,Pitt Agri. Center,Pitt,2024,1,35.6412760008938,-77.360126,,18.0
2024-01-21,Rockwell,Rowan,2024,1,35.551868,-80.395039,32.0,25.0
2024-01-21,West Johnston Co.,Johnston,2024,1,35.59095,-78.4622,,29.0
2024-01-22,Bryson City,Swain,2024,1,35.434767,-83.442133,,34.0
2024-01-22,Castle Hayne,New Hanover,2024,1,34.364167,-77.838611,,33.5
2024-01-22,Clemmons Middle,Forsyth,2024,1,36.026612,-80.341962,,59.0
2024-01-22,Durham Armory,Durham,2024,1,36.0329550008979,-78.904037,,68.0
2024-01-22,Frying Pan Mountain,Haywood,2024,1,35.379167,-82.7925,,4.0
2024-01-22,Garinger High School,Mecklenburg,2024,1,35.2401000008895,-80.785683,33.0,62.5
2024-01-22,Hattie Avenue,Forsyth,2024,1,36.11094,-80.224501,,59.0
2024-01-22,Linville Falls,Avery,2024,1,35.972347,-81.933072,,16.0
2024-01-22,Millbrook School,Wake,2024,1,35.856111,-78.574167,32.0,62.0
2024-01-22,Old High School,Swain,2024,1,35.498711,-83.310242,,11.0
2024-01-22,Pitt Agri. Center,Pitt,2024,1,35.6412760008938,-77.360126,,46.0
2024-01-22,Rockwell,Rowan,2024,1,35.551868,-80.395039,34.0,64.0
2024-01-22,West Johnston Co.,Johnston,2024,1,35.59095,-78.4622,,46.0
2024-01-23,Bryson City,Swain,2024,1,35.434767,-83.442133,,48.0
2024-01-23,Castle Hayne,New Hanover,2024,1,34.364167,-77.838611,,23.5
2024-01-23,Clemmons Middle,Forsyth,2024,1,36.026612,-80.341962,,80.0
2024-01-23,Durham Armory,Durham,2024,1,36.0329550008979,-78.904037,,75.0
2024-01-23,Garinger High School,Mecklenburg,2024,1,35.2401000008895,-80.785683,,61.0
2024-01-23,Hattie Avenue,Forsyth,2024,1,36.11094,-80.224501,,63.0
2024-01-23,Mendenhall School,Guilford,2024,1,36.1090060008986,-79.802314,,60.0
2024-01-23,Millbrook School,Wake,2024,1,35.856111,-78.574167,10.0,63.0
2024-01-23,Pitt Agri. Center,Pitt,2024,1,35.6412760008938,-77.360126,,51.0
2024-01-23,Rockwell,Rowan,2024,1,35.551868,-80.395039,15.0,66.0
2024-01-23,West Johnston Co.,Johnston,2024,1,35.59095,-78.4622,,55.0
2024-01-24,Bryson City,Swain,2024,1,35.434767,-83.442133,,32.0
2024-01-24,Castle Hayne,New Hanover,2024,1,34.364167,-77.838611,,18.0
2024-01-24,Clemmons Middle,Forsyth,2024,1,36.026612,-80.341962,,61.0
2024-01-24,Durham Armory,Durham,2024,1,36.0329550008979,-78.904037,,62.0
2024-01-24,Garinger High School,Mecklenburg,2024,1,35.2401000008895,-80.785683,26.0,54.0
2024-01-24,Hattie Avenue,Forsyth,2024,1,36.11094,-80.224501,,55.0
2024-01-24,Mendenhall School,Guilford,2024,1,36.1090060008986,-79.802314,,55.0
2024-01-24,Millbrook School,Wake,2024,1,35.856111,-78.574167,32.0,57.0
2024-01-24,Pitt Agri. Center,Pitt,2024,1,35.6412760008938,-77.360126,,28.0
2024-01-24,Rockwell,Rowan,2024,1,35.551868,-80.395039,26.0,59.0
2024-01-24,West Johnston Co.,Johnston,2024,1,35.59095,-78.4622,,38.0
2024-01-25,Bryson City,Swain,2024,1,35.434767,-83.442133,,10.0
2024-01-25,Castle Hayne,New Hanover,2024,1,34.364167,-77.838611,,15.5
2024-01-25,Clemmons Middle,Forsyth,2024,1,36.026612,-80.341962,,14.0
2024-01-25,Durham Armory,Durham,2024,1,36.0329550008979,-78.904037,,17.0
2024-01-25,Frying Pan Mountain,Haywood,2024,1,35.379167,-82.7925,,2.0
2024-01-25,Garinger High School,Mecklenburg,2024,1,35.2401000008895,-80.785683,22.0,10.5
2024-01-25,Hattie Avenue,Forsyth,2024,1,36.11094,-80.224501,,15.5
2024-01-25,Leggett,Edgecombe,2024,1,35.988278,-77.5843,,17.0
2024-01-25,Linville Falls,Avery,2024,1,35.972347,-81.933072,,5.0
2024-01-25,Mendenhall School,Guilford,2024,1,36.1090060008986,-79.802314,,17.0
2024-01-25,Millbrook School,Wake,2024,1,35.856111,-78.574167,23.0,19.5
2024-01-25,Old High School,Swain,2024,1,35.498711,-83.310242,,9.0
2024-01-25,Pitt Agri. Center,Pitt,2024,1,35.6412760008938,-77.360126,,18.0
2024-01-25,Rockwell,Rowan,2024,1,35.551868,-80.395039,22.0,11.0
2024-01-25,West Johnston Co.,Johnston,2024,1,35.59095,-78.4622,,6.0
2024-01-26,Bryson City,Swain,2024,1,35.434767,-83.442133,,12.0
2024-01-26,Castle Hayne,New Hanover,2024,1,34.364167,-77.838611,,23.0
2024-01-26,Clemmons Middle,Forsyth,2024,1,36.026612,-80.341962,,48.0
2024-01-26,Durham Armory,Durham,2024,1,36.0329550008979,-78.904037,,28.0
2024-01-26,Garinger High School,Mecklenburg,2024,1,35.2401000008895,-80.785683,27.0,24.0
2024-01-26,Hattie Avenue,Forsyth,2024,1,36.11094,-80.224501,,36.0
2024-01-26,Leggett,Edgecombe,2024,1,35.988278,-77.5843,,18.0
2024-01-26,Mendenhall School,Guilford,2024,1,36.1090060008986,-79.802314,,29.0
2024-01-26,Millbrook School,Wake,2024,1,35.856111,-78.574167,22.0,35.0
2024-01-26,Pitt Agri. Center,Pitt,2024,1,35.6412760008938,-77.360126,,31.0
2024-01-26,Rockwell,Rowan,2024,1,35.551868,-80.395039,26.0,25.0
2024-01-26,West Johnston Co.,Johnston,2024,1,35.59095,-78.4622,,27.0
2024-01-27,Bryson City,Swain,2024,1,35.434767,-83.442133,,17.0
2024-01-27,Castle Hayne,New Hanover,2024,1,34.364167,-77.838611,,30.5
2024-01-27,Clemmons Middle,Forsyth,2024,1,36.026612,-80.341962,,37.0
2024-01-27,Durham Armory,Durham,2024,1,36.0329550008979,-78.904037,,42.0
2024-01-27,Garinger High School,Mecklenburg,2024,1,35.2401000008895,-80.785683,24.0,34.0
2024-01-27,Hattie Avenue,Forsyth,2024,1,36.11094,-80.224501,,24.0
2024-01-27,Leggett,Edgecombe,2024,1,35.988278,-77.5843,,19.0
2024-01-27,Mendenhall School,Guilford,2024,1,36.1090060008986,-79.802314,,24.0
2024-01-27,Millbrook School,Wake,2024,1,35.856111,-78.574167,26.0,35.0
2024-01-27,Pitt Agri. Center,Pitt,2024,1,35.6412760008938,-77.360126,,27.0
2024-01-27,Rockwell,Rowan,2024,1,35.551868,-80.395039,25.0,43.0
2024-01-27,West Johnston Co.,Johnston,2024,1,35.59095,-78.4622,,44.0
2024-01-28,Bryson City,Swain,2024,1,35.434767,-83.442133,,0.0
2024-01-28,Castle Hayne,New Hanover,2024,1,34.364167,-77.838611,,15.0
2024-01-28,Clemmons Middle,Forsyth,2024,1,36.026612,-80.341962,,8.0
2024-01-28,Durham Armory,Durham,2024,1,36.0329550008979,-78.904037,,30.0
2024-01-28,Frying Pan Mountain,Haywood,2024,1,35.379167,-82.7925,,0.0
2024-01-28,Garinger High School,Mecklenburg,2024,1,35.2401000008895,-80.785683,23.0,8.5
2024-01-28,Hattie Avenue,Forsyth,2024,1,36.11094,-80.224501,,5.5
2024-01-28,Leggett,Edgecombe,2024,1,35.988278,-77.5843,,14.0
2024-01-28,Linville Falls,Avery,2024,1,35.972347,-81.933072,,2.0
2024-01-28,Mendenhall School,Guilford,2024,1,36.1090060008986,-79.802314,,8.0
2024-01-28,Millbrook School,Wake,2024,1,35.856111,-78.574167,24.0,16.0
2024-01-28,Old High School,Swain,2024,1,35.498711,-83.310242,,4.0
2024-01-28,Pitt Agri. Center,Pitt,2024,1,35.6412760008938,-77.360126,,16.0
2024-01-28,Rockwell,Rowan,2024,1,35.551868,-80.395039,24.0,4.0
2024-01-28,West Johnston Co.,Johnston,2024,1,35.59095,-78.4622,,8.0
2024-01-29,Bryson City,Swain,2024,1,35.434767,-83.442133,,4.0
2024-01-29,Castle Hayne,New Hanover,2024,1,34.364167,-77.838611,,15.0
2024-01-29,Clemmons Middle,Forsyth,2024,1,36.026612,-80.341962,,4.0
2024-01-29,Durham Armory,Durham,2024,1,36.0329550008979,-78.904037,,32.0
2024-01-29,Garinger High School,Mecklenburg,2024,1,35.2401000008895,-80.785683,32.0,5.0
2024-01-29,Hattie Avenue,Forsyth,2024,1,36.11094,-80.224501,,4.0
2024-01-29,Leggett,Edgecombe,2024,1,35.988278,-77.5843,,8.0
2024-01-29,Mendenhall School,Guilford,2024,1,36.1090060008986,-79.802314,,0.0
2024-01-29,Millbrook School,Wake,2024,1,35.856111,-78.574167,31.0,6.0
2024-01-29,Pitt Agri. Center,Pitt,2024,1,35.6412760008938,-77.360126,,4.0
2024-01-29,Rockwell,Rowan,2024,1,35.551868,-80.395039,33.0,2.0
2024-01-29,West Johnston Co.,Johnston,2024,1,35.59095,-78.4622,,12.0
2024-01-30,Bryson City,Swain,2024,1,35.434767,-83.442133,,9.0
2024-01-30,Castle Hayne,New Hanover,2024,1,34.364167,-77.838611,,24.0
2024-01-30,Clemmons Middle,Forsyth,2024,1,36.026612,-80.341962,,27.0
2024-01-30,Durham Armory,Durham,2024,1,36.0329550008979,-78.904037,,49.0
2024-01-30,Garinger High School,Mecklenburg,2024,1,35.2401000008895,-80.785683,31.0,20.0
2024-01-30,Hattie Avenue,Forsyth,2024,1,36.11094,-80.224501,,28.0
2024-01-30,Leggett,Edgecombe,2024,1,35.988278,-77.5843,,20.0
2024-01-30,Mendenhall School,Guilford,2024,1,36.1090060008986,-79.802314,,19.0
2024-01-30,Millbrook School,Wake,2024,1,35.856111,-78.574167,29.0,24.5
2024-01-30,Pitt Agri. Center,Pitt,2024,1,35.6412760008938,-77.360126,,22.0
2024-01-30,Rockwell,Rowan,2024,1,35.551868,-80.395039,31.0,24.0
2024-01-30,West Johnston Co.,Johnston,2024,1,35.59095,-78.4622,,23.0
2024-01-31,Bryson City,Swain,2024,1,35.434767,-83.442133,,12.0
2024-01-31,Castle Hayne,New Hanover,2024,1,34.364167,-77.838611,,31.5
2024-01-31,Clemmons Middle,Forsyth,2024,1,36.026612,-80.341962,,32.0
2024-01-31,Durham Armory,Durham,2024,1,36.0329550008979,-78.904037,,53.0
2024-01-31,Frying Pan Mountain,Haywood,2024,1,35.379167,-82.7925,,4.0
2024-01-31,Garinger High School,Mecklenburg,2024,1,35.2401000008895,-80.785683,28.0,34.0
2024-01-31,Hattie Avenue,Forsyth,2024,1,36.11094,-80.224501,,34.0
2024-01-31,Leggett,Edgecombe,2024,1,35.988278,-77.5843,,21.0
2024-01-31,Linville Falls,Avery,2024,1,35.972347,-81.933072,,12.0
2024-01-31,Mendenhall School,Guilford,2024,1,36.1090060008986,-79.802314,,35.0
2024-01-31,Millbrook School,Wake,2024,1,35.856111,-78.574167,24.0,26.5
2024-01-31,Old High School,Swain,2024,1,35.498711,-83.310242,,14.0
2024-01-31,Pitt Agri. Center,Pitt,2024,1,35.6412760008938,-77.360126,,22.0
2024-01-31,Rockwell,Rowan,2024,1,35.551868,-80.395039,25.0,34.0
2024-01-31,West Johnston Co.,Johnston,2024,1,35.59095,-78.4622,,27.0
2024-02-01,Bryson City,Swain,2024,2,35.434767,-83.442133,,15.0
2024-02-01,Castle Hayne,New Hanover,2024,2,34.364167,-77.838611,,42.0
2024-02-01,Clemmons Middle,Forsyth,2024,2,36.026612,-80.341962,,27.0
2024-02-01,Durham Armory,Durham,2024,2,36.0329550008979,-78.904037,,54.0
2024-02-01,Garinger High School,Mecklenburg,2024,2,35.2401000008895,-80.785683,30.0,39.0
2024-02-01,Hattie Avenue,Forsyth,2024,2,36.11094,-80.224501,,28.0
2024-02-01,Leggett,Edgecombe,2024,2,35.988278,-77.5843,,30.0
2024-02-01,Mendenhall School,Guilford,2024,2,36.1090060008986,-79.802314,,28.0
2024-02-01,Millbrook School,Wake,2024,2,35.856111,-78.574167,25.0,33.0
2024-02-01,Pitt Agri. Center,Pitt,2024,2,35.6412760008938,-77.360126,,39.0
2024-02-01,Rockwell,Rowan,2024,2,35.551868,-80.395039,26.0,39.0
2024-02-01,West Johnston Co.,Johnston,2024,2,35.59095,-78.4622,,53.0
2024-02-02,Bryson City,Swain,2024,2,35.434767,-83.442133,,41.0
2024-02-02,Castle Hayne,New Hanover,2024,2,34.364167,-77.838611,,52.5
2024-02-02,Clemmons Middle,Forsyth,2024,2,36.026612,-80.341962,,41.0
2024-02-02,Durham Armory,Durham,2024,2,36.0329550008979,-78.904037,,56.0
2024-02-02,Garinger High School,Mecklenburg,2024,2,35.2401000008895,-80.785683,37.0,39.0
2024-02-02,Hattie Avenue,Forsyth,2024,2,36.11094,-80.224501,,40.0
2024-02-02,Leggett,Edgecombe,2024,2,35.988278,-77.5843,,31.0
2024-02-02,Mendenhall School,Guilford,2024,2,36.1090060008986,-79.802314,,35.0
2024-02-02,Millbrook School,Wake,2024,2,35.856111,-78.574167,35.0,32.0
2024-02-02,Pitt Agri. Center,Pitt,2024,2,35.6412760008938,-77.360126,,40.0
2024-02-02,Rockwell,Rowan,2024,2,35.551868,-80.395039,37.0,38.0
2024-02-02,West Johnston Co.,Johnston,2024,2,35.59095,-78.4622,,41.0
2024-02-03,Bryson City,Swain,2024,2,35.434767,-83.442133,,53.0
2024-02-03,Castle Hayne,New Hanover,2024,2,34.364167,-77.838611,,28.5
2024-02-03,Clemmons Middle,Forsyth,2024,2,36.026612,-80.341962,,29.0
2024-02-03,Durham Armory,Durham,2024,2,36.0329550008979,-78.904037,,55.0
2024-02-03,Frying Pan Mountain,Haywood,2024,2,35.379167,-82.7925,,19.0
2024-02-03,Garinger High School,Mecklenburg,2024,2,35.2401000008895,-80.785683,29.0,35.0
2024-02-03,Hattie Avenue,Forsyth,2024,2,36.11094,-80.224501,,29.5
2024-02-03,Leggett,Edgecombe,2024,2,35.988278,-77.5843,,4.0
2024-02-03,Linville Falls,Avery,2024,2,35.972347,-81.933072,,26.0
2024-02-03,Millbrook School,Wake,2024,2,35.856111,-78.574167,26.0,25.0
2024-02-03,Old High School,Swain,2024,2,35.498711,-83.310242,,33.0
2024-02-03,Pitt Agri. Center,Pitt,2024,2,35.6412760008938,-77.360126,,12.0
2024-02-03,Rockwell,Rowan,2024,2,35.551868,-80.395039,28.0,30.0
2024-02-03,West Johnston Co.,Johnston,2024,2,35.59095,-78.4622,,41.0
2024-02-04,Bryson City,Swain,2024,2,35.434767,-83.442133,,23.0
2024-02-04,Castle Hayne,New Hanover,2024,2,34.364167,-77.838611,,43.5
2024-02-04,Clemmons Middle,Forsyth,2024,2,36.026612,-80.341962,,43.0
2024-02-04,Durham Armory,Durham,2024,2,36.0329550008979,-78.904037,,54.0
2024-02-04,Garinger High School,Mecklenburg,2024,2,35.2401000008895,-80.785683,33.0,40.0
2024-02-04,Hattie Avenue,Forsyth,2024,2,36.11094,-80.224501,,37.0
2024-02-04,Leggett,Edgecombe,2024,2,35.988278,-77.5843,,27.0
2024-02-04,Millbrook School,Wake,2024,2,35.856111,-78.574167,32.0,37.0
2024-02-04,Pitt Agri. Center,Pitt,2024,2,35.6412760008938,-77.360126,,22.0
2024-02-04,Rockwell,Rowan,2024,2,35.551868,-80.395039,33.0,54.0
2024-02-04,West Johnston Co.,Johnston,2024,2,35.59095,-78.4622,,33.0
2024-02-05,Bryson City,Swain,2024,2,35.434767,-83.442133,,18.0
2024-02-05,Castle Hayne,New Hanover,2024,2,34.364167,-77.838611,,51.0
2024-02-05,Clemmons Middle,Forsyth,2024,2,36.026612,-80.341962,,31.0
2024-02-05,Durham Armory,Durham,2024,2,36.0329550008979,-78.904037,,53.0
2024-02-05,Garinger High School,Mecklenburg,2024,2,35.2401000008895,-80.785683,37.0,33.0
2024-02-05,Hattie Avenue,Forsyth,2024,2,36.11094,-80.224501,,27.0
2024-02-05,Leggett,Edgecombe,2024,2,35.988278,-77.5843,,27.0
2024-02-05,Millbrook School,Wake,2024,2,35.856111,-78.574167,39.0,30.0
2024-02-05,Pitt Agri. Center,Pitt,2024,2,35.6412760008938,-77.360126,,25.0
2024-02-05,Rockwell,Rowan,2024,2,35.551868,-80.395039,37.0,29.0
2024-02-05,West Johnston Co.,Johnston,2024,2,35.59095,-78.4622,,22.0
2024-02-06,Bryson City,Swain,2024,2,35.434767,-83.442133,,19.0
2024-02-06,Castle Hayne,New Hanover,2024,2,34.364167,-77.838611,,24.0
2024-02-06,Clemmons Middle,Forsyth,2024,2,36.026612,-80.341962,,31.5
2024-02-06,Durham Armory,Durham,2024,2,36.0329550008979,-78.904037,,54.0
2024-02-06,Frying Pan Mountain,Haywood,2024,2,35.379167,-82.7925,,14.0
2024-02-06,Garinger High School,Mecklenburg,2024,2,35.2401000008895,-80.785683,32.0,36.0
2024-02-06,Hattie Avenue,Forsyth,2024,2,36.11094,-80.224501,,33.5
2024-02-06,Leggett,Edgecombe,2024,2,35.988278,-77.5843,,19.0
2024-02-06,Linville Falls,Avery,2024,2,35.972347,-81.933072,,22.0
2024-02-06,Mendenhall School,Guilford,2024,2,36.1090060008986,-79.802314,,32.0
2024-02-06,Millbrook School,Wake,2024,2,35.856111,-78.574167,36.0,26.0
2024-02-06,Old High School,Swain,2024,2,35.498711,-83.310242,,15.0
2024-02-06,Pitt Agri. Center,Pitt,2024,2,35.6412760008938,-77.360126,,18.0
2024-02-06,Rockwell,Rowan,2024,2,35.551868,-80.395039,31.0,36.0
2024-02-06,West Johnston Co.,Johnston,2024,2,35.59095,-78.4622,,28.0
2024-02-07,Bryson City,Swain,2024,2,35.434767,-83.442133,,18.0
2024-02-07,Castle Hayne,New Hanover,2024,2,34.364167,-77.838611,,31.0
2024-02-07,Clemmons Middle,Forsyth,2024,2,36.026612,-80.341962,,31.0
2024-02-07,Durham Armory,Durham,2024,2,36.0329550008979,-78.904037,,57.0
2024-02-07,Garinger High School,Mecklenburg,2024,2,35.2401000008895,-80.785683,35.0,44.0
2024-02-07,Hattie Avenue,Forsyth,2024,2,36.11094,-80.224501,,32.0
2024-02-07,Leggett,Edgecombe,2024,2,35.988278,-77.5843,,21.0
2024-02-07,Mendenhall School,Guilford,2024,2,36.1090060008986,-79.802314,,37.0
2024-02-07,Millbrook School,Wake,2024,2,35.856111,-78.574167,35.0,32.0
2024-02-07,Pitt Agri. Center,Pitt,2024,2,35.6412760008938,-77.360126,,23.0
2024-02-07,Rockwell,Rowan,2024,2,35.551868,-80.395039,35.0,36.0
2024-02-07,West Johnston Co.,Johnston,2024,2,35.59095,-78.4622,,24.0
2024-02-08,Bryson City,Swain,2024,2,35.434767,-83.442133,,48.0
2024-02-08,Castle Hayne,New Hanover,2024,2,34.364167,-77.838611,,36.0
2024-02-08,Clemmons Middle,Forsyth,2024,2,36.026612,-80.341962,,54.0
2024-02-08,Durham Armory,Durham,2024,2,36.0329550008979,-78.904037,,58.0
2024-02-08,Garinger High School,Mecklenburg,2024,2,35.2401000008895,-80.785683,36.0,57.0
2024-02-08,Hattie Avenue,Forsyth,2024,2,36.11094,-80.224501,,55.0
2024-02-08,Leggett,Edgecombe,2024,2,35.988278,-77.5843,,17.0
2024-02-08,Mendenhall School,Guilford,2024,2,36.1090060008986,-79.802314,,52.0
2024-02-08,Millbrook School,Wake,2024,2,35.856111,-78.574167,29.0,44.0
2024-02-08,Pitt Agri. Center,Pitt,2024,2,35.6412760008938,-77.360126,,59.0
2024-02-08,Rockwell,Rowan,2024,2,35.551868,-80.395039,39.0,62.0
2024-02-08,West Johnston Co.,Johnston,2024,2,35.59095,-78.4622,,32.0
2024-02-09,Bryson City,Swain,2024,2,35.434767,-83.442133,,58.0
2024-02-09,Castle Hayne,New Hanover,2024,2,34.364167,-77.838611,,49.5
2024-02-09,Clemmons Middle,Forsyth,2024,2,36.026612,-80.341962,,76.0
2024-02-09,Durham Armory,Durham,2024,2,36.0329550008979,-78.904037,,72.0
2024-02-09,Frying Pan Mountain,Haywood,2024,2,35.379167,-82.7925,,9.0
2024-02-09,Garinger High School,Mecklenburg,2024,2,35.2401000008895,-80.785683,30.0,60.5
2024-02-09,Hattie Avenue,Forsyth,2024,2,36.11094,-80.224501,,70.5
2024-02-09,Leggett,Edgecombe,2024,2,35.988278,-77.5843,,70.0
2024-02-09,Linville Falls,Avery,2024,2,35.972347,-81.933072,,50.0
2024-02-09,Mendenhall School,Guilford,2024,2,36.1090060008986,-79.802314,,69.0
2024-02-09,Millbrook School,Wake,2024,2,35.856111,-78.574167,27.0,62.5
2024-02-09,Old High School,Swain,2024,2,35.498711,-83.310242,,37.0
2024-02-09,Pitt Agri. Center,Pitt,2024,2,35.6412760008938,-77.360126,,53.0
2024-02-09,Rockwell,Rowan,2024,2,35.551868,-80.395039,27.0,64.0
2024-02-09,West Johnston Co.,Johnston,2024,2,35.59095,-78.4622,,65.0
2024-02-10,Bryson City,Swain,2024,2,35.434767,-83.442133,,65.0
2024-02-10,Castle Hayne,New Hanover,2024,2,34.364167,-77.838611,,42.0
2024-02-10,Clemmons Middle,Forsyth,2024,2,36.026612,-80.341962,,72.0
2024-02-10,Durham Armory,Durham,2024,2,36.0329550008979,-78.904037,,63.0
2024-02-10,Garinger High School,Mecklenburg,2024,2,35.2401000008895,-80.785683,34.0,55.0
2024-02-10,Hattie Avenue,Forsyth,2024,2,36.11094,-80.224501,,74.0
2024-02-10,Leggett,Edgecombe,2024,2,35.988278,-77.5843,,61.0
2024-02-10,Mendenhall School,Guilford,2024,2,36.1090060008986,-79.802314,,59.0
2024-02-10,Millbrook School,Wake,2024,2,35.856111,-78.574167,35.0,57.0
2024-02-10,Pitt Agri. Center,Pitt,2024,2,35.6412760008938,-77.360126,,61.0
2024-02-10,Rockwell,Rowan,2024,2,35.551868,-80.395039,34.0,57.0
2024-02-10,West Johnston Co.,Johnston,2024,2,35.59095,-78.4622,,72.0
2024-02-11,Bryson City,Swain,2024,2,35.434767,-83.442133,,35.0
2024-02-11,Castle Hayne,New Hanover,2024,2,34.364167,-77.838611,,26.5
2024-02-11,Clemmons Middle,Forsyth,2024,2,36.026612,-80.341962,,25.0
2024-02-11,Durham Armory,Durham,2024,2,36.0329550008979,-78.904037,,51.0
2024-02-11,Garinger High School,Mecklenburg,2024,2,35.2401000008895,-80.785683,25.0,29.0
2024-02-11,Hattie Avenue,Forsyth,2024,2,36.11094,-80.224501,,25.0
2024-02-11,Leggett,Edgecombe,2024,2,35.988278,-77.5843,,51.0
2024-02-11,Mendenhall School,Guilford,2024,2,36.1090060008986,-79.802314,,29.0
2024-02-11,Millbrook School,Wake,2024,2,35.856111,-78.574167,22.0,46.0
2024-02-11,Pitt Agri. Center,Pitt,2024,2,35.6412760008938,-77.360126,,52.0
2024-02-11,Rockwell,Rowan,2024,2,35.551868,-80.395039,21.0,36.0
2024-02-11,West Johnston Co.,Johnston,2024,2,35.59095,-78.4622,,47.0
2024-02-12,Bryson City,Swain,2024,2,35.434767,-83.442133,,22.0
2024-02-12,Castle Hayne,New Hanover,2024,2,34.364167,-77.838611,,18.0
2024-02-12,Clemmons Middle,Forsyth,2024,2,36.026612,-80.341962,,22.5
2024-02-12,Durham Armory,Durham,2024,2,36.0329550008979,-78.904037,,41.0
2024-02-12,Frying Pan Mountain,Haywood,2024,2,35.379167,-82.7925,,2.0
2024-02-12,Garinger High School,Mecklenburg,2024,2,35.2401000008895,-80.785683,33.0,12.0
2024-02-12,Hattie Avenue,Forsyth,2024,2,36.11094,-80.224501,,25.0
2024-02-12,Leggett,Edgecombe,2024,2,35.988278,-77.5843,,19.0
2024-02-12,Linville Falls,Avery,2024,2,35.972347,-81.933072,,4.0
2024-02-12,Mendenhall School,Guilford,2024,2,36.1090060008986,-79.802314,,21.0
2024-02-12,Millbrook School,Wake,2024,2,35.856111,-78.574167,31.0,25.0
2024-02-12,Old High School,Swain,2024,2,35.498711,-83.310242,,9.0
2024-02-12,Pitt Agri. Center,Pitt,2024,2,35.6412760008938,-77.360126,,19.0
2024-02-12,Rockwell,Rowan,2024,2,35.551868,-80.395039,32.0,11.0
2024-02-12,West Johnston Co.,Johnston,2024,2,35.59095,-78.4622,,18.0
2024-02-13,Bryson City,Swain,2024,2,35.434767,-83.442133,,13.0
2024-02-13,Castle Hayne,New Hanover,2024,2,34.364167,-77.838611,,18.5
2024-02-13,Clemmons Middle,Forsyth,2024,2,36.026612,-80.341962,,13.0
2024-02-13,Durham Armory,Durham,2024,2,36.0329550008979,-78.904037,,37.0
2024-02-13,Garinger High School,Mecklenburg,2024,2,35.2401000008895,-80.785683,37.0,10.0
2024-02-13,Hattie Avenue,Forsyth,2024,2,36.11094,-80.224501,,14.0
2024-02-13,Leggett,Edgecombe,2024,2,35.988278,-77.5843,,9.0
2024-02-13,Mendenhall School,Guilford,2024,2,36.1090060008986,-79.802314,,12.0
2024-02-13,Millbrook School,Wake,2024,2,35.856111,-78.574167,36.0,14.0
2024-02-13,Pitt Agri. Center,Pitt,2024,2,35.6412760008938,-77.360126,,8.0
2024-02-13,Rockwell,Rowan,2024,2,35.551868,-80.395039,36.0,8.0
2024-02-13,West Johnston Co.,Johnston,2024,2,35.59095,-78.4622,,14.0
2024-02-14,Bryson City,Swain,2024,2,35.434767,-83.442133,,21.0
2024-02-14,Castle Hayne,New Hanover,2024,2,34.364167,-77.838611,,30.5
2024-02-14,Clemmons Middle,Forsyth,2024,2,36.026612,-80.341962,,25.0
2024-02-14,Durham Armory,Durham,2024,2,36.0329550008979,-78.904037,,55.0
2024-02-14,Garinger High School,Mecklenburg,2024,2,35.2401000008895,-80.785683,39.0,31.0
2024-02-14,Hattie Avenue,Forsyth,2024,2,36.11094,-80.224501,,26.0
2024-02-14,Leggett,Edgecombe,2024,2,35.988278,-77.5843,,16.0
2024-02-14,Mendenhall School,Guilford,2024,2,36.1090060008986,-79.802314,,29.0
2024-02-14,Millbrook School,Wake,2024,2,35.856111,-78.574167,39.0,28.0
2024-02-14,Pitt Agri. Center,Pitt,2024,2,35.6412760008938,-77.360126,,28.0
2024-02-14,Rockwell,Rowan,2024,2,35.551868,-80.395039,39.0,31.0
2024-02-14,West Johnston Co.,Johnston,2024,2,35.59095,-78.4622,,26.0
2024-02-15,Bryson City,Swain,2024,2,35.434767,-83.442133,,29.0
2024-02-15,Castle Hayne,New Hanover,2024,2,34.364167,-77.838611,,40.0
2024-02-15,Clemmons Middle,Forsyth,2024,2,36.026612,-80.341962,,36.0
2024-02-15,Durham Armory,Durham,2024,2,36.0329550008979,-78.904037,,59.0
2024-02-15,Frying Pan Mountain,Haywood,2024,2,35.379167,-82.7925,,14.0
2024-02-15,Garinger High School,Mecklenburg,2024,2,35.2401000008895,-80.785683,43.0,41.5
2024-02-15,Hattie Avenue,Forsyth,2024,2,36.11094,-80.224501,,37.0
2024-02-15,Leggett,Edgecombe,2024,2,35.988278,-77.5843,,33.0
2024-02-15,Linville Falls,Avery,2024,2,35.972347,-81.933072,,23.0
2024-02-15,Mendenhall School,Guilford,2024,2,36.1090060008986,-79.802314,,36.0
2024-02-15,Millbrook School,Wake,2024,2,35.856111,-78.574167,41.0,54.5
2024-02-15,Old High School,Swain,2024,2,35.498711,-83.310242,,20.0
2024-02-15,Pitt Agri. Center,Pitt,2024,2,35.6412760008938,-77.360126,,37.0
2024-02-15,Rockwell,Rowan,2024,2,35.551868,-80.395039,,52.0
2024-02-15,West Johnston Co.,Johnston,2024,2,35.59095,-78.4622,,39.0
2024-02-16,Bryson City,Swain,2024,2,35.434767,-83.442133,,52.0
2024-02-16,Castle Hayne,New Hanover,2024,2,34.364167,-77.838611,,36.0
2024-02-16,Clemmons Middle,Forsyth,2024,2,36.026612,-80.341962,,40.0
2024-02-16,Durham Armory,Durham,2024,2,36.0329550008979,-78.904037,,55.0
2024-02-16,Garinger High School,Mecklenburg,2024,2,35.2401000008895,-80.785683,36.0,49.0
2024-02-16,Hattie Avenue,Forsyth,2024,2,36.11094,-80.224501,,41.0
2024-02-16,Leggett,Edgecombe,2024,2,35.988278,-77.5843,,30.0
2024-02-16,Mendenhall School,Guilford,2024,2,36.1090060008986,-79.802314,,39.0
2024-02-16,Millbrook School,Wake,2024,2,35.856111,-78.574167,36.0,37.0
2024-02-16,Pitt Agri. Center,Pitt,2024,2,35.6412760008938,-77.360126,,33.0
2024-02-16,Rockwell,Rowan,2024,2,35.551868,-80.395039,35.0,46.0
2024-02-16,West Johnston Co.,Johnston,2024,2,35.59095,-78.4622,,49.0
2024-02-17,Bryson City,Swain,2024,2,35.434767,-83.442133,,16.0
2024-02-17,Castle Hayne,New Hanover,2024,2,34.364167,-77.838611,,54.0
2024-02-17,Clemmons Middle,Forsyth,2024,2,36.026612,-80.341962,,30.0
2024-02-17,Durham Armory,Durham,2024,2,36.0329550008979,-78.904037,,57.0
2024-02-17,Garinger High School,Mecklenburg,2024,2,35.2401000008895,-80.785683,36.0,29.0
2024-02-17,Hattie Avenue,Forsyth,2024,2,36.11094,-80.224501,,31.0
2024-02-17,Leggett,Edgecombe,2024,2,35.988278,-77.5843,,24.0
2024-02-17,Mendenhall School,Guilford,2024,2,36.1090060008986,-79.802314,,27.0
2024-02-17,Millbrook School,Wake,2024,2,35.856111,-78.574167,37.0,36.0
2024-02-17,Pitt Agri. Center,Pitt,2024,2,35.6412760008938,-77.360126,,28.0
2024-02-17,Rockwell,Rowan,2024,2,35.551868,-80.395039,36.0,25.0
2024-02-17,West Johnston Co.,Johnston,2024,2,35.59095,-78.4622,,38.0
2024-02-18,Bryson City,Swain,2024,2,35.434767,-83.442133,,13.0
2024-02-18,Castle Hayne,New Hanover,2024,2,34.364167,-77.838611,,24.0
2024-02-18,Clemmons Middle,Forsyth,2024,2,36.026612,-80.341962,,25.5
2024-02-18,Durham Armory,Durham,2024,2,36.0329550008979,-78.904037,,57.0
2024-02-18,Frying Pan Mountain,Haywood,2024,2,35.379167,-82.7925,,7.0
2024-02-18,Garinger High School,Mecklenburg,2024,2,35.2401000008895,-80.785683,34.0,30.5
2024-02-18,Hattie Avenue,Forsyth,2024,2,36.11094,-80.224501,,27.0
2024-02-18,Leggett,Edgecombe,2024,2,35.988278,-77.5843,,22.0
2024-02-18,Linville Falls,Avery,2024,2,35.972347,-81.933072,,9.0
2024-02-18,Mendenhall School,Guilford,2024,2,36.1090060008986,-79.802314,,29.0
2024-02-18,Millbrook School,Wake,2024,2,35.856111,-78.574167,34.0,28.0
2024-02-18,Old High School,Swain,2024,2,35.498711,-83.310242,,15.0
2024-02-18,Pitt Agri. Center,Pitt,2024,2,35.6412760008938,-77.360126,,24.0
2024-02-18,Rockwell,Rowan,2024,2,35.551868,-80.395039,33.0,36.0
2024-02-18,West Johnston Co.,Johnston,2024,2,35.59095,-78.4622,,32.0
2024-02-19,Bryson City,Swain,2024,2,35.434767,-83.442133,,12.0
2024-02-19,Castle Hayne,New Hanover,2024,2,34.364167,-77.838611,,34.0
2024-02-19,Clemmons Middle,Forsyth,2024,2,36.026612,-80.341962,,33.0
2024-02-19,Durham Armory,Durham,2024,2,36.0329550008979,-78.904037,,61.0
2024-02-19,Garinger High School,Mecklenburg,2024,2,35.2401000008895,-80.785683,39.0,40.0
2024-02-19,Hattie Avenue,Forsyth,2024,2,36.11094,-80.224501,,30.0
2024-02-19,Leggett,Edgecombe,2024,2,35.988278,-77.5843,,31.0
2024-02-19,Mendenhall School,Guilford,2024,2,36.1090060008986,-79.802314,,32.0
2024-02-19,Millbrook School,Wake,2024,2,35.856111,-78.574167,41.0,33.0
2024-02-19,Pitt Agri. Center,Pitt,2024,2,35.6412760008938,-77.360126,,27.0
2024-02-19,Rockwell,Rowan,2024,2,35.551868,-80.395039,41.0,57.0
2024-02-19,West Johnston Co.,Johnston,2024,2,35.59095,-78.4622,,36.0
2024-02-20,Bryson City,Swain,2024,2,35.434767,-83.442133,,32.0
2024-02-20,Castle Hayne,New Hanover,2024,2,34.364167,-77.838611,,59.5
2024-02-20,Clemmons Middle,Forsyth,2024,2,36.026612,-80.341962,,53.0
2024-02-20,Durham Armory,Durham,2024,2,36.0329550008979,-78.904037,,61.0
2024-02-20,Garinger High School,Mecklenburg,2024,2,35.2401000008895,-80.785683,44.0,54.0
2024-02-20,Hattie Avenue,Forsyth,2024,2,36.11094,-80.224501,,48.0
2024-02-20,Leggett,Edgecombe,2024,2,35.988278,-77.5843,,33.0
2024-02-20,Mendenhall School,Guilford,2024,2,36.1090060008986,-79.802314,,49.0
2024-02-20,Millbrook School,Wake,2024,2,35.856111,-78.574167,43.0,39.0
2024-02-20,Pitt Agri. Center,Pitt,2024,2,35.6412760008938,-77.360126,,27.0
2024-02-20,Rockwell,Rowan,2024,2,35.551868,-80.395039,42.0,60.0
2024-02-20,West Johnston Co.,Johnston,2024,2,35.59095,-78.4622,,34.0
2024-02-21,Bryson City,Swain,2024,2,35.434767,-83.442133,,61.0
2024-02-21,Castle Hayne,New Hanover,2024,2,34.364167,-77.838611,,25.5
2024-02-21,Clemmons Middle,Forsyth,2024,2,36.026612,-80.341962,,55.0
2024-02-21,Durham Armory,Durham,2024,2,36.0329550008979,-78.904037,,61.0
2024-02-21,Frying Pan Mountain,Haywood,2024,2,35.379167,-82.7925,,47.0
2024-02-21,Garinger High School,Mecklenburg,2024,2,35.2401000008895,-80.785683,40.0,57.0
2024-02-21,Hattie Avenue,Forsyth,2024,2,36.11094,-80.224501,,55.0
2024-02-21,Leggett,Edgecombe,2024,2,35.988278,-77.5843,,20.0
2024-02-21,Linville Falls,Avery,2024,2,35.972347,-81.933072,,52.0
2024-02-21,Mendenhall School,Guilford,2024,2,36.1090060008986,-79.802314,,54.0
2024-02-21,Millbrook School,Wake,2024,2,35.856111,-78.574167,43.0,33.5
2024-02-21,Old High School,Swain,2024,2,35.498711,-83.310242,,53.0
2024-02-21,Pitt Agri. Center,Pitt,2024,2,35.6412760008938,-77.360126,,24.0
2024-02-21,Rockwell,Rowan,2024,2,35.551868,-80.395039,44.0,74.0
2024-02-21,West Johnston Co.,Johnston,2024,2,35.59095,-78.4622,,33.0
2024-02-22,Bryson City,Swain,2024,2,35.434767,-83.442133,,61.0
2024-02-22,Castle Hayne,New Hanover,2024,2,34.364167,-77.838611,,55.5
2024-02-22,Clemmons Middle,Forsyth,2024,2,36.026612,-80.341962,,85.0
2024-02-22,Durham Armory,Durham,2024,2,36.0329550008979,-78.904037,,80.0
2024-02-22,Garinger High School,Mecklenburg,2024,2,35.2401000008895,-80.785683,64.0,74.0
2024-02-22,Hattie Avenue,Forsyth,2024,2,36.11094,-80.224501,,88.0
2024-02-22,Leggett,Edgecombe,2024,2,35.988278,-77.5843,,55.0
2024-02-22,Mendenhall School,Guilford,2024,2,36.1090060008986,-79.802314,,77.0
2024-02-22,Millbrook School,Wake,2024,2,35.856111,-78.574167,58.0,72.0
2024-02-22,Pitt Agri. Center,Pitt,2024,2,35.6412760008938,-77.360126,,56.0
2024-02-22,Rockwell,Rowan,2024,2,35.551868,-80.395039,58.0,71.0
2024-02-22,West Johnston Co.,Johnston,2024,2,35.59095,-78.4622,,65.0
2024-02-23,Bryson City,Swain,2024,2,35.434767,-83.442133,,20.0
2024-02-23,Castle Hayne,New Hanover,2024,2,34.364167,-77.838611,,48.0
2024-02-23,Clemmons Middle,Forsyth,2024,2,36.026612,-80.341962,,78.0
2024-02-23,Durham Armory,Durham,2024,2,36.0329550008979,-78.904037,,79.0
2024-02-23,Garinger High School,Mecklenburg,2024,2,35.2401000008895,-80.785683,36.0,63.0
2024-02-23,Hattie Avenue,Forsyth,2024,2,36.11094,-80.224501,,79.0
2024-02-23,Leggett,Edgecombe,2024,2,35.988278,-77.5843,,59.0
2024-02-23,Mendenhall School,Guilford,2024,2,36.1090060008986,-79.802314,,73.0
2024-02-23,Millbrook School,Wake,2024,2,35.856111,-78.574167,29.0,79.0
2024-02-23,Pitt Agri. Center,Pitt,2024,2,35.6412760008938,-77.360126,,58.0
2024-02-23,Rockwell,Rowan,2024,2,35.551868,-80.395039,35.0,67.0
2024-02-23,West Johnston Co.,Johnston,2024,2,35.59095,-78.4622,,63.0
2024-02-24,Bryson City,Swain,2024,2,35.434767,-83.442133,,8.0
2024-02-24,Castle Hayne,New Hanover,2024,2,34.364167,-77.838611,,32.5
2024-02-24,Clemmons Middle,Forsyth,2024,2,36.026612,-80.341962,,21.0
2024-02-24,Durham Armory,Durham,2024,2,36.0329550008979,-78.904037,,57.0
2024-02-24,Frying Pan Mountain,Haywood,2024,2,35.379167,-82.7925,,8.0
2024-02-24,Garinger High School,Mecklenburg,2024,2,35.2401000008895,-80.785683,36.0,21.5
2024-02-24,Hattie Avenue,Forsyth,2024,2,36.11094,-80.224501,,20.5
2024-02-24,Leggett,Edgecombe,2024,2,35.988278,-77.5843,,38.0
2024-02-24,Linville Falls,Avery,2024,2,35.972347,-81.933072,,11.0
2024-02-24,Mendenhall School,Guilford,2024,2,36.1090060008986,-79.802314,,18.0
2024-02-24,Millbrook School,Wake,2024,2,35.856111,-78.574167,37.0,28.0
2024-02-24,Old High School,Swain,2024,2,35.498711,-83.310242,,13.0
2024-02-24,Pitt Agri. Center,Pitt,2024,2,35.6412760008938,-77.360126,,39.0
2024-02-24,Rockwell,Rowan,2024,2,35.551868,-80.395039,35.0,13.0
2024-02-24,West Johnston Co.,Johnston,2024,2,35.59095,-78.4622,,28.0
2024-02-25,Bryson City,Swain,2024,2,35.434767,-83.442133,,11.0
2024-02-25,Castle Hayne,New Hanover,2024,2,34.364167,-77.838611,,34.0
2024-02-25,Clemmons Middle,Forsyth,2024,2,36.026612,-80.341962,,26.0
2024-02-25,Durham Armory,Durham,2024,2,36.0329550008979,-78.904037,,52.0
2024-02-25,Garinger High School,Mecklenburg,2024,2,35.2401000008895,-80.785683,39.0,25.0
2024-02-25,Hattie Avenue,Forsyth,2024,2,36.11094,-80.224501,,24.0
2024-02-25,Mendenhall School,Guilford,2024,2,36.1090060008986,-79.802314,,21.0
2024-02-25,Millbrook School,Wake,2024,2,35.856111,-78.574167,35.0,31.0
2024-02-25,Pitt Agri. Center,Pitt,2024,2,35.6412760008938,-77.360126,,22.0
2024-02-25,Rockwell,Rowan,2024,2,35.551868,-80.395039,37.0,16.0
2024-02-25,West Johnston Co.,Johnston,2024,2,35.59095,-78.4622,,27.0
2024-02-26,Bryson City,Swain,2024,2,35.434767,-83.442133,,49.0
2024-02-26,Castle Hayne,New Hanover,2024,2,34.364167,-77.838611,,56.5
2024-02-26,Clemmons Middle,Forsyth,2024,2,36.026612,-80.341962,,59.0
2024-02-26,Durham Armory,Durham,2024,2,36.0329550008979,-78.904037,,66.0
2024-02-26,Garinger High School,Mecklenburg,2024,2,35.2401000008895,-80.785683,48.0,58.0
2024-02-26,Hattie Avenue,Forsyth,2024,2,36.11094,-80.224501,,59.0
2024-02-26,Mendenhall School,Guilford,2024,2,36.1090060008986,-79.802314,,57.0
2024-02-26,Millbrook School,Wake,2024,2,35.856111,-78.574167,,59.0
2024-02-26,Pitt Agri. Center,Pitt,2024,2,35.6412760008938,-77.360126,,52.0
2024-02-26,Rockwell,Rowan,2024,2,35.551868,-80.395039,47.0,57.0
2024-02-26,West Johnston Co.,Johnston,2024,2,35.59095,-78.4622,,54.0
2024-02-27,Bryson City,Swain,2024,2,35.434767,-83.442133,,60.0
2024-02-27,Castle Hayne,New Hanover,2024,2,34.364167,-77.838611,,39.5
2024-02-27,Clemmons Middle,Forsyth,2024,2,36.026612,-80.341962,,67.0
2024-02-27,Durham Armory,Durham,2024,2,36.0329550008979,-78.904037,,67.0
2024-02-27,Frying Pan Mountain,Haywood,2024,2,35.379167,-82.7925,,44.0
2024-02-27,Garinger High School,Mecklenburg,2024,2,35.2401000008895,-80.785683,40.0,59.0
2024-02-27,Hattie Avenue,Forsyth,2024,2,36.11094,-80.224501,,66.0
2024-02-27,Linville Falls,Avery,2024,2,35.972347,-81.933072,,58.0
2024-02-27,Mendenhall School,Guilford,2024,2,36.1090060008986,-79.802314,,63.0
2024-02-27,Millbrook School,Wake,2024,2,35.856111,-78.574167,,57.5
2024-02-27,Old High School,Swain,2024,2,35.498711,-83.310242,,52.0
2024-02-27,Pitt Agri. Center,Pitt,2024,2,35.6412760008938,-77.360126,,39.0
2024-02-27,Rockwell,Rowan,2024,2,35.551868,-80.395039,39.0,64.0
2024-02-27,West Johnston Co.,Johnston,2024,2,35.59095,-78.4622,,54.0
2024-02-28,Bryson City,Swain,2024,2,35.434767,-83.442133,,44.0
2024-02-28,Castle Hayne,New Hanover,2024,2,34.364167,-77.838611,,46.5
2024-02-28,Clemmons Middle,Forsyth,2024,2,36.026612,-80.341962,,48.0
2024-02-28,Durham Armory,Durham,2024,2,36.0329550008979,-78.904037,,58.0
2024-02-28,Garinger High School,Mecklenburg,2024,2,35.2401000008895,-80.785683,38.0,49.0
2024-02-28,Hattie Avenue,Forsyth,2024,2,36.11094,-80.224501,,50.0
2024-02-28,Mendenhall School,Guilford,2024,2,36.1090060008986,-79.802314,,52.0
2024-02-28,Millbrook School,Wake,2024,2,35.856111,-78.574167,,51.0
2024-02-28,Pitt Agri. Center,Pitt,2024,2,35.6412760008938,-77.360126,,42.0
2024-02-28,Rockwell,Rowan,2024,2,35.551868,-80.395039,36.0,39.0
2024-02-28,West Johnston Co.,Johnston,2024,2,35.59095,-78.4622,,44.0
2024-02-29,Bryson City,Swain,2024,2,35.434767,-83.442133,,11.0
2024-02-29,Castle Hayne,New Hanover,2024,2,34.364167,-77.838611,,21.5
2024-02-29,Clemmons Middle,Forsyth,2024,2,36.026612,-80.341962,,40.0
2024-02-29,Durham Armory,Durham,2024,2,36.0329550008979,-78.904037,,53.0
2024-02-29,Garinger High School,Mecklenburg,2024,2,35.2401000008895,-80.785683,33.0,14.0
2024-02-29,Hattie Avenue,Forsyth,2024,2,36.11094,-80.224501,,19.0
2024-02-29,Mendenhall School,Guilford,2024,2,36.1090060008986,-79.802314,,17.0
2024-02-29,Millbrook School,Wake,2024,2,35.856111,-78.574167,34.0,18.0
2024-02-29,Pitt Agri. Center,Pitt,2024,2,35.6412760008938,-77.360126,,8.0
2024-02-29,Rockwell,Rowan,2024,2,35.551868,-80.395039,35.0,17.0
2024-02-29,West Johnston Co.,Johnston,2024,2,35.59095,-78.4622,,21.0
2024-03-01,Bryson City,Swain,2024,3,35.434767,-83.442133,31.0,23.0
2024-03-01,Castle Hayne,New Hanover,2024,3,34.364167,-77.838611,41.0,30.0
2024-03-01,Clemmons Middle,Forsyth,2024,3,36.026612,-80.341962,27.0,45.0
2024-03-01,Durham Armory,Durham,2024,3,36.0329550008979,-78.904037,31.0,56.0
2024-03-01,Frying Pan Mountain,Haywood,2024,3,35.379167,-82.7925,42.0,4.0
2024-03-01,Garinger High School,Mecklenburg,2024,3,35.2401000008895,-80.785683,23.0,48.0
2024-03-01,Hattie Avenue,Forsyth,2024,3,36.11094,-80.224501,27.0,39.5
2024-03-01,Leggett,Edgecombe,2024,3,35.988278,-77.5843,37.0,
2024-03-01,Linville Falls,Avery,2024,3,35.972347,-81.933072,31.0,21.0
2024-03-01,Mendenhall School,Guilford,2024,3,36.1090060008986,-79.802314,29.0,41.0
2024-03-01,Millbrook School,Wake,2024,3,35.856111,-78.574167,33.0,41.5
2024-03-01,Old High School,Swain,2024,3,35.498711,-83.310242,,12.0
2024-03-01,Pitt Agri. Center,Pitt,2024,3,35.6412760008938,-77.360126,39.0,21.0
2024-03-01,Rockwell,Rowan,2024,3,35.551868,-80.395039,27.0,35.0
2024-03-01,West Johnston Co.,Johnston,2024,3,35.59095,-78.4622,36.0,34.0
2024-03-02,Bryson City,Swain,2024,3,35.434767,-83.442133,34.0,20.0
2024-03-02,Castle Hayne,New Hanover,2024,3,34.364167,-77.838611,34.0,20.5
2024-03-02,Clemmons Middle,Forsyth,2024,3,36.026612,-80.341962,37.0,15.0
2024-03-02,Durham Armory,Durham,2024,3,36.0329550008979,-78.904037,28.0,27.0
2024-03-02,Frying Pan Mountain,Haywood,2024,3,35.379167,-82.7925,49.0,
2024-03-02,Garinger High School,Mecklenburg,2024,3,35.2401000008895,-80.785683,31.0,31.0
2024-03-02,Hattie Avenue,Forsyth,2024,3,36.11094,-80.224501,35.0,14.0
2024-03-02,Leggett,Edgecombe,2024,3,35.988278,-77.5843,31.0,
2024-03-02,Linville Falls,Avery,2024,3,35.972347,-81.933072,37.0,
2024-03-02,Mendenhall School,Guilford,2024,3,36.1090060008986,-79.802314,34.0,18.0
2024-03-02,Millbrook School,Wake,2024,3,35.856111,-78.574167,31.0,19.0
2024-03-02,Old High School,Swain,2024,3,35.498711,-83.310242,,12.0
2024-03-02,Pitt Agri. Center,Pitt,2024,3,35.6412760008938,-77.360126,31.0,23.0
2024-03-02,Rockwell,Rowan,2024,3,35.551868,-80.395039,33.0,23.0
2024-03-02,West Johnston Co.,Johnston,2024,3,35.59095,-78.4622,33.0,21.0
2024-03-03,Bryson City,Swain,2024,3,35.434767,-83.442133,35.0,23.0
2024-03-03,Castle Hayne,New Hanover,2024,3,34.364167,-77.838611,29.0,22.0
2024-03-03,Clemmons Middle,Forsyth,2024,3,36.026612,-80.341962,39.0,46.0
2024-03-03,Durham Armory,Durham,2024,3,36.0329550008979,-78.904037,29.0,44.0
2024-03-03,Frying Pan Mountain,Haywood,2024,3,35.379167,-82.7925,44.0,
2024-03-03,Garinger High School,Mecklenburg,2024,3,35.2401000008895,-80.785683,31.0,48.0
2024-03-03,Hattie Avenue,Forsyth,2024,3,36.11094,-80.224501,35.0,51.0
2024-03-03,Leggett,Edgecombe,2024,3,35.988278,-77.5843,33.0,
2024-03-03,Linville Falls,Avery,2024,3,35.972347,-81.933072,38.0,
2024-03-03,Mendenhall School,Guilford,2024,3,36.1090060008986,-79.802314,33.0,52.0
2024-03-03,Millbrook School,Wake,2024,3,35.856111,-78.574167,31.0,35.0
2024-03-03,Pitt Agri. Center,Pitt,2024,3,35.6412760008938,-77.360126,31.0,17.0
2024-03-03,Rockwell,Rowan,2024,3,35.551868,-80.395039,32.0,47.0
2024-03-03,West Johnston Co.,Johnston,2024,3,35.59095,-78.4622,31.0,48.0
2024-03-04,Bryson City,Swain,2024,3,35.434767,-83.442133,31.0,33.0
2024-03-04,Castle Hayne,New Hanover,2024,3,34.364167,-77.838611,33.0,16.5
2024-03-04,Clemmons Middle,Forsyth,2024,3,36.026612,-80.341962,40.0,44.0
2024-03-04,Durham Armory,Durham,2024,3,36.0329550008979,-78.904037,37.0,
2024-03-04,Frying Pan Mountain,Haywood,2024,3,35.379167,-82.7925,34.0,24.0
2024-03-04,Garinger High School,Mecklenburg,2024,3,35.2401000008895,-80.785683,36.0,49.5
2024-03-04,Hattie Avenue,Forsyth,2024,3,36.11094,-80.224501,36.0,46.5
2024-03-04,Leggett,Edgecombe,2024,3,35.988278,-77.5843,33.0,
2024-03-04,Linville Falls,Avery,2024,3,35.972347,-81.933072,36.0,58.0
2024-03-04,Mendenhall School,Guilford,2024,3,36.1090060008986,-79.802314,37.0,28.0
2024-03-04,Millbrook School,Wake,2024,3,35.856111,-78.574167,35.0,24.0
2024-03-04,Old High School,Swain,2024,3,35.498711,-83.310242,,28.0
2024-03-04,Pitt Agri. Center,Pitt,2024,3,35.6412760008938,-77.360126,30.0,12.0
2024-03-04,Rockwell,Rowan,2024,3,35.551868,-80.395039,37.0,59.0
2024-03-04,West Johnston Co.,Johnston,2024,3,35.59095,-78.4622,36.0,12.0
2024-03-05,Bryson City,Swain,2024,3,35.434767,-83.442133,36.0,42.0
2024-03-05,Castle Hayne,New Hanover,2024,3,34.364167,-77.838611,41.0,19.5
2024-03-05,Clemmons Middle,Forsyth,2024,3,36.026612,-80.341962,44.0,36.0
2024-03-05,Durham Armory,Durham,2024,3,36.0329550008979,-78.904037,29.0,
2024-03-05,Frying Pan Mountain,Haywood,2024,3,35.379167,-82.7925,40.0,
2024-03-05,Garinger High School,Mecklenburg,2024,3,35.2401000008895,-80.785683,42.0,47.0
2024-03-05,Hattie Avenue,Forsyth,2024,3,36.11094,-80.224501,40.0,34.0
2024-03-05,Leggett,Edgecombe,2024,3,35.988278,-77.5843,30.0,
2024-03-05,Linville Falls,Avery,2024,3,35.972347,-81.933072,43.0,
2024-03-05,Mendenhall School,Guilford,2024,3,36.1090060008986,-79.802314,40.0,18.0
2024-03-05,Millbrook School,Wake,2024,3,35.856111,-78.574167,29.0,17.0
2024-03-05,Pitt Agri. Center,Pitt,2024,3,35.6412760008938,-77.360126,28.0,10.0
2024-03-05,Rockwell,Rowan,2024,3,35.551868,-80.395039,38.0,42.0
2024-03-05,West Johnston Co.,Johnston,2024,3,35.59095,-78.4622,35.0,12.0
2024-03-06,Bryson City,Swain,2024,3,35.434767,-83.442133,31.0,19.0
2024-03-06,Castle Hayne,New Hanover,2024,3,34.364167,-77.838611,26.0,22.5
2024-03-06,Clemmons Middle,Forsyth,2024,3,36.026612,-80.341962,23.0,48.0
2024-03-06,Durham Armory,Durham,2024,3,36.0329550008979,-78.904037,25.0,27.0
2024-03-06,Frying Pan Mountain,Haywood,2024,3,35.379167,-82.7925,40.0,
2024-03-06,Garinger High School,Mecklenburg,2024,3,35.2401000008895,-80.785683,29.0,46.0
2024-03-06,Hattie Avenue,Forsyth,2024,3,36.11094,-80.224501,23.0,41.0
2024-03-06,Leggett,Edgecombe,2024,3,35.988278,-77.5843,23.0,
2024-03-06,Linville Falls,Avery,2024,3,35.972347,-81.933072,40.0,
2024-03-06,Mendenhall School,Guilford,2024,3,36.1090060008986,-79.802314,21.0,34.0
2024-03-06,Millbrook School,Wake,2024,3,35.856111,-78.574167,26.0,29.0
2024-03-06,Pitt Agri. Center,Pitt,2024,3,35.6412760008938,-77.360126,19.0,13.0
2024-03-06,Rockwell,Rowan,2024,3,35.551868,-80.395039,27.0,46.0
2024-03-06,West Johnston Co.,Johnston,2024,3,35.59095,-78.4622,27.0,24.0
2024-03-07,Bryson City,Swain,2024,3,35.434767,-83.442133,35.0,14.0
2024-03-07,Castle Hayne,New Hanover,2024,3,34.364167,-77.838611,34.0,17.5
2024-03-07,Clemmons Middle,Forsyth,2024,3,36.026612,-80.341962,40.0,22.5
2024-03-07,Durham Armory,Durham,2024,3,36.0329550008979,-78.904037,36.0,32.0
2024-03-07,Frying Pan Mountain,Haywood,2024,3,35.379167,-82.7925,38.0,4.0
2024-03-07,Garinger High School,Mecklenburg,2024,3,35.2401000008895,-80.785683,40.0,22.5
2024-03-07,Hattie Avenue,Forsyth,2024,3,36.11094,-80.224501,36.0,19.5
2024-03-07,Leggett,Edgecombe,2024,3,35.988278,-77.5843,35.0,
2024-03-07,Linville Falls,Avery,2024,3,35.972347,-81.933072,36.0,10.0
2024-03-07,Mendenhall School,Guilford,2024,3,36.1090060008986,-79.802314,36.0,16.0
2024-03-07,Millbrook School,Wake,2024,3,35.856111,-78.574167,37.0,15.5
2024-03-07,Old High School,Swain,2024,3,35.498711,-83.310242,,11.5
2024-03-07,Pitt Agri. Center,Pitt,2024,3,35.6412760008938,-77.360126,35.0,14.0
2024-03-07,Rockwell,Rowan,2024,3,35.551868,-80.395039,37.0,14.0
2024-03-07,West Johnston Co.,Johnston,2024,3,35.59095,-78.4622,39.0,19.0
2024-03-08,Bryson City,Swain,2024,3,35.434767,-83.442133,32.0,19.0
2024-03-08,Castle Hayne,New Hanover,2024,3,34.364167,-77.838611,36.0,17.5
2024-03-08,Clemmons Middle,Forsyth,2024,3,36.026612,-80.341962,36.0,24.0
2024-03-08,Durham Armory,Durham,2024,3,36.0329550008979,-78.904037,35.0,43.0
2024-03-08,Frying Pan Mountain,Haywood,2024,3,35.379167,-82.7925,35.0,
2024-03-08,Garinger High School,Mecklenburg,2024,3,35.2401000008895,-80.785683,30.0,43.0
2024-03-08,Hattie Avenue,Forsyth,2024,3,36.11094,-80.224501,32.0,22.0
2024-03-08,Leggett,Edgecombe,2024,3,35.988278,-77.5843,34.0,
2024-03-08,Linville Falls,Avery,2024,3,35.972347,-81.933072,32.0,
2024-03-08,Mendenhall School,Guilford,2024,3,36.1090060008986,-79.802314,34.0,24.0
2024-03-08,Millbrook School,Wake,2024,3,35.856111,-78.574167,34.0,19.0
2024-03-08,Pitt Agri. Center,Pitt,2024,3,35.6412760008938,-77.360126,34.0,15.0
2024-03-08,Rockwell,Rowan,2024,3,35.551868,-80.395039,31.0,27.0
2024-03-08,West Johnston Co.,Johnston,2024,3,35.59095,-78.4622,36.0,17.0
2024-03-09,Bryson City,Swain,2024,3,35.434767,-83.442133,29.0,7.0
2024-03-09,Castle Hayne,New Hanover,2024,3,34.364167,-77.838611,34.0,29.5
2024-03-09,Clemmons Middle,Forsyth,2024,3,36.026612,-80.341962,25.0,15.0
2024-03-09,Durham Armory,Durham,2024,3,36.0329550008979,-78.904037,27.0,18.0
2024-03-09,Frying Pan Mountain,Haywood,2024,3,35.379167,-82.7925,38.0,
2024-03-09,Garinger High School,Mecklenburg,2024,3,35.2401000008895,-80.785683,22.0,10.0
2024-03-09,Hattie Avenue,Forsyth,2024,3,36.11094,-80.224501,23.0,16.0
2024-03-09,Leggett,Edgecombe,2024,3,35.988278,-77.5843,29.0,
2024-03-09,Linville Falls,Avery,2024,3,35.972347,-81.933072,30.0,
2024-03-09,Mendenhall School,Guilford,2024,3,36.1090060008986,-79.802314,23.0,12.0
2024-03-09,Millbrook School,Wake,2024,3,35.856111,-78.574167,28.0,21.0
2024-03-09,Pitt Agri. Center,Pitt,2024,3,35.6412760008938,-77.360126,29.0,23.0
2024-03-09,Rockwell,Rowan,2024,3,35.551868,-80.395039,23.0,17.0
2024-03-09,West Johnston Co.,Johnston,2024,3,35.59095,-78.4622,28.0,24.0
2024-03-10,Bryson City,Swain,2024,3,35.434767,-83.442133,40.0,3.0
2024-03-10,Castle Hayne,New Hanover,2024,3,34.364167,-77.838611,42.0,15.5
2024-03-10,Clemmons Middle,Forsyth,2024,3,36.026612,-80.341962,44.0,11.0
2024-03-10,Durham Armory,Durham,2024,3,36.0329550008979,-78.904037,41.0,36.0
2024-03-10,Frying Pan Mountain,Haywood,2024,3,35.379167,-82.7925,42.0,5.0
2024-03-10,Garinger High School,Mecklenburg,2024,3,35.2401000008895,-80.785683,41.0,8.5
2024-03-10,Hattie Avenue,Forsyth,2024,3,36.11094,-80.224501,39.0,9.5
2024-03-10,Leggett,Edgecombe,2024,3,35.988278,-77.5843,40.0,
2024-03-10,Linville Falls,Avery,2024,3,35.972347,-81.933072,40.0,7.0
2024-03-10,Mendenhall School,Guilford,2024,3,36.1090060008986,-79.802314,40.0,10.0
2024-03-10,Millbrook School,Wake,2024,3,35.856111,-78.574167,42.0,10.5
2024-03-10,Old High School,Swain,2024,3,35.498711,-83.310242,,13.0
2024-03-10,Pitt Agri. Center,Pitt,2024,3,35.6412760008938,-77.360126,41.0,1.0
2024-03-10,Rockwell,Rowan,2024,3,35.551868,-80.395039,40.0,0.0
2024-03-10,West Johnston Co.,Johnston,2024,3,35.59095,-78.4622,43.0,11.0
2024-03-11,Bryson City,Swain,2024,3,35.434767,-83.442133,44.0,8.0
2024-03-11,Castle Hayne,New Hanover,2024,3,34.364167,-77.838611,43.0,20.0
2024-03-11,Clemmons Middle,Forsyth,2024,3,36.026612,-80.341962,46.0,9.0
2024-03-11,Durham Armory,Durham,2024,3,36.0329550008979,-78.904037,42.0,51.0
2024-03-11,Frying Pan Mountain,Haywood,2024,3,35.379167,-82.7925,47.0,
2024-03-11,Garinger High School,Mecklenburg,2024,3,35.2401000008895,-80.785683,43.0,9.0
2024-03-11,Hattie Avenue,Forsyth,2024,3,36.11094,-80.224501,43.0,11.0
2024-03-11,Leggett,Edgecombe,2024,3,35.988278,-77.5843,42.0,
2024-03-11,Linville Falls,Avery,2024,3,35.972347,-81.933072,46.0,
2024-03-11,Mendenhall School,Guilford,2024,3,36.1090060008986,-79.802314,43.0,6.0
2024-03-11,Millbrook School,Wake,2024,3,35.856111,-78.574167,43.0,11.0
2024-03-11,Pitt Agri. Center,Pitt,2024,3,35.6412760008938,-77.360126,42.0,11.0
2024-03-11,Rockwell,Rowan,2024,3,35.551868,-80.395039,42.0,12.0
2024-03-11,West Johnston Co.,Johnston,2024,3,35.59095,-78.4622,44.0,17.0
2024-03-12,Bryson City,Swain,2024,3,35.434767,-83.442133,39.0,27.0
2024-03-12,Castle Hayne,New Hanover,2024,3,34.364167,-77.838611,50.0,46.0
2024-03-12,Clemmons Middle,Forsyth,2024,3,36.026612,-80.341962,47.0,21.0
2024-03-12,Durham Armory,Durham,2024,3,36.0329550008979,-78.904037,43.0,54.0
2024-03-12,Frying Pan Mountain,Haywood,2024,3,35.379167,-82.7925,48.0,
2024-03-12,Garinger High School,Mecklenburg,2024,3,35.2401000008895,-80.785683,43.0,43.0
2024-03-12,Hattie Avenue,Forsyth,2024,3,36.11094,-80.224501,42.0,23.0
2024-03-12,Leggett,Edgecombe,2024,3,35.988278,-77.5843,45.0,
2024-03-12,Linville Falls,Avery,2024,3,35.972347,-81.933072,44.0,
2024-03-12,Mendenhall School,Guilford,2024,3,36.1090060008986,-79.802314,43.0,19.0
2024-03-12,Millbrook School,Wake,2024,3,35.856111,-78.574167,43.0,
2024-03-12,Pitt Agri. Center,Pitt,2024,3,35.6412760008938,-77.360126,44.0,22.0
2024-03-12,Rockwell,Rowan,2024,3,35.551868,-80.395039,42.0,37.0
2024-03-12,West Johnston Co.,Johnston,2024,3,35.59095,-78.4622,43.0,51.0
2024-03-13,Bryson City,Swain,2024,3,35.434767,-83.442133,47.0,55.0
2024-03-13,Castle Hayne,New Hanover,2024,3,34.364167,-77.838611,67.0,59.0
2024-03-13,Clemmons Middle,Forsyth,2024,3,36.026612,-80.341962,67.0,49.0
2024-03-13,Durham Armory,Durham,2024,3,36.0329550008979,-78.904037,48.0,59.0
2024-03-13,Frying Pan Mountain,Haywood,2024,3,35.379167,-82.7925,58.0,
2024-03-13,Garinger High School,Mecklenburg,2024,3,35.2401000008895,-80.785683,58.0,56.0
2024-03-13,Hattie Avenue,Forsyth,2024,3,36.11094,-80.224501,50.0,50.0
2024-03-13,Leggett,Edgecombe,2024,3,35.988278,-77.5843,50.0,55.0
2024-03-13,Linville Falls,Avery,2024,3,35.972347,-81.933072,50.0,55.0
2024-03-13,Mendenhall School,Guilford,2024,3,36.1090060008986,-79.802314,51.0,41.0
2024-03-13,Millbrook School,Wake,2024,3,35.856111,-78.574167,50.0,
2024-03-13,Old High School,Swain,2024,3,35.498711,-83.310242,,46.0
2024-03-13,Pitt Agri. Center,Pitt,2024,3,35.6412760008938,-77.360126,54.0,56.0
2024-03-13,Rockwell,Rowan,2024,3,35.551868,-80.395039,54.0,56.0
2024-03-13,West Johnston Co.,Johnston,2024,3,35.59095,-78.4622,51.0,65.0
2024-03-14,Bryson City,Swain,2024,3,35.434767,-83.442133,61.0,83.0
2024-03-14,Castle Hayne,New Hanover,2024,3,34.364167,-77.838611,97.0,76.5
2024-03-14,Clemmons Middle,Forsyth,2024,3,36.026612,-80.341962,100.0,67.0
2024-03-14,Durham Armory,Durham,2024,3,36.0329550008979,-78.904037,71.0,72.0
2024-03-14,Frying Pan Mountain,Haywood,2024,3,35.379167,-82.7925,77.0,
2024-03-14,Garinger High School,Mecklenburg,2024,3,35.2401000008895,-80.785683,80.0,69.0
2024-03-14,Hattie Avenue,Forsyth,2024,3,36.11094,-80.224501,80.0,71.0
2024-03-14,Leggett,Edgecombe,2024,3,35.988278,-77.5843,67.0,59.0
2024-03-14,Linville Falls,Avery,2024,3,35.972347,-81.933072,90.0,
2024-03-14,Mendenhall School,Guilford,2024,3,36.1090060008986,-79.802314,80.0,62.0
2024-03-14,Millbrook School,Wake,2024,3,35.856111,-78.574167,74.0,
2024-03-14,Pitt Agri. Center,Pitt,2024,3,35.6412760008938,-77.360126,74.0,66.0
2024-03-14,Rockwell,Rowan,2024,3,35.551868,-80.395039,77.0,66.0
2024-03-14,West Johnston Co.,Johnston,2024,3,35.59095,-78.4622,80.0,66.0
2024-03-15,Bryson City,Swain,2024,3,35.434767,-83.442133,33.0,58.0
2024-03-15,Castle Hayne,New Hanover,2024,3,34.364167,-77.838611,54.0,68.5
2024-03-15,Clemmons Middle,Forsyth,2024,3,36.026612,-80.341962,39.0,106.0
2024-03-15,Durham Armory,Durham,2024,3,36.0329550008979,-78.904037,44.0,89.0
2024-03-15,Frying Pan Mountain,Haywood,2024,3,35.379167,-82.7925,36.0,
2024-03-15,Garinger High School,Mecklenburg,2024,3,35.2401000008895,-80.785683,33.0,89.0
2024-03-15,Hattie Avenue,Forsyth,2024,3,36.11094,-80.224501,35.0,111.0
2024-03-15,Leggett,Edgecombe,2024,3,35.988278,-77.5843,50.0,76.0
2024-03-15,Linville Falls,Avery,2024,3,35.972347,-81.933072,37.0,
2024-03-15,Mendenhall School,Guilford,2024,3,36.1090060008986,-79.802314,39.0,87.0
2024-03-15,Millbrook School,Wake,2024,3,35.856111,-78.574167,44.0,
2024-03-15,Pitt Agri. Center,Pitt,2024,3,35.6412760008938,-77.360126,54.0,73.0
2024-03-15,Rockwell,Rowan,2024,3,35.551868,-80.395039,34.0,89.0
2024-03-15,West Johnston Co.,Johnston,2024,3,35.59095,-78.4622,47.0,74.0
2024-03-16,Bryson City,Swain,2024,3,35.434767,-83.442133,38.0,16.0
2024-03-16,Castle Hayne,New Hanover,2024,3,34.364167,-77.838611,40.0,53.5
2024-03-16,Clemmons Middle,Forsyth,2024,3,36.026612,-80.341962,45.0,51.0
2024-03-16,Durham Armory,Durham,2024,3,36.0329550008979,-78.904037,41.0,55.0
2024-03-16,Frying Pan Mountain,Haywood,2024,3,35.379167,-82.7925,43.0,7.0
2024-03-16,Garinger High School,Mecklenburg,2024,3,35.2401000008895,-80.785683,42.0,52.5
2024-03-16,Hattie Avenue,Forsyth,2024,3,36.11094,-80.224501,43.0,47.0
2024-03-16,Leggett,Edgecombe,2024,3,35.988278,-77.5843,39.0,37.0
2024-03-16,Linville Falls,Avery,2024,3,35.972347,-81.933072,44.0,11.0
2024-03-16,Mendenhall School,Guilford,2024,3,36.1090060008986,-79.802314,44.0,41.0
2024-03-16,Millbrook School,Wake,2024,3,35.856111,-78.574167,42.0,53.0
2024-03-16,Old High School,Swain,2024,3,35.498711,-83.310242,,15.0
2024-03-16,Pitt Agri. Center,Pitt,2024,3,35.6412760008938,-77.360126,39.0,43.0
2024-03-16,Rockwell,Rowan,2024,3,35.551868,-80.395039,40.0,51.0
2024-03-16,West Johnston Co.,Johnston,2024,3,35.59095,-78.4622,42.0,52.0
2024-03-17,Bryson City,Swain,2024,3,35.434767,-83.442133,42.0,21.0
2024-03-17,Castle Hayne,New Hanover,2024,3,34.364167,-77.838611,41.0,33.0
2024-03-17,Clemmons Middle,Forsyth,2024,3,36.026612,-80.341962,44.0,29.0
2024-03-17,Durham Armory,Durham,2024,3,36.0329550008979,-78.904037,43.0,52.0
2024-03-17,Frying Pan Mountain,Haywood,2024,3,35.379167,-82.7925,42.0,
2024-03-17,Garinger High School,Mecklenburg,2024,3,35.2401000008895,-80.785683,41.0,33.0
2024-03-17,Hattie Avenue,Forsyth,2024,3,36.11094,-80.224501,42.0,27.0
2024-03-17,Leggett,Edgecombe,2024,3,35.988278,-77.5843,44.0,46.0
2024-03-17,Linville Falls,Avery,2024,3,35.972347,-81.933072,44.0,
2024-03-17,Mendenhall School,Guilford,2024,3,36.1090060008986,-79.802314,43.0,32.0
2024-03-17,Millbrook School,Wake,2024,3,35.856111,-78.574167,43.0,
2024-03-17,Pitt Agri. Center,Pitt,2024,3,35.6412760008938,-77.360126,42.0,39.0
2024-03-17,Rockwell,Rowan,2024,3,35.551868,-80.395039,41.0,37.0
2024-03-17,West Johnston Co.,Johnston,2024,3,35.59095,-78.4622,43.0,50.0
2024-03-18,Bryson City,Swain,2024,3,35.434767,-83.442133,40.0,11.0
2024-03-18,Castle Hayne,New Hanover,2024,3,34.364167,-77.838611,42.0,29.5
2024-03-18,Clemmons Middle,Forsyth,2024,3,36.026612,-80.341962,47.0,16.0
2024-03-18,Durham Armory,Durham,2024,3,36.0329550008979,-78.904037,44.0,47.0
2024-03-18,Frying Pan Mountain,Haywood,2024,3,35.379167,-82.7925,42.0,
2024-03-18,Garinger High School,Mecklenburg,2024,3,35.2401000008895,-80.785683,42.0,21.0
2024-03-18,Hattie Avenue,Forsyth,2024,3,36.11094,-80.224501,44.0,17.0
2024-03-18,Leggett,Edgecombe,2024,3,35.988278,-77.5843,43.0,13.0
2024-03-18,Linville Falls,Avery,2024,3,35.972347,-81.933072,44.0,
2024-03-18,Mendenhall School,Guilford,2024,3,36.1090060008986,-79.802314,44.0,13.0
2024-03-18,Millbrook School,Wake,2024,3,35.856111,-78.574167,44.0,
2024-03-18,Pitt Agri. Center,Pitt,2024,3,35.6412760008938,-77.360126,43.0,22.0
2024-03-18,Rockwell,Rowan,2024,3,35.551868,-80.395039,42.0,14.0
2024-03-18,West Johnston Co.,Johnston,2024,3,35.59095,-78.4622,45.0,21.0
2024-03-19,Bryson City,Swain,2024,3,35.434767,-83.442133,45.0,63.0
2024-03-19,Castle Hayne,New Hanover,2024,3,34.364167,-77.838611,37.0,28.5
2024-03-19,Clemmons Middle,Forsyth,2024,3,36.026612,-80.341962,42.0,24.5
2024-03-19,Durham Armory,Durham,2024,3,36.0329550008979,-78.904037,37.0,55.0
2024-03-19,Frying Pan Mountain,Haywood,2024,3,35.379167,-82.7925,44.0,17.0
2024-03-19,Garinger High School,Mecklenburg,2024,3,35.2401000008895,-80.785683,37.0,19.5
2024-03-19,Hattie Avenue,Forsyth,2024,3,36.11094,-80.224501,36.0,22.0
2024-03-19,Leggett,Edgecombe,2024,3,35.988278,-77.5843,37.0,24.0
2024-03-19,Linville Falls,Avery,2024,3,35.972347,-81.933072,44.0,18.0
2024-03-19,Mendenhall School,Guilford,2024,3,36.1090060008986,-79.802314,37.0,20.0
2024-03-19,Millbrook School,Wake,2024,3,35.856111,-78.574167,37.0,28.0
2024-03-19,Old High School,Swain,2024,3,35.498711,-83.310242,,58.5
2024-03-19,Pitt Agri. Center,Pitt,2024,3,35.6412760008938,-77.360126,36.0,17.0
2024-03-19,Rockwell,Rowan,2024,3,35.551868,-80.395039,37.0,15.0
2024-03-19,West Johnston Co.,Johnston,2024,3,35.59095,-78.4622,37.0,29.0
2024-03-20,Bryson City,Swain,2024,3,35.434767,-83.442133,47.0,62.0
2024-03-20,Castle Hayne,New Hanover,2024,3,34.364167,-77.838611,49.0,59.0
2024-03-20,Clemmons Middle,Forsyth,2024,3,36.026612,-80.341962,49.0,34.0
2024-03-20,Durham Armory,Durham,2024,3,36.0329550008979,-78.904037,46.0,61.0
2024-03-20,Frying Pan Mountain,Haywood,2024,3,35.379167,-82.7925,48.0,
2024-03-20,Garinger High School,Mecklenburg,2024,3,35.2401000008895,-80.785683,48.0,52.0
2024-03-20,Hattie Avenue,Forsyth,2024,3,36.11094,-80.224501,44.0,38.0
2024-03-20,Leggett,Edgecombe,2024,3,35.988278,-77.5843,49.0,46.0
2024-03-20,Linville Falls,Avery,2024,3,35.972347,-81.933072,48.0,
2024-03-20,Mendenhall School,Guilford,2024,3,36.1090060008986,-79.802314,45.0,32.0
2024-03-20,Millbrook School,Wake,2024,3,35.856111,-78.574167,47.0,53.0
2024-03-20,Pitt Agri. Center,Pitt,2024,3,35.6412760008938,-77.360126,48.0,58.0
2024-03-20,Rockwell,Rowan,2024,3,35.551868,-80.395039,46.0,36.0
2024-03-20,West Johnston Co.,Johnston,2024,3,35.59095,-78.4622,49.0,54.0
2024-03-21,Bryson City,Swain,2024,3,35.434767,-83.442133,44.0,37.0
2024-03-21,Castle Hayne,New Hanover,2024,3,34.364167,-77.838611,43.0,65.0
2024-03-21,Clemmons Middle,Forsyth,2024,3,36.026612,-80.341962,54.0,30.0
2024-03-21,Durham Armory,Durham,2024,3,36.0329550008979,-78.904037,44.0,
2024-03-21,Frying Pan Mountain,Haywood,2024,3,35.379167,-82.7925,54.0,
2024-03-21,Garinger High School,Mecklenburg,2024,3,35.2401000008895,-80.785683,47.0,37.0
2024-03-21,Hattie Avenue,Forsyth,2024,3,36.11094,-80.224501,47.0,24.0
2024-03-21,Leggett,Edgecombe,2024,3,35.988278,-77.5843,44.0,29.0
2024-03-21,Linville Falls,Avery,2024,3,35.972347,-81.933072,48.0,
2024-03-21,Mendenhall School,Guilford,2024,3,36.1090060008986,-79.802314,48.0,25.0
2024-03-21,Millbrook School,Wake,2024,3,35.856111,-78.574167,44.0,50.0
2024-03-21,Pitt Agri. Center,Pitt,2024,3,35.6412760008938,-77.360126,44.0,39.0
2024-03-21,Rockwell,Rowan,2024,3,35.551868,-80.395039,47.0,36.0
2024-03-21,West Johnston Co.,Johnston,2024,3,35.59095,-78.4622,47.0,55.0
2024-03-22,Bryson City,Swain,2024,3,35.434767,-83.442133,49.0,46.0
2024-03-22,Castle Hayne,New Hanover,2024,3,34.364167,-77.838611,44.0,33.5
2024-03-22,Clemmons Middle,Forsyth,2024,3,36.026612,-80.341962,35.0,56.0
2024-03-22,Durham Armory,Durham,2024,3,36.0329550008979,-78.904037,37.0,
2024-03-22,Frying Pan Mountain,Haywood,2024,3,35.379167,-82.7925,51.0,42.0
2024-03-22,Garinger High School,Mecklenburg,2024,3,35.2401000008895,-80.785683,33.0,58.5
2024-03-22,Hattie Avenue,Forsyth,2024,3,36.11094,-80.224501,32.0,54.0
2024-03-22,Leggett,Edgecombe,2024,3,35.988278,-77.5843,40.0,46.0
2024-03-22,Linville Falls,Avery,2024,3,35.972347,-81.933072,44.0,65.0
2024-03-22,Mendenhall School,Guilford,2024,3,36.1090060008986,-79.802314,33.0,55.0
2024-03-22,Millbrook School,Wake,2024,3,35.856111,-78.574167,38.0,44.0
2024-03-22,Pitt Agri. Center,Pitt,2024,3,35.6412760008938,-77.360126,39.0,32.0
2024-03-22,Rockwell,Rowan,2024,3,35.551868,-80.395039,31.0,59.0
2024-03-22,West Johnston Co.,Johnston,2024,3,35.59095,-78.4622,40.0,50.0
2024-03-23,Bryson City,Swain,2024,3,35.434767,-83.442133,39.0,26.0
2024-03-23,Castle Hayne,New Hanover,2024,3,34.364167,-77.838611,34.0,23.5
2024-03-23,Clemmons Middle,Forsyth,2024,3,36.026612,-80.341962,44.0,18.0
2024-03-23,Durham Armory,Durham,2024,3,36.0329550008979,-78.904037,36.0,23.0
2024-03-23,Frying Pan Mountain,Haywood,2024,3,35.379167,-82.7925,61.0,
2024-03-23,Garinger High School,Mecklenburg,2024,3,35.2401000008895,-80.785683,42.0,19.0
2024-03-23,Hattie Avenue,Forsyth,2024,3,36.11094,-80.224501,40.0,18.0
2024-03-23,Leggett,Edgecombe,2024,3,35.988278,-77.5843,35.0,13.0
2024-03-23,Linville Falls,Avery,2024,3,35.972347,-81.933072,40.0,
2024-03-23,Mendenhall School,Guilford,2024,3,36.1090060008986,-79.802314,38.0,13.0
2024-03-23,Millbrook School,Wake,2024,3,35.856111,-78.574167,37.0,15.0
2024-03-23,Pitt Agri. Center,Pitt,2024,3,35.6412760008938,-77.360126,34.0,16.0
2024-03-23,Rockwell,Rowan,2024,3,35.551868,-80.395039,39.0,13.0
2024-03-23,West Johnston Co.,Johnston,2024,3,35.59095,-78.4622,36.0,16.0
2024-03-24,Bryson City,Swain,2024,3,35.434767,-83.442133,44.0,21.0
2024-03-24,Castle Hayne,New Hanover,2024,3,34.364167,-77.838611,44.0,22.5
2024-03-24,Clemmons Middle,Forsyth,2024,3,36.026612,-80.341962,48.0,23.0
2024-03-24,Durham Armory,Durham,2024,3,36.0329550008979,-78.904037,43.0,39.0
2024-03-24,Frying Pan Mountain,Haywood,2024,3,35.379167,-82.7925,64.0,
2024-03-24,Garinger High School,Mecklenburg,2024,3,35.2401000008895,-80.785683,44.0,20.0
2024-03-24,Hattie Avenue,Forsyth,2024,3,36.11094,-80.224501,44.0,23.0
2024-03-24,Leggett,Edgecombe,2024,3,35.988278,-77.5843,40.0,16.0
2024-03-24,Linville Falls,Avery,2024,3,35.972347,-81.933072,51.0,
2024-03-24,Mendenhall School,Guilford,2024,3,36.1090060008986,-79.802314,43.0,22.0
2024-03-24,Millbrook School,Wake,2024,3,35.856111,-78.574167,44.0,20.0
2024-03-24,Pitt Agri. Center,Pitt,2024,3,35.6412760008938,-77.360126,42.0,12.0
2024-03-24,Rockwell,Rowan,2024,3,35.551868,-80.395039,43.0,21.0
2024-03-24,West Johnston Co.,Johnston,2024,3,35.59095,-78.4622,44.0,18.0
2024-03-25,Bryson City,Swain,2024,3,35.434767,-83.442133,51.0,18.0
2024-03-25,Castle Hayne,New Hanover,2024,3,34.364167,-77.838611,42.0,42.0
2024-03-25,Clemmons Middle,Forsyth,2024,3,36.026612,-80.341962,58.0,34.0
2024-03-25,Durham Armory,Durham,2024,3,36.0329550008979,-78.904037,44.0,51.0
2024-03-25,Frying Pan Mountain,Haywood,2024,3,35.379167,-82.7925,,14.0
2024-03-25,Garinger High School,Mecklenburg,2024,3,35.2401000008895,-80.785683,46.0,55.0
2024-03-25,Hattie Avenue,Forsyth,2024,3,36.11094,-80.224501,48.0,29.0
2024-03-25,Leggett,Edgecombe,2024,3,35.988278,-77.5843,,29.0
2024-03-25,Linville Falls,Avery,2024,3,35.972347,-81.933072,54.0,18.0
2024-03-25,Mendenhall School,Guilford,2024,3,36.1090060008986,-79.802314,46.0,32.0
2024-03-25,Millbrook School,Wake,2024,3,35.856111,-78.574167,44.0,31.5
2024-03-25,Old High School,Swain,2024,3,35.498711,-83.310242,,20.0
2024-03-25,Pitt Agri. Center,Pitt,2024,3,35.6412760008938,-77.360126,43.0,34.0
2024-03-25,Rockwell,Rowan,2024,3,35.551868,-80.395039,45.0,26.0
2024-03-25,West Johnston Co.,Johnston,2024,3,35.59095,-78.4622,47.0,29.0
2024-03-26,Bryson City,Swain,2024,3,35.434767,-83.442133,34.0,18.0
2024-03-26,Castle Hayne,New Hanover,2024,3,34.364167,-77.838611,39.0,47.5
2024-03-26,Clemmons Middle,Forsyth,2024,3,36.026612,-80.341962,35.0,42.0
2024-03-26,Durham Armory,Durham,2024,3,36.0329550008979,-78.904037,38.0,55.0
2024-03-26,Frying Pan Mountain,Haywood,2024,3,35.379167,-82.7925,41.0,
2024-03-26,Garinger High School,Mecklenburg,2024,3,35.2401000008895,-80.785683,37.0,60.0
2024-03-26,Hattie Avenue,Forsyth,2024,3,36.11094,-80.224501,33.0,42.0
2024-03-26,Leggett,Edgecombe,2024,3,35.988278,-77.5843,,37.0
2024-03-26,Linville Falls,Avery,2024,3,35.972347,-81.933072,39.0,
2024-03-26,Mendenhall School,Guilford,2024,3,36.1090060008986,-79.802314,36.0,48.0
2024-03-26,Millbrook School,Wake,2024,3,35.856111,-78.574167,40.0,44.0
2024-03-26,Pitt Agri. Center,Pitt,2024,3,35.6412760008938,-77.360126,36.0,36.0
2024-03-26,Rockwell,Rowan,2024,3,35.551868,-80.395039,34.0,49.0
2024-03-26,West Johnston Co.,Johnston,2024,3,35.59095,-78.4622,41.0,46.0
2024-03-27,Bryson City,Swain,2024,3,35.434767,-83.442133,40.0,17.0
2024-03-27,Castle Hayne,New Hanover,2024,3,34.364167,-77.838611,35.0,24.5
2024-03-27,Clemmons Middle,Forsyth,2024,3,36.026612,-80.341962,26.0,19.0
2024-03-27,Durham Armory,Durham,2024,3,36.0329550008979,-78.904037,19.0,45.0
2024-03-27,Frying Pan Mountain,Haywood,2024,3,35.379167,-82.7925,42.0,
2024-03-27,Garinger High School,Mecklenburg,2024,3,35.2401000008895,-80.785683,19.0,21.0
2024-03-27,Hattie Avenue,Forsyth,2024,3,36.11094,-80.224501,25.0,19.0
2024-03-27,Linville Falls,Avery,2024,3,35.972347,-81.933072,37.0,
2024-03-27,Mendenhall School,Guilford,2024,3,36.1090060008986,-79.802314,20.0,22.0
2024-03-27,Millbrook School,Wake,2024,3,35.856111,-78.574167,18.0,38.0
2024-03-27,Pitt Agri. Center,Pitt,2024,3,35.6412760008938,-77.360126,23.0,27.0
2024-03-27,Rockwell,Rowan,2024,3,35.551868,-80.395039,22.0,19.0
2024-03-27,West Johnston Co.,Johnston,2024,3,35.59095,-78.4622,20.0,44.0
2024-03-28,Bryson City,Swain,2024,3,35.434767,-83.442133,45.0,20.0
2024-03-28,Castle Hayne,New Hanover,2024,3,34.364167,-77.838611,28.0,18.5
2024-03-28,Clemmons Middle,Forsyth,2024,3,36.026612,-80.341962,48.0,24.0
2024-03-28,Durham Armory,Durham,2024,3,36.0329550008979,-78.904037,29.0,32.0
2024-03-28,Frying Pan Mountain,Haywood,2024,3,35.379167,-82.7925,46.0,
2024-03-28,Garinger High School,Mecklenburg,2024,3,35.2401000008895,-80.785683,42.0,18.0
2024-03-28,Hattie Avenue,Forsyth,2024,3,36.11094,-80.224501,44.0,21.5
2024-03-28,Leggett,Edgecombe,2024,3,35.988278,-77.5843,26.0,
2024-03-28,Linville Falls,Avery,2024,3,35.972347,-81.933072,45.0,14.0
2024-03-28,Mendenhall School,Guilford,2024,3,36.1090060008986,-79.802314,43.0,18.0
2024-03-28,Millbrook School,Wake,2024,3,35.856111,-78.574167,33.0,20.0
2024-03-28,Old High School,Swain,2024,3,35.498711,-83.310242,,17.0
2024-03-28,Pitt Agri. Center,Pitt,2024,3,35.6412760008938,-77.360126,24.0,16.0
2024-03-28,Rockwell,Rowan,2024,3,35.551868,-80.395039,43.0,14.0
2024-03-28,West Johnston Co.,Johnston,2024,3,35.59095,-78.4622,26.0,17.0
2024-03-29,Bryson City,Swain,2024,3,35.434767,-83.442133,46.0,43.0
2024-03-29,Castle Hayne,New Hanover,2024,3,34.364167,-77.838611,48.0,35.0
2024-03-29,Clemmons Middle,Forsyth,2024,3,36.026612,-80.341962,54.0,29.0
2024-03-29,Durham Armory,Durham,2024,3,36.0329550008979,-78.904037,48.0,50.0
2024-03-29,Frying Pan Mountain,Haywood,2024,3,35.379167,-82.7925,50.0,
2024-03-29,Garinger High School,Mecklenburg,2024,3,35.2401000008895,-80.785683,47.0,28.0
2024-03-29,Hattie Avenue,Forsyth,2024,3,36.11094,-80.224501,47.0,32.0
2024-03-29,Leggett,Edgecombe,2024,3,35.988278,-77.5843,48.0,34.0
2024-03-29,Linville Falls,Avery,2024,3,35.972347,-81.933072,49.0,
2024-03-29,Mendenhall School,Guilford,2024,3,36.1090060008986,-79.802314,48.0,40.0
2024-03-29,Millbrook School,Wake,2024,3,35.856111,-78.574167,50.0,31.0
2024-03-29,Old High School,Swain,2024,3,35.498711,-83.310242,,22.0
2024-03-29,Pitt Agri. Center,Pitt,2024,3,35.6412760008938,-77.360126,49.0,39.0
2024-03-29,Rockwell,Rowan,2024,3,35.551868,-80.395039,47.0,23.0
2024-03-29,West Johnston Co.,Johnston,2024,3,35.59095,-78.4622,50.0,35.0
2024-03-30,Bryson City,Swain,2024,3,35.434767,-83.442133,54.0,53.0
2024-03-30,Castle Hayne,New Hanover,2024,3,34.364167,-77.838611,64.0,37.5
2024-03-30,Clemmons Middle,Forsyth,2024,3,36.026612,-80.341962,71.0,43.0
2024-03-30,Durham Armory,Durham,2024,3,36.0329550008979,-78.904037,54.0,56.0
2024-03-30,Frying Pan Mountain,Haywood,2024,3,35.379167,-82.7925,61.0,
2024-03-30,Garinger High School,Mecklenburg,2024,3,35.2401000008895,-80.785683,54.0,52.0
2024-03-30,Hattie Avenue,Forsyth,2024,3,36.11094,-80.224501,54.0,41.0
2024-03-30,Leggett,Edgecombe,2024,3,35.988278,-77.5843,51.0,51.0
2024-03-30,Linville Falls,Avery,2024,3,35.972347,-81.933072,54.0,
2024-03-30,Mendenhall School,Guilford,2024,3,36.1090060008986,-79.802314,64.0,46.0
2024-03-30,Millbrook School,Wake,2024,3,35.856111,-78.574167,54.0,46.0
2024-03-30,Pitt Agri. Center,Pitt,2024,3,35.6412760008938,-77.360126,54.0,46.0
2024-03-30,Rockwell,Rowan,2024,3,35.551868,-80.395039,54.0,43.0
2024-03-30,West Johnston Co.,Johnston,2024,3,35.59095,-78.4622,54.0,47.0
2024-03-31,Bryson City,Swain,2024,3,35.434767,-83.442133,46.0,53.0
2024-03-31,Castle Hayne,New Hanover,2024,3,34.364167,-77.838611,61.0,50.5
2024-03-31,Clemmons Middle,Forsyth,2024,3,36.026612,-80.341962,64.0,47.5
2024-03-31,Durham Armory,Durham,2024,3,36.0329550008979,-78.904037,51.0,56.0
2024-03-31,Frying Pan Mountain,Haywood,2024,3,35.379167,-82.7925,48.0,29.0
2024-03-31,Garinger High School,Mecklenburg,2024,3,35.2401000008895,-80.785683,50.0,54.0
2024-03-31,Hattie Avenue,Forsyth,2024,3,36.11094,-80.224501,49.0,50.5
2024-03-31,Leggett,Edgecombe,2024,3,35.988278,-77.5843,51.0,52.0
2024-03-31,Linville Falls,Avery,2024,3,35.972347,-81.933072,49.0,30.0
2024-03-31,Mendenhall School,Guilford,2024,3,36.1090060008986,-79.802314,58.0,53.0
2024-03-31,Millbrook School,Wake,2024,3,35.856111,-78.574167,51.0,53.0
2024-03-31,Old High School,Swain,2024,3,35.498711,-83.310242,,54.0
2024-03-31,Pitt Agri. Center,Pitt,2024,3,35.6412760008938,-77.360126,51.0,53.0
2024-03-31,Rockwell,Rowan,2024,3,35.551868,-80.395039,50.0,48.0
2024-03-31,West Johnston Co.,Johnston,2024,3,35.59095,-78.4622,58.0,54.0
2024-04-01,Bryson City,Swain,2024,4,35.434767,-83.442133,42.0,55.0
2024-04-01,Castle Hayne,New Hanover,2024,4,34.364167,-77.838611,42.0,48.0
2024-04-01,Clemmons Middle,Forsyth,2024,4,36.026612,-80.341962,50.0,58.0
2024-04-01,Durham Armory,Durham,2024,4,36.0329550008979,-78.904037,44.0,67.0
2024-04-01,Frying Pan Mountain,Haywood,2024,4,35.379167,-82.7925,46.0,
2024-04-01,Garinger High School,Mecklenburg,2024,4,35.2401000008895,-80.785683,43.0,58.0
2024-04-01,Hattie Avenue,Forsyth,2024,4,36.11094,-80.224501,45.0,58.0
2024-04-01,Leggett,Edgecombe,2024,4,35.988278,-77.5843,44.0,56.0
2024-04-01,Linville Falls,Avery,2024,4,35.972347,-81.933072,45.0,
2024-04-01,Mendenhall School,Guilford,2024,4,36.1090060008986,-79.802314,47.0,59.0
2024-04-01,Millbrook School,Wake,2024,4,35.856111,-78.574167,43.0,59.0
2024-04-01,Pitt Agri. Center,Pitt,2024,4,35.6412760008938,-77.360126,44.0,55.0
2024-04-01,Rockwell,Rowan,2024,4,35.551868,-80.395039,43.0,59.0
2024-04-01,West Johnston Co.,Johnston,2024,4,35.59095,-78.4622,48.0,71.0
2024-04-02,Bryson City,Swain,2024,4,35.434767,-83.442133,44.0,58.0
2024-04-02,Castle Hayne,New Hanover,2024,4,34.364167,-77.838611,43.0,54.5
2024-04-02,Clemmons Middle,Forsyth,2024,4,36.026612,-80.341962,49.0,63.0
2024-04-02,Durham Armory,Durham,2024,4,36.0329550008979,-78.904037,43.0,69.0
2024-04-02,Frying Pan Mountain,Haywood,2024,4,35.379167,-82.7925,54.0,
2024-04-02,Garinger High School,Mecklenburg,2024,4,35.2401000008895,-80.785683,41.0,57.0
2024-04-02,Hattie Avenue,Forsyth,2024,4,36.11094,-80.224501,45.0,65.0
2024-04-02,Leggett,Edgecombe,2024,4,35.988278,-77.5843,42.0,57.0
2024-04-02,Linville Falls,Avery,2024,4,35.972347,-81.933072,46.0,
2024-04-02,Mendenhall School,Guilford,2024,4,36.1090060008986,-79.802314,48.0,64.0
2024-04-02,Millbrook School,Wake,2024,4,35.856111,-78.574167,44.0,71.0
2024-04-02,Pitt Agri. Center,Pitt,2024,4,35.6412760008938,-77.360126,39.0,59.0
2024-04-02,Rockwell,Rowan,2024,4,35.551868,-80.395039,42.0,57.0
2024-04-02,West Johnston Co.,Johnston,2024,4,35.59095,-78.4622,45.0,64.0
2024-04-03,Bryson City,Swain,2024,4,35.434767,-83.442133,42.0,18.0
2024-04-03,Castle Hayne,New Hanover,2024,4,34.364167,-77.838611,37.0,50.5
2024-04-03,Clemmons Middle,Forsyth,2024,4,36.026612,-80.341962,47.0,36.0
2024-04-03,Durham Armory,Durham,2024,4,36.0329550008979,-78.904037,44.0,54.0
2024-04-03,Frying Pan Mountain,Haywood,2024,4,35.379167,-82.7925,45.0,10.0
2024-04-03,Garinger High School,Mecklenburg,2024,4,35.2401000008895,-80.785683,43.0,23.5
2024-04-03,Hattie Avenue,Forsyth,2024,4,36.11094,-80.224501,43.0,39.0
2024-04-03,Leggett,Edgecombe,2024,4,35.988278,-77.5843,30.0,42.0
2024-04-03,Linville Falls,Avery,2024,4,35.972347,-81.933072,44.0,13.0
2024-04-03,Mendenhall School,Guilford,2024,4,36.1090060008986,-79.802314,44.0,37.0
2024-04-03,Millbrook School,Wake,2024,4,35.856111,-78.574167,44.0,51.0
2024-04-03,Old High School,Swain,2024,4,35.498711,-83.310242,,17.0
2024-04-03,Pitt Agri. Center,Pitt,2024,4,35.6412760008938,-77.360126,29.0,46.0
2024-04-03,Rockwell,Rowan,2024,4,35.551868,-80.395039,44.0,27.0
2024-04-03,West Johnston Co.,Johnston,2024,4,35.59095,-78.4622,42.0,48.0
2024-04-04,Bryson City,Swain,2024,4,35.434767,-83.442133,37.0,16.0
2024-04-04,Castle Hayne,New Hanover,2024,4,34.364167,-77.838611,42.0,20.0
2024-04-04,Clemmons Middle,Forsyth,2024,4,36.026612,-80.341962,42.0,9.0
2024-04-04,Durham Armory,Durham,2024,4,36.0329550008979,-78.904037,38.0,
2024-04-04,Frying Pan Mountain,Haywood,2024,4,35.379167,-82.7925,40.0,
2024-04-04,Garinger High School,Mecklenburg,2024,4,35.2401000008895,-80.785683,38.0,3.0
2024-04-04,Hattie Avenue,Forsyth,2024,4,36.11094,-80.224501,37.0,11.0
2024-04-04,Leggett,Edgecombe,2024,4,35.988278,-77.5843,40.0,6.0
2024-04-04,Linville Falls,Avery,2024,4,35.972347,-81.933072,40.0,
2024-04-04,Mendenhall School,Guilford,2024,4,36.1090060008986,-79.802314,38.0,11.0
2024-04-04,Millbrook School,Wake,2024,4,35.856111,-78.574167,40.0,13.0
2024-04-04,Pitt Agri. Center,Pitt,2024,4,35.6412760008938,-77.360126,41.0,6.0
2024-04-04,Rockwell,Rowan,2024,4,35.551868,-80.395039,38.0,17.0
2024-04-04,West Johnston Co.,Johnston,2024,4,35.59095,-78.4622,41.0,18.0
2024-04-05,Bryson City,Swain,2024,4,35.434767,-83.442133,32.0,7.0
2024-04-05,Castle Hayne,New Hanover,2024,4,34.364167,-77.838611,43.0,19.0
2024-04-05,Clemmons Middle,Forsyth,2024,4,36.026612,-80.341962,40.0,12.0
2024-04-05,Durham Armory,Durham,2024,4,36.0329550008979,-78.904037,38.0,31.0
2024-04-05,Frying Pan Mountain,Haywood,2024,4,35.379167,-82.7925,36.0,
2024-04-05,Garinger High School,Mecklenburg,2024,4,35.2401000008895,-80.785683,36.0,7.0
2024-04-05,Hattie Avenue,Forsyth,2024,4,36.11094,-80.224501,35.0,12.0
2024-04-05,Leggett,Edgecombe,2024,4,35.988278,-77.5843,40.0,4.0
2024-04-05,Linville Falls,Avery,2024,4,35.972347,-81.933072,35.0,
2024-04-05,Mendenhall School,Guilford,2024,4,36.1090060008986,-79.802314,36.0,6.0
2024-04-05,Millbrook School,Wake,2024,4,35.856111,-78.574167,41.0,12.0
2024-04-05,Pitt Agri. Center,Pitt,2024,4,35.6412760008938,-77.360126,44.0,9.0
2024-04-05,Rockwell,Rowan,2024,4,35.551868,-80.395039,37.0,9.0
2024-04-05,West Johnston Co.,Johnston,2024,4,35.59095,-78.4622,43.0,12.0
2024-04-06,Bryson City,Swain,2024,4,35.434767,-83.442133,41.0,19.0
2024-04-06,Castle Hayne,New Hanover,2024,4,34.364167,-77.838611,44.0,15.5
2024-04-06,Clemmons Middle,Forsyth,2024,4,36.026612,-80.341962,45.0,11.0
2024-04-06,Durham Armory,Durham,2024,4,36.0329550008979,-78.904037,39.0,28.0
2024-04-06,Frying Pan Mountain,Haywood,2024,4,35.379167,-82.7925,44.0,7.0
2024-04-06,Garinger High School,Mecklenburg,2024,4,35.2401000008895,-80.785683,43.0,8.0
2024-04-06,Hattie Avenue,Forsyth,2024,4,36.11094,-80.224501,41.0,14.0
2024-04-06,Leggett,Edgecombe,2024,4,35.988278,-77.5843,38.0,
2024-04-06,Linville Falls,Avery,2024,4,35.972347,-81.933072,44.0,7.0
2024-04-06,Mendenhall School,Guilford,2024,4,36.1090060008986,-79.802314,41.0,16.0
2024-04-06,Millbrook School,Wake,2024,4,35.856111,-78.574167,41.0,11.5
2024-04-06,Pitt Agri. Center,Pitt,2024,4,35.6412760008938,-77.360126,39.0,6.0
2024-04-06,Rockwell,Rowan,2024,4,35.551868,-80.395039,42.0,6.0
2024-04-06,West Johnston Co.,Johnston,2024,4,35.59095,-78.4622,42.0,13.0
2024-04-07,Bryson City,Swain,2024,4,35.434767,-83.442133,44.0,25.0
2024-04-07,Castle Hayne,New Hanover,2024,4,34.364167,-77.838611,43.0,19.0
2024-04-07,Clemmons Middle,Forsyth,2024,4,36.026612,-80.341962,49.0,18.0
2024-04-07,Durham Armory,Durham,2024,4,36.0329550008979,-78.904037,43.0,32.0
2024-04-07,Frying Pan Mountain,Haywood,2024,4,35.379167,-82.7925,61.0,
2024-04-07,Garinger High School,Mecklenburg,2024,4,35.2401000008895,-80.785683,47.0,22.0
2024-04-07,Hattie Avenue,Forsyth,2024,4,36.11094,-80.224501,47.0,22.0
2024-04-07,Leggett,Edgecombe,2024,4,35.988278,-77.5843,42.0,
2024-04-07,Linville Falls,Avery,2024,4,35.972347,-81.933072,44.0,
2024-04-07,Mendenhall School,Guilford,2024,4,36.1090060008986,-79.802314,47.0,28.0
2024-04-07,Millbrook School,Wake,2024,4,35.856111,-78.574167,44.0,19.0
2024-04-07,Old High School,Swain,2024,4,35.498711,-83.310242,,23.0
2024-04-07,Pitt Agri. Center,Pitt,2024,4,35.6412760008938,-77.360126,42.0,12.0
2024-04-07,Rockwell,Rowan,2024,4,35.551868,-80.395039,44.0,52.0
2024-04-07,West Johnston Co.,Johnston,2024,4,35.59095,-78.4622,46.0,26.0
2024-04-08,Bryson City,Swain,2024,4,35.434767,-83.442133,50.0,52.0
2024-04-08,Castle Hayne,New Hanover,2024,4,34.364167,-77.838611,46.0,24.5
2024-04-08,Clemmons Middle,Forsyth,2024,4,36.026612,-80.341962,58.0,53.0
2024-04-08,Durham Armory,Durham,2024,4,36.0329550008979,-78.904037,46.0,61.0
2024-04-08,Frying Pan Mountain,Haywood,2024,4,35.379167,-82.7925,54.0,
2024-04-08,Garinger High School,Mecklenburg,2024,4,35.2401000008895,-80.785683,45.0,46.0
2024-04-08,Hattie Avenue,Forsyth,2024,4,36.11094,-80.224501,49.0,52.0
2024-04-08,Leggett,Edgecombe,2024,4,35.988278,-77.5843,45.0,
2024-04-08,Linville Falls,Avery,2024,4,35.972347,-81.933072,49.0,
2024-04-08,Mendenhall School,Guilford,2024,4,36.1090060008986,-79.802314,58.0,56.0
2024-04-08,Millbrook School,Wake,2024,4,35.856111,-78.574167,47.0,51.0
2024-04-08,Pitt Agri. Center,Pitt,2024,4,35.6412760008938,-77.360126,45.0,33.0
2024-04-08,Rockwell,Rowan,2024,4,35.551868,-80.395039,47.0,47.0
2024-04-08,West Johnston Co.,Johnston,2024,4,35.59095,-78.4622,48.0,55.0
2024-04-09,Bryson City,Swain,2024,4,35.434767,-83.442133,39.0,51.0
2024-04-09,Castle Hayne,New Hanover,2024,4,34.364167,-77.838611,42.0,29.5
2024-04-09,Clemmons Middle,Forsyth,2024,4,36.026612,-80.341962,41.0,52.0
2024-04-09,Durham Armory,Durham,2024,4,36.0329550008979,-78.904037,41.0,58.0
2024-04-09,Frying Pan Mountain,Haywood,2024,4,35.379167,-82.7925,54.0,41.0
2024-04-09,Garinger High School,Mecklenburg,2024,4,35.2401000008895,-80.785683,32.0,52.5
2024-04-09,Hattie Avenue,Forsyth,2024,4,36.11094,-80.224501,33.0,52.0
2024-04-09,Leggett,Edgecombe,2024,4,35.988278,-77.5843,42.0,
2024-04-09,Linville Falls,Avery,2024,4,35.972347,-81.933072,43.0,41.0
2024-04-09,Mendenhall School,Guilford,2024,4,36.1090060008986,-79.802314,39.0,53.0
2024-04-09,Millbrook School,Wake,2024,4,35.856111,-78.574167,38.0,48.5
2024-04-09,Old High School,Swain,2024,4,35.498711,-83.310242,,50.0
2024-04-09,Pitt Agri. Center,Pitt,2024,4,35.6412760008938,-77.360126,44.0,42.0
2024-04-09,Rockwell,Rowan,2024,4,35.551868,-80.395039,37.0,51.0
2024-04-09,West Johnston Co.,Johnston,2024,4,35.59095,-78.4622,41.0,44.0
2024-04-10,Bryson City,Swain,2024,4,35.434767,-83.442133,43.0,46.0
2024-04-10,Castle Hayne,New Hanover,2024,4,34.364167,-77.838611,46.0,30.5
2024-04-10,Clemmons Middle,Forsyth,2024,4,36.026612,-80.341962,39.0,54.0
2024-04-10,Durham Armory,Durham,2024,4,36.0329550008979,-78.904037,37.0,54.0
2024-04-10,Frying Pan Mountain,Haywood,2024,4,35.379167,-82.7925,43.0,
2024-04-10,Garinger High School,Mecklenburg,2024,4,35.2401000008895,-80.785683,37.0,42.0
2024-04-10,Hattie Avenue,Forsyth,2024,4,36.11094,-80.224501,36.0,54.0
2024-04-10,Leggett,Edgecombe,2024,4,35.988278,-77.5843,37.0,
2024-04-10,Linville Falls,Avery,2024,4,35.972347,-81.933072,40.0,
2024-04-10,Mendenhall School,Guilford,2024,4,36.1090060008986,-79.802314,34.0,52.0
2024-04-10,Millbrook School,Wake,2024,4,35.856111,-78.574167,37.0,38.0
2024-04-10,Pitt Agri. Center,Pitt,2024,4,35.6412760008938,-77.360126,41.0,41.0
2024-04-10,Rockwell,Rowan,2024,4,35.551868,-80.395039,34.0,51.0
2024-04-10,West Johnston Co.,Johnston,2024,4,35.59095,-78.4622,40.0,36.0
2024-04-11,Bryson City,Swain,2024,4,35.434767,-83.442133,41.0,19.0
2024-04-11,Castle Hayne,New Hanover,2024,4,34.364167,-77.838611,40.0,40.0
2024-04-11,Clemmons Middle,Forsyth,2024,4,36.026612,-80.341962,41.0,27.0
2024-04-11,Durham Armory,Durham,2024,4,36.0329550008979,-78.904037,37.0,29.0
2024-04-11,Frying Pan Mountain,Haywood,2024,4,35.379167,-82.7925,45.0,
2024-04-11,Garinger High School,Mecklenburg,2024,4,35.2401000008895,-80.785683,36.0,9.0
2024-04-11,Hattie Avenue,Forsyth,2024,4,36.11094,-80.224501,38.0,28.0
2024-04-11,Leggett,Edgecombe,2024,4,35.988278,-77.5843,36.0,
2024-04-11,Linville Falls,Avery,2024,4,35.972347,-81.933072,44.0,
2024-04-11,Mendenhall School,Guilford,2024,4,36.1090060008986,-79.802314,37.0,23.0
2024-04-11,Millbrook School,Wake,2024,4,35.856111,-78.574167,37.0,30.0
2024-04-11,Pitt Agri. Center,Pitt,2024,4,35.6412760008938,-77.360126,37.0,37.0
2024-04-11,Rockwell,Rowan,2024,4,35.551868,-80.395039,33.0,24.0
2024-04-11,West Johnston Co.,Johnston,2024,4,35.59095,-78.4622,38.0,26.0
2024-04-12,Bryson City,Swain,2024,4,35.434767,-83.442133,43.0,21.0
2024-04-12,Castle Hayne,New Hanover,2024,4,34.364167,-77.838611,48.0,29.0
2024-04-12,Clemmons Middle,Forsyth,2024,4,36.026612,-80.341962,48.0,15.0
2024-04-12,Durham Armory,Durham,2024,4,36.0329550008979,-78.904037,46.0,41.0
2024-04-12,Frying Pan Mountain,Haywood,2024,4,35.379167,-82.7925,44.0,13.0
2024-04-12,Garinger High School,Mecklenburg,2024,4,35.2401000008895,-80.785683,44.0,15.0
2024-04-12,Hattie Avenue,Forsyth,2024,4,36.11094,-80.224501,44.0,16.0
2024-04-12,Leggett,Edgecombe,2024,4,35.988278,-77.5843,49.0,
2024-04-12,Linville Falls,Avery,2024,4,35.972347,-81.933072,44.0,12.0
2024-04-12,Mendenhall School,Guilford,2024,4,36.1090060008986,-79.802314,45.0,8.0
2024-04-12,Millbrook School,Wake,2024,4,35.856111,-78.574167,49.0,19.0
2024-04-12,Old High School,Swain,2024,4,35.498711,-83.310242,,16.5
2024-04-12,Pitt Agri. Center,Pitt,2024,4,35.6412760008938,-77.360126,48.0,21.0
2024-04-12,Rockwell,Rowan,2024,4,35.551868,-80.395039,45.0,6.0
2024-04-12,West Johnston Co.,Johnston,2024,4,35.59095,-78.4622,48.0,16.0
2024-04-13,Bryson City,Swain,2024,4,35.434767,-83.442133,48.0,29.0
2024-04-13,Castle Hayne,New Hanover,2024,4,34.364167,-77.838611,46.0,19.0
2024-04-13,Clemmons Middle,Forsyth,2024,4,36.026612,-80.341962,50.0,15.0
2024-04-13,Durham Armory,Durham,2024,4,36.0329550008979,-78.904037,45.0,36.0
2024-04-13,Frying Pan Mountain,Haywood,2024,4,35.379167,-82.7925,58.0,
2024-04-13,Garinger High School,Mecklenburg,2024,4,35.2401000008895,-80.785683,47.0,27.0
2024-04-13,Hattie Avenue,Forsyth,2024,4,36.11094,-80.224501,45.0,17.0
2024-04-13,Leggett,Edgecombe,2024,4,35.988278,-77.5843,45.0,22.0
2024-04-13,Linville Falls,Avery,2024,4,35.972347,-81.933072,49.0,
2024-04-13,Mendenhall School,Guilford,2024,4,36.1090060008986,-79.802314,45.0,22.0
2024-04-13,Millbrook School,Wake,2024,4,35.856111,-78.574167,47.0,15.0
2024-04-13,Old High School,Swain,2024,4,35.498711,-83.310242,,20.0
2024-04-13,Pitt Agri. Center,Pitt,2024,4,35.6412760008938,-77.360126,46.0,16.0
2024-04-13,Rockwell,Rowan,2024,4,35.551868,-80.395039,46.0,18.0
2024-04-13,West Johnston Co.,Johnston,2024,4,35.59095,-78.4622,47.0,19.0
2024-04-14,Bryson City,Swain,2024,4,35.434767,-83.442133,71.0,46.0
2024-04-14,Castle Hayne,New Hanover,2024,4,34.364167,-77.838611,58.0,27.0
2024-04-14,Clemmons Middle,Forsyth,2024,4,36.026612,-80.341962,74.0,33.0
2024-04-14,Durham Armory,Durham,2024,4,36.0329550008979,-78.904037,51.0,53.0
2024-04-14,Frying Pan Mountain,Haywood,2024,4,35.379167,-82.7925,71.0,
2024-04-14,Garinger High School,Mecklenburg,2024,4,35.2401000008895,-80.785683,54.0,55.0
2024-04-14,Hattie Avenue,Forsyth,2024,4,36.11094,-80.224501,58.0,37.0
2024-04-14,Leggett,Edgecombe,2024,4,35.988278,-77.5843,50.0,33.0
2024-04-14,Linville Falls,Avery,2024,4,35.972347,-81.933072,67.0,
2024-04-14,Mendenhall School,Guilford,2024,4,36.1090060008986,-79.802314,74.0,47.0
2024-04-14,Millbrook School,Wake,2024,4,35.856111,-78.574167,51.0,32.0
2024-04-14,Pitt Agri. Center,Pitt,2024,4,35.6412760008938,-77.360126,49.0,31.0
2024-04-14,Rockwell,Rowan,2024,4,35.551868,-80.395039,58.0,36.0
2024-04-14,West Johnston Co.,Johnston,2024,4,35.59095,-78.4622,54.0,35.0
2024-04-15,Bryson City,Swain,2024,4,35.434767,-83.442133,48.0,46.0
2024-04-15,Castle Hayne,New Hanover,2024,4,34.364167,-77.838611,74.0,51.5
2024-04-15,Clemmons Middle,Forsyth,2024,4,36.026612,-80.341962,84.0,51.0
2024-04-15,Durham Armory,Durham,2024,4,36.0329550008979,-78.904037,54.0,57.0
2024-04-15,Frying Pan Mountain,Haywood,2024,4,35.379167,-82.7925,58.0,36.0
2024-04-15,Garinger High School,Mecklenburg,2024,4,35.2401000008895,-80.785683,61.0,53.5
2024-04-15,Hattie Avenue,Forsyth,2024,4,36.11094,-80.224501,64.0,53.0
2024-04-15,Leggett,Edgecombe,2024,4,35.988278,-77.5843,64.0,46.0
2024-04-15,Linville Falls,Avery,2024,4,35.972347,-81.933072,51.0,32.0
2024-04-15,Mendenhall School,Guilford,2024,4,36.1090060008986,-79.802314,87.0,56.0
2024-04-15,Millbrook School,Wake,2024,4,35.856111,-78.574167,61.0,52.5
2024-04-15,Old High School,Swain,2024,4,35.498711,-83.310242,,43.0
2024-04-15,Pitt Agri. Center,Pitt,2024,4,35.6412760008938,-77.360126,58.0,53.0
2024-04-15,Rockwell,Rowan,2024,4,35.551868,-80.395039,64.0,52.0
2024-04-15,West Johnston Co.,Johnston,2024,4,35.59095,-78.4622,61.0,52.0
2024-04-16,Bryson City,Swain,2024,4,35.434767,-83.442133,,68.0
2024-04-16,Castle Hayne,New Hanover,2024,4,34.364167,-77.838611,61.0,58.0
2024-04-16,Clemmons Middle,Forsyth,2024,4,36.026612,-80.341962,80.0,61.0
2024-04-16,Durham Armory,Durham,2024,4,36.0329550008979,-78.904037,48.0,66.0
2024-04-16,Frying Pan Mountain,Haywood,2024,4,35.379167,-82.7925,67.0,
2024-04-16,Garinger High School,Mecklenburg,2024,4,35.2401000008895,-80.785683,61.0,59.0
2024-04-16,Hattie Avenue,Forsyth,2024,4,36.11094,-80.224501,67.0,61.0
2024-04-16,Leggett,Edgecombe,2024,4,35.988278,-77.5843,46.0,38.0
2024-04-16,Linville Falls,Avery,2024,4,35.972347,-81.933072,61.0,
2024-04-16,Mendenhall School,Guilford,2024,4,36.1090060008986,-79.802314,50.0,58.0
2024-04-16,Millbrook School,Wake,2024,4,35.856111,-78.574167,47.0,58.0
2024-04-16,Pitt Agri. Center,Pitt,2024,4,35.6412760008938,-77.360126,46.0,52.0
2024-04-16,Rockwell,Rowan,2024,4,35.551868,-80.395039,54.0,61.0
2024-04-16,West Johnston Co.,Johnston,2024,4,35.59095,-78.4622,48.0,58.0
2024-04-17,Bryson City,Swain,2024,4,35.434767,-83.442133,49.0,47.0
2024-04-17,Castle Hayne,New Hanover,2024,4,34.364167,-77.838611,49.0,45.5
2024-04-17,Clemmons Middle,Forsyth,2024,4,36.026612,-80.341962,71.0,67.0
2024-04-17,Durham Armory,Durham,2024,4,36.0329550008979,-78.904037,40.0,71.0
2024-04-17,Frying Pan Mountain,Haywood,2024,4,35.379167,-82.7925,54.0,
2024-04-17,Garinger High School,Mecklenburg,2024,4,35.2401000008895,-80.785683,45.0,58.0
2024-04-17,Hattie Avenue,Forsyth,2024,4,36.11094,-80.224501,51.0,67.0
2024-04-17,Leggett,Edgecombe,2024,4,35.988278,-77.5843,45.0,54.0
2024-04-17,Linville Falls,Avery,2024,4,35.972347,-81.933072,51.0,
2024-04-17,Mendenhall School,Guilford,2024,4,36.1090060008986,-79.802314,58.0,64.0
2024-04-17,Millbrook School,Wake,2024,4,35.856111,-78.574167,45.0,57.0
2024-04-17,Pitt Agri. Center,Pitt,2024,4,35.6412760008938,-77.360126,49.0,55.0
2024-04-17,Rockwell,Rowan,2024,4,35.551868,-80.395039,47.0,60.0
2024-04-17,West Johnston Co.,Johnston,2024,4,35.59095,-78.4622,46.0,54.0
2024-04-18,Bryson City,Swain,2024,4,35.434767,-83.442133,47.0,41.0
2024-04-18,Castle Hayne,New Hanover,2024,4,34.364167,-77.838611,45.0,43.0
2024-04-18,Clemmons Middle,Forsyth,2024,4,36.026612,-80.341962,47.0,38.5
2024-04-18,Durham Armory,Durham,2024,4,36.0329550008979,-78.904037,43.0,58.0
2024-04-18,Frying Pan Mountain,Haywood,2024,4,35.379167,-82.7925,54.0,28.0
2024-04-18,Garinger High School,Mecklenburg,2024,4,35.2401000008895,-80.785683,50.0,42.5
2024-04-18,Hattie Avenue,Forsyth,2024,4,36.11094,-80.224501,44.0,43.5
2024-04-18,Leggett,Edgecombe,2024,4,35.988278,-77.5843,44.0,39.0
2024-04-18,Linville Falls,Avery,2024,4,35.972347,-81.933072,49.0,27.0
2024-04-18,Mendenhall School,Guilford,2024,4,36.1090060008986,-79.802314,45.0,42.0
2024-04-18,Millbrook School,Wake,2024,4,35.856111,-78.574167,46.0,51.5
2024-04-18,Pitt Agri. Center,Pitt,2024,4,35.6412760008938,-77.360126,45.0,43.0
2024-04-18,Rockwell,Rowan,2024,4,35.551868,-80.395039,45.0,42.0
2024-04-18,West Johnston Co.,Johnston,2024,4,35.59095,-78.4622,49.0,53.0
2024-04-19,Bryson City,Swain,2024,4,35.434767,-83.442133,47.0,37.0
2024-04-19,Castle Hayne,New Hanover,2024,4,34.364167,-77.838611,40.0,45.0
2024-04-19,Clemmons Middle,Forsyth,2024,4,36.026612,-80.341962,58.0,61.0
2024-04-19,Durham Armory,Durham,2024,4,36.0329550008979,-78.904037,43.0,62.0
2024-04-19,Frying Pan Mountain,Haywood,2024,4,35.379167,-82.7925,49.0,
2024-04-19,Garinger High School,Mecklenburg,2024,4,35.2401000008895,-80.785683,74.0,52.0
2024-04-19,Hattie Avenue,Forsyth,2024,4,36.11094,-80.224501,46.0,59.0
2024-04-19,Leggett,Edgecombe,2024,4,35.988278,-77.5843,38.0,31.0
2024-04-19,Linville Falls,Avery,2024,4,35.972347,-81.933072,46.0,
2024-04-19,Mendenhall School,Guilford,2024,4,36.1090060008986,-79.802314,39.0,60.0
2024-04-19,Millbrook School,Wake,2024,4,35.856111,-78.574167,43.0,59.0
2024-04-19,Pitt Agri. Center,Pitt,2024,4,35.6412760008938,-77.360126,37.0,35.0
2024-04-19,Rockwell,Rowan,2024,4,35.551868,-80.395039,50.0,
2024-04-19,West Johnston Co.,Johnston,2024,4,35.59095,-78.4622,36.0,60.0
2024-04-20,Bryson City,Swain,2024,4,35.434767,-83.442133,36.0,24.0
2024-04-20,Castle Hayne,New Hanover,2024,4,34.364167,-77.838611,38.0,57.0
2024-04-20,Clemmons Middle,Forsyth,2024,4,36.026612,-80.341962,39.0,53.0
2024-04-20,Durham Armory,Durham,2024,4,36.0329550008979,-78.904037,28.0,61.0
2024-04-20,Frying Pan Mountain,Haywood,2024,4,35.379167,-82.7925,44.0,
2024-04-20,Garinger High School,Mecklenburg,2024,4,35.2401000008895,-80.785683,40.0,54.0
2024-04-20,Hattie Avenue,Forsyth,2024,4,36.11094,-80.224501,37.0,52.0
2024-04-20,Leggett,Edgecombe,2024,4,35.988278,-77.5843,25.0,46.0
2024-04-20,Linville Falls,Avery,2024,4,35.972347,-81.933072,41.0,
2024-04-20,Mendenhall School,Guilford,2024,4,36.1090060008986,-79.802314,37.0,55.0
2024-04-20,Millbrook School,Wake,2024,4,35.856111,-78.574167,37.0,61.0
2024-04-20,Pitt Agri. Center,Pitt,2024,4,35.6412760008938,-77.360126,31.0,54.0
2024-04-20,Rockwell,Rowan,2024,4,35.551868,-80.395039,35.0,
2024-04-20,West Johnston Co.,Johnston,2024,4,35.59095,-78.4622,39.0,60.0
2024-04-21,Bryson City,Swain,2024,4,35.434767,-83.442133,32.0,21.0
2024-04-21,Castle Hayne,New Hanover,2024,4,34.364167,-77.838611,27.0,34.5
2024-04-21,Clemmons Middle,Forsyth,2024,4,36.026612,-80.341962,31.0,26.0
2024-04-21,Durham Armory,Durham,2024,4,36.0329550008979,-78.904037,25.0,52.0
2024-04-21,Frying Pan Mountain,Haywood,2024,4,35.379167,-82.7925,40.0,9.0
2024-04-21,Garinger High School,Mecklenburg,2024,4,35.2401000008895,-80.785683,33.0,20.0
2024-04-21,Hattie Avenue,Forsyth,2024,4,36.11094,-80.224501,29.0,25.0
2024-04-21,Leggett,Edgecombe,2024,4,35.988278,-77.5843,29.0,15.0
2024-04-21,Linville Falls,Avery,2024,4,35.972347,-81.933072,35.0,17.0
2024-04-21,Mendenhall School,Guilford,2024,4,36.1090060008986,-79.802314,27.0,23.0
2024-04-21,Millbrook School,Wake,2024,4,35.856111,-78.574167,28.0,24.5
2024-04-21,Old High School,Swain,2024,4,35.498711,-83.310242,,19.0
2024-04-21,Pitt Agri. Center,Pitt,2024,4,35.6412760008938,-77.360126,29.0,34.0
2024-04-21,Rockwell,Rowan,2024,4,35.551868,-80.395039,31.0,
2024-04-21,West Johnston Co.,Johnston,2024,4,35.59095,-78.4622,28.0,26.0
2024-04-22,Bryson City,Swain,2024,4,35.434767,-83.442133,43.0,16.0
2024-04-22,Castle Hayne,New Hanover,2024,4,34.364167,-77.838611,37.0,28.5
2024-04-22,Clemmons Middle,Forsyth,2024,4,36.026612,-80.341962,44.0,28.0
2024-04-22,Durham Armory,Durham,2024,4,36.0329550008979,-78.904037,38.0,44.0
2024-04-22,Frying Pan Mountain,Haywood,2024,4,35.379167,-82.7925,48.0,
2024-04-22,Garinger High School,Mecklenburg,2024,4,35.2401000008895,-80.785683,39.0,24.0
2024-04-22,Hattie Avenue,Forsyth,2024,4,36.11094,-80.224501,43.0,23.0
2024-04-22,Leggett,Edgecombe,2024,4,35.988278,-77.5843,37.0,27.0
2024-04-22,Linville Falls,Avery,2024,4,35.972347,-81.933072,46.0,
2024-04-22,Mendenhall School,Guilford,2024,4,36.1090060008986,-79.802314,42.0,32.0
2024-04-22,Millbrook School,Wake,2024,4,35.856111,-78.574167,39.0,28.0
2024-04-22,Pitt Agri. Center,Pitt,2024,4,35.6412760008938,-77.360126,34.0,
2024-04-22,Rockwell,Rowan,2024,4,35.551868,-80.395039,38.0,
2024-04-22,West Johnston Co.,Johnston,2024,4,35.59095,-78.4622,38.0,31.0
2024-04-23,Bryson City,Swain,2024,4,35.434767,-83.442133,48.0,52.0
2024-04-23,Castle Hayne,New Hanover,2024,4,34.364167,-77.838611,51.0,34.0
2024-04-23,Clemmons Middle,Forsyth,2024,4,36.026612,-80.341962,49.0,37.0
2024-04-23,Durham Armory,Durham,2024,4,36.0329550008979,-78.904037,45.0,52.0
2024-04-23,Frying Pan Mountain,Haywood,2024,4,35.379167,-82.7925,61.0,
2024-04-23,Garinger High School,Mecklenburg,2024,4,35.2401000008895,-80.785683,43.0,36.0
2024-04-23,Hattie Avenue,Forsyth,2024,4,36.11094,-80.224501,46.0,35.0
2024-04-23,Leggett,Edgecombe,2024,4,35.988278,-77.5843,48.0,23.0
2024-04-23,Linville Falls,Avery,2024,4,35.972347,-81.933072,50.0,
2024-04-23,Mendenhall School,Guilford,2024,4,36.1090060008986,-79.802314,50.0,41.0
2024-04-23,Millbrook School,Wake,2024,4,35.856111,-78.574167,47.0,39.0
2024-04-23,Pitt Agri. Center,Pitt,2024,4,35.6412760008938,-77.360126,48.0,
2024-04-23,Rockwell,Rowan,2024,4,35.551868,-80.395039,44.0,
2024-04-23,West Johnston Co.,Johnston,2024,4,35.59095,-78.4622,49.0,42.0
2024-04-24,Bryson City,Swain,2024,4,35.434767,-83.442133,48.0,35.0
2024-04-24,Castle Hayne,New Hanover,2024,4,34.364167,-77.838611,54.0,50.5
2024-04-24,Clemmons Middle,Forsyth,2024,4,36.026612,-80.341962,44.0,43.0
2024-04-24,Durham Armory,Durham,2024,4,36.0329550008979,-78.904037,37.0,57.0
2024-04-24,Frying Pan Mountain,Haywood,2024,4,35.379167,-82.7925,58.0,30.0
2024-04-24,Garinger High School,Mecklenburg,2024,4,35.2401000008895,-80.785683,46.0,52.0
2024-04-24,Hattie Avenue,Forsyth,2024,4,36.11094,-80.224501,42.0,41.5
2024-04-24,Leggett,Edgecombe,2024,4,35.988278,-77.5843,38.0,44.0
2024-04-24,Linville Falls,Avery,2024,4,35.972347,-81.933072,49.0,27.0
2024-04-24,Mendenhall School,Guilford,2024,4,36.1090060008986,-79.802314,43.0,51.0
2024-04-24,Millbrook School,Wake,2024,4,35.856111,-78.574167,36.0,48.0
2024-04-24,Old High School,Swain,2024,4,35.498711,-83.310242,,34.0
2024-04-24,Pitt Agri. Center,Pitt,2024,4,35.6412760008938,-77.360126,44.0,
2024-04-24,Rockwell,Rowan,2024,4,35.551868,-80.395039,42.0,
2024-04-24,West Johnston Co.,Johnston,2024,4,35.59095,-78.4622,42.0,52.0
2024-04-25,Bryson City,Swain,2024,4,35.434767,-83.442133,50.0,31.0
2024-04-25,Castle Hayne,New Hanover,2024,4,34.364167,-77.838611,50.0,58.0
2024-04-25,Clemmons Middle,Forsyth,2024,4,36.026612,-80.341962,71.0,38.0
2024-04-25,Durham Armory,Durham,2024,4,36.0329550008979,-78.904037,48.0,55.0
2024-04-25,Frying Pan Mountain,Haywood,2024,4,35.379167,-82.7925,64.0,
2024-04-25,Garinger High School,Mecklenburg,2024,4,35.2401000008895,-80.785683,71.0,43.0
2024-04-25,Hattie Avenue,Forsyth,2024,4,36.11094,-80.224501,61.0,31.0
2024-04-25,Leggett,Edgecombe,2024,4,35.988278,-77.5843,44.0,43.0
2024-04-25,Linville Falls,Avery,2024,4,35.972347,-81.933072,58.0,
2024-04-25,Mendenhall School,Guilford,2024,4,36.1090060008986,-79.802314,49.0,35.0
2024-04-25,Millbrook School,Wake,2024,4,35.856111,-78.574167,48.0,53.0
2024-04-25,Pitt Agri. Center,Pitt,2024,4,35.6412760008938,-77.360126,46.0,
2024-04-25,Rockwell,Rowan,2024,4,35.551868,-80.395039,54.0,
2024-04-25,West Johnston Co.,Johnston,2024,4,35.59095,-78.4622,50.0,55.0
2024-04-26,Bryson City,Swain,2024,4,35.434767,-83.442133,29.0,51.0
2024-04-26,Castle Hayne,New Hanover,2024,4,34.364167,-77.838611,47.0,46.0
2024-04-26,Clemmons Middle,Forsyth,2024,4,36.026612,-80.341962,47.0,52.0
2024-04-26,Durham Armory,Durham,2024,4,36.0329550008979,-78.904037,42.0,55.0
2024-04-26,Frying Pan Mountain,Haywood,2024,4,35.379167,-82.7925,44.0,
2024-04-26,Garinger High School,Mecklenburg,2024,4,35.2401000008895,-80.785683,38.0,50.0
2024-04-26,Hattie Avenue,Forsyth,2024,4,36.11094,-80.224501,44.0,51.0
2024-04-26,Leggett,Edgecombe,2024,4,35.988278,-77.5843,42.0,38.0
2024-04-26,Linville Falls,Avery,2024,4,35.972347,-81.933072,35.0,
2024-04-26,Mendenhall School,Guilford,2024,4,36.1090060008986,-79.802314,44.0,51.0
2024-04-26,Millbrook School,Wake,2024,4,35.856111,-78.574167,44.0,44.0
2024-04-26,Pitt Agri. Center,Pitt,2024,4,35.6412760008938,-77.360126,43.0,
2024-04-26,Rockwell,Rowan,2024,4,35.551868,-80.395039,36.0,
2024-04-26,West Johnston Co.,Johnston,2024,4,35.59095,-78.4622,45.0,42.0
2024-04-27,Bryson City,Swain,2024,4,35.434767,-83.442133,43.0,54.0
2024-04-27,Castle Hayne,New Hanover,2024,4,34.364167,-77.838611,44.0,28.0
2024-04-27,Clemmons Middle,Forsyth,2024,4,36.026612,-80.341962,49.0,52.0
2024-04-27,Durham Armory,Durham,2024,4,36.0329550008979,-78.904037,45.0,57.0
2024-04-27,Frying Pan Mountain,Haywood,2024,4,35.379167,-82.7925,46.0,22.0
2024-04-27,Garinger High School,Mecklenburg,2024,4,35.2401000008895,-80.785683,44.0,41.0
2024-04-27,Hattie Avenue,Forsyth,2024,4,36.11094,-80.224501,45.0,51.0
2024-04-27,Leggett,Edgecombe,2024,4,35.988278,-77.5843,38.0,29.0
2024-04-27,Linville Falls,Avery,2024,4,35.972347,-81.933072,49.0,41.0
2024-04-27,Mendenhall School,Guilford,2024,4,36.1090060008986,-79.802314,44.0,44.0
2024-04-27,Millbrook School,Wake,2024,4,35.856111,-78.574167,41.0,36.0
2024-04-27,Old High School,Swain,2024,4,35.498711,-83.310242,,53.0
2024-04-27,Pitt Agri. Center,Pitt,2024,4,35.6412760008938,-77.360126,38.0,21.0
2024-04-27,Rockwell,Rowan,2024,4,35.551868,-80.395039,41.0,50.0
2024-04-27,West Johnston Co.,Johnston,2024,4,35.59095,-78.4622,43.0,34.0
2024-04-28,Bryson City,Swain,2024,4,35.434767,-83.442133,44.0,40.0
2024-04-28,Castle Hayne,New Hanover,2024,4,34.364167,-77.838611,47.0,27.5
2024-04-28,Clemmons Middle,Forsyth,2024,4,36.026612,-80.341962,47.0,44.0
2024-04-28,Durham Armory,Durham,2024,4,36.0329550008979,-78.904037,41.0,54.0
2024-04-28,Frying Pan Mountain,Haywood,2024,4,35.379167,-82.7925,43.0,
2024-04-28,Garinger High School,Mecklenburg,2024,4,35.2401000008895,-80.785683,41.0,30.0
2024-04-28,Hattie Avenue,Forsyth,2024,4,36.11094,-80.224501,44.0,43.0
2024-04-28,Leggett,Edgecombe,2024,4,35.988278,-77.5843,43.0,53.0
2024-04-28,Linville Falls,Avery,2024,4,35.972347,-81.933072,44.0,
2024-04-28,Mendenhall School,Guilford,2024,4,36.1090060008986,-79.802314,44.0,43.0
2024-04-28,Millbrook School,Wake,2024,4,35.856111,-78.574167,42.0,46.0
2024-04-28,Pitt Agri. Center,Pitt,2024,4,35.6412760008938,-77.360126,43.0,31.0
2024-04-28,Rockwell,Rowan,2024,4,35.551868,-80.395039,42.0,41.0
2024-04-28,West Johnston Co.,Johnston,2024,4,35.59095,-78.4622,44.0,41.0
2024-04-29,Bryson City,Swain,2024,4,35.434767,-83.442133,46.0,33.0
2024-04-29,Castle Hayne,New Hanover,2024,4,34.364167,-77.838611,44.0,25.5
2024-04-29,Clemmons Middle,Forsyth,2024,4,36.026612,-80.341962,77.0,49.0
2024-04-29,Durham Armory,Durham,2024,4,36.0329550008979,-78.904037,46.0,58.0
2024-04-29,Frying Pan Mountain,Haywood,2024,4,35.379167,-82.7925,44.0,
2024-04-29,Garinger High School,Mecklenburg,2024,4,35.2401000008895,-80.785683,45.0,29.0
2024-04-29,Hattie Avenue,Forsyth,2024,4,36.11094,-80.224501,61.0,44.0
2024-04-29,Leggett,Edgecombe,2024,4,35.988278,-77.5843,47.0,42.0
2024-04-29,Linville Falls,Avery,2024,4,35.972347,-81.933072,48.0,
2024-04-29,Mendenhall School,Guilford,2024,4,36.1090060008986,-79.802314,58.0,53.0
2024-04-29,Millbrook School,Wake,2024,4,35.856111,-78.574167,49.0,56.0
2024-04-29,Pitt Agri. Center,Pitt,2024,4,35.6412760008938,-77.360126,48.0,34.0
2024-04-29,Rockwell,Rowan,2024,4,35.551868,-80.395039,48.0,40.0
2024-04-29,West Johnston Co.,Johnston,2024,4,35.59095,-78.4622,49.0,48.0
2024-04-30,Bryson City,Swain,2024,4,35.434767,-83.442133,43.0,24.0
2024-04-30,Castle Hayne,New Hanover,2024,4,34.364167,-77.838611,38.0,28.0
2024-04-30,Clemmons Middle,Forsyth,2024,4,36.026612,-80.341962,45.0,44.5
2024-04-30,Durham Armory,Durham,2024,4,36.0329550008979,-78.904037,39.0,55.0
2024-04-30,Frying Pan Mountain,Haywood,2024,4,35.379167,-82.7925,49.0,14.0
2024-04-30,Garinger High School,Mecklenburg,2024,4,35.2401000008895,-80.785683,38.0,37.5
2024-04-30,Hattie Avenue,Forsyth,2024,4,36.11094,-80.224501,41.0,41.5
2024-04-30,Leggett,Edgecombe,2024,4,35.988278,-77.5843,40.0,39.0
2024-04-30,Linville Falls,Avery,2024,4,35.972347,-81.933072,38.0,26.0
2024-04-30,Mendenhall School,Guilford,2024,4,36.1090060008986,-79.802314,43.0,51.0
2024-04-30,Millbrook School,Wake,2024,4,35.856111,-78.574167,42.0,50.0
2024-04-30,Old High School,Swain,2024,4,35.498711,-83.310242,,20.0
2024-04-30,Pitt Agri. Center,Pitt,2024,4,35.6412760008938,-77.360126,40.0,22.0
2024-04-30,Rockwell,Rowan,2024,4,35.551868,-80.395039,40.0,42.0
2024-04-30,West Johnston Co.,Johnston,2024,4,35.59095,-78.4622,42.0,46.0
2024-05-01,Bryson City,Swain,2024,5,35.434767,-83.442133,41.0,18.0
2024-05-01,Castle Hayne,New Hanover,2024,5,34.364167,-77.838611,37.0,26.5
2024-05-01,Clemmons Middle,Forsyth,2024,5,36.026612,-80.341962,51.0,31.0
2024-05-01,Durham Armory,Durham,2024,5,36.0329550008979,-78.904037,44.0,51.0
2024-05-01,Frying Pan Mountain,Haywood,2024,5,35.379167,-82.7925,48.0,
2024-05-01,Garinger High School,Mecklenburg,2024,5,35.2401000008895,-80.785683,50.0,28.0
2024-05-01,Hattie Avenue,Forsyth,2024,5,36.11094,-80.224501,46.0,29.0
2024-05-01,Leggett,Edgecombe,2024,5,35.988278,-77.5843,47.0,38.0
2024-05-01,Linville Falls,Avery,2024,5,35.972347,-81.933072,47.0,
2024-05-01,Mendenhall School,Guilford,2024,5,36.1090060008986,-79.802314,47.0,53.0
2024-05-01,Millbrook School,Wake,2024,5,35.856111,-78.574167,48.0,40.0
2024-05-01,Pitt Agri. Center,Pitt,2024,5,35.6412760008938,-77.360126,44.0,27.0
2024-05-01,Rockwell,Rowan,2024,5,35.551868,-80.395039,46.0,26.0
2024-05-01,West Johnston Co.,Johnston,2024,5,35.59095,-78.4622,54.0,38.0
2024-05-02,Bryson City,Swain,2024,5,35.434767,-83.442133,48.0,39.0
2024-05-02,Castle Hayne,New Hanover,2024,5,34.364167,-77.838611,41.0,29.5
2024-05-02,Clemmons Middle,Forsyth,2024,5,36.026612,-80.341962,84.0,43.0
2024-05-02,Durham Armory,Durham,2024,5,36.0329550008979,-78.904037,67.0,56.0
2024-05-02,Frying Pan Mountain,Haywood,2024,5,35.379167,-82.7925,74.0,
2024-05-02,Garinger High School,Mecklenburg,2024,5,35.2401000008895,-80.785683,67.0,55.0
2024-05-02,Hattie Avenue,Forsyth,2024,5,36.11094,-80.224501,87.0,45.0
2024-05-02,Leggett,Edgecombe,2024,5,35.988278,-77.5843,51.0,39.0
2024-05-02,Linville Falls,Avery,2024,5,35.972347,-81.933072,58.0,
2024-05-02,Mendenhall School,Guilford,2024,5,36.1090060008986,-79.802314,90.0,57.0
2024-05-02,Millbrook School,Wake,2024,5,35.856111,-78.574167,61.0,49.0
2024-05-02,Pitt Agri. Center,Pitt,2024,5,35.6412760008938,-77.360126,46.0,33.0
2024-05-02,Rockwell,Rowan,2024,5,35.551868,-80.395039,58.0,40.0
2024-05-02,West Johnston Co.,Johnston,2024,5,35.59095,-78.4622,64.0,42.0
2024-05-03,Bryson City,Swain,2024,5,35.434767,-83.442133,31.0,51.0
2024-05-03,Castle Hayne,New Hanover,2024,5,34.364167,-77.838611,38.0,24.5
2024-05-03,Clemmons Middle,Forsyth,2024,5,36.026612,-80.341962,61.0,55.0
2024-05-03,Durham Armory,Durham,2024,5,36.0329550008979,-78.904037,54.0,71.0
2024-05-03,Frying Pan Mountain,Haywood,2024,5,35.379167,-82.7925,44.0,40.0
2024-05-03,Garinger High School,Mecklenburg,2024,5,35.2401000008895,-80.785683,46.0,52.0
2024-05-03,Hattie Avenue,Forsyth,2024,5,36.11094,-80.224501,51.0,55.5
2024-05-03,Leggett,Edgecombe,2024,5,35.988278,-77.5843,48.0,42.0
2024-05-03,Linville Falls,Avery,2024,5,35.972347,-81.933072,37.0,41.0
2024-05-03,Mendenhall School,Guilford,2024,5,36.1090060008986,-79.802314,61.0,55.0
2024-05-03,Millbrook School,Wake,2024,5,35.856111,-78.574167,54.0,52.0
2024-05-03,Old High School,Swain,2024,5,35.498711,-83.310242,,52.0
2024-05-03,Pitt Agri. Center,Pitt,2024,5,35.6412760008938,-77.360126,49.0,42.0
2024-05-03,Rockwell,Rowan,2024,5,35.551868,-80.395039,48.0,53.0
2024-05-03,West Johnston Co.,Johnston,2024,5,35.59095,-78.4622,54.0,49.0
2024-05-04,Bryson City,Swain,2024,5,35.434767,-83.442133,26.0,33.0
2024-05-04,Castle Hayne,New Hanover,2024,5,34.364167,-77.838611,30.0,18.0
2024-05-04,Clemmons Middle,Forsyth,2024,5,36.026612,-80.341962,26.0,41.0
2024-05-04,Durham Armory,Durham,2024,5,36.0329550008979,-78.904037,13.0,52.0
2024-05-04,Frying Pan Mountain,Haywood,2024,5,35.379167,-82.7925,44.0,
2024-05-04,Garinger High School,Mecklenburg,2024,5,35.2401000008895,-80.785683,28.0,27.0
2024-05-04,Hattie Avenue,Forsyth,2024,5,36.11094,-80.224501,18.0,41.0
2024-05-04,Leggett,Edgecombe,2024,5,35.988278,-77.5843,27.0,34.0
2024-05-04,Linville Falls,Avery,2024,5,35.972347,-81.933072,38.0,
2024-05-04,Mendenhall School,Guilford,2024,5,36.1090060008986,-79.802314,11.0,45.0
2024-05-04,Millbrook School,Wake,2024,5,35.856111,-78.574167,23.0,53.0
2024-05-04,Pitt Agri. Center,Pitt,2024,5,35.6412760008938,-77.360126,30.0,29.0
2024-05-04,Rockwell,Rowan,2024,5,35.551868,-80.395039,22.0,41.0
2024-05-04,West Johnston Co.,Johnston,2024,5,35.59095,-78.4622,31.0,30.0
2024-05-05,Bryson City,Swain,2024,5,35.434767,-83.442133,38.0,28.0
2024-05-05,Castle Hayne,New Hanover,2024,5,34.364167,-77.838611,29.0,14.0
2024-05-05,Clemmons Middle,Forsyth,2024,5,36.026612,-80.341962,27.0,17.0
2024-05-05,Durham Armory,Durham,2024,5,36.0329550008979,-78.904037,21.0,31.0
2024-05-05,Frying Pan Mountain,Haywood,2024,5,35.379167,-82.7925,47.0,
2024-05-05,Garinger High School,Mecklenburg,2024,5,35.2401000008895,-80.785683,34.0,14.0
2024-05-05,Hattie Avenue,Forsyth,2024,5,36.11094,-80.224501,23.0,17.0
2024-05-05,Leggett,Edgecombe,2024,5,35.988278,-77.5843,25.0,31.0
2024-05-05,Linville Falls,Avery,2024,5,35.972347,-81.933072,31.0,
2024-05-05,Mendenhall School,Guilford,2024,5,36.1090060008986,-79.802314,18.0,18.0
2024-05-05,Millbrook School,Wake,2024,5,35.856111,-78.574167,23.0,29.0
2024-05-05,Pitt Agri. Center,Pitt,2024,5,35.6412760008938,-77.360126,28.0,24.0
2024-05-05,Rockwell,Rowan,2024,5,35.551868,-80.395039,28.0,12.0
2024-05-05,West Johnston Co.,Johnston,2024,5,35.59095,-78.4622,24.0,22.0
2024-05-06,Bryson City,Swain,2024,5,35.434767,-83.442133,32.0,27.0
2024-05-06,Castle Hayne,New Hanover,2024,5,34.364167,-77.838611,31.0,17.0
2024-05-06,Clemmons Middle,Forsyth,2024,5,36.026612,-80.341962,41.0,36.0
2024-05-06,Durham Armory,Durham,2024,5,36.0329550008979,-78.904037,31.0,45.0
2024-05-06,Frying Pan Mountain,Haywood,2024,5,35.379167,-82.7925,41.0,28.0
2024-05-06,Garinger High School,Mecklenburg,2024,5,35.2401000008895,-80.785683,31.0,37.0
2024-05-06,Hattie Avenue,Forsyth,2024,5,36.11094,-80.224501,36.0,40.0
2024-05-06,Leggett,Edgecombe,2024,5,35.988278,-77.5843,35.0,36.0
2024-05-06,Linville Falls,Avery,2024,5,35.972347,-81.933072,41.0,22.0
2024-05-06,Mendenhall School,Guilford,2024,5,36.1090060008986,-79.802314,32.0,43.0
2024-05-06,Millbrook School,Wake,2024,5,35.856111,-78.574167,31.0,39.5
2024-05-06,Old High School,Swain,2024,5,35.498711,-83.310242,,21.0
2024-05-06,Pitt Agri. Center,Pitt,2024,5,35.6412760008938,-77.360126,32.0,26.0
2024-05-06,Rockwell,Rowan,2024,5,35.551868,-80.395039,32.0,47.0
2024-05-06,West Johnston Co.,Johnston,2024,5,35.59095,-78.4622,28.0,33.0
2024-05-07,Bryson City,Swain,2024,5,35.434767,-83.442133,32.0,33.0
2024-05-07,Castle Hayne,New Hanover,2024,5,34.364167,-77.838611,34.0,32.0
2024-05-07,Clemmons Middle,Forsyth,2024,5,36.026612,-80.341962,36.0,38.0
2024-05-07,Durham Armory,Durham,2024,5,36.0329550008979,-78.904037,39.0,46.0
2024-05-07,Frying Pan Mountain,Haywood,2024,5,35.379167,-82.7925,37.0,
2024-05-07,Garinger High School,Mecklenburg,2024,5,35.2401000008895,-80.785683,32.0,29.0
2024-05-07,Hattie Avenue,Forsyth,2024,5,36.11094,-80.224501,33.0,47.0
2024-05-07,Leggett,Edgecombe,2024,5,35.988278,-77.5843,41.0,47.0
2024-05-07,Linville Falls,Avery,2024,5,35.972347,-81.933072,34.0,
2024-05-07,Mendenhall School,Guilford,2024,5,36.1090060008986,-79.802314,38.0,37.0
2024-05-07,Millbrook School,Wake,2024,5,35.856111,-78.574167,41.0,48.0
2024-05-07,Pitt Agri. Center,Pitt,2024,5,35.6412760008938,-77.360126,40.0,33.0
2024-05-07,Rockwell,Rowan,2024,5,35.551868,-80.395039,40.0,41.0
2024-05-07,West Johnston Co.,Johnston,2024,5,35.59095,-78.4622,39.0,39.0
2024-05-08,Bryson City,Swain,2024,5,35.434767,-83.442133,39.0,36.0
2024-05-08,Castle Hayne,New Hanover,2024,5,34.364167,-77.838611,36.0,48.0
2024-05-08,Clemmons Middle,Forsyth,2024,5,36.026612,-80.341962,33.0,54.0
2024-05-08,Durham Armory,Durham,2024,5,36.0329550008979,-78.904037,37.0,59.0
2024-05-08,Frying Pan Mountain,Haywood,2024,5,35.379167,-82.7925,47.0,
2024-05-08,Garinger High School,Mecklenburg,2024,5,35.2401000008895,-80.785683,35.0,42.0
2024-05-08,Hattie Avenue,Forsyth,2024,5,36.11094,-80.224501,29.0,55.0
2024-05-08,Leggett,Edgecombe,2024,5,35.988278,-77.5843,39.0,54.0
2024-05-08,Linville Falls,Avery,2024,5,35.972347,-81.933072,30.0,
2024-05-08,Mendenhall School,Guilford,2024,5,36.1090060008986,-79.802314,37.0,53.0
2024-05-08,Millbrook School,Wake,2024,5,35.856111,-78.574167,38.0,56.0
2024-05-08,Pitt Agri. Center,Pitt,2024,5,35.6412760008938,-77.360126,39.0,54.0
2024-05-08,Rockwell,Rowan,2024,5,35.551868,-80.395039,34.0,52.0
2024-05-08,West Johnston Co.,Johnston,2024,5,35.59095,-78.4622,33.0,53.0
2024-05-09,Bryson City,Swain,2024,5,35.434767,-83.442133,43.0,15.0
2024-05-09,Castle Hayne,New Hanover,2024,5,34.364167,-77.838611,39.0,29.5
2024-05-09,Clemmons Middle,Forsyth,2024,5,36.026612,-80.341962,45.0,24.0
2024-05-09,Durham Armory,Durham,2024,5,36.0329550008979,-78.904037,42.0,39.0
2024-05-09,Frying Pan Mountain,Haywood,2024,5,35.379167,-82.7925,64.0,13.0
2024-05-09,Garinger High School,Mecklenburg,2024,5,35.2401000008895,-80.785683,38.0,15.5
2024-05-09,Hattie Avenue,Forsyth,2024,5,36.11094,-80.224501,43.0,26.5
2024-05-09,Leggett,Edgecombe,2024,5,35.988278,-77.5843,44.0,37.0
2024-05-09,Linville Falls,Avery,2024,5,35.972347,-81.933072,44.0,
2024-05-09,Mendenhall School,Guilford,2024,5,36.1090060008986,-79.802314,45.0,24.0
2024-05-09,Millbrook School,Wake,2024,5,35.856111,-78.574167,44.0,31.0
2024-05-09,Old High School,Swain,2024,5,35.498711,-83.310242,,18.0
2024-05-09,Pitt Agri. Center,Pitt,2024,5,35.6412760008938,-77.360126,44.0,31.0
2024-05-09,Rockwell,Rowan,2024,5,35.551868,-80.395039,42.0,20.0
2024-05-09,West Johnston Co.,Johnston,2024,5,35.59095,-78.4622,42.0,29.0
2024-05-10,Bryson City,Swain,2024,5,35.434767,-83.442133,44.0,17.0
2024-05-10,Castle Hayne,New Hanover,2024,5,34.364167,-77.838611,37.0,31.0
2024-05-10,Clemmons Middle,Forsyth,2024,5,36.026612,-80.341962,,22.0
2024-05-10,Durham Armory,Durham,2024,5,36.0329550008979,-78.904037,44.0,41.0
2024-05-10,Frying Pan Mountain,Haywood,2024,5,35.379167,-82.7925,44.0,
2024-05-10,Garinger High School,Mecklenburg,2024,5,35.2401000008895,-80.785683,43.0,19.0
2024-05-10,Hattie Avenue,Forsyth,2024,5,36.11094,-80.224501,42.0,23.0
2024-05-10,Leggett,Edgecombe,2024,5,35.988278,-77.5843,40.0,28.0
2024-05-10,Linville Falls,Avery,2024,5,35.972347,-81.933072,45.0,
2024-05-10,Mendenhall School,Guilford,2024,5,36.1090060008986,-79.802314,43.0,27.0
2024-05-10,Millbrook School,Wake,2024,5,35.856111,-78.574167,47.0,24.0
2024-05-10,Pitt Agri. Center,Pitt,2024,5,35.6412760008938,-77.360126,43.0,29.0
2024-05-10,Rockwell,Rowan,2024,5,35.551868,-80.395039,44.0,18.0
2024-05-10,West Johnston Co.,Johnston,2024,5,35.59095,-78.4622,39.0,38.0
2024-05-11,Bryson City,Swain,2024,5,35.434767,-83.442133,41.0,30.0
2024-05-11,Castle Hayne,New Hanover,2024,5,34.364167,-77.838611,33.0,26.0
2024-05-11,Clemmons Middle,Forsyth,2024,5,36.026612,-80.341962,40.0,22.0
2024-05-11,Durham Armory,Durham,2024,5,36.0329550008979,-78.904037,43.0,38.0
2024-05-11,Frying Pan Mountain,Haywood,2024,5,35.379167,-82.7925,44.0,
2024-05-11,Garinger High School,Mecklenburg,2024,5,35.2401000008895,-80.785683,44.0,20.0
2024-05-11,Hattie Avenue,Forsyth,2024,5,36.11094,-80.224501,40.0,21.0
2024-05-11,Leggett,Edgecombe,2024,5,35.988278,-77.5843,31.0,22.0
2024-05-11,Linville Falls,Avery,2024,5,35.972347,-81.933072,43.0,
2024-05-11,Mendenhall School,Guilford,2024,5,36.1090060008986,-79.802314,42.0,24.0
2024-05-11,Millbrook School,Wake,2024,5,35.856111,-78.574167,42.0,17.0
2024-05-11,Pitt Agri. Center,Pitt,2024,5,35.6412760008938,-77.360126,32.0,9.0
2024-05-11,Rockwell,Rowan,2024,5,35.551868,-80.395039,42.0,20.0
2024-05-11,West Johnston Co.,Johnston,2024,5,35.59095,-78.4622,41.0,17.0
2024-05-12,Bryson City,Swain,2024,5,35.434767,-83.442133,45.0,38.0
2024-05-12,Castle Hayne,New Hanover,2024,5,34.364167,-77.838611,45.0,31.0
2024-05-12,Clemmons Middle,Forsyth,2024,5,36.026612,-80.341962,44.0,30.5
2024-05-12,Durham Armory,Durham,2024,5,36.0329550008979,-78.904037,43.0,43.0
2024-05-12,Frying Pan Mountain,Haywood,2024,5,35.379167,-82.7925,48.0,22.0
2024-05-12,Garinger High School,Mecklenburg,2024,5,35.2401000008895,-80.785683,46.0,38.5
2024-05-12,Hattie Avenue,Forsyth,2024,5,36.11094,-80.224501,44.0,37.5
2024-05-12,Leggett,Edgecombe,2024,5,35.988278,-77.5843,43.0,29.0
2024-05-12,Linville Falls,Avery,2024,5,35.972347,-81.933072,47.0,
2024-05-12,Mendenhall School,Guilford,2024,5,36.1090060008986,-79.802314,44.0,27.0
2024-05-12,Millbrook School,Wake,2024,5,35.856111,-78.574167,45.0,27.5
2024-05-12,Old High School,Swain,2024,5,35.498711,-83.310242,,35.0
2024-05-12,Pitt Agri. Center,Pitt,2024,5,35.6412760008938,-77.360126,44.0,21.0
2024-05-12,Rockwell,Rowan,2024,5,35.551868,-80.395039,46.0,22.0
2024-05-12,West Johnston Co.,Johnston,2024,5,35.59095,-78.4622,48.0,28.0
2024-05-13,Bryson City,Swain,2024,5,35.434767,-83.442133,29.0,48.0
2024-05-13,Castle Hayne,New Hanover,2024,5,34.364167,-77.838611,44.0,27.0
2024-05-13,Clemmons Middle,Forsyth,2024,5,36.026612,-80.341962,42.0,41.0
2024-05-13,Durham Armory,Durham,2024,5,36.0329550008979,-78.904037,44.0,50.0
2024-05-13,Frying Pan Mountain,Haywood,2024,5,35.379167,-82.7925,41.0,
2024-05-13,Garinger High School,Mecklenburg,2024,5,35.2401000008895,-80.785683,43.0,46.0
2024-05-13,Hattie Avenue,Forsyth,2024,5,36.11094,-80.224501,43.0,36.0
2024-05-13,Leggett,Edgecombe,2024,5,35.988278,-77.5843,41.0,23.0
2024-05-13,Linville Falls,Avery,2024,5,35.972347,-81.933072,44.0,
2024-05-13,Mendenhall School,Guilford,2024,5,36.1090060008986,-79.802314,43.0,43.0
2024-05-13,Millbrook School,Wake,2024,5,35.856111,-78.574167,44.0,33.0
2024-05-13,Pitt Agri. Center,Pitt,2024,5,35.6412760008938,-77.360126,42.0,17.0
2024-05-13,Rockwell,Rowan,2024,5,35.551868,-80.395039,41.0,42.0
2024-05-13,West Johnston Co.,Johnston,2024,5,35.59095,-78.4622,44.0,33.0
2024-05-14,Bryson City,Swain,2024,5,35.434767,-83.442133,26.0,26.0
2024-05-14,Castle Hayne,New Hanover,2024,5,34.364167,-77.838611,43.0,33.5
2024-05-14,Clemmons Middle,Forsyth,2024,5,36.026612,-80.341962,28.0,26.0
2024-05-14,Durham Armory,Durham,2024,5,36.0329550008979,-78.904037,32.0,35.0
2024-05-14,Frying Pan Mountain,Haywood,2024,5,35.379167,-82.7925,44.0,
2024-05-14,Garinger High School,Mecklenburg,2024,5,35.2401000008895,-80.785683,20.0,18.0
2024-05-14,Hattie Avenue,Forsyth,2024,5,36.11094,-80.224501,30.0,25.0
2024-05-14,Leggett,Edgecombe,2024,5,35.988278,-77.5843,34.0,33.0
2024-05-14,Linville Falls,Avery,2024,5,35.972347,-81.933072,30.0,
2024-05-14,Mendenhall School,Guilford,2024,5,36.1090060008986,-79.802314,29.0,27.0
2024-05-14,Millbrook School,Wake,2024,5,35.856111,-78.574167,34.0,25.0
2024-05-14,Pitt Agri. Center,Pitt,2024,5,35.6412760008938,-77.360126,34.0,23.0
2024-05-14,Rockwell,Rowan,2024,5,35.551868,-80.395039,23.0,21.0
2024-05-14,West Johnston Co.,Johnston,2024,5,35.59095,-78.4622,36.0,28.0
2024-05-15,Bryson City,Swain,2024,5,35.434767,-83.442133,38.0,13.0
2024-05-15,Castle Hayne,New Hanover,2024,5,34.364167,-77.838611,40.0,39.5
2024-05-15,Clemmons Middle,Forsyth,2024,5,36.026612,-80.341962,31.0,28.0
2024-05-15,Durham Armory,Durham,2024,5,36.0329550008979,-78.904037,32.0,28.0
2024-05-15,Frying Pan Mountain,Haywood,2024,5,35.379167,-82.7925,46.0,9.0
2024-05-15,Garinger High School,Mecklenburg,2024,5,35.2401000008895,-80.785683,32.0,17.5
2024-05-15,Hattie Avenue,Forsyth,2024,5,36.11094,-80.224501,32.0,27.5
2024-05-15,Leggett,Edgecombe,2024,5,35.988278,-77.5843,31.0,13.0
2024-05-15,Linville Falls,Avery,2024,5,35.972347,-81.933072,39.0,13.0
2024-05-15,Mendenhall School,Guilford,2024,5,36.1090060008986,-79.802314,30.0,13.0
2024-05-15,Millbrook School,Wake,2024,5,35.856111,-78.574167,34.0,20.5
2024-05-15,Old High School,Swain,2024,5,35.498711,-83.310242,,15.0
2024-05-15,Pitt Agri. Center,Pitt,2024,5,35.6412760008938,-77.360126,32.0,17.0
2024-05-15,Rockwell,Rowan,2024,5,35.551868,-80.395039,34.0,15.0
2024-05-15,West Johnston Co.,Johnston,2024,5,35.59095,-78.4622,32.0,21.0
2024-05-16,Bryson City,Swain,2024,5,35.434767,-83.442133,43.0,29.0
2024-05-16,Castle Hayne,New Hanover,2024,5,34.364167,-77.838611,36.0,27.0
2024-05-16,Clemmons Middle,Forsyth,2024,5,36.026612,-80.341962,42.0,26.0
2024-05-16,Durham Armory,Durham,2024,5,36.0329550008979,-78.904037,36.0,24.0
2024-05-16,Frying Pan Mountain,Haywood,2024,5,35.379167,-82.7925,48.0,
2024-05-16,Garinger High School,Mecklenburg,2024,5,35.2401000008895,-80.785683,44.0,21.0
2024-05-16,Hattie Avenue,Forsyth,2024,5,36.11094,-80.224501,44.0,26.0
2024-05-16,Leggett,Edgecombe,2024,5,35.988278,-77.5843,36.0,22.0
2024-05-16,Linville Falls,Avery,2024,5,35.972347,-81.933072,41.0,
2024-05-16,Mendenhall School,Guilford,2024,5,36.1090060008986,-79.802314,42.0,17.0
2024-05-16,Millbrook School,Wake,2024,5,35.856111,-78.574167,40.0,26.0
2024-05-16,Pitt Agri. Center,Pitt,2024,5,35.6412760008938,-77.360126,38.0,12.0
2024-05-16,Rockwell,Rowan,2024,5,35.551868,-80.395039,39.0,21.0
2024-05-16,West Johnston Co.,Johnston,2024,5,35.59095,-78.4622,44.0,21.0
2024-05-17,Bryson City,Swain,2024,5,35.434767,-83.442133,19.0,34.0
2024-05-17,Castle Hayne,New Hanover,2024,5,34.364167,-77.838611,37.0,35.5
2024-05-17,Clemmons Middle,Forsyth,2024,5,36.026612,-80.341962,35.0,34.0
2024-05-17,Durham Armory,Durham,2024,5,36.0329550008979,-78.904037,40.0,48.0
2024-05-17,Frying Pan Mountain,Haywood,2024,5,35.379167,-82.7925,41.0,
2024-05-17,Garinger High School,Mecklenburg,2024,5,35.2401000008895,-80.785683,38.0,33.0
2024-05-17,Hattie Avenue,Forsyth,2024,5,36.11094,-80.224501,35.0,38.0
2024-05-17,Leggett,Edgecombe,2024,5,35.988278,-77.5843,34.0,
2024-05-17,Linville Falls,Avery,2024,5,35.972347,-81.933072,35.0,
2024-05-17,Mendenhall School,Guilford,2024,5,36.1090060008986,-79.802314,33.0,35.0
2024-05-17,Millbrook School,Wake,2024,5,35.856111,-78.574167,39.0,44.0
2024-05-17,Pitt Agri. Center,Pitt,2024,5,35.6412760008938,-77.360126,34.0,22.0
2024-05-17,Rockwell,Rowan,2024,5,35.551868,-80.395039,35.0,36.0
2024-05-17,West Johnston Co.,Johnston,2024,5,35.59095,-78.4622,41.0,41.0
2024-05-18,Bryson City,Swain,2024,5,35.434767,-83.442133,36.0,24.0
2024-05-18,Castle Hayne,New Hanover,2024,5,34.364167,-77.838611,33.0,40.5
2024-05-18,Clemmons Middle,Forsyth,2024,5,36.026612,-80.341962,34.0,36.0
2024-05-18,Durham Armory,Durham,2024,5,36.0329550008979,-78.904037,26.0,38.0
2024-05-18,Frying Pan Mountain,Haywood,2024,5,35.379167,-82.7925,44.0,18.0
2024-05-18,Garinger High School,Mecklenburg,2024,5,35.2401000008895,-80.785683,32.0,23.5
2024-05-18,Hattie Avenue,Forsyth,2024,5,36.11094,-80.224501,36.0,37.0
2024-05-18,Leggett,Edgecombe,2024,5,35.988278,-77.5843,27.0,28.0
2024-05-18,Linville Falls,Avery,2024,5,35.972347,-81.933072,31.0,18.0
2024-05-18,Mendenhall School,Guilford,2024,5,36.1090060008986,-79.802314,31.0,31.0
2024-05-18,Millbrook School,Wake,2024,5,35.856111,-78.574167,31.0,30.0
2024-05-18,Old High School,Swain,2024,5,35.498711,-83.310242,,30.5
2024-05-18,Pitt Agri. Center,Pitt,2024,5,35.6412760008938,-77.360126,29.0,24.0
2024-05-18,Rockwell,Rowan,2024,5,35.551868,-80.395039,34.0,29.0
2024-05-18,West Johnston Co.,Johnston,2024,5,35.59095,-78.4622,32.0,23.0
2024-05-19,Bryson City,Swain,2024,5,35.434767,-83.442133,36.0,16.0
2024-05-19,Castle Hayne,New Hanover,2024,5,34.364167,-77.838611,25.0,15.5
2024-05-19,Clemmons Middle,Forsyth,2024,5,36.026612,-80.341962,40.0,19.0
2024-05-19,Durham Armory,Durham,2024,5,36.0329550008979,-78.904037,31.0,36.0
2024-05-19,Frying Pan Mountain,Haywood,2024,5,35.379167,-82.7925,43.0,
2024-05-19,Garinger High School,Mecklenburg,2024,5,35.2401000008895,-80.785683,38.0,12.0
2024-05-19,Hattie Avenue,Forsyth,2024,5,36.11094,-80.224501,39.0,20.0
2024-05-19,Leggett,Edgecombe,2024,5,35.988278,-77.5843,30.0,37.0
2024-05-19,Linville Falls,Avery,2024,5,35.972347,-81.933072,31.0,
2024-05-19,Mendenhall School,Guilford,2024,5,36.1090060008986,-79.802314,33.0,15.0
2024-05-19,Millbrook School,Wake,2024,5,35.856111,-78.574167,34.0,27.0
2024-05-19,Pitt Agri. Center,Pitt,2024,5,35.6412760008938,-77.360126,31.0,14.0
2024-05-19,Rockwell,Rowan,2024,5,35.551868,-80.395039,36.0,9.0
2024-05-19,West Johnston Co.,Johnston,2024,5,35.59095,-78.4622,34.0,19.0
2024-05-20,Bryson City,Swain,2024,5,35.434767,-83.442133,38.0,24.0
2024-05-20,Castle Hayne,New Hanover,2024,5,34.364167,-77.838611,29.0,16.5
2024-05-20,Clemmons Middle,Forsyth,2024,5,36.026612,-80.341962,44.0,32.0
2024-05-20,Durham Armory,Durham,2024,5,36.0329550008979,-78.904037,38.0,41.0
2024-05-20,Frying Pan Mountain,Haywood,2024,5,35.379167,-82.7925,43.0,
2024-05-20,Garinger High School,Mecklenburg,2024,5,35.2401000008895,-80.785683,47.0,25.0
2024-05-20,Hattie Avenue,Forsyth,2024,5,36.11094,-80.224501,43.0,37.0
2024-05-20,Leggett,Edgecombe,2024,5,35.988278,-77.5843,35.0,21.0
2024-05-20,Linville Falls,Avery,2024,5,35.972347,-81.933072,34.0,
2024-05-20,Mendenhall School,Guilford,2024,5,36.1090060008986,-79.802314,39.0,26.0
2024-05-20,Millbrook School,Wake,2024,5,35.856111,-78.574167,38.0,35.0
2024-05-20,Pitt Agri. Center,Pitt,2024,5,35.6412760008938,-77.360126,35.0,16.0
2024-05-20,Rockwell,Rowan,2024,5,35.551868,-80.395039,44.0,28.0
2024-05-20,West Johnston Co.,Johnston,2024,5,35.59095,-78.4622,37.0,29.0
2024-05-21,Bryson City,Swain,2024,5,35.434767,-83.442133,37.0,32.0
2024-05-21,Castle Hayne,New Hanover,2024,5,34.364167,-77.838611,31.0,11.0
2024-05-21,Clemmons Middle,Forsyth,2024,5,36.026612,-80.341962,49.0,45.0
2024-05-21,Durham Armory,Durham,2024,5,36.0329550008979,-78.904037,44.0,49.0
2024-05-21,Frying Pan Mountain,Haywood,2024,5,35.379167,-82.7925,46.0,29.0
2024-05-21,Garinger High School,Mecklenburg,2024,5,35.2401000008895,-80.785683,61.0,41.0
2024-05-21,Hattie Avenue,Forsyth,2024,5,36.11094,-80.224501,64.0,46.0
2024-05-21,Leggett,Edgecombe,2024,5,35.988278,-77.5843,33.0,20.0
2024-05-21,Linville Falls,Avery,2024,5,35.972347,-81.933072,41.0,34.0
2024-05-21,Mendenhall School,Guilford,2024,5,36.1090060008986,-79.802314,58.0,37.0
2024-05-21,Millbrook School,Wake,2024,5,35.856111,-78.574167,42.0,33.0
2024-05-21,Old High School,Swain,2024,5,35.498711,-83.310242,,38.0
2024-05-21,Pitt Agri. Center,Pitt,2024,5,35.6412760008938,-77.360126,30.0,8.0
2024-05-21,Rockwell,Rowan,2024,5,35.551868,-80.395039,44.0,39.0
2024-05-21,West Johnston Co.,Johnston,2024,5,35.59095,-78.4622,43.0,28.0
2024-05-22,Bryson City,Swain,2024,5,35.434767,-83.442133,44.0,46.0
2024-05-22,Castle Hayne,New Hanover,2024,5,34.364167,-77.838611,31.0,7.5
2024-05-22,Clemmons Middle,Forsyth,2024,5,36.026612,-80.341962,51.0,52.0
2024-05-22,Durham Armory,Durham,2024,5,36.0329550008979,-78.904037,50.0,62.0
2024-05-22,Frying Pan Mountain,Haywood,2024,5,35.379167,-82.7925,61.0,
2024-05-22,Garinger High School,Mecklenburg,2024,5,35.2401000008895,-80.785683,51.0,43.0
2024-05-22,Hattie Avenue,Forsyth,2024,5,36.11094,-80.224501,61.0,53.0
2024-05-22,Leggett,Edgecombe,2024,5,35.988278,-77.5843,44.0,34.0
2024-05-22,Linville Falls,Avery,2024,5,35.972347,-81.933072,44.0,
2024-05-22,Mendenhall School,Guilford,2024,5,36.1090060008986,-79.802314,49.0,51.0
2024-05-22,Millbrook School,Wake,2024,5,35.856111,-78.574167,50.0,41.0
2024-05-22,Pitt Agri. Center,Pitt,2024,5,35.6412760008938,-77.360126,43.0,18.0
2024-05-22,Rockwell,Rowan,2024,5,35.551868,-80.395039,46.0,43.0
2024-05-22,West Johnston Co.,Johnston,2024,5,35.59095,-78.4622,48.0,42.0
2024-05-23,Bryson City,Swain,2024,5,35.434767,-83.442133,35.0,45.0
2024-05-23,Castle Hayne,New Hanover,2024,5,34.364167,-77.838611,42.0,19.5
2024-05-23,Clemmons Middle,Forsyth,2024,5,36.026612,-80.341962,43.0,52.0
2024-05-23,Durham Armory,Durham,2024,5,36.0329550008979,-78.904037,49.0,60.0
2024-05-23,Frying Pan Mountain,Haywood,2024,5,35.379167,-82.7925,44.0,
2024-05-23,Garinger High School,Mecklenburg,2024,5,35.2401000008895,-80.785683,46.0,51.0
2024-05-23,Hattie Avenue,Forsyth,2024,5,36.11094,-80.224501,43.0,54.0
2024-05-23,Leggett,Edgecombe,2024,5,35.988278,-77.5843,47.0,45.0
2024-05-23,Linville Falls,Avery,2024,5,35.972347,-81.933072,36.0,
2024-05-23,Mendenhall School,Guilford,2024,5,36.1090060008986,-79.802314,46.0,52.0
2024-05-23,Millbrook School,Wake,2024,5,35.856111,-78.574167,54.0,48.0
2024-05-23,Pitt Agri. Center,Pitt,2024,5,35.6412760008938,-77.360126,47.0,34.0
2024-05-23,Rockwell,Rowan,2024,5,35.551868,-80.395039,58.0,54.0
2024-05-23,West Johnston Co.,Johnston,2024,5,35.59095,-78.4622,45.0,53.0
2024-05-24,Bryson City,Swain,2024,5,35.434767,-83.442133,36.0,34.0
2024-05-24,Castle Hayne,New Hanover,2024,5,34.364167,-77.838611,36.0,32.5
2024-05-24,Clemmons Middle,Forsyth,2024,5,36.026612,-80.341962,43.0,28.0
2024-05-24,Durham Armory,Durham,2024,5,36.0329550008979,-78.904037,41.0,47.0
2024-05-24,Frying Pan Mountain,Haywood,2024,5,35.379167,-82.7925,48.0,
2024-05-24,Garinger High School,Mecklenburg,2024,5,35.2401000008895,-80.785683,47.0,36.0
2024-05-24,Hattie Avenue,Forsyth,2024,5,36.11094,-80.224501,42.0,31.5
2024-05-24,Leggett,Edgecombe,2024,5,35.988278,-77.5843,40.0,45.0
2024-05-24,Linville Falls,Avery,2024,5,35.972347,-81.933072,47.0,24.0
2024-05-24,Mendenhall School,Guilford,2024,5,36.1090060008986,-79.802314,41.0,39.0
2024-05-24,Millbrook School,Wake,2024,5,35.856111,-78.574167,41.0,51.0
2024-05-24,Old High School,Swain,2024,5,35.498711,-83.310242,,36.0
2024-05-24,Pitt Agri. Center,Pitt,2024,5,35.6412760008938,-77.360126,40.0,47.0
2024-05-24,Rockwell,Rowan,2024,5,35.551868,-80.395039,44.0,37.0
2024-05-24,West Johnston Co.,Johnston,2024,5,35.59095,-78.4622,42.0,34.0
2024-05-25,Bryson City,Swain,2024,5,35.434767,-83.442133,38.0,32.0
2024-05-25,Castle Hayne,New Hanover,2024,5,34.364167,-77.838611,44.0,39.5
2024-05-25,Clemmons Middle,Forsyth,2024,5,36.026612,-80.341962,43.0,28.0
2024-05-25,Durham Armory,Durham,2024,5,36.0329550008979,-78.904037,44.0,46.0
2024-05-25,Frying Pan Mountain,Haywood,2024,5,35.379167,-82.7925,58.0,
2024-05-25,Garinger High School,Mecklenburg,2024,5,35.2401000008895,-80.785683,46.0,32.0
2024-05-25,Hattie Avenue,Forsyth,2024,5,36.11094,-80.224501,44.0,34.0
2024-05-25,Leggett,Edgecombe,2024,5,35.988278,-77.5843,39.0,42.0
2024-05-25,Linville Falls,Avery,2024,5,35.972347,-81.933072,37.0,
2024-05-25,Mendenhall School,Guilford,2024,5,36.1090060008986,-79.802314,47.0,44.0
2024-05-25,Millbrook School,Wake,2024,5,35.856111,-78.574167,50.0,47.0
2024-05-25,Pitt Agri. Center,Pitt,2024,5,35.6412760008938,-77.360126,38.0,32.0
2024-05-25,Rockwell,Rowan,2024,5,35.551868,-80.395039,54.0,39.0
2024-05-25,West Johnston Co.,Johnston,2024,5,35.59095,-78.4622,45.0,38.0
2024-05-26,Bryson City,Swain,2024,5,35.434767,-83.442133,31.0,48.0
2024-05-26,Castle Hayne,New Hanover,2024,5,34.364167,-77.838611,44.0,42.0
2024-05-26,Clemmons Middle,Forsyth,2024,5,36.026612,-80.341962,44.0,42.0
2024-05-26,Durham Armory,Durham,2024,5,36.0329550008979,-78.904037,45.0,52.0
2024-05-26,Frying Pan Mountain,Haywood,2024,5,35.379167,-82.7925,39.0,
2024-05-26,Garinger High School,Mecklenburg,2024,5,35.2401000008895,-80.785683,46.0,42.0
2024-05-26,Hattie Avenue,Forsyth,2024,5,36.11094,-80.224501,48.0,49.0
2024-05-26,Leggett,Edgecombe,2024,5,35.988278,-77.5843,42.0,52.0
2024-05-26,Linville Falls,Avery,2024,5,35.972347,-81.933072,42.0,
2024-05-26,Mendenhall School,Guilford,2024,5,36.1090060008986,-79.802314,46.0,46.0
2024-05-26,Millbrook School,Wake,2024,5,35.856111,-78.574167,48.0,52.0
2024-05-26,Pitt Agri. Center,Pitt,2024,5,35.6412760008938,-77.360126,44.0,46.0
2024-05-26,Rockwell,Rowan,2024,5,35.551868,-80.395039,43.0,43.0
2024-05-26,West Johnston Co.,Johnston,2024,5,35.59095,-78.4622,46.0,52.0
2024-05-27,Bryson City,Swain,2024,5,35.434767,-83.442133,44.0,29.0
2024-05-27,Castle Hayne,New Hanover,2024,5,34.364167,-77.838611,31.0,53.5
2024-05-27,Clemmons Middle,Forsyth,2024,5,36.026612,-80.341962,48.0,29.0
2024-05-27,Durham Armory,Durham,2024,5,36.0329550008979,-78.904037,38.0,46.0
2024-05-27,Frying Pan Mountain,Haywood,2024,5,35.379167,-82.7925,46.0,
2024-05-27,Garinger High School,Mecklenburg,2024,5,35.2401000008895,-80.785683,47.0,37.5
2024-05-27,Hattie Avenue,Forsyth,2024,5,36.11094,-80.224501,47.0,40.0
2024-05-27,Leggett,Edgecombe,2024,5,35.988278,-77.5843,26.0,47.0
2024-05-27,Linville Falls,Avery,2024,5,35.972347,-81.933072,40.0,25.0
2024-05-27,Mendenhall School,Guilford,2024,5,36.1090060008986,-79.802314,49.0,33.0
2024-05-27,Millbrook School,Wake,2024,5,35.856111,-78.574167,36.0,46.5
2024-05-27,Old High School,Swain,2024,5,35.498711,-83.310242,,28.0
2024-05-27,Pitt Agri. Center,Pitt,2024,5,35.6412760008938,-77.360126,29.0,50.0
2024-05-27,Rockwell,Rowan,2024,5,35.551868,-80.395039,46.0,40.0
2024-05-27,West Johnston Co.,Johnston,2024,5,35.59095,-78.4622,32.0,42.0
2024-05-28,Bryson City,Swain,2024,5,35.434767,-83.442133,46.0,23.0
2024-05-28,Castle Hayne,New Hanover,2024,5,34.364167,-77.838611,41.0,55.0
2024-05-28,Clemmons Middle,Forsyth,2024,5,36.026612,-80.341962,45.0,27.0
2024-05-28,Durham Armory,Durham,2024,5,36.0329550008979,-78.904037,43.0,42.0
2024-05-28,Frying Pan Mountain,Haywood,2024,5,35.379167,-82.7925,46.0,
2024-05-28,Garinger High School,Mecklenburg,2024,5,35.2401000008895,-80.785683,47.0,19.0
2024-05-28,Hattie Avenue,Forsyth,2024,5,36.11094,-80.224501,44.0,28.0
2024-05-28,Leggett,Edgecombe,2024,5,35.988278,-77.5843,42.0,32.0
2024-05-28,Linville Falls,Avery,2024,5,35.972347,-81.933072,46.0,
2024-05-28,Mendenhall School,Guilford,2024,5,36.1090060008986,-79.802314,46.0,26.0
2024-05-28,Millbrook School,Wake,2024,5,35.856111,-78.574167,46.0,32.0
2024-05-28,Pitt Agri. Center,Pitt,2024,5,35.6412760008938,-77.360126,45.0,40.0
2024-05-28,Rockwell,Rowan,2024,5,35.551868,-80.395039,46.0,31.0
2024-05-28,West Johnston Co.,Johnston,2024,5,35.59095,-78.4622,51.0,43.0
2024-05-29,Bryson City,Swain,2024,5,35.434767,-83.442133,48.0,24.0
2024-05-29,Castle Hayne,New Hanover,2024,5,34.364167,-77.838611,48.0,47.5
2024-05-29,Clemmons Middle,Forsyth,2024,5,36.026612,-80.341962,50.0,23.0
2024-05-29,Durham Armory,Durham,2024,5,36.0329550008979,-78.904037,51.0,39.0
2024-05-29,Frying Pan Mountain,Haywood,2024,5,35.379167,-82.7925,51.0,
2024-05-29,Garinger High School,Mecklenburg,2024,5,35.2401000008895,-80.785683,51.0,21.0
2024-05-29,Hattie Avenue,Forsyth,2024,5,36.11094,-80.224501,48.0,23.0
2024-05-29,Leggett,Edgecombe,2024,5,35.988278,-77.5843,49.0,39.0
2024-05-29,Linville Falls,Avery,2024,5,35.972347,-81.933072,48.0,
2024-05-29,Mendenhall School,Guilford,2024,5,36.1090060008986,-79.802314,50.0,23.0
2024-05-29,Millbrook School,Wake,2024,5,35.856111,-78.574167,61.0,24.0
2024-05-29,Pitt Agri. Center,Pitt,2024,5,35.6412760008938,-77.360126,50.0,33.0
2024-05-29,Rockwell,Rowan,2024,5,35.551868,-80.395039,50.0,23.0
2024-05-29,West Johnston Co.,Johnston,2024,5,35.59095,-78.4622,61.0,36.0
2024-05-30,Bryson City,Swain,2024,5,35.434767,-83.442133,39.0,21.0
2024-05-30,Castle Hayne,New Hanover,2024,5,34.364167,-77.838611,47.0,38.0
2024-05-30,Clemmons Middle,Forsyth,2024,5,36.026612,-80.341962,42.0,30.5
2024-05-30,Durham Armory,Durham,2024,5,36.0329550008979,-78.904037,41.0,33.0
2024-05-30,Frying Pan Mountain,Haywood,2024,5,35.379167,-82.7925,44.0,
2024-05-30,Garinger High School,Mecklenburg,2024,5,35.2401000008895,-80.785683,46.0,26.5
2024-05-30,Hattie Avenue,Forsyth,2024,5,36.11094,-80.224501,42.0,24.5
2024-05-30,Leggett,Edgecombe,2024,5,35.988278,-77.5843,38.0,24.0
2024-05-30,Linville Falls,Avery,2024,5,35.972347,-81.933072,41.0,13.0
2024-05-30,Mendenhall School,Guilford,2024,5,36.1090060008986,-79.802314,40.0,17.0
2024-05-30,Millbrook School,Wake,2024,5,35.856111,-78.574167,42.0,22.0
2024-05-30,Old High School,Swain,2024,5,35.498711,-83.310242,,18.0
2024-05-30,Pitt Agri. Center,Pitt,2024,5,35.6412760008938,-77.360126,39.0,21.0
2024-05-30,Rockwell,Rowan,2024,5,35.551868,-80.395039,44.0,23.0
2024-05-30,West Johnston Co.,Johnston,2024,5,35.59095,-78.4622,45.0,21.0
2024-05-31,Bryson City,Swain,2024,5,35.434767,-83.442133,37.0,29.0
2024-05-31,Castle Hayne,New Hanover,2024,5,34.364167,-77.838611,46.0,42.5
2024-05-31,Clemmons Middle,Forsyth,2024,5,36.026612,-80.341962,51.0,27.0
2024-05-31,Durham Armory,Durham,2024,5,36.0329550008979,-78.904037,44.0,44.0
2024-05-31,Frying Pan Mountain,Haywood,2024,5,35.379167,-82.7925,48.0,
2024-05-31,Garinger High School,Mecklenburg,2024,5,35.2401000008895,-80.785683,74.0,41.0
2024-05-31,Hattie Avenue,Forsyth,2024,5,36.11094,-80.224501,58.0,27.0
2024-05-31,Leggett,Edgecombe,2024,5,35.988278,-77.5843,46.0,28.0
2024-05-31,Linville Falls,Avery,2024,5,35.972347,-81.933072,40.0,
2024-05-31,Mendenhall School,Guilford,2024,5,36.1090060008986,-79.802314,46.0,29.0
2024-05-31,Millbrook School,Wake,2024,5,35.856111,-78.574167,45.0,25.0
2024-05-31,Pitt Agri. Center,Pitt,2024,5,35.6412760008938,-77.360126,46.0,27.0
2024-05-31,Rockwell,Rowan,2024,5,35.551868,-80.395039,50.0,36.0
2024-05-31,West Johnston Co.,Johnston,2024,5,35.59095,-78.4622,47.0,25.0
2024-06-01,Bryson City,Swain,2024,6,35.434767,-83.442133,44.0,44.0
2024-06-01,Castle Hayne,New Hanover,2024,6,34.364167,-77.838611,51.0,59.5
2024-06-01,Clemmons Middle,Forsyth,2024,6,36.026612,-80.341962,51.0,41.0
2024-06-01,Durham Armory,Durham,2024,6,36.0329550008979,-78.904037,61.0,52.0
2024-06-01,Frying Pan Mountain,Haywood,2024,6,35.379167,-82.7925,54.0,
2024-06-01,Garinger High School,Mecklenburg,2024,6,35.2401000008895,-80.785683,58.0,55.0
2024-06-01,Hattie Avenue,Forsyth,2024,6,36.11094,-80.224501,54.0,43.0
2024-06-01,Leggett,Edgecombe,2024,6,35.988278,-77.5843,51.0,38.0
2024-06-01,Linville Falls,Avery,2024,6,35.972347,-81.933072,58.0,
2024-06-01,Mendenhall School,Guilford,2024,6,36.1090060008986,-79.802314,50.0,46.0
2024-06-01,Millbrook School,Wake,2024,6,35.856111,-78.574167,51.0,42.0
2024-06-01,Pitt Agri. Center,Pitt,2024,6,35.6412760008938,-77.360126,64.0,35.0
2024-06-01,Rockwell,Rowan,2024,6,35.551868,-80.395039,48.0,47.0
2024-06-01,West Johnston Co.,Johnston,2024,6,35.59095,-78.4622,51.0,46.0
2024-06-02,Bryson City,Swain,2024,6,35.434767,-83.442133,24.0,33.0
2024-06-02,Castle Hayne,New Hanover,2024,6,34.364167,-77.838611,50.0,21.0
2024-06-02,Clemmons Middle,Forsyth,2024,6,36.026612,-80.341962,41.0,38.0
2024-06-02,Durham Armory,Durham,2024,6,36.0329550008979,-78.904037,40.0,53.0
2024-06-02,Frying Pan Mountain,Haywood,2024,6,35.379167,-82.7925,41.0,14.0
2024-06-02,Garinger High School,Mecklenburg,2024,6,35.2401000008895,-80.785683,42.0,37.5
2024-06-02,Hattie Avenue,Forsyth,2024,6,36.11094,-80.224501,43.0,41.5
2024-06-02,Leggett,Edgecombe,2024,6,35.988278,-77.5843,44.0,53.0
2024-06-02,Linville Falls,Avery,2024,6,35.972347,-81.933072,36.0,28.0
2024-06-02,Mendenhall School,Guilford,2024,6,36.1090060008986,-79.802314,44.0,47.0
2024-06-02,Millbrook School,Wake,2024,6,35.856111,-78.574167,44.0,39.0
2024-06-02,Pitt Agri. Center,Pitt,2024,6,35.6412760008938,-77.360126,47.0,26.0
2024-06-02,Rockwell,Rowan,2024,6,35.551868,-80.395039,40.0,31.0
2024-06-02,West Johnston Co.,Johnston,2024,6,35.59095,-78.4622,45.0,52.0
2024-06-03,Bryson City,Swain,2024,6,35.434767,-83.442133,33.0,34.0
2024-06-03,Castle Hayne,New Hanover,2024,6,34.364167,-77.838611,43.0,22.5
2024-06-03,Clemmons Middle,Forsyth,2024,6,36.026612,-80.341962,35.0,45.0
2024-06-03,Durham Armory,Durham,2024,6,36.0329550008979,-78.904037,37.0,46.0
2024-06-03,Frying Pan Mountain,Haywood,2024,6,35.379167,-82.7925,42.0,
2024-06-03,Garinger High School,Mecklenburg,2024,6,35.2401000008895,-80.785683,42.0,39.0
2024-06-03,Hattie Avenue,Forsyth,2024,6,36.11094,-80.224501,39.0,52.0
2024-06-03,Leggett,Edgecombe,2024,6,35.988278,-77.5843,36.0,33.0
2024-06-03,Linville Falls,Avery,2024,6,35.972347,-81.933072,35.0,
2024-06-03,Mendenhall School,Guilford,2024,6,36.1090060008986,-79.802314,40.0,43.0
2024-06-03,Millbrook School,Wake,2024,6,35.856111,-78.574167,35.0,46.0
2024-06-03,Pitt Agri. Center,Pitt,2024,6,35.6412760008938,-77.360126,37.0,29.0
2024-06-03,Rockwell,Rowan,2024,6,35.551868,-80.395039,44.0,38.0
2024-06-03,West Johnston Co.,Johnston,2024,6,35.59095,-78.4622,39.0,44.0
2024-06-04,Bryson City,Swain,2024,6,35.434767,-83.442133,32.0,31.0
2024-06-04,Castle Hayne,New Hanover,2024,6,34.364167,-77.838611,41.0,22.5
2024-06-04,Clemmons Middle,Forsyth,2024,6,36.026612,-80.341962,43.0,51.0
2024-06-04,Durham Armory,Durham,2024,6,36.0329550008979,-78.904037,40.0,51.0
2024-06-04,Frying Pan Mountain,Haywood,2024,6,35.379167,-82.7925,35.0,
2024-06-04,Garinger High School,Mecklenburg,2024,6,35.2401000008895,-80.785683,44.0,42.0
2024-06-04,Hattie Avenue,Forsyth,2024,6,36.11094,-80.224501,46.0,53.0
2024-06-04,Leggett,Edgecombe,2024,6,35.988278,-77.5843,42.0,52.0
2024-06-04,Linville Falls,Avery,2024,6,35.972347,-81.933072,37.0,
2024-06-04,Mendenhall School,Guilford,2024,6,36.1090060008986,-79.802314,42.0,44.0
2024-06-04,Millbrook School,Wake,2024,6,35.856111,-78.574167,43.0,53.0
2024-06-04,Pitt Agri. Center,Pitt,2024,6,35.6412760008938,-77.360126,43.0,45.0
2024-06-04,Rockwell,Rowan,2024,6,35.551868,-80.395039,38.0,36.0
2024-06-04,West Johnston Co.,Johnston,2024,6,35.59095,-78.4622,44.0,54.0
2024-06-05,Bryson City,Swain,2024,6,35.434767,-83.442133,28.0,28.0
2024-06-05,Castle Hayne,New Hanover,2024,6,34.364167,-77.838611,36.0,17.0
2024-06-05,Clemmons Middle,Forsyth,2024,6,36.026612,-80.341962,35.0,48.0
2024-06-05,Durham Armory,Durham,2024,6,36.0329550008979,-78.904037,36.0,51.0
2024-06-05,Frying Pan Mountain,Haywood,2024,6,35.379167,-82.7925,44.0,
2024-06-05,Garinger High School,Mecklenburg,2024,6,35.2401000008895,-80.785683,31.0,33.0
2024-06-05,Hattie Avenue,Forsyth,2024,6,36.11094,-80.224501,37.0,50.5
2024-06-05,Leggett,Edgecombe,2024,6,35.988278,-77.5843,34.0,41.0
2024-06-05,Linville Falls,Avery,2024,6,35.972347,-81.933072,29.0,24.0
2024-06-05,Mendenhall School,Guilford,2024,6,36.1090060008986,-79.802314,37.0,46.0
2024-06-05,Millbrook School,Wake,2024,6,35.856111,-78.574167,38.0,45.5
2024-06-05,Pitt Agri. Center,Pitt,2024,6,35.6412760008938,-77.360126,34.0,35.0
2024-06-05,Rockwell,Rowan,2024,6,35.551868,-80.395039,31.0,40.0
2024-06-05,West Johnston Co.,Johnston,2024,6,35.59095,-78.4622,38.0,44.0
2024-06-06,Bryson City,Swain,2024,6,35.434767,-83.442133,38.0,34.0
2024-06-06,Castle Hayne,New Hanover,2024,6,34.364167,-77.838611,34.0,31.0
2024-06-06,Clemmons Middle,Forsyth,2024,6,36.026612,-80.341962,40.0,39.0
2024-06-06,Durham Armory,Durham,2024,6,36.0329550008979,-78.904037,40.0,43.0
2024-06-06,Frying Pan Mountain,Haywood,2024,6,35.379167,-82.7925,47.0,
2024-06-06,Garinger High School,Mecklenburg,2024,6,35.2401000008895,-80.785683,36.0,37.0
2024-06-06,Hattie Avenue,Forsyth,2024,6,36.11094,-80.224501,40.0,41.0
2024-06-06,Leggett,Edgecombe,2024,6,35.988278,-77.5843,41.0,34.0
2024-06-06,Linville Falls,Avery,2024,6,35.972347,-81.933072,42.0,
2024-06-06,Mendenhall School,Guilford,2024,6,36.1090060008986,-79.802314,41.0,42.0
2024-06-06,Millbrook School,Wake,2024,6,35.856111,-78.574167,40.0,44.0
2024-06-06,Pitt Agri. Center,Pitt,2024,6,35.6412760008938,-77.360126,41.0,41.0
2024-06-06,Rockwell,Rowan,2024,6,35.551868,-80.395039,41.0,35.0
2024-06-06,West Johnston Co.,Johnston,2024,6,35.59095,-78.4622,39.0,46.0
2024-06-07,Bryson City,Swain,2024,6,35.434767,-83.442133,49.0,34.0
2024-06-07,Castle Hayne,New Hanover,2024,6,34.364167,-77.838611,42.0,47.5
2024-06-07,Clemmons Middle,Forsyth,2024,6,36.026612,-80.341962,51.0,26.0
2024-06-07,Durham Armory,Durham,2024,6,36.0329550008979,-78.904037,54.0,48.0
2024-06-07,Frying Pan Mountain,Haywood,2024,6,35.379167,-82.7925,49.0,
2024-06-07,Garinger High School,Mecklenburg,2024,6,35.2401000008895,-80.785683,51.0,33.0
2024-06-07,Hattie Avenue,Forsyth,2024,6,36.11094,-80.224501,48.0,29.0
2024-06-07,Leggett,Edgecombe,2024,6,35.988278,-77.5843,54.0,33.0
2024-06-07,Linville Falls,Avery,2024,6,35.972347,-81.933072,48.0,
2024-06-07,Mendenhall School,Guilford,2024,6,36.1090060008986,-79.802314,51.0,31.0
2024-06-07,Millbrook School,Wake,2024,6,35.856111,-78.574167,74.0,28.0
2024-06-07,Pitt Agri. Center,Pitt,2024,6,35.6412760008938,-77.360126,64.0,34.0
2024-06-07,Rockwell,Rowan,2024,6,35.551868,-80.395039,61.0,27.0
2024-06-07,West Johnston Co.,Johnston,2024,6,35.59095,-78.4622,64.0,37.0
2024-06-08,Bryson City,Swain,2024,6,35.434767,-83.442133,45.0,35.0
2024-06-08,Castle Hayne,New Hanover,2024,6,34.364167,-77.838611,51.0,37.5
2024-06-08,Clemmons Middle,Forsyth,2024,6,36.026612,-80.341962,61.0,30.0
2024-06-08,Durham Armory,Durham,2024,6,36.0329550008979,-78.904037,74.0,51.0
2024-06-08,Frying Pan Mountain,Haywood,2024,6,35.379167,-82.7925,49.0,24.0
2024-06-08,Garinger High School,Mecklenburg,2024,6,35.2401000008895,-80.785683,97.0,35.0
2024-06-08,Hattie Avenue,Forsyth,2024,6,36.11094,-80.224501,67.0,33.5
2024-06-08,Leggett,Edgecombe,2024,6,35.988278,-77.5843,64.0,44.0
2024-06-08,Linville Falls,Avery,2024,6,35.972347,-81.933072,51.0,25.0
2024-06-08,Mendenhall School,Guilford,2024,6,36.1090060008986,-79.802314,71.0,39.0
2024-06-08,Millbrook School,Wake,2024,6,35.856111,-78.574167,77.0,32.0
2024-06-08,Old High School,Swain,2024,6,35.498711,-83.310242,,27.0
2024-06-08,Pitt Agri. Center,Pitt,2024,6,35.6412760008938,-77.360126,74.0,29.0
2024-06-08,Rockwell,Rowan,2024,6,35.551868,-80.395039,74.0,34.0
2024-06-08,West Johnston Co.,Johnston,2024,6,35.59095,-78.4622,84.0,41.0
2024-06-09,Bryson City,Swain,2024,6,35.434767,-83.442133,38.0,28.0
2024-06-09,Castle Hayne,New Hanover,2024,6,34.364167,-77.838611,61.0,49.0
2024-06-09,Clemmons Middle,Forsyth,2024,6,36.026612,-80.341962,42.0,37.0
2024-06-09,Durham Armory,Durham,2024,6,36.0329550008979,-78.904037,47.0,53.0
2024-06-09,Frying Pan Mountain,Haywood,2024,6,35.379167,-82.7925,42.0,
2024-06-09,Garinger High School,Mecklenburg,2024,6,35.2401000008895,-80.785683,46.0,40.0
2024-06-09,Hattie Avenue,Forsyth,2024,6,36.11094,-80.224501,43.0,39.0
2024-06-09,Leggett,Edgecombe,2024,6,35.988278,-77.5843,49.0,53.0
2024-06-09,Linville Falls,Avery,2024,6,35.972347,-81.933072,41.0,
2024-06-09,Mendenhall School,Guilford,2024,6,36.1090060008986,-79.802314,45.0,48.0
2024-06-09,Millbrook School,Wake,2024,6,35.856111,-78.574167,49.0,40.0
2024-06-09,Old High School,Swain,2024,6,35.498711,-83.310242,,30.0
2024-06-09,Pitt Agri. Center,Pitt,2024,6,35.6412760008938,-77.360126,51.0,52.0
2024-06-09,Rockwell,Rowan,2024,6,35.551868,-80.395039,44.0,46.0
2024-06-09,West Johnston Co.,Johnston,2024,6,35.59095,-78.4622,49.0,49.0
2024-06-10,Bryson City,Swain,2024,6,35.434767,-83.442133,46.0,26.0
2024-06-10,Castle Hayne,New Hanover,2024,6,34.364167,-77.838611,31.0,44.0
2024-06-10,Clemmons Middle,Forsyth,2024,6,36.026612,-80.341962,49.0,22.0
2024-06-10,Durham Armory,Durham,2024,6,36.0329550008979,-78.904037,51.0,38.0
2024-06-10,Frying Pan Mountain,Haywood,2024,6,35.379167,-82.7925,46.0,
2024-06-10,Garinger High School,Mecklenburg,2024,6,35.2401000008895,-80.785683,54.0,32.0
2024-06-10,Hattie Avenue,Forsyth,2024,6,36.11094,-80.224501,47.0,22.0
2024-06-10,Leggett,Edgecombe,2024,6,35.988278,-77.5843,50.0,32.0
2024-06-10,Linville Falls,Avery,2024,6,35.972347,-81.933072,45.0,
2024-06-10,Mendenhall School,Guilford,2024,6,36.1090060008986,-79.802314,49.0,23.0
2024-06-10,Millbrook School,Wake,2024,6,35.856111,-78.574167,64.0,26.0
2024-06-10,Pitt Agri. Center,Pitt,2024,6,35.6412760008938,-77.360126,50.0,34.0
2024-06-10,Rockwell,Rowan,2024,6,35.551868,-80.395039,50.0,25.0
2024-06-10,West Johnston Co.,Johnston,2024,6,35.59095,-78.4622,67.0,43.0
2024-06-11,Bryson City,Swain,2024,6,35.434767,-83.442133,38.0,28.0
2024-06-11,Castle Hayne,New Hanover,2024,6,34.364167,-77.838611,67.0,43.5
2024-06-11,Clemmons Middle,Forsyth,2024,6,36.026612,-80.341962,45.0,39.5
2024-06-11,Durham Armory,Durham,2024,6,36.0329550008979,-78.904037,43.0,51.0
2024-06-11,Frying Pan Mountain,Haywood,2024,6,35.379167,-82.7925,43.0,24.0
2024-06-11,Garinger High School,Mecklenburg,2024,6,35.2401000008895,-80.785683,51.0,48.5
2024-06-11,Hattie Avenue,Forsyth,2024,6,36.11094,-80.224501,44.0,43.0
2024-06-11,Leggett,Edgecombe,2024,6,35.988278,-77.5843,45.0,44.0
2024-06-11,Linville Falls,Avery,2024,6,35.972347,-81.933072,43.0,24.0
2024-06-11,Mendenhall School,Guilford,2024,6,36.1090060008986,-79.802314,40.0,35.0
2024-06-11,Millbrook School,Wake,2024,6,35.856111,-78.574167,44.0,40.0
2024-06-11,Old High School,Swain,2024,6,35.498711,-83.310242,,36.0
2024-06-11,Pitt Agri. Center,Pitt,2024,6,35.6412760008938,-77.360126,48.0,48.0
2024-06-11,Rockwell,Rowan,2024,6,35.551868,-80.395039,46.0,39.0
2024-06-11,West Johnston Co.,Johnston,2024,6,35.59095,-78.4622,48.0,47.0
2024-06-12,Bryson City,Swain,2024,6,35.434767,-83.442133,44.0,52.0
2024-06-12,Castle Hayne,New Hanover,2024,6,34.364167,-77.838611,48.0,27.0
2024-06-12,Clemmons Middle,Forsyth,2024,6,36.026612,-80.341962,64.0,57.0
2024-06-12,Durham Armory,Durham,2024,6,36.0329550008979,-78.904037,64.0,55.0
2024-06-12,Frying Pan Mountain,Haywood,2024,6,35.379167,-82.7925,40.0,
2024-06-12,Garinger High School,Mecklenburg,2024,6,35.2401000008895,-80.785683,71.0,56.0
2024-06-12,Hattie Avenue,Forsyth,2024,6,36.11094,-80.224501,71.0,56.0
2024-06-12,Leggett,Edgecombe,2024,6,35.988278,-77.5843,46.0,44.0
2024-06-12,Linville Falls,Avery,2024,6,35.972347,-81.933072,47.0,
2024-06-12,Mendenhall School,Guilford,2024,6,36.1090060008986,-79.802314,50.0,53.0
2024-06-12,Millbrook School,Wake,2024,6,35.856111,-78.574167,54.0,51.0
2024-06-12,Old High School,Swain,2024,6,35.498711,-83.310242,,47.0
2024-06-12,Pitt Agri. Center,Pitt,2024,6,35.6412760008938,-77.360126,47.0,39.0
2024-06-12,Rockwell,Rowan,2024,6,35.551868,-80.395039,51.0,55.0
2024-06-12,West Johnston Co.,Johnston,2024,6,35.59095,-78.4622,61.0,52.0
2024-06-13,Bryson City,Swain,2024,6,35.434767,-83.442133,49.0,57.0
2024-06-13,Castle Hayne,New Hanover,2024,6,34.364167,-77.838611,47.0,30.0
2024-06-13,Clemmons Middle,Forsyth,2024,6,36.026612,-80.341962,54.0,59.0
2024-06-13,Durham Armory,Durham,2024,6,36.0329550008979,-78.904037,51.0,58.0
2024-06-13,Frying Pan Mountain,Haywood,2024,6,35.379167,-82.7925,47.0,
2024-06-13,Garinger High School,Mecklenburg,2024,6,35.2401000008895,-80.785683,58.0,50.0
2024-06-13,Hattie Avenue,Forsyth,2024,6,36.11094,-80.224501,64.0,58.0
2024-06-13,Leggett,Edgecombe,2024,6,35.988278,-77.5843,45.0,44.0
2024-06-13,Linville Falls,Avery,2024,6,35.972347,-81.933072,48.0,
2024-06-13,Mendenhall School,Guilford,2024,6,36.1090060008986,-79.802314,61.0,55.0
2024-06-13,Millbrook School,Wake,2024,6,35.856111,-78.574167,58.0,53.0
2024-06-13,Pitt Agri. Center,Pitt,2024,6,35.6412760008938,-77.360126,45.0,41.0
2024-06-13,Rockwell,Rowan,2024,6,35.551868,-80.395039,48.0,52.0
2024-06-13,West Johnston Co.,Johnston,2024,6,35.59095,-78.4622,61.0,54.0
2024-06-14,Bryson City,Swain,2024,6,35.434767,-83.442133,45.0,59.0
2024-06-14,Castle Hayne,New Hanover,2024,6,34.364167,-77.838611,49.0,36.0
2024-06-14,Clemmons Middle,Forsyth,2024,6,36.026612,-80.341962,58.0,65.0
2024-06-14,Durham Armory,Durham,2024,6,36.0329550008979,-78.904037,64.0,59.0
2024-06-14,Frying Pan Mountain,Haywood,2024,6,35.379167,-82.7925,47.0,45.0
2024-06-14,Garinger High School,Mecklenburg,2024,6,35.2401000008895,-80.785683,93.0,55.5
2024-06-14,Hattie Avenue,Forsyth,2024,6,36.11094,-80.224501,54.0,61.5
2024-06-14,Leggett,Edgecombe,2024,6,35.988278,-77.5843,54.0,55.0
2024-06-14,Linville Falls,Avery,2024,6,35.972347,-81.933072,47.0,50.0
2024-06-14,Mendenhall School,Guilford,2024,6,36.1090060008986,-79.802314,64.0,58.0
2024-06-14,Millbrook School,Wake,2024,6,35.856111,-78.574167,80.0,57.5
2024-06-14,Pitt Agri. Center,Pitt,2024,6,35.6412760008938,-77.360126,51.0,52.0
2024-06-14,Rockwell,Rowan,2024,6,35.551868,-80.395039,77.0,56.0
2024-06-14,West Johnston Co.,Johnston,2024,6,35.59095,-78.4622,71.0,56.0
2024-06-15,Bryson City,Swain,2024,6,35.434767,-83.442133,44.0,56.0
2024-06-15,Castle Hayne,New Hanover,2024,6,34.364167,-77.838611,50.0,54.0
2024-06-15,Clemmons Middle,Forsyth,2024,6,36.026612,-80.341962,87.0,57.0
2024-06-15,Durham Armory,Durham,2024,6,36.0329550008979,-78.904037,49.0,53.0
2024-06-15,Frying Pan Mountain,Haywood,2024,6,35.379167,-82.7925,44.0,
2024-06-15,Garinger High School,Mecklenburg,2024,6,35.2401000008895,-80.785683,64.0,57.0
2024-06-15,Hattie Avenue,Forsyth,2024,6,36.11094,-80.224501,77.0,57.0
2024-06-15,Leggett,Edgecombe,2024,6,35.988278,-77.5843,67.0,50.0
2024-06-15,Linville Falls,Avery,2024,6,35.972347,-81.933072,45.0,
2024-06-15,Mendenhall School,Guilford,2024,6,36.1090060008986,-79.802314,58.0,50.0
2024-06-15,Millbrook School,Wake,2024,6,35.856111,-78.574167,71.0,53.0
2024-06-15,Pitt Agri. Center,Pitt,2024,6,35.6412760008938,-77.360126,64.0,50.0
2024-06-15,Rockwell,Rowan,2024,6,35.551868,-80.395039,64.0,53.0
2024-06-15,West Johnston Co.,Johnston,2024,6,35.59095,-78.4622,71.0,54.0
2024-06-16,Bryson City,Swain,2024,6,35.434767,-83.442133,40.0,53.0
2024-06-16,Castle Hayne,New Hanover,2024,6,34.364167,-77.838611,64.0,25.0
2024-06-16,Clemmons Middle,Forsyth,2024,6,36.026612,-80.341962,44.0,52.0
2024-06-16,Durham Armory,Durham,2024,6,36.0329550008979,-78.904037,54.0,54.0
2024-06-16,Frying Pan Mountain,Haywood,2024,6,35.379167,-82.7925,34.0,
2024-06-16,Garinger High School,Mecklenburg,2024,6,35.2401000008895,-80.785683,44.0,59.0
2024-06-16,Hattie Avenue,Forsyth,2024,6,36.11094,-80.224501,45.0,52.0
2024-06-16,Leggett,Edgecombe,2024,6,35.988278,-77.5843,49.0,37.0
2024-06-16,Linville Falls,Avery,2024,6,35.972347,-81.933072,37.0,
2024-06-16,Mendenhall School,Guilford,2024,6,36.1090060008986,-79.802314,43.0,51.0
2024-06-16,Millbrook School,Wake,2024,6,35.856111,-78.574167,54.0,44.0
2024-06-16,Pitt Agri. Center,Pitt,2024,6,35.6412760008938,-77.360126,48.0,34.0
2024-06-16,Rockwell,Rowan,2024,6,35.551868,-80.395039,41.0,58.0
2024-06-16,West Johnston Co.,Johnston,2024,6,35.59095,-78.4622,64.0,48.0
2024-06-17,Bryson City,Swain,2024,6,35.434767,-83.442133,32.0,55.0
2024-06-17,Castle Hayne,New Hanover,2024,6,34.364167,-77.838611,44.0,26.0
2024-06-17,Clemmons Middle,Forsyth,2024,6,36.026612,-80.341962,44.0,56.0
2024-06-17,Durham Armory,Durham,2024,6,36.0329550008979,-78.904037,49.0,56.0
2024-06-17,Frying Pan Mountain,Haywood,2024,6,35.379167,-82.7925,35.0,41.0
2024-06-17,Garinger High School,Mecklenburg,2024,6,35.2401000008895,-80.785683,46.0,50.5
2024-06-17,Hattie Avenue,Forsyth,2024,6,36.11094,-80.224501,46.0,56.0
2024-06-17,Leggett,Edgecombe,2024,6,35.988278,-77.5843,45.0,49.0
2024-06-17,Linville Falls,Avery,2024,6,35.972347,-81.933072,33.0,56.0
2024-06-17,Mendenhall School,Guilford,2024,6,36.1090060008986,-79.802314,45.0,51.0
2024-06-17,Millbrook School,Wake,2024,6,35.856111,-78.574167,54.0,55.5
2024-06-17,Old High School,Swain,2024,6,35.498711,-83.310242,,63.0
2024-06-17,Pitt Agri. Center,Pitt,2024,6,35.6412760008938,-77.360126,42.0,48.0
2024-06-17,Rockwell,Rowan,2024,6,35.551868,-80.395039,38.0,52.0
2024-06-17,West Johnston Co.,Johnston,2024,6,35.59095,-78.4622,48.0,53.0
2024-06-18,Bryson City,Swain,2024,6,35.434767,-83.442133,40.0,55.0
2024-06-18,Castle Hayne,New Hanover,2024,6,34.364167,-77.838611,40.0,21.0
2024-06-18,Clemmons Middle,Forsyth,2024,6,36.026612,-80.341962,46.0,56.0
2024-06-18,Durham Armory,Durham,2024,6,36.0329550008979,-78.904037,48.0,50.0
2024-06-18,Frying Pan Mountain,Haywood,2024,6,35.379167,-82.7925,43.0,
2024-06-18,Garinger High School,Mecklenburg,2024,6,35.2401000008895,-80.785683,44.0,49.0
2024-06-18,Hattie Avenue,Forsyth,2024,6,36.11094,-80.224501,50.0,56.0
2024-06-18,Leggett,Edgecombe,2024,6,35.988278,-77.5843,44.0,39.0
2024-06-18,Linville Falls,Avery,2024,6,35.972347,-81.933072,42.0,
2024-06-18,Mendenhall School,Guilford,2024,6,36.1090060008986,-79.802314,47.0,52.0
2024-06-18,Millbrook School,Wake,2024,6,35.856111,-78.574167,47.0,44.0
2024-06-18,Pitt Agri. Center,Pitt,2024,6,35.6412760008938,-77.360126,39.0,34.0
2024-06-18,Rockwell,Rowan,2024,6,35.551868,-80.395039,38.0,52.0
2024-06-18,West Johnston Co.,Johnston,2024,6,35.59095,-78.4622,48.0,37.0
2024-06-19,Bryson City,Swain,2024,6,35.434767,-83.442133,33.0,51.0
2024-06-19,Castle Hayne,New Hanover,2024,6,34.364167,-77.838611,41.0,24.5
2024-06-19,Clemmons Middle,Forsyth,2024,6,36.026612,-80.341962,47.0,51.0
2024-06-19,Durham Armory,Durham,2024,6,36.0329550008979,-78.904037,42.0,52.0
2024-06-19,Frying Pan Mountain,Haywood,2024,6,35.379167,-82.7925,44.0,
2024-06-19,Garinger High School,Mecklenburg,2024,6,35.2401000008895,-80.785683,42.0,36.0
2024-06-19,Hattie Avenue,Forsyth,2024,6,36.11094,-80.224501,71.0,50.0
2024-06-19,Leggett,Edgecombe,2024,6,35.988278,-77.5843,39.0,32.0
2024-06-19,Linville Falls,Avery,2024,6,35.972347,-81.933072,38.0,
2024-06-19,Mendenhall School,Guilford,2024,6,36.1090060008986,-79.802314,51.0,34.0
2024-06-19,Millbrook School,Wake,2024,6,35.856111,-78.574167,43.0,41.0
2024-06-19,Pitt Agri. Center,Pitt,2024,6,35.6412760008938,-77.360126,39.0,28.0
2024-06-19,Rockwell,Rowan,2024,6,35.551868,-80.395039,,34.0
2024-06-19,West Johnston Co.,Johnston,2024,6,35.59095,-78.4622,43.0,36.0
2024-06-20,Bryson City,Swain,2024,6,35.434767,-83.442133,38.0,43.0
2024-06-20,Castle Hayne,New Hanover,2024,6,34.364167,-77.838611,39.0,24.5
2024-06-20,Clemmons Middle,Forsyth,2024,6,36.026612,-80.341962,46.0,51.0
2024-06-20,Durham Armory,Durham,2024,6,36.0329550008979,-78.904037,40.0,49.0
2024-06-20,Frying Pan Mountain,Haywood,2024,6,35.379167,-82.7925,46.0,
2024-06-20,Garinger High School,Mecklenburg,2024,6,35.2401000008895,-80.785683,40.0,47.0
2024-06-20,Hattie Avenue,Forsyth,2024,6,36.11094,-80.224501,58.0,47.5
2024-06-20,Leggett,Edgecombe,2024,6,35.988278,-77.5843,36.0,28.0
2024-06-20,Linville Falls,Avery,2024,6,35.972347,-81.933072,40.0,31.0
2024-06-20,Mendenhall School,Guilford,2024,6,36.1090060008986,-79.802314,44.0,48.0
2024-06-20,Millbrook School,Wake,2024,6,35.856111,-78.574167,42.0,39.0
2024-06-20,Pitt Agri. Center,Pitt,2024,6,35.6412760008938,-77.360126,33.0,27.0
2024-06-20,Rockwell,Rowan,2024,6,35.551868,-80.395039,,37.0
2024-06-20,West Johnston Co.,Johnston,2024,6,35.59095,-78.4622,40.0,33.0
2024-06-21,Bryson City,Swain,2024,6,35.434767,-83.442133,35.0,
2024-06-21,Castle Hayne,New Hanover,2024,6,34.364167,-77.838611,19.0,21.0
2024-06-21,Clemmons Middle,Forsyth,2024,6,36.026612,-80.341962,50.0,52.0
2024-06-21,Durham Armory,Durham,2024,6,36.0329550008979,-78.904037,48.0,53.0
2024-06-21,Frying Pan Mountain,Haywood,2024,6,35.379167,-82.7925,47.0,
2024-06-21,Garinger High School,Mecklenburg,2024,6,35.2401000008895,-80.785683,45.0,49.0
2024-06-21,Hattie Avenue,Forsyth,2024,6,36.11094,-80.224501,67.0,54.0
2024-06-21,Leggett,Edgecombe,2024,6,35.988278,-77.5843,40.0,38.0
2024-06-21,Linville Falls,Avery,2024,6,35.972347,-81.933072,42.0,
2024-06-21,Mendenhall School,Guilford,2024,6,36.1090060008986,-79.802314,51.0,53.0
2024-06-21,Millbrook School,Wake,2024,6,35.856111,-78.574167,46.0,44.0
2024-06-21,Pitt Agri. Center,Pitt,2024,6,35.6412760008938,-77.360126,34.0,29.0
2024-06-21,Rockwell,Rowan,2024,6,35.551868,-80.395039,38.0,42.0
2024-06-21,West Johnston Co.,Johnston,2024,6,35.59095,-78.4622,44.0,45.0
2024-06-22,Bryson City,Swain,2024,6,35.434767,-83.442133,37.0,
2024-06-22,Castle Hayne,New Hanover,2024,6,34.364167,-77.838611,19.0,23.0
2024-06-22,Clemmons Middle,Forsyth,2024,6,36.026612,-80.341962,33.0,41.0
2024-06-22,Durham Armory,Durham,2024,6,36.0329550008979,-78.904037,24.0,34.0
2024-06-22,Garinger High School,Mecklenburg,2024,6,35.2401000008895,-80.785683,28.0,29.0
2024-06-22,Hattie Avenue,Forsyth,2024,6,36.11094,-80.224501,36.0,43.0
2024-06-22,Leggett,Edgecombe,2024,6,35.988278,-77.5843,29.0,37.0
2024-06-22,Linville Falls,Avery,2024,6,35.972347,-81.933072,46.0,
2024-06-22,Mendenhall School,Guilford,2024,6,36.1090060008986,-79.802314,31.0,42.0
2024-06-22,Millbrook School,Wake,2024,6,35.856111,-78.574167,27.0,31.0
2024-06-22,Pitt Agri. Center,Pitt,2024,6,35.6412760008938,-77.360126,26.0,25.0
2024-06-22,Rockwell,Rowan,2024,6,35.551868,-80.395039,28.0,29.0
2024-06-22,West Johnston Co.,Johnston,2024,6,35.59095,-78.4622,30.0,32.0
2024-06-23,Bryson City,Swain,2024,6,35.434767,-83.442133,43.0,
2024-06-23,Castle Hayne,New Hanover,2024,6,34.364167,-77.838611,26.0,20.0
2024-06-23,Clemmons Middle,Forsyth,2024,6,36.026612,-80.341962,37.0,42.5
2024-06-23,Durham Armory,Durham,2024,6,36.0329550008979,-78.904037,29.0,39.0
2024-06-23,Frying Pan Mountain,Haywood,2024,6,35.379167,-82.7925,43.0,37.0
2024-06-23,Garinger High School,Mecklenburg,2024,6,35.2401000008895,-80.785683,32.0,39.0
2024-06-23,Hattie Avenue,Forsyth,2024,6,36.11094,-80.224501,39.0,44.5
2024-06-23,Leggett,Edgecombe,2024,6,35.988278,-77.5843,31.0,31.0
2024-06-23,Linville Falls,Avery,2024,6,35.972347,-81.933072,42.0,44.0
2024-06-23,Mendenhall School,Guilford,2024,6,36.1090060008986,-79.802314,34.0,44.0
2024-06-23,Millbrook School,Wake,2024,6,35.856111,-78.574167,30.0,31.5
2024-06-23,Pitt Agri. Center,Pitt,2024,6,35.6412760008938,-77.360126,27.0,26.0
2024-06-23,Rockwell,Rowan,2024,6,35.551868,-80.395039,31.0,33.0
2024-06-23,West Johnston Co.,Johnston,2024,6,35.59095,-78.4622,31.0,27.0
2024-06-24,Bryson City,Swain,2024,6,35.434767,-83.442133,51.0,
2024-06-24,Castle Hayne,New Hanover,2024,6,34.364167,-77.838611,38.0,46.5
2024-06-24,Clemmons Middle,Forsyth,2024,6,36.026612,-80.341962,51.0,37.0
2024-06-24,Durham Armory,Durham,2024,6,36.0329550008979,-78.904037,49.0,51.0
2024-06-24,Garinger High School,Mecklenburg,2024,6,35.2401000008895,-80.785683,64.0,49.0
2024-06-24,Hattie Avenue,Forsyth,2024,6,36.11094,-80.224501,61.0,38.0
2024-06-24,Leggett,Edgecombe,2024,6,35.988278,-77.5843,42.0,50.0
2024-06-24,Linville Falls,Avery,2024,6,35.972347,-81.933072,58.0,
2024-06-24,Mendenhall School,Guilford,2024,6,36.1090060008986,-79.802314,50.0,38.0
2024-06-24,Millbrook School,Wake,2024,6,35.856111,-78.574167,61.0,49.0
2024-06-24,Old High School,Swain,2024,6,35.498711,-83.310242,,29.0
2024-06-24,Pitt Agri. Center,Pitt,2024,6,35.6412760008938,-77.360126,42.0,50.0
2024-06-24,Rockwell,Rowan,2024,6,35.551868,-80.395039,51.0,39.0
2024-06-24,West Johnston Co.,Johnston,2024,6,35.59095,-78.4622,64.0,53.0
2024-06-25,Bryson City,Swain,2024,6,35.434767,-83.442133,41.0,
2024-06-25,Castle Hayne,New Hanover,2024,6,34.364167,-77.838611,43.0,36.0
2024-06-25,Clemmons Middle,Forsyth,2024,6,36.026612,-80.341962,64.0,42.0
2024-06-25,Durham Armory,Durham,2024,6,36.0329550008979,-78.904037,77.0,51.0
2024-06-25,Frying Pan Mountain,Haywood,2024,6,35.379167,-82.7925,54.0,
2024-06-25,Garinger High School,Mecklenburg,2024,6,35.2401000008895,-80.785683,115.0,52.0
2024-06-25,Hattie Avenue,Forsyth,2024,6,36.11094,-80.224501,71.0,43.0
2024-06-25,Leggett,Edgecombe,2024,6,35.988278,-77.5843,50.0,44.0
2024-06-25,Linville Falls,Avery,2024,6,35.972347,-81.933072,47.0,
2024-06-25,Mendenhall School,Guilford,2024,6,36.1090060008986,-79.802314,67.0,39.0
2024-06-25,Millbrook School,Wake,2024,6,35.856111,-78.574167,80.0,48.0
2024-06-25,Pitt Agri. Center,Pitt,2024,6,35.6412760008938,-77.360126,48.0,37.0
2024-06-25,Rockwell,Rowan,2024,6,35.551868,-80.395039,64.0,44.0
2024-06-25,West Johnston Co.,Johnston,2024,6,35.59095,-78.4622,77.0,47.0
2024-06-26,Bryson City,Swain,2024,6,35.434767,-83.442133,48.0,36.0
2024-06-26,Castle Hayne,New Hanover,2024,6,34.364167,-77.838611,30.0,16.0
2024-06-26,Clemmons Middle,Forsyth,2024,6,36.026612,-80.341962,100.0,60.0
2024-06-26,Durham Armory,Durham,2024,6,36.0329550008979,-78.904037,58.0,58.0
2024-06-26,Frying Pan Mountain,Haywood,2024,6,35.379167,-82.7925,90.0,
2024-06-26,Garinger High School,Mecklenburg,2024,6,35.2401000008895,-80.785683,74.0,59.0
2024-06-26,Hattie Avenue,Forsyth,2024,6,36.11094,-80.224501,105.0,61.0
2024-06-26,Leggett,Edgecombe,2024,6,35.988278,-77.5843,67.0,33.0
2024-06-26,Linville Falls,Avery,2024,6,35.972347,-81.933072,61.0,29.0
2024-06-26,Mendenhall School,Guilford,2024,6,36.1090060008986,-79.802314,84.0,62.0
2024-06-26,Millbrook School,Wake,2024,6,35.856111,-78.574167,74.0,56.5
2024-06-26,Pitt Agri. Center,Pitt,2024,6,35.6412760008938,-77.360126,46.0,48.0
2024-06-26,Rockwell,Rowan,2024,6,35.551868,-80.395039,67.0,60.0
2024-06-26,West Johnston Co.,Johnston,2024,6,35.59095,-78.4622,84.0,54.0
2024-06-27,Bryson City,Swain,2024,6,35.434767,-83.442133,34.0,45.0
2024-06-27,Castle Hayne,New Hanover,2024,6,34.364167,-77.838611,39.0,36.0
2024-06-27,Clemmons Middle,Forsyth,2024,6,36.026612,-80.341962,40.0,51.0
2024-06-27,Durham Armory,Durham,2024,6,36.0329550008979,-78.904037,43.0,54.0
2024-06-27,Frying Pan Mountain,Haywood,2024,6,35.379167,-82.7925,38.0,
2024-06-27,Garinger High School,Mecklenburg,2024,6,35.2401000008895,-80.785683,51.0,53.0
2024-06-27,Hattie Avenue,Forsyth,2024,6,36.11094,-80.224501,49.0,53.0
2024-06-27,Leggett,Edgecombe,2024,6,35.988278,-77.5843,44.0,49.0
2024-06-27,Linville Falls,Avery,2024,6,35.972347,-81.933072,36.0,
2024-06-27,Mendenhall School,Guilford,2024,6,36.1090060008986,-79.802314,46.0,41.0
2024-06-27,Millbrook School,Wake,2024,6,35.856111,-78.574167,45.0,48.0
2024-06-27,Pitt Agri. Center,Pitt,2024,6,35.6412760008938,-77.360126,43.0,48.0
2024-06-27,Rockwell,Rowan,2024,6,35.551868,-80.395039,45.0,52.0
2024-06-27,West Johnston Co.,Johnston,2024,6,35.59095,-78.4622,,47.0
2024-06-28,Bryson City,Swain,2024,6,35.434767,-83.442133,35.0,49.0
2024-06-28,Castle Hayne,New Hanover,2024,6,34.364167,-77.838611,45.0,37.0
2024-06-28,Clemmons Middle,Forsyth,2024,6,36.026612,-80.341962,67.0,53.0
2024-06-28,Durham Armory,Durham,2024,6,36.0329550008979,-78.904037,67.0,53.0
2024-06-28,Frying Pan Mountain,Haywood,2024,6,35.379167,-82.7925,39.0,
2024-06-28,Garinger High School,Mecklenburg,2024,6,35.2401000008895,-80.785683,51.0,56.0
2024-06-28,Hattie Avenue,Forsyth,2024,6,36.11094,-80.224501,77.0,55.0
2024-06-28,Leggett,Edgecombe,2024,6,35.988278,-77.5843,61.0,41.0
2024-06-28,Linville Falls,Avery,2024,6,35.972347,-81.933072,50.0,
2024-06-28,Mendenhall School,Guilford,2024,6,36.1090060008986,-79.802314,74.0,52.0
2024-06-28,Millbrook School,Wake,2024,6,35.856111,-78.574167,67.0,50.0
2024-06-28,Pitt Agri. Center,Pitt,2024,6,35.6412760008938,-77.360126,49.0,36.0
2024-06-28,Rockwell,Rowan,2024,6,35.551868,-80.395039,48.0,54.0
2024-06-28,West Johnston Co.,Johnston,2024,6,35.59095,-78.4622,64.0,52.0
2024-06-29,Bryson City,Swain,2024,6,35.434767,-83.442133,29.0,38.0
2024-06-29,Castle Hayne,New Hanover,2024,6,34.364167,-77.838611,30.0,19.0
2024-06-29,Clemmons Middle,Forsyth,2024,6,36.026612,-80.341962,36.0,41.0
2024-06-29,Durham Armory,Durham,2024,6,36.0329550008979,-78.904037,43.0,51.0
2024-06-29,Frying Pan Mountain,Haywood,2024,6,35.379167,-82.7925,33.0,14.0
2024-06-29,Garinger High School,Mecklenburg,2024,6,35.2401000008895,-80.785683,35.0,34.0
2024-06-29,Hattie Avenue,Forsyth,2024,6,36.11094,-80.224501,39.0,50.0
2024-06-29,Leggett,Edgecombe,2024,6,35.988278,-77.5843,36.0,46.0
2024-06-29,Linville Falls,Avery,2024,6,35.972347,-81.933072,28.0,33.0
2024-06-29,Mendenhall School,Guilford,2024,6,36.1090060008986,-79.802314,37.0,49.0
2024-06-29,Millbrook School,Wake,2024,6,35.856111,-78.574167,45.0,50.0
2024-06-29,Pitt Agri. Center,Pitt,2024,6,35.6412760008938,-77.360126,33.0,37.0
2024-06-29,Rockwell,Rowan,2024,6,35.551868,-80.395039,34.0,44.0
2024-06-29,West Johnston Co.,Johnston,2024,6,35.59095,-78.4622,42.0,47.0
2024-06-30,Bryson City,Swain,2024,6,35.434767,-83.442133,32.0,43.0
2024-06-30,Castle Hayne,New Hanover,2024,6,34.364167,-77.838611,24.0,17.5
2024-06-30,Clemmons Middle,Forsyth,2024,6,36.026612,-80.341962,36.0,37.0
2024-06-30,Durham Armory,Durham,2024,6,36.0329550008979,-78.904037,34.0,44.0
2024-06-30,Garinger High School,Mecklenburg,2024,6,35.2401000008895,-80.785683,42.0,36.0
2024-06-30,Hattie Avenue,Forsyth,2024,6,36.11094,-80.224501,37.0,46.0
2024-06-30,Leggett,Edgecombe,2024,6,35.988278,-77.5843,33.0,39.0
2024-06-30,Linville Falls,Avery,2024,6,35.972347,-81.933072,31.0,
2024-06-30,Mendenhall School,Guilford,2024,6,36.1090060008986,-79.802314,42.0,47.0
2024-06-30,Millbrook School,Wake,2024,6,35.856111,-78.574167,34.0,35.0
2024-06-30,Pitt Agri. Center,Pitt,2024,6,35.6412760008938,-77.360126,31.0,37.0
2024-06-30,Rockwell,Rowan,2024,6,35.551868,-80.395039,37.0,44.0
2024-06-30,West Johnston Co.,Johnston,2024,6,35.59095,-78.4622,32.0,33.0
2024-07-01,Bryson City,Swain,2024,7,35.434767,-83.442133,42.0,25.0
2024-07-01,Castle Hayne,New Hanover,2024,7,34.364167,-77.838611,30.0,26.0
2024-07-01,Clemmons Middle,Forsyth,2024,7,36.026612,-80.341962,49.0,34.0
2024-07-01,Durham Armory,Durham,2024,7,36.0329550008979,-78.904037,33.0,35.0
2024-07-01,Frying Pan Mountain,Haywood,2024,7,35.379167,-82.7925,44.0,
2024-07-01,Garinger High School,Mecklenburg,2024,7,35.2401000008895,-80.785683,50.0,41.0
2024-07-01,Hattie Avenue,Forsyth,2024,7,36.11094,-80.224501,48.0,37.0
2024-07-01,Leggett,Edgecombe,2024,7,35.988278,-77.5843,34.0,15.0
2024-07-01,Linville Falls,Avery,2024,7,35.972347,-81.933072,46.0,
2024-07-01,Mendenhall School,Guilford,2024,7,36.1090060008986,-79.802314,42.0,28.0
2024-07-01,Millbrook School,Wake,2024,7,35.856111,-78.574167,37.0,19.0
2024-07-01,Pitt Agri. Center,Pitt,2024,7,35.6412760008938,-77.360126,33.0,17.0
2024-07-01,Rockwell,Rowan,2024,7,35.551868,-80.395039,47.0,29.0
2024-07-01,West Johnston Co.,Johnston,2024,7,35.59095,-78.4622,36.0,19.0
2024-07-02,Bryson City,Swain,2024,7,35.434767,-83.442133,41.0,44.0
2024-07-02,Castle Hayne,New Hanover,2024,7,34.364167,-77.838611,41.0,15.0
2024-07-02,Clemmons Middle,Forsyth,2024,7,36.026612,-80.341962,71.0,22.0
2024-07-02,Durham Armory,Durham,2024,7,36.0329550008979,-78.904037,54.0,44.0
2024-07-02,Frying Pan Mountain,Haywood,2024,7,35.379167,-82.7925,44.0,
2024-07-02,Garinger High School,Mecklenburg,2024,7,35.2401000008895,-80.785683,49.0,28.5
2024-07-02,Hattie Avenue,Forsyth,2024,7,36.11094,-80.224501,84.0,24.0
2024-07-02,Leggett,Edgecombe,2024,7,35.988278,-77.5843,42.0,30.0
2024-07-02,Linville Falls,Avery,2024,7,35.972347,-81.933072,47.0,21.0
2024-07-02,Mendenhall School,Guilford,2024,7,36.1090060008986,-79.802314,58.0,26.0
2024-07-02,Millbrook School,Wake,2024,7,35.856111,-78.574167,54.0,27.5
2024-07-02,Pitt Agri. Center,Pitt,2024,7,35.6412760008938,-77.360126,44.0,28.0
2024-07-02,Rockwell,Rowan,2024,7,35.551868,-80.395039,47.0,27.0
2024-07-02,West Johnston Co.,Johnston,2024,7,35.59095,-78.4622,54.0,41.0
2024-07-03,Bryson City,Swain,2024,7,35.434767,-83.442133,39.0,38.0
2024-07-03,Castle Hayne,New Hanover,2024,7,34.364167,-77.838611,38.0,12.5
2024-07-03,Clemmons Middle,Forsyth,2024,7,36.026612,-80.341962,64.0,44.0
2024-07-03,Durham Armory,Durham,2024,7,36.0329550008979,-78.904037,67.0,54.0
2024-07-03,Frying Pan Mountain,Haywood,2024,7,35.379167,-82.7925,38.0,
2024-07-03,Garinger High School,Mecklenburg,2024,7,35.2401000008895,-80.785683,74.0,49.0
2024-07-03,Hattie Avenue,Forsyth,2024,7,36.11094,-80.224501,67.0,49.0
2024-07-03,Leggett,Edgecombe,2024,7,35.988278,-77.5843,50.0,39.0
2024-07-03,Linville Falls,Avery,2024,7,35.972347,-81.933072,47.0,
2024-07-03,Mendenhall School,Guilford,2024,7,36.1090060008986,-79.802314,51.0,51.0
2024-07-03,Millbrook School,Wake,2024,7,35.856111,-78.574167,71.0,42.0
2024-07-03,Pitt Agri. Center,Pitt,2024,7,35.6412760008938,-77.360126,47.0,23.0
2024-07-03,Rockwell,Rowan,2024,7,35.551868,-80.395039,74.0,51.0
2024-07-03,West Johnston Co.,Johnston,2024,7,35.59095,-78.4622,77.0,52.0
2024-07-04,Bryson City,Swain,2024,7,35.434767,-83.442133,36.0,53.0
2024-07-04,Castle Hayne,New Hanover,2024,7,34.364167,-77.838611,37.0,17.0
2024-07-04,Clemmons Middle,Forsyth,2024,7,36.026612,-80.341962,45.0,58.0
2024-07-04,Durham Armory,Durham,2024,7,36.0329550008979,-78.904037,42.0,56.0
2024-07-04,Frying Pan Mountain,Haywood,2024,7,35.379167,-82.7925,31.0,
2024-07-04,Garinger High School,Mecklenburg,2024,7,35.2401000008895,-80.785683,39.0,61.0
2024-07-04,Hattie Avenue,Forsyth,2024,7,36.11094,-80.224501,46.0,68.0
2024-07-04,Leggett,Edgecombe,2024,7,35.988278,-77.5843,48.0,42.0
2024-07-04,Linville Falls,Avery,2024,7,35.972347,-81.933072,38.0,
2024-07-04,Mendenhall School,Guilford,2024,7,36.1090060008986,-79.802314,46.0,61.0
2024-07-04,Millbrook School,Wake,2024,7,35.856111,-78.574167,45.0,56.0
2024-07-04,Pitt Agri. Center,Pitt,2024,7,35.6412760008938,-77.360126,45.0,36.0
2024-07-04,Rockwell,Rowan,2024,7,35.551868,-80.395039,41.0,53.0
2024-07-04,West Johnston Co.,Johnston,2024,7,35.59095,-78.4622,45.0,53.0
2024-07-05,Bryson City,Swain,2024,7,35.434767,-83.442133,23.0,37.0
2024-07-05,Castle Hayne,New Hanover,2024,7,34.364167,-77.838611,35.0,21.0
2024-07-05,Clemmons Middle,Forsyth,2024,7,36.026612,-80.341962,38.0,50.0
2024-07-05,Durham Armory,Durham,2024,7,36.0329550008979,-78.904037,32.0,60.0
2024-07-05,Frying Pan Mountain,Haywood,2024,7,35.379167,-82.7925,42.0,23.0
2024-07-05,Garinger High School,Mecklenburg,2024,7,35.2401000008895,-80.785683,37.0,52.5
2024-07-05,Hattie Avenue,Forsyth,2024,7,36.11094,-80.224501,41.0,57.0
2024-07-05,Leggett,Edgecombe,2024,7,35.988278,-77.5843,43.0,53.0
2024-07-05,Linville Falls,Avery,2024,7,35.972347,-81.933072,27.0,33.0
2024-07-05,Mendenhall School,Guilford,2024,7,36.1090060008986,-79.802314,41.0,65.0
2024-07-05,Millbrook School,Wake,2024,7,35.856111,-78.574167,41.0,55.5
2024-07-05,Pitt Agri. Center,Pitt,2024,7,35.6412760008938,-77.360126,41.0,47.0
2024-07-05,Rockwell,Rowan,2024,7,35.551868,-80.395039,39.0,52.0
2024-07-05,West Johnston Co.,Johnston,2024,7,35.59095,-78.4622,42.0,53.0
2024-07-06,Bryson City,Swain,2024,7,35.434767,-83.442133,32.0,26.0
2024-07-06,Castle Hayne,New Hanover,2024,7,34.364167,-77.838611,34.0,30.0
2024-07-06,Clemmons Middle,Forsyth,2024,7,36.026612,-80.341962,44.0,29.0
2024-07-06,Durham Armory,Durham,2024,7,36.0329550008979,-78.904037,39.0,44.0
2024-07-06,Frying Pan Mountain,Haywood,2024,7,35.379167,-82.7925,44.0,
2024-07-06,Garinger High School,Mecklenburg,2024,7,35.2401000008895,-80.785683,45.0,28.0
2024-07-06,Hattie Avenue,Forsyth,2024,7,36.11094,-80.224501,46.0,35.0
2024-07-06,Leggett,Edgecombe,2024,7,35.988278,-77.5843,45.0,51.0
2024-07-06,Linville Falls,Avery,2024,7,35.972347,-81.933072,31.0,
2024-07-06,Mendenhall School,Guilford,2024,7,36.1090060008986,-79.802314,51.0,35.0
2024-07-06,Millbrook School,Wake,2024,7,35.856111,-78.574167,48.0,47.0
2024-07-06,Pitt Agri. Center,Pitt,2024,7,35.6412760008938,-77.360126,40.0,50.0
2024-07-06,Rockwell,Rowan,2024,7,35.551868,-80.395039,40.0,36.0
2024-07-06,West Johnston Co.,Johnston,2024,7,35.59095,-78.4622,40.0,58.0
2024-07-07,Bryson City,Swain,2024,7,35.434767,-83.442133,26.0,28.0
2024-07-07,Castle Hayne,New Hanover,2024,7,34.364167,-77.838611,31.0,23.5
2024-07-07,Clemmons Middle,Forsyth,2024,7,36.026612,-80.341962,29.0,32.0
2024-07-07,Durham Armory,Durham,2024,7,36.0329550008979,-78.904037,28.0,42.0
2024-07-07,Frying Pan Mountain,Haywood,2024,7,35.379167,-82.7925,34.0,
2024-07-07,Garinger High School,Mecklenburg,2024,7,35.2401000008895,-80.785683,35.0,27.0
2024-07-07,Hattie Avenue,Forsyth,2024,7,36.11094,-80.224501,31.0,39.0
2024-07-07,Leggett,Edgecombe,2024,7,35.988278,-77.5843,35.0,44.0
2024-07-07,Linville Falls,Avery,2024,7,35.972347,-81.933072,30.0,
2024-07-07,Mendenhall School,Guilford,2024,7,36.1090060008986,-79.802314,29.0,38.0
2024-07-07,Millbrook School,Wake,2024,7,35.856111,-78.574167,28.0,51.0
2024-07-07,Pitt Agri. Center,Pitt,2024,7,35.6412760008938,-77.360126,38.0,47.0
2024-07-07,Rockwell,Rowan,2024,7,35.551868,-80.395039,36.0,34.0
2024-07-07,West Johnston Co.,Johnston,2024,7,35.59095,-78.4622,31.0,46.0
2024-07-08,Bryson City,Swain,2024,7,35.434767,-83.442133,31.0,26.0
2024-07-08,Castle Hayne,New Hanover,2024,7,34.364167,-77.838611,27.0,15.0
2024-07-08,Clemmons Middle,Forsyth,2024,7,36.026612,-80.341962,44.0,34.0
2024-07-08,Durham Armory,Durham,2024,7,36.0329550008979,-78.904037,35.0,40.0
2024-07-08,Frying Pan Mountain,Haywood,2024,7,35.379167,-82.7925,36.0,21.0
2024-07-08,Garinger High School,Mecklenburg,2024,7,35.2401000008895,-80.785683,74.0,29.0
2024-07-08,Hattie Avenue,Forsyth,2024,7,36.11094,-80.224501,58.0,46.0
2024-07-08,Leggett,Edgecombe,2024,7,35.988278,-77.5843,39.0,
2024-07-08,Linville Falls,Avery,2024,7,35.972347,-81.933072,26.0,25.0
2024-07-08,Mendenhall School,Guilford,2024,7,36.1090060008986,-79.802314,47.0,43.0
2024-07-08,Millbrook School,Wake,2024,7,35.856111,-78.574167,44.0,44.5
2024-07-08,Pitt Agri. Center,Pitt,2024,7,35.6412760008938,-77.360126,33.0,32.0
2024-07-08,Rockwell,Rowan,2024,7,35.551868,-80.395039,39.0,28.0
2024-07-08,West Johnston Co.,Johnston,2024,7,35.59095,-78.4622,39.0,41.0
2024-07-09,Bryson City,Swain,2024,7,35.434767,-83.442133,25.0,27.0
2024-07-09,Castle Hayne,New Hanover,2024,7,34.364167,-77.838611,24.0,12.5
2024-07-09,Clemmons Middle,Forsyth,2024,7,36.026612,-80.341962,50.0,36.0
2024-07-09,Durham Armory,Durham,2024,7,36.0329550008979,-78.904037,,41.0
2024-07-09,Frying Pan Mountain,Haywood,2024,7,35.379167,-82.7925,26.0,
2024-07-09,Garinger High School,Mecklenburg,2024,7,35.2401000008895,-80.785683,45.0,38.0
2024-07-09,Hattie Avenue,Forsyth,2024,7,36.11094,-80.224501,64.0,43.0
2024-07-09,Leggett,Edgecombe,2024,7,35.988278,-77.5843,33.0,
2024-07-09,Linville Falls,Avery,2024,7,35.972347,-81.933072,31.0,
2024-07-09,Mendenhall School,Guilford,2024,7,36.1090060008986,-79.802314,43.0,53.0
2024-07-09,Millbrook School,Wake,2024,7,35.856111,-78.574167,42.0,42.0
2024-07-09,Old High School,Swain,2024,7,35.498711,-83.310242,25.0,
2024-07-09,Pitt Agri. Center,Pitt,2024,7,35.6412760008938,-77.360126,30.0,25.0
2024-07-09,Rockwell,Rowan,2024,7,35.551868,-80.395039,45.0,46.0
2024-07-09,West Johnston Co.,Johnston,2024,7,35.59095,-78.4622,39.0,44.0
2024-07-10,Bryson City,Swain,2024,7,35.434767,-83.442133,36.0,19.0
2024-07-10,Castle Hayne,New Hanover,2024,7,34.364167,-77.838611,29.0,12.5
2024-07-10,Clemmons Middle,Forsyth,2024,7,36.026612,-80.341962,46.0,30.0
2024-07-10,Durham Armory,Durham,2024,7,36.0329550008979,-78.904037,38.0,51.0
2024-07-10,Frying Pan Mountain,Haywood,2024,7,35.379167,-82.7925,50.0,
2024-07-10,Garinger High School,Mecklenburg,2024,7,35.2401000008895,-80.785683,41.0,28.0
2024-07-10,Hattie Avenue,Forsyth,2024,7,36.11094,-80.224501,48.0,35.0
2024-07-10,Leggett,Edgecombe,2024,7,35.988278,-77.5843,32.0,21.0
2024-07-10,Linville Falls,Avery,2024,7,35.972347,-81.933072,44.0,
2024-07-10,Mendenhall School,Guilford,2024,7,36.1090060008986,-79.802314,40.0,37.0
2024-07-10,Millbrook School,Wake,2024,7,35.856111,-78.574167,36.0,46.0
2024-07-10,Old High School,Swain,2024,7,35.498711,-83.310242,36.0,
2024-07-10,Pitt Agri. Center,Pitt,2024,7,35.6412760008938,-77.360126,27.0,19.0
2024-07-10,Rockwell,Rowan,2024,7,35.551868,-80.395039,44.0,33.0
2024-07-10,West Johnston Co.,Johnston,2024,7,35.59095,-78.4622,37.0,46.0
2024-07-11,Bryson City,Swain,2024,7,35.434767,-83.442133,41.0,26.0
2024-07-11,Castle Hayne,New Hanover,2024,7,34.364167,-77.838611,26.0,14.5
2024-07-11,Clemmons Middle,Forsyth,2024,7,36.026612,-80.341962,51.0,22.5
2024-07-11,Durham Armory,Durham,2024,7,36.0329550008979,-78.904037,45.0,37.0
2024-07-11,Frying Pan Mountain,Haywood,2024,7,35.379167,-82.7925,58.0,18.0
2024-07-11,Garinger High School,Mecklenburg,2024,7,35.2401000008895,-80.785683,74.0,24.5
2024-07-11,Hattie Avenue,Forsyth,2024,7,36.11094,-80.224501,61.0,26.5
2024-07-11,Leggett,Edgecombe,2024,7,35.988278,-77.5843,26.0,24.0
2024-07-11,Linville Falls,Avery,2024,7,35.972347,-81.933072,42.0,20.0
2024-07-11,Mendenhall School,Guilford,2024,7,36.1090060008986,-79.802314,49.0,22.0
2024-07-11,Millbrook School,Wake,2024,7,35.856111,-78.574167,44.0,32.0
2024-07-11,Old High School,Swain,2024,7,35.498711,-83.310242,44.0,
2024-07-11,Pitt Agri. Center,Pitt,2024,7,35.6412760008938,-77.360126,20.0,18.0
2024-07-11,Rockwell,Rowan,2024,7,35.551868,-80.395039,67.0,19.0
2024-07-11,West Johnston Co.,Johnston,2024,7,35.59095,-78.4622,42.0,39.0
2024-07-12,Bryson City,Swain,2024,7,35.434767,-83.442133,42.0,40.0
2024-07-12,Castle Hayne,New Hanover,2024,7,34.364167,-77.838611,29.0,32.5
2024-07-12,Clemmons Middle,Forsyth,2024,7,36.026612,-80.341962,30.0,28.0
2024-07-12,Durham Armory,Durham,2024,7,36.0329550008979,-78.904037,24.0,21.0
2024-07-12,Frying Pan Mountain,Haywood,2024,7,35.379167,-82.7925,45.0,
2024-07-12,Garinger High School,Mecklenburg,2024,7,35.2401000008895,-80.785683,32.0,37.0
2024-07-12,Hattie Avenue,Forsyth,2024,7,36.11094,-80.224501,32.0,30.0
2024-07-12,Leggett,Edgecombe,2024,7,35.988278,-77.5843,24.0,11.0
2024-07-12,Linville Falls,Avery,2024,7,35.972347,-81.933072,43.0,
2024-07-12,Mendenhall School,Guilford,2024,7,36.1090060008986,-79.802314,30.0,26.0
2024-07-12,Millbrook School,Wake,2024,7,35.856111,-78.574167,22.0,19.0
2024-07-12,Old High School,Swain,2024,7,35.498711,-83.310242,37.0,
2024-07-12,Pitt Agri. Center,Pitt,2024,7,35.6412760008938,-77.360126,22.0,27.0
2024-07-12,Rockwell,Rowan,2024,7,35.551868,-80.395039,29.0,39.0
2024-07-12,West Johnston Co.,Johnston,2024,7,35.59095,-78.4622,21.0,22.0
2024-07-13,Bryson City,Swain,2024,7,35.434767,-83.442133,44.0,52.0
2024-07-13,Castle Hayne,New Hanover,2024,7,34.364167,-77.838611,35.0,24.5
2024-07-13,Clemmons Middle,Forsyth,2024,7,36.026612,-80.341962,46.0,25.0
2024-07-13,Durham Armory,Durham,2024,7,36.0329550008979,-78.904037,32.0,24.0
2024-07-13,Frying Pan Mountain,Haywood,2024,7,35.379167,-82.7925,58.0,
2024-07-13,Garinger High School,Mecklenburg,2024,7,35.2401000008895,-80.785683,77.0,31.0
2024-07-13,Hattie Avenue,Forsyth,2024,7,36.11094,-80.224501,51.0,29.0
2024-07-13,Leggett,Edgecombe,2024,7,35.988278,-77.5843,28.0,29.0
2024-07-13,Linville Falls,Avery,2024,7,35.972347,-81.933072,40.0,
2024-07-13,Mendenhall School,Guilford,2024,7,36.1090060008986,-79.802314,44.0,27.0
2024-07-13,Millbrook School,Wake,2024,7,35.856111,-78.574167,36.0,31.0
2024-07-13,Old High School,Swain,2024,7,35.498711,-83.310242,39.0,
2024-07-13,Pitt Agri. Center,Pitt,2024,7,35.6412760008938,-77.360126,31.0,37.0
2024-07-13,Rockwell,Rowan,2024,7,35.551868,-80.395039,47.0,28.0
2024-07-13,West Johnston Co.,Johnston,2024,7,35.59095,-78.4622,31.0,35.0
2024-07-14,Bryson City,Swain,2024,7,35.434767,-83.442133,40.0,51.0
2024-07-14,Castle Hayne,New Hanover,2024,7,34.364167,-77.838611,44.0,47.5
2024-07-14,Clemmons Middle,Forsyth,2024,7,36.026612,-80.341962,44.0,53.0
2024-07-14,Durham Armory,Durham,2024,7,36.0329550008979,-78.904037,47.0,56.0
2024-07-14,Frying Pan Mountain,Haywood,2024,7,35.379167,-82.7925,61.0,43.0
2024-07-14,Garinger High School,Mecklenburg,2024,7,35.2401000008895,-80.785683,50.0,53.0
2024-07-14,Hattie Avenue,Forsyth,2024,7,36.11094,-80.224501,50.0,55.5
2024-07-14,Leggett,Edgecombe,2024,7,35.988278,-77.5843,41.0,53.0
2024-07-14,Linville Falls,Avery,2024,7,35.972347,-81.933072,47.0,40.0
2024-07-14,Mendenhall School,Guilford,2024,7,36.1090060008986,-79.802314,58.0,54.0
2024-07-14,Millbrook School,Wake,2024,7,35.856111,-78.574167,47.0,55.0
2024-07-14,Old High School,Swain,2024,7,35.498711,-83.310242,35.0,53.0
2024-07-14,Pitt Agri. Center,Pitt,2024,7,35.6412760008938,-77.360126,47.0,56.0
2024-07-14,Rockwell,Rowan,2024,7,35.551868,-80.395039,48.0,54.0
2024-07-14,West Johnston Co.,Johnston,2024,7,35.59095,-78.4622,46.0,55.0
2024-07-15,Bryson City,Swain,2024,7,35.434767,-83.442133,38.0,53.0
2024-07-15,Castle Hayne,New Hanover,2024,7,34.364167,-77.838611,41.0,56.0
2024-07-15,Clemmons Middle,Forsyth,2024,7,36.026612,-80.341962,50.0,55.0
2024-07-15,Durham Armory,Durham,2024,7,36.0329550008979,-78.904037,77.0,64.0
2024-07-15,Frying Pan Mountain,Haywood,2024,7,35.379167,-82.7925,42.0,
2024-07-15,Garinger High School,Mecklenburg,2024,7,35.2401000008895,-80.785683,80.0,57.0
2024-07-15,Hattie Avenue,Forsyth,2024,7,36.11094,-80.224501,64.0,58.0
2024-07-15,Leggett,Edgecombe,2024,7,35.988278,-77.5843,46.0,58.0
2024-07-15,Linville Falls,Avery,2024,7,35.972347,-81.933072,40.0,
2024-07-15,Mendenhall School,Guilford,2024,7,36.1090060008986,-79.802314,100.0,59.0
2024-07-15,Millbrook School,Wake,2024,7,35.856111,-78.574167,93.0,65.0
2024-07-15,Old High School,Swain,2024,7,35.498711,-83.310242,31.0,
2024-07-15,Pitt Agri. Center,Pitt,2024,7,35.6412760008938,-77.360126,49.0,62.0
2024-07-15,Rockwell,Rowan,2024,7,35.551868,-80.395039,61.0,55.0
2024-07-15,West Johnston Co.,Johnston,2024,7,35.59095,-78.4622,51.0,61.0
2024-07-16,Bryson City,Swain,2024,7,35.434767,-83.442133,29.0,45.0
2024-07-16,Castle Hayne,New Hanover,2024,7,34.364167,-77.838611,40.0,50.5
2024-07-16,Clemmons Middle,Forsyth,2024,7,36.026612,-80.341962,43.0,55.0
2024-07-16,Durham Armory,Durham,2024,7,36.0329550008979,-78.904037,45.0,63.0
2024-07-16,Garinger High School,Mecklenburg,2024,7,35.2401000008895,-80.785683,49.0,53.0
2024-07-16,Hattie Avenue,Forsyth,2024,7,36.11094,-80.224501,47.0,59.0
2024-07-16,Leggett,Edgecombe,2024,7,35.988278,-77.5843,50.0,60.0
2024-07-16,Linville Falls,Avery,2024,7,35.972347,-81.933072,28.0,
2024-07-16,Mendenhall School,Guilford,2024,7,36.1090060008986,-79.802314,64.0,58.0
2024-07-16,Millbrook School,Wake,2024,7,35.856111,-78.574167,58.0,67.0
2024-07-16,Old High School,Swain,2024,7,35.498711,-83.310242,25.0,
2024-07-16,Pitt Agri. Center,Pitt,2024,7,35.6412760008938,-77.360126,44.0,63.0
2024-07-16,Rockwell,Rowan,2024,7,35.551868,-80.395039,46.0,52.0
2024-07-16,West Johnston Co.,Johnston,2024,7,35.59095,-78.4622,67.0,62.0
2024-07-17,Bryson City,Swain,2024,7,35.434767,-83.442133,30.0,41.0
2024-07-17,Castle Hayne,New Hanover,2024,7,34.364167,-77.838611,33.0,31.0
2024-07-17,Clemmons Middle,Forsyth,2024,7,36.026612,-80.341962,44.0,44.0
2024-07-17,Durham Armory,Durham,2024,7,36.0329550008979,-78.904037,42.0,56.0
2024-07-17,Frying Pan Mountain,Haywood,2024,7,35.379167,-82.7925,43.0,39.0
2024-07-17,Garinger High School,Mecklenburg,2024,7,35.2401000008895,-80.785683,46.0,45.0
2024-07-17,Hattie Avenue,Forsyth,2024,7,36.11094,-80.224501,45.0,50.5
2024-07-17,Leggett,Edgecombe,2024,7,35.988278,-77.5843,40.0,55.0
2024-07-17,Linville Falls,Avery,2024,7,35.972347,-81.933072,28.0,39.0
2024-07-17,Mendenhall School,Guilford,2024,7,36.1090060008986,-79.802314,51.0,51.0
2024-07-17,Millbrook School,Wake,2024,7,35.856111,-78.574167,,59.0
2024-07-17,Old High School,Swain,2024,7,35.498711,-83.310242,30.0,44.0
2024-07-17,Pitt Agri. Center,Pitt,2024,7,35.6412760008938,-77.360126,35.0,53.0
2024-07-17,Rockwell,Rowan,2024,7,35.551868,-80.395039,50.0,48.0
2024-07-17,West Johnston Co.,Johnston,2024,7,35.59095,-78.4622,43.0,55.0
2024-07-18,Bryson City,Swain,2024,7,35.434767,-83.442133,40.0,29.0
2024-07-18,Castle Hayne,New Hanover,2024,7,34.364167,-77.838611,29.0,28.5
2024-07-18,Clemmons Middle,Forsyth,2024,7,36.026612,-80.341962,43.0,34.0
2024-07-18,Durham Armory,Durham,2024,7,36.0329550008979,-78.904037,38.0,49.0
2024-07-18,Frying Pan Mountain,Haywood,2024,7,35.379167,-82.7925,39.0,
2024-07-18,Garinger High School,Mecklenburg,2024,7,35.2401000008895,-80.785683,47.0,40.0
2024-07-18,Hattie Avenue,Forsyth,2024,7,36.11094,-80.224501,44.0,39.0
2024-07-18,Leggett,Edgecombe,2024,7,35.988278,-77.5843,36.0,40.0
2024-07-18,Linville Falls,Avery,2024,7,35.972347,-81.933072,33.0,
2024-07-18,Mendenhall School,Guilford,2024,7,36.1090060008986,-79.802314,46.0,46.0
2024-07-18,Millbrook School,Wake,2024,7,35.856111,-78.574167,,47.0
2024-07-18,Old High School,Swain,2024,7,35.498711,-83.310242,36.0,
2024-07-18,Pitt Agri. Center,Pitt,2024,7,35.6412760008938,-77.360126,34.0,41.0
2024-07-18,Rockwell,Rowan,2024,7,35.551868,-80.395039,46.0,34.0
2024-07-18,West Johnston Co.,Johnston,2024,7,35.59095,-78.4622,39.0,52.0
2024-07-19,Bryson City,Swain,2024,7,35.434767,-83.442133,27.0,26.0
2024-07-19,Castle Hayne,New Hanover,2024,7,34.364167,-77.838611,22.0,
2024-07-19,Clemmons Middle,Forsyth,2024,7,36.026612,-80.341962,46.0,41.0
2024-07-19,Durham Armory,Durham,2024,7,36.0329550008979,-78.904037,37.0,53.0
2024-07-19,Frying Pan Mountain,Haywood,2024,7,35.379167,-82.7925,41.0,
2024-07-19,Garinger High School,Mecklenburg,2024,7,35.2401000008895,-80.785683,32.0,31.0
2024-07-19,Hattie Avenue,Forsyth,2024,7,36.11094,-80.224501,46.0,46.0
2024-07-19,Leggett,Edgecombe,2024,7,35.988278,-77.5843,33.0,36.0
2024-07-19,Linville Falls,Avery,2024,7,35.972347,-81.933072,37.0,
2024-07-19,Mendenhall School,Guilford,2024,7,36.1090060008986,-79.802314,42.0,45.0
2024-07-19,Millbrook School,Wake,2024,7,35.856111,-78.574167,35.0,48.0
2024-07-19,Old High School,Swain,2024,7,35.498711,-83.310242,29.0,
2024-07-19,Pitt Agri. Center,Pitt,2024,7,35.6412760008938,-77.360126,33.0,33.0
2024-07-19,Rockwell,Rowan,2024,7,35.551868,-80.395039,36.0,32.0
2024-07-19,West Johnston Co.,Johnston,2024,7,35.59095,-78.4622,36.0,37.0
2024-07-20,Bryson City,Swain,2024,7,35.434767,-83.442133,28.0,17.0
2024-07-20,Castle Hayne,New Hanover,2024,7,34.364167,-77.838611,20.0,
2024-07-20,Clemmons Middle,Forsyth,2024,7,36.026612,-80.341962,32.0,24.0
2024-07-20,Durham Armory,Durham,2024,7,36.0329550008979,-78.904037,32.0,33.0
2024-07-20,Frying Pan Mountain,Haywood,2024,7,35.379167,-82.7925,31.0,11.0
2024-07-20,Garinger High School,Mecklenburg,2024,7,35.2401000008895,-80.785683,33.0,36.5
2024-07-20,Hattie Avenue,Forsyth,2024,7,36.11094,-80.224501,32.0,26.0
2024-07-20,Leggett,Edgecombe,2024,7,35.988278,-77.5843,32.0,31.0
2024-07-20,Linville Falls,Avery,2024,7,35.972347,-81.933072,31.0,21.0
2024-07-20,Mendenhall School,Guilford,2024,7,36.1090060008986,-79.802314,33.0,28.0
2024-07-20,Millbrook School,Wake,2024,7,35.856111,-78.574167,34.0,32.5
2024-07-20,Old High School,Swain,2024,7,35.498711,-83.310242,31.0,26.0
2024-07-20,Pitt Agri. Center,Pitt,2024,7,35.6412760008938,-77.360126,32.0,24.0
2024-07-20,Rockwell,Rowan,2024,7,35.551868,-80.395039,38.0,17.0
2024-07-20,West Johnston Co.,Johnston,2024,7,35.59095,-78.4622,32.0,34.0
2024-07-21,Bryson City,Swain,2024,7,35.434767,-83.442133,27.0,14.0
2024-07-21,Castle Hayne,New Hanover,2024,7,34.364167,-77.838611,26.0,
2024-07-21,Clemmons Middle,Forsyth,2024,7,36.026612,-80.341962,31.0,19.0
2024-07-21,Durham Armory,Durham,2024,7,36.0329550008979,-78.904037,42.0,34.0
2024-07-21,Frying Pan Mountain,Haywood,2024,7,35.379167,-82.7925,35.0,
2024-07-21,Garinger High School,Mecklenburg,2024,7,35.2401000008895,-80.785683,24.0,13.0
2024-07-21,Hattie Avenue,Forsyth,2024,7,36.11094,-80.224501,37.0,27.0
2024-07-21,Leggett,Edgecombe,2024,7,35.988278,-77.5843,32.0,31.0
2024-07-21,Linville Falls,Avery,2024,7,35.972347,-81.933072,25.0,
2024-07-21,Mendenhall School,Guilford,2024,7,36.1090060008986,-79.802314,44.0,31.0
2024-07-21,Millbrook School,Wake,2024,7,35.856111,-78.574167,40.0,33.0
2024-07-21,Old High School,Swain,2024,7,35.498711,-83.310242,26.0,
2024-07-21,Pitt Agri. Center,Pitt,2024,7,35.6412760008938,-77.360126,32.0,24.0
2024-07-21,Rockwell,Rowan,2024,7,35.551868,-80.395039,29.0,22.0
2024-07-21,West Johnston Co.,Johnston,2024,7,35.59095,-78.4622,31.0,29.0
2024-07-22,Bryson City,Swain,2024,7,35.434767,-83.442133,30.0,25.0
2024-07-22,Castle Hayne,New Hanover,2024,7,34.364167,-77.838611,18.0,
2024-07-22,Clemmons Middle,Forsyth,2024,7,36.026612,-80.341962,36.0,22.0
2024-07-22,Durham Armory,Durham,2024,7,36.0329550008979,-78.904037,29.0,22.0
2024-07-22,Frying Pan Mountain,Haywood,2024,7,35.379167,-82.7925,36.0,
2024-07-22,Garinger High School,Mecklenburg,2024,7,35.2401000008895,-80.785683,33.0,18.0
2024-07-22,Hattie Avenue,Forsyth,2024,7,36.11094,-80.224501,38.0,27.0
2024-07-22,Leggett,Edgecombe,2024,7,35.988278,-77.5843,28.0,18.0
2024-07-22,Linville Falls,Avery,2024,7,35.972347,-81.933072,30.0,
2024-07-22,Mendenhall School,Guilford,2024,7,36.1090060008986,-79.802314,39.0,26.0
2024-07-22,Millbrook School,Wake,2024,7,35.856111,-78.574167,31.0,20.0
2024-07-22,Old High School,Swain,2024,7,35.498711,-83.310242,31.0,
2024-07-22,Pitt Agri. Center,Pitt,2024,7,35.6412760008938,-77.360126,25.0,18.0
2024-07-22,Rockwell,Rowan,2024,7,35.551868,-80.395039,32.0,17.0
2024-07-22,West Johnston Co.,Johnston,2024,7,35.59095,-78.4622,27.0,13.0
2024-07-23,Bryson City,Swain,2024,7,35.434767,-83.442133,27.0,28.0
2024-07-23,Castle Hayne,New Hanover,2024,7,34.364167,-77.838611,23.0,
2024-07-23,Clemmons Middle,Forsyth,2024,7,36.026612,-80.341962,38.0,30.5
2024-07-23,Durham Armory,Durham,2024,7,36.0329550008979,-78.904037,31.0,34.0
2024-07-23,Frying Pan Mountain,Haywood,2024,7,35.379167,-82.7925,36.0,18.0
2024-07-23,Garinger High School,Mecklenburg,2024,7,35.2401000008895,-80.785683,31.0,24.0
2024-07-23,Hattie Avenue,Forsyth,2024,7,36.11094,-80.224501,41.0,30.0
2024-07-23,Leggett,Edgecombe,2024,7,35.988278,-77.5843,27.0,
2024-07-23,Linville Falls,Avery,2024,7,35.972347,-81.933072,30.0,24.0
2024-07-23,Mendenhall School,Guilford,2024,7,36.1090060008986,-79.802314,39.0,31.0
2024-07-23,Millbrook School,Wake,2024,7,35.856111,-78.574167,32.0,30.0
2024-07-23,Old High School,Swain,2024,7,35.498711,-83.310242,28.0,31.0
2024-07-23,Pitt Agri. Center,Pitt,2024,7,35.6412760008938,-77.360126,26.0,52.0
2024-07-23,Rockwell,Rowan,2024,7,35.551868,-80.395039,35.0,29.0
2024-07-23,West Johnston Co.,Johnston,2024,7,35.59095,-78.4622,28.0,43.0
2024-07-24,Bryson City,Swain,2024,7,35.434767,-83.442133,26.0,28.0
2024-07-24,Castle Hayne,New Hanover,2024,7,34.364167,-77.838611,26.0,
2024-07-24,Clemmons Middle,Forsyth,2024,7,36.026612,-80.341962,34.0,32.0
2024-07-24,Durham Armory,Durham,2024,7,36.0329550008979,-78.904037,29.0,23.0
2024-07-24,Frying Pan Mountain,Haywood,2024,7,35.379167,-82.7925,30.0,
2024-07-24,Garinger High School,Mecklenburg,2024,7,35.2401000008895,-80.785683,37.0,18.0
2024-07-24,Hattie Avenue,Forsyth,2024,7,36.11094,-80.224501,38.0,40.0
2024-07-24,Leggett,Edgecombe,2024,7,35.988278,-77.5843,31.0,
2024-07-24,Linville Falls,Avery,2024,7,35.972347,-81.933072,30.0,
2024-07-24,Mendenhall School,Guilford,2024,7,36.1090060008986,-79.802314,40.0,31.0
2024-07-24,Millbrook School,Wake,2024,7,35.856111,-78.574167,31.0,28.0
2024-07-24,Old High School,Swain,2024,7,35.498711,-83.310242,29.0,
2024-07-24,Pitt Agri. Center,Pitt,2024,7,35.6412760008938,-77.360126,25.0,28.0
2024-07-24,Rockwell,Rowan,2024,7,35.551868,-80.395039,40.0,25.0
2024-07-24,West Johnston Co.,Johnston,2024,7,35.59095,-78.4622,30.0,27.0
2024-07-25,Bryson City,Swain,2024,7,35.434767,-83.442133,19.0,6.0
2024-07-25,Castle Hayne,New Hanover,2024,7,34.364167,-77.838611,18.0,22.0
2024-07-25,Clemmons Middle,Forsyth,2024,7,36.026612,-80.341962,23.0,22.0
2024-07-25,Durham Armory,Durham,2024,7,36.0329550008979,-78.904037,24.0,21.0
2024-07-25,Frying Pan Mountain,Haywood,2024,7,35.379167,-82.7925,31.0,
2024-07-25,Garinger High School,Mecklenburg,2024,7,35.2401000008895,-80.785683,29.0,21.0
2024-07-25,Hattie Avenue,Forsyth,2024,7,36.11094,-80.224501,27.0,26.0
2024-07-25,Leggett,Edgecombe,2024,7,35.988278,-77.5843,23.0,
2024-07-25,Linville Falls,Avery,2024,7,35.972347,-81.933072,23.0,
2024-07-25,Mendenhall School,Guilford,2024,7,36.1090060008986,-79.802314,27.0,22.0
2024-07-25,Millbrook School,Wake,2024,7,35.856111,-78.574167,24.0,23.0
2024-07-25,Old High School,Swain,2024,7,35.498711,-83.310242,17.0,
2024-07-25,Pitt Agri. Center,Pitt,2024,7,35.6412760008938,-77.360126,24.0,27.0
2024-07-25,Rockwell,Rowan,2024,7,35.551868,-80.395039,31.0,22.0
2024-07-25,West Johnston Co.,Johnston,2024,7,35.59095,-78.4622,27.0,24.0
2024-07-26,Bryson City,Swain,2024,7,35.434767,-83.442133,24.0,42.0
2024-07-26,Castle Hayne,New Hanover,2024,7,34.364167,-77.838611,23.0,14.0
2024-07-26,Clemmons Middle,Forsyth,2024,7,36.026612,-80.341962,36.0,50.0
2024-07-26,Durham Armory,Durham,2024,7,36.0329550008979,-78.904037,30.0,47.0
2024-07-26,Frying Pan Mountain,Haywood,2024,7,35.379167,-82.7925,42.0,46.0
2024-07-26,Garinger High School,Mecklenburg,2024,7,35.2401000008895,-80.785683,36.0,39.5
2024-07-26,Hattie Avenue,Forsyth,2024,7,36.11094,-80.224501,38.0,50.5
2024-07-26,Leggett,Edgecombe,2024,7,35.988278,-77.5843,30.0,
2024-07-26,Linville Falls,Avery,2024,7,35.972347,-81.933072,31.0,56.0
2024-07-26,Mendenhall School,Guilford,2024,7,36.1090060008986,-79.802314,33.0,51.0
2024-07-26,Millbrook School,Wake,2024,7,35.856111,-78.574167,30.0,40.5
2024-07-26,Old High School,Swain,2024,7,35.498711,-83.310242,23.0,43.0
2024-07-26,Pitt Agri. Center,Pitt,2024,7,35.6412760008938,-77.360126,24.0,20.0
2024-07-26,Rockwell,Rowan,2024,7,35.551868,-80.395039,31.0,44.0
2024-07-26,West Johnston Co.,Johnston,2024,7,35.59095,-78.4622,26.0,32.0
2024-07-27,Bryson City,Swain,2024,7,35.434767,-83.442133,31.0,55.0
2024-07-27,Castle Hayne,New Hanover,2024,7,34.364167,-77.838611,41.0,32.0
2024-07-27,Clemmons Middle,Forsyth,2024,7,36.026612,-80.341962,49.0,59.0
2024-07-27,Durham Armory,Durham,2024,7,36.0329550008979,-78.904037,42.0,59.0
2024-07-27,Frying Pan Mountain,Haywood,2024,7,35.379167,-82.7925,32.0,
2024-07-27,Garinger High School,Mecklenburg,2024,7,35.2401000008895,-80.785683,42.0,56.0
2024-07-27,Hattie Avenue,Forsyth,2024,7,36.11094,-80.224501,49.0,63.0
2024-07-27,Leggett,Edgecombe,2024,7,35.988278,-77.5843,38.0,
2024-07-27,Linville Falls,Avery,2024,7,35.972347,-81.933072,35.0,
2024-07-27,Mendenhall School,Guilford,2024,7,36.1090060008986,-79.802314,47.0,60.0
2024-07-27,Millbrook School,Wake,2024,7,35.856111,-78.574167,40.0,53.0
2024-07-27,Old High School,Swain,2024,7,35.498711,-83.310242,33.0,
2024-07-27,Pitt Agri. Center,Pitt,2024,7,35.6412760008938,-77.360126,43.0,25.0
2024-07-27,Rockwell,Rowan,2024,7,35.551868,-80.395039,42.0,56.0
2024-07-27,West Johnston Co.,Johnston,2024,7,35.59095,-78.4622,42.0,49.0
2024-07-28,Bryson City,Swain,2024,7,35.434767,-83.442133,25.0,52.0
2024-07-28,Castle Hayne,New Hanover,2024,7,34.364167,-77.838611,45.0,42.5
2024-07-28,Clemmons Middle,Forsyth,2024,7,36.026612,-80.341962,43.0,59.0
2024-07-28,Durham Armory,Durham,2024,7,36.0329550008979,-78.904037,47.0,56.0
2024-07-28,Frying Pan Mountain,Haywood,2024,7,35.379167,-82.7925,28.0,
2024-07-28,Garinger High School,Mecklenburg,2024,7,35.2401000008895,-80.785683,44.0,57.0
2024-07-28,Hattie Avenue,Forsyth,2024,7,36.11094,-80.224501,47.0,62.0
2024-07-28,Leggett,Edgecombe,2024,7,35.988278,-77.5843,44.0,
2024-07-28,Linville Falls,Avery,2024,7,35.972347,-81.933072,31.0,
2024-07-28,Mendenhall School,Guilford,2024,7,36.1090060008986,-79.802314,46.0,61.0
2024-07-28,Millbrook School,Wake,2024,7,35.856111,-78.574167,49.0,50.0
2024-07-28,Old High School,Swain,2024,7,35.498711,-83.310242,29.0,
2024-07-28,Pitt Agri. Center,Pitt,2024,7,35.6412760008938,-77.360126,46.0,42.0
2024-07-28,Rockwell,Rowan,2024,7,35.551868,-80.395039,40.0,58.0
2024-07-28,West Johnston Co.,Johnston,2024,7,35.59095,-78.4622,50.0,52.0
2024-07-29,Bryson City,Swain,2024,7,35.434767,-83.442133,26.0,29.0
2024-07-29,Castle Hayne,New Hanover,2024,7,34.364167,-77.838611,38.0,53.0
2024-07-29,Clemmons Middle,Forsyth,2024,7,36.026612,-80.341962,31.0,48.5
2024-07-29,Durham Armory,Durham,2024,7,36.0329550008979,-78.904037,32.0,57.0
2024-07-29,Frying Pan Mountain,Haywood,2024,7,35.379167,-82.7925,35.0,18.0
2024-07-29,Garinger High School,Mecklenburg,2024,7,35.2401000008895,-80.785683,,48.0
2024-07-29,Hattie Avenue,Forsyth,2024,7,36.11094,-80.224501,33.0,54.0
2024-07-29,Leggett,Edgecombe,2024,7,35.988278,-77.5843,38.0,
2024-07-29,Linville Falls,Avery,2024,7,35.972347,-81.933072,26.0,24.0
2024-07-29,Mendenhall School,Guilford,2024,7,36.1090060008986,-79.802314,33.0,53.0
2024-07-29,Millbrook School,Wake,2024,7,35.856111,-78.574167,29.0,54.5
2024-07-29,Old High School,Swain,2024,7,35.498711,-83.310242,23.0,31.0
2024-07-29,Pitt Agri. Center,Pitt,2024,7,35.6412760008938,-77.360126,40.0,55.0
2024-07-29,Rockwell,Rowan,2024,7,35.551868,-80.395039,23.0,49.0
2024-07-29,West Johnston Co.,Johnston,2024,7,35.59095,-78.4622,29.0,53.0
2024-07-30,Bryson City,Swain,2024,7,35.434767,-83.442133,24.0,28.0
2024-07-30,Castle Hayne,New Hanover,2024,7,34.364167,-77.838611,40.0,36.5
2024-07-30,Clemmons Middle,Forsyth,2024,7,36.026612,-80.341962,44.0,34.0
2024-07-30,Durham Armory,Durham,2024,7,36.0329550008979,-78.904037,30.0,55.0
2024-07-30,Frying Pan Mountain,Haywood,2024,7,35.379167,-82.7925,51.0,
2024-07-30,Garinger High School,Mecklenburg,2024,7,35.2401000008895,-80.785683,34.0,21.0
2024-07-30,Hattie Avenue,Forsyth,2024,7,36.11094,-80.224501,47.0,43.0
2024-07-30,Leggett,Edgecombe,2024,7,35.988278,-77.5843,35.0,52.0
2024-07-30,Linville Falls,Avery,2024,7,35.972347,-81.933072,35.0,
2024-07-30,Mendenhall School,Guilford,2024,7,36.1090060008986,-79.802314,48.0,39.0
2024-07-30,Millbrook School,Wake,2024,7,35.856111,-78.574167,37.0,55.0
2024-07-30,Old High School,Swain,2024,7,35.498711,-83.310242,25.0,
2024-07-30,Pitt Agri. Center,Pitt,2024,7,35.6412760008938,-77.360126,38.0,52.0
2024-07-30,Rockwell,Rowan,2024,7,35.551868,-80.395039,43.0,26.0
2024-07-30,West Johnston Co.,Johnston,2024,7,35.59095,-78.4622,38.0,49.0
2024-07-31,Bryson City,Swain,2024,7,35.434767,-83.442133,28.0,26.0
2024-07-31,Castle Hayne,New Hanover,2024,7,34.364167,-77.838611,44.0,29.0
2024-07-31,Clemmons Middle,Forsyth,2024,7,36.026612,-80.341962,43.0,37.0
2024-07-31,Durham Armory,Durham,2024,7,36.0329550008979,-78.904037,47.0,46.0
2024-07-31,Frying Pan Mountain,Haywood,2024,7,35.379167,-82.7925,44.0,
2024-07-31,Garinger High School,Mecklenburg,2024,7,35.2401000008895,-80.785683,54.0,22.0
2024-07-31,Hattie Avenue,Forsyth,2024,7,36.11094,-80.224501,47.0,44.0
2024-07-31,Leggett,Edgecombe,2024,7,35.988278,-77.5843,41.0,46.0
2024-07-31,Linville Falls,Avery,2024,7,35.972347,-81.933072,39.0,
2024-07-31,Mendenhall School,Guilford,2024,7,36.1090060008986,-79.802314,51.0,37.0
2024-07-31,Millbrook School,Wake,2024,7,35.856111,-78.574167,50.0,50.0
2024-07-31,Old High School,Swain,2024,7,35.498711,-83.310242,27.0,
2024-07-31,Pitt Agri. Center,Pitt,2024,7,35.6412760008938,-77.360126,42.0,41.0
2024-07-31,Rockwell,Rowan,2024,7,35.551868,-80.395039,48.0,26.0
2024-07-31,West Johnston Co.,Johnston,2024,7,35.59095,-78.4622,43.0,52.0
2024-08-01,Bryson City,Swain,2024,8,35.434767,-83.442133,21.0,37.0
2024-08-01,Castle Hayne,New Hanover,2024,8,34.364167,-77.838611,41.0,46.5
2024-08-01,Clemmons Middle,Forsyth,2024,8,36.026612,-80.341962,43.0,38.0
2024-08-01,Durham Armory,Durham,2024,8,36.0329550008979,-78.904037,42.0,52.0
2024-08-01,Frying Pan Mountain,Haywood,2024,8,35.379167,-82.7925,27.0,31.0
2024-08-01,Garinger High School,Mecklenburg,2024,8,35.2401000008895,-80.785683,77.0,40.0
2024-08-01,Hattie Avenue,Forsyth,2024,8,36.11094,-80.224501,46.0,42.0
2024-08-01,Leggett,Edgecombe,2024,8,35.988278,-77.5843,44.0,53.0
2024-08-01,Linville Falls,Avery,2024,8,35.972347,-81.933072,26.0,31.0
2024-08-01,Mendenhall School,Guilford,2024,8,36.1090060008986,-79.802314,45.0,47.0
2024-08-01,Millbrook School,Wake,2024,8,35.856111,-78.574167,54.0,52.5
2024-08-01,Old High School,Swain,2024,8,35.498711,-83.310242,20.0,42.0
2024-08-01,Pitt Agri. Center,Pitt,2024,8,35.6412760008938,-77.360126,44.0,55.0
2024-08-01,Rockwell,Rowan,2024,8,35.551868,-80.395039,46.0,45.0
2024-08-01,West Johnston Co.,Johnston,2024,8,35.59095,-78.4622,47.0,56.0
2024-08-02,Bryson City,Swain,2024,8,35.434767,-83.442133,27.0,70.0
2024-08-02,Castle Hayne,New Hanover,2024,8,34.364167,-77.838611,33.0,41.0
2024-08-02,Clemmons Middle,Forsyth,2024,8,36.026612,-80.341962,35.0,50.0
2024-08-02,Durham Armory,Durham,2024,8,36.0329550008979,-78.904037,36.0,55.0
2024-08-02,Frying Pan Mountain,Haywood,2024,8,35.379167,-82.7925,43.0,
2024-08-02,Garinger High School,Mecklenburg,2024,8,35.2401000008895,-80.785683,31.0,60.0
2024-08-02,Hattie Avenue,Forsyth,2024,8,36.11094,-80.224501,37.0,54.0
2024-08-02,Leggett,Edgecombe,2024,8,35.988278,-77.5843,35.0,57.0
2024-08-02,Linville Falls,Avery,2024,8,35.972347,-81.933072,27.0,
2024-08-02,Mendenhall School,Guilford,2024,8,36.1090060008986,-79.802314,38.0,56.0
2024-08-02,Millbrook School,Wake,2024,8,35.856111,-78.574167,39.0,54.0
2024-08-02,Old High School,Swain,2024,8,35.498711,-83.310242,28.0,
2024-08-02,Pitt Agri. Center,Pitt,2024,8,35.6412760008938,-77.360126,33.0,53.0
2024-08-02,Rockwell,Rowan,2024,8,35.551868,-80.395039,35.0,55.0
2024-08-02,West Johnston Co.,Johnston,2024,8,35.59095,-78.4622,33.0,54.0
2024-08-03,Bryson City,Swain,2024,8,35.434767,-83.442133,42.0,54.0
2024-08-03,Castle Hayne,New Hanover,2024,8,34.364167,-77.838611,19.0,42.0
2024-08-03,Clemmons Middle,Forsyth,2024,8,36.026612,-80.341962,36.0,56.0
2024-08-03,Durham Armory,Durham,2024,8,36.0329550008979,-78.904037,34.0,57.0
2024-08-03,Frying Pan Mountain,Haywood,2024,8,35.379167,-82.7925,42.0,
2024-08-03,Garinger High School,Mecklenburg,2024,8,35.2401000008895,-80.785683,32.0,58.0
2024-08-03,Hattie Avenue,Forsyth,2024,8,36.11094,-80.224501,38.0,62.0
2024-08-03,Leggett,Edgecombe,2024,8,35.988278,-77.5843,29.0,54.0
2024-08-03,Linville Falls,Avery,2024,8,35.972347,-81.933072,34.0,
2024-08-03,Mendenhall School,Guilford,2024,8,36.1090060008986,-79.802314,34.0,59.0
2024-08-03,Millbrook School,Wake,2024,8,35.856111,-78.574167,31.0,55.0
2024-08-03,Old High School,Swain,2024,8,35.498711,-83.310242,39.0,
2024-08-03,Pitt Agri. Center,Pitt,2024,8,35.6412760008938,-77.360126,27.0,48.0
2024-08-03,Rockwell,Rowan,2024,8,35.551868,-80.395039,31.0,58.0
2024-08-04,Bryson City,Swain,2024,8,35.434767,-83.442133,37.0,31.0
2024-08-04,Castle Hayne,New Hanover,2024,8,34.364167,-77.838611,23.0,21.5
2024-08-04,Clemmons Middle,Forsyth,2024,8,36.026612,-80.341962,42.0,38.5
2024-08-04,Durham Armory,Durham,2024,8,36.0329550008979,-78.904037,35.0,43.0
2024-08-04,Frying Pan Mountain,Haywood,2024,8,35.379167,-82.7925,41.0,22.0
2024-08-04,Garinger High School,Mecklenburg,2024,8,35.2401000008895,-80.785683,44.0,44.0
2024-08-04,Hattie Avenue,Forsyth,2024,8,36.11094,-80.224501,41.0,41.0
2024-08-04,Leggett,Edgecombe,2024,8,35.988278,-77.5843,31.0,31.0
2024-08-04,Linville Falls,Avery,2024,8,35.972347,-81.933072,38.0,29.0
2024-08-04,Mendenhall School,Guilford,2024,8,36.1090060008986,-79.802314,44.0,43.0
2024-08-04,Millbrook School,Wake,2024,8,35.856111,-78.574167,31.0,37.5
2024-08-04,Old High School,Swain,2024,8,35.498711,-83.310242,40.0,49.0
2024-08-04,Pitt Agri. Center,Pitt,2024,8,35.6412760008938,-77.360126,30.0,18.0
2024-08-04,Rockwell,Rowan,2024,8,35.551868,-80.395039,41.0,36.0
2024-08-04,West Johnston Co.,Johnston,2024,8,35.59095,-78.4622,32.0,26.0
2024-08-05,Bryson City,Swain,2024,8,35.434767,-83.442133,42.0,44.0
2024-08-05,Clemmons Middle,Forsyth,2024,8,36.026612,-80.341962,44.0,34.0
2024-08-05,Durham Armory,Durham,2024,8,36.0329550008979,-78.904037,40.0,36.0
2024-08-05,Frying Pan Mountain,Haywood,2024,8,35.379167,-82.7925,37.0,
2024-08-05,Garinger High School,Mecklenburg,2024,8,35.2401000008895,-80.785683,24.0,17.0
2024-08-05,Hattie Avenue,Forsyth,2024,8,36.11094,-80.224501,47.0,46.0
2024-08-05,Leggett,Edgecombe,2024,8,35.988278,-77.5843,22.0,14.0
2024-08-05,Linville Falls,Avery,2024,8,35.972347,-81.933072,40.0,
2024-08-05,Mendenhall School,Guilford,2024,8,36.1090060008986,-79.802314,42.0,41.0
2024-08-05,Millbrook School,Wake,2024,8,35.856111,-78.574167,30.0,32.0
2024-08-05,Old High School,Swain,2024,8,35.498711,-83.310242,37.0,
2024-08-05,Pitt Agri. Center,Pitt,2024,8,35.6412760008938,-77.360126,19.0,17.0
2024-08-05,Rockwell,Rowan,2024,8,35.551868,-80.395039,31.0,29.0
2024-08-05,West Johnston Co.,Johnston,2024,8,35.59095,-78.4622,24.0,24.0
2024-08-06,Bryson City,Swain,2024,8,35.434767,-83.442133,31.0,39.0
2024-08-06,Castle Hayne,New Hanover,2024,8,34.364167,-77.838611,24.0,25.0
2024-08-06,Clemmons Middle,Forsyth,2024,8,36.026612,-80.341962,24.0,19.0
2024-08-06,Durham Armory,Durham,2024,8,36.0329550008979,-78.904037,17.0,18.0
2024-08-06,Frying Pan Mountain,Haywood,2024,8,35.379167,-82.7925,27.0,
2024-08-06,Garinger High School,Mecklenburg,2024,8,35.2401000008895,-80.785683,17.0,14.0
2024-08-06,Hattie Avenue,Forsyth,2024,8,36.11094,-80.224501,26.0,22.0
2024-08-06,Leggett,Edgecombe,2024,8,35.988278,-77.5843,15.0,12.0
2024-08-06,Linville Falls,Avery,2024,8,35.972347,-81.933072,25.0,
2024-08-06,Mendenhall School,Guilford,2024,8,36.1090060008986,-79.802314,20.0,18.0
2024-08-06,Millbrook School,Wake,2024,8,35.856111,-78.574167,15.0,23.0
2024-08-06,Old High School,Swain,2024,8,35.498711,-83.310242,28.0,
2024-08-06,Pitt Agri. Center,Pitt,2024,8,35.6412760008938,-77.360126,14.0,12.0
2024-08-06,Rockwell,Rowan,2024,8,35.551868,-80.395039,17.0,11.0
2024-08-06,West Johnston Co.,Johnston,2024,8,35.59095,-78.4622,17.0,17.0
2024-08-07,Bryson City,Swain,2024,8,35.434767,-83.442133,35.0,38.0
2024-08-07,Castle Hayne,New Hanover,2024,8,34.364167,-77.838611,37.0,33.0
2024-08-07,Clemmons Middle,Forsyth,2024,8,36.026612,-80.341962,24.0,21.0
2024-08-07,Durham Armory,Durham,2024,8,36.0329550008979,-78.904037,24.0,18.0
2024-08-07,Frying Pan Mountain,Haywood,2024,8,35.379167,-82.7925,31.0,19.0
2024-08-07,Garinger High School,Mecklenburg,2024,8,35.2401000008895,-80.785683,28.0,12.5
2024-08-07,Hattie Avenue,Forsyth,2024,8,36.11094,-80.224501,26.0,31.5
2024-08-07,Leggett,Edgecombe,2024,8,35.988278,-77.5843,19.0,17.0
2024-08-07,Linville Falls,Avery,2024,8,35.972347,-81.933072,28.0,12.0
2024-08-07,Mendenhall School,Guilford,2024,8,36.1090060008986,-79.802314,22.0,26.0
2024-08-07,Millbrook School,Wake,2024,8,35.856111,-78.574167,25.0,25.5
2024-08-07,Old High School,Swain,2024,8,35.498711,-83.310242,35.0,49.0
2024-08-07,Pitt Agri. Center,Pitt,2024,8,35.6412760008938,-77.360126,19.0,11.0
2024-08-07,Rockwell,Rowan,2024,8,35.551868,-80.395039,29.0,8.0
2024-08-07,West Johnston Co.,Johnston,2024,8,35.59095,-78.4622,28.0,14.0
2024-08-08,Bryson City,Swain,2024,8,35.434767,-83.442133,22.0,24.0
2024-08-08,Castle Hayne,New Hanover,2024,8,34.364167,-77.838611,39.0,44.0
2024-08-08,Clemmons Middle,Forsyth,2024,8,36.026612,-80.341962,28.0,13.0
2024-08-08,Durham Armory,Durham,2024,8,36.0329550008979,-78.904037,27.0,16.0
2024-08-08,Frying Pan Mountain,Haywood,2024,8,35.379167,-82.7925,31.0,
2024-08-08,Garinger High School,Mecklenburg,2024,8,35.2401000008895,-80.785683,27.0,0.0
2024-08-08,Hattie Avenue,Forsyth,2024,8,36.11094,-80.224501,30.0,15.0
2024-08-08,Leggett,Edgecombe,2024,8,35.988278,-77.5843,33.0,27.0
2024-08-08,Linville Falls,Avery,2024,8,35.972347,-81.933072,26.0,
2024-08-08,Mendenhall School,Guilford,2024,8,36.1090060008986,-79.802314,27.0,14.0
2024-08-08,Millbrook School,Wake,2024,8,35.856111,-78.574167,27.0,20.0
2024-08-08,Old High School,Swain,2024,8,35.498711,-83.310242,19.0,
2024-08-08,Pitt Agri. Center,Pitt,2024,8,35.6412760008938,-77.360126,33.0,32.0
2024-08-08,Rockwell,Rowan,2024,8,35.551868,-80.395039,27.0,6.0
2024-08-08,West Johnston Co.,Johnston,2024,8,35.59095,-78.4622,30.0,14.0
2024-08-09,Bryson City,Swain,2024,8,35.434767,-83.442133,42.0,41.0
2024-08-09,Castle Hayne,New Hanover,2024,8,34.364167,-77.838611,36.0,23.0
2024-08-09,Clemmons Middle,Forsyth,2024,8,36.026612,-80.341962,31.0,22.0
2024-08-09,Durham Armory,Durham,2024,8,36.0329550008979,-78.904037,28.0,21.0
2024-08-09,Frying Pan Mountain,Haywood,2024,8,35.379167,-82.7925,37.0,
2024-08-09,Garinger High School,Mecklenburg,2024,8,35.2401000008895,-80.785683,47.0,22.0
2024-08-09,Hattie Avenue,Forsyth,2024,8,36.11094,-80.224501,32.0,28.0
2024-08-09,Leggett,Edgecombe,2024,8,35.988278,-77.5843,30.0,27.0
2024-08-09,Linville Falls,Avery,2024,8,35.972347,-81.933072,35.0,
2024-08-09,Mendenhall School,Guilford,2024,8,36.1090060008986,-79.802314,34.0,25.0
2024-08-09,Millbrook School,Wake,2024,8,35.856111,-78.574167,27.0,23.0
2024-08-09,Old High School,Swain,2024,8,35.498711,-83.310242,27.0,
2024-08-09,Pitt Agri. Center,Pitt,2024,8,35.6412760008938,-77.360126,31.0,28.0
2024-08-09,Rockwell,Rowan,2024,8,35.551868,-80.395039,39.0,22.0
2024-08-09,West Johnston Co.,Johnston,2024,8,35.59095,-78.4622,31.0,22.0
2024-08-10,Bryson City,Swain,2024,8,35.434767,-83.442133,38.0,48.0
2024-08-10,Castle Hayne,New Hanover,2024,8,34.364167,-77.838611,37.0,56.5
2024-08-10,Clemmons Middle,Forsyth,2024,8,36.026612,-80.341962,39.0,43.0
2024-08-10,Durham Armory,Durham,2024,8,36.0329550008979,-78.904037,42.0,52.0
2024-08-10,Frying Pan Mountain,Haywood,2024,8,35.379167,-82.7925,41.0,37.0
2024-08-10,Garinger High School,Mecklenburg,2024,8,35.2401000008895,-80.785683,47.0,46.5
2024-08-10,Hattie Avenue,Forsyth,2024,8,36.11094,-80.224501,44.0,53.5
2024-08-10,Leggett,Edgecombe,2024,8,35.988278,-77.5843,32.0,47.0
2024-08-10,Linville Falls,Avery,2024,8,35.972347,-81.933072,40.0,43.0
2024-08-10,Mendenhall School,Guilford,2024,8,36.1090060008986,-79.802314,43.0,46.0
2024-08-10,Millbrook School,Wake,2024,8,35.856111,-78.574167,40.0,53.0
2024-08-10,Old High School,Swain,2024,8,35.498711,-83.310242,32.0,49.0
2024-08-10,Pitt Agri. Center,Pitt,2024,8,35.6412760008938,-77.360126,27.0,44.0
2024-08-10,Rockwell,Rowan,2024,8,35.551868,-80.395039,44.0,48.0
2024-08-10,West Johnston Co.,Johnston,2024,8,35.59095,-78.4622,38.0,55.0
2024-08-11,Bryson City,Swain,2024,8,35.434767,-83.442133,36.0,43.0
2024-08-11,Castle Hayne,New Hanover,2024,8,34.364167,-77.838611,30.0,37.0
2024-08-11,Clemmons Middle,Forsyth,2024,8,36.026612,-80.341962,67.0,51.0
2024-08-11,Durham Armory,Durham,2024,8,36.0329550008979,-78.904037,31.0,53.0
2024-08-11,Frying Pan Mountain,Haywood,2024,8,35.379167,-82.7925,44.0,
2024-08-11,Garinger High School,Mecklenburg,2024,8,35.2401000008895,-80.785683,43.0,49.0
2024-08-11,Hattie Avenue,Forsyth,2024,8,36.11094,-80.224501,77.0,53.0
2024-08-11,Leggett,Edgecombe,2024,8,35.988278,-77.5843,26.0,52.0
2024-08-11,Linville Falls,Avery,2024,8,35.972347,-81.933072,37.0,
2024-08-11,Mendenhall School,Guilford,2024,8,36.1090060008986,-79.802314,38.0,51.0
2024-08-11,Millbrook School,Wake,2024,8,35.856111,-78.574167,33.0,55.0
2024-08-11,Old High School,Swain,2024,8,35.498711,-83.310242,33.0,
2024-08-11,Pitt Agri. Center,Pitt,2024,8,35.6412760008938,-77.360126,31.0,42.0
2024-08-11,Rockwell,Rowan,2024,8,35.551868,-80.395039,42.0,52.0
2024-08-11,West Johnston Co.,Johnston,2024,8,35.59095,-78.4622,31.0,52.0
2024-08-12,Bryson City,Swain,2024,8,35.434767,-83.442133,32.0,33.0
2024-08-12,Castle Hayne,New Hanover,2024,8,34.364167,-77.838611,31.0,39.5
2024-08-12,Clemmons Middle,Forsyth,2024,8,36.026612,-80.341962,44.0,43.0
2024-08-12,Durham Armory,Durham,2024,8,36.0329550008979,-78.904037,36.0,54.0
2024-08-12,Frying Pan Mountain,Haywood,2024,8,35.379167,-82.7925,32.0,
2024-08-12,Garinger High School,Mecklenburg,2024,8,35.2401000008895,-80.785683,42.0,48.0
2024-08-12,Hattie Avenue,Forsyth,2024,8,36.11094,-80.224501,44.0,47.0
2024-08-12,Leggett,Edgecombe,2024,8,35.988278,-77.5843,29.0,52.0
2024-08-12,Linville Falls,Avery,2024,8,35.972347,-81.933072,34.0,
2024-08-12,Mendenhall School,Guilford,2024,8,36.1090060008986,-79.802314,36.0,44.0
2024-08-12,Millbrook School,Wake,2024,8,35.856111,-78.574167,33.0,56.0
2024-08-12,Old High School,Swain,2024,8,35.498711,-83.310242,34.0,
2024-08-12,Pitt Agri. Center,Pitt,2024,8,35.6412760008938,-77.360126,31.0,51.0
2024-08-12,Rockwell,Rowan,2024,8,35.551868,-80.395039,43.0,51.0
2024-08-12,West Johnston Co.,Johnston,2024,8,35.59095,-78.4622,32.0,52.0
2024-08-13,Bryson City,Swain,2024,8,35.434767,-83.442133,39.0,33.0
2024-08-13,Castle Hayne,New Hanover,2024,8,34.364167,-77.838611,43.0,36.0
2024-08-13,Clemmons Middle,Forsyth,2024,8,36.026612,-80.341962,20.0,41.0
2024-08-13,Durham Armory,Durham,2024,8,36.0329550008979,-78.904037,26.0,57.0
2024-08-13,Frying Pan Mountain,Haywood,2024,8,35.379167,-82.7925,45.0,34.0
2024-08-13,Garinger High School,Mecklenburg,2024,8,35.2401000008895,-80.785683,32.0,53.5
2024-08-13,Hattie Avenue,Forsyth,2024,8,36.11094,-80.224501,28.0,43.0
2024-08-13,Leggett,Edgecombe,2024,8,35.988278,-77.5843,37.0,47.0
2024-08-13,Linville Falls,Avery,2024,8,35.972347,-81.933072,31.0,36.0
2024-08-13,Mendenhall School,Guilford,2024,8,36.1090060008986,-79.802314,21.0,48.0
2024-08-13,Millbrook School,Wake,2024,8,35.856111,-78.574167,37.0,53.5
2024-08-13,Old High School,Swain,2024,8,35.498711,-83.310242,34.0,41.0
2024-08-13,Pitt Agri. Center,Pitt,2024,8,35.6412760008938,-77.360126,41.0,47.0
2024-08-13,Rockwell,Rowan,2024,8,35.551868,-80.395039,30.0,49.0
2024-08-13,West Johnston Co.,Johnston,2024,8,35.59095,-78.4622,37.0,49.0
2024-08-14,Bryson City,Swain,2024,8,35.434767,-83.442133,36.0,34.0
2024-08-14,Clemmons Middle,Forsyth,2024,8,36.026612,-80.341962,48.0,43.0
2024-08-14,Durham Armory,Durham,2024,8,36.0329550008979,-78.904037,42.0,53.0
2024-08-14,Frying Pan Mountain,Haywood,2024,8,35.379167,-82.7925,34.0,
2024-08-14,Garinger High School,Mecklenburg,2024,8,35.2401000008895,-80.785683,51.0,46.0
2024-08-14,Hattie Avenue,Forsyth,2024,8,36.11094,-80.224501,46.0,52.0
2024-08-14,Leggett,Edgecombe,2024,8,35.988278,-77.5843,35.0,39.0
2024-08-14,Linville Falls,Avery,2024,8,35.972347,-81.933072,35.0,
2024-08-14,Mendenhall School,Guilford,2024,8,36.1090060008986,-79.802314,37.0,44.0
2024-08-14,Millbrook School,Wake,2024,8,35.856111,-78.574167,43.0,52.0
2024-08-14,Old High School,Swain,2024,8,35.498711,-83.310242,34.0,
2024-08-14,Pitt Agri. Center,Pitt,2024,8,35.6412760008938,-77.360126,36.0,49.0
2024-08-14,Rockwell,Rowan,2024,8,35.551868,-80.395039,44.0,41.0
2024-08-14,West Johnston Co.,Johnston,2024,8,35.59095,-78.4622,46.0,47.0
2024-08-15,Bryson City,Swain,2024,8,35.434767,-83.442133,39.0,44.0
2024-08-15,Castle Hayne,New Hanover,2024,8,34.364167,-77.838611,44.0,51.0
2024-08-15,Clemmons Middle,Forsyth,2024,8,36.026612,-80.341962,44.0,52.0
2024-08-15,Durham Armory,Durham,2024,8,36.0329550008979,-78.904037,40.0,55.0
2024-08-15,Frying Pan Mountain,Haywood,2024,8,35.379167,-82.7925,42.0,
2024-08-15,Garinger High School,Mecklenburg,2024,8,35.2401000008895,-80.785683,44.0,52.0
2024-08-15,Hattie Avenue,Forsyth,2024,8,36.11094,-80.224501,47.0,54.0
2024-08-15,Leggett,Edgecombe,2024,8,35.988278,-77.5843,45.0,56.0
2024-08-15,Linville Falls,Avery,2024,8,35.972347,-81.933072,44.0,
2024-08-15,Mendenhall School,Guilford,2024,8,36.1090060008986,-79.802314,45.0,50.0
2024-08-15,Millbrook School,Wake,2024,8,35.856111,-78.574167,40.0,55.0
2024-08-15,Old High School,Swain,2024,8,35.498711,-83.310242,40.0,
2024-08-15,Pitt Agri. Center,Pitt,2024,8,35.6412760008938,-77.360126,48.0,60.0
2024-08-15,Rockwell,Rowan,2024,8,35.551868,-80.395039,39.0,41.0
2024-08-15,West Johnston Co.,Johnston,2024,8,35.59095,-78.4622,42.0,52.0
2024-08-16,Bryson City,Swain,2024,8,35.434767,-83.442133,34.0,42.0
2024-08-16,Castle Hayne,New Hanover,2024,8,34.364167,-77.838611,49.0,61.0
2024-08-16,Clemmons Middle,Forsyth,2024,8,36.026612,-80.341962,50.0,53.0
2024-08-16,Durham Armory,Durham,2024,8,36.0329550008979,-78.904037,48.0,59.0
2024-08-16,Frying Pan Mountain,Haywood,2024,8,35.379167,-82.7925,41.0,39.0
2024-08-16,Garinger High School,Mecklenburg,2024,8,35.2401000008895,-80.785683,42.0,55.5
2024-08-16,Hattie Avenue,Forsyth,2024,8,36.11094,-80.224501,51.0,58.0
2024-08-16,Leggett,Edgecombe,2024,8,35.988278,-77.5843,46.0,63.0
2024-08-16,Linville Falls,Avery,2024,8,35.972347,-81.933072,32.0,41.0
2024-08-16,Mendenhall School,Guilford,2024,8,36.1090060008986,-79.802314,47.0,59.0
2024-08-16,Millbrook School,Wake,2024,8,35.856111,-78.574167,61.0,62.5
2024-08-16,Old High School,Swain,2024,8,35.498711,-83.310242,34.0,46.0
2024-08-16,Pitt Agri. Center,Pitt,2024,8,35.6412760008938,-77.360126,46.0,68.0
2024-08-16,Rockwell,Rowan,2024,8,35.551868,-80.395039,51.0,57.0
2024-08-16,West Johnston Co.,Johnston,2024,8,35.59095,-78.4622,46.0,57.0
2024-08-17,Bryson City,Swain,2024,8,35.434767,-83.442133,36.0,24.0
2024-08-17,Castle Hayne,New Hanover,2024,8,34.364167,-77.838611,44.0,61.0
2024-08-17,Clemmons Middle,Forsyth,2024,8,36.026612,-80.341962,35.0,32.0
2024-08-17,Durham Armory,Durham,2024,8,36.0329550008979,-78.904037,39.0,62.0
2024-08-17,Frying Pan Mountain,Haywood,2024,8,35.379167,-82.7925,44.0,
2024-08-17,Garinger High School,Mecklenburg,2024,8,35.2401000008895,-80.785683,41.0,46.0
2024-08-17,Hattie Avenue,Forsyth,2024,8,36.11094,-80.224501,39.0,42.0
2024-08-17,Leggett,Edgecombe,2024,8,35.988278,-77.5843,37.0,62.0
2024-08-17,Linville Falls,Avery,2024,8,35.972347,-81.933072,37.0,
2024-08-17,Mendenhall School,Guilford,2024,8,36.1090060008986,-79.802314,41.0,54.0
2024-08-17,Millbrook School,Wake,2024,8,35.856111,-78.574167,42.0,65.0
2024-08-17,Old High School,Swain,2024,8,35.498711,-83.310242,36.0,
2024-08-17,Pitt Agri. Center,Pitt,2024,8,35.6412760008938,-77.360126,41.0,65.0
2024-08-17,Rockwell,Rowan,2024,8,35.551868,-80.395039,38.0,44.0
2024-08-17,West Johnston Co.,Johnston,2024,8,35.59095,-78.4622,43.0,63.0
2024-08-18,Bryson City,Swain,2024,8,35.434767,-83.442133,34.0,21.0
2024-08-18,Castle Hayne,New Hanover,2024,8,34.364167,-77.838611,40.0,53.0
2024-08-18,Clemmons Middle,Forsyth,2024,8,36.026612,-80.341962,37.0,33.0
2024-08-18,Durham Armory,Durham,2024,8,36.0329550008979,-78.904037,36.0,53.0
2024-08-18,Frying Pan Mountain,Haywood,2024,8,35.379167,-82.7925,43.0,
2024-08-18,Garinger High School,Mecklenburg,2024,8,35.2401000008895,-80.785683,44.0,28.0
2024-08-18,Hattie Avenue,Forsyth,2024,8,36.11094,-80.224501,40.0,39.0
2024-08-18,Leggett,Edgecombe,2024,8,35.988278,-77.5843,39.0,55.0
2024-08-18,Linville Falls,Avery,2024,8,35.972347,-81.933072,40.0,
2024-08-18,Mendenhall School,Guilford,2024,8,36.1090060008986,-79.802314,43.0,34.0
2024-08-18,Millbrook School,Wake,2024,8,35.856111,-78.574167,41.0,52.0
2024-08-18,Old High School,Swain,2024,8,35.498711,-83.310242,31.0,
2024-08-18,Pitt Agri. Center,Pitt,2024,8,35.6412760008938,-77.360126,41.0,54.0
2024-08-18,Rockwell,Rowan,2024,8,35.551868,-80.395039,41.0,27.0
2024-08-18,West Johnston Co.,Johnston,2024,8,35.59095,-78.4622,44.0,44.0
2024-08-19,Bryson City,Swain,2024,8,35.434767,-83.442133,29.0,14.0
2024-08-19,Castle Hayne,New Hanover,2024,8,34.364167,-77.838611,37.0,37.0
2024-08-19,Clemmons Middle,Forsyth,2024,8,36.026612,-80.341962,29.0,25.0
2024-08-19,Durham Armory,Durham,2024,8,36.0329550008979,-78.904037,36.0,31.0
2024-08-19,Frying Pan Mountain,Haywood,2024,8,35.379167,-82.7925,33.0,8.0
2024-08-19,Garinger High School,Mecklenburg,2024,8,35.2401000008895,-80.785683,40.0,28.5
2024-08-19,Hattie Avenue,Forsyth,2024,8,36.11094,-80.224501,32.0,27.0
2024-08-19,Leggett,Edgecombe,2024,8,35.988278,-77.5843,33.0,32.0
2024-08-19,Linville Falls,Avery,2024,8,35.972347,-81.933072,32.0,18.0
2024-08-19,Mendenhall School,Guilford,2024,8,36.1090060008986,-79.802314,34.0,23.0
2024-08-19,Millbrook School,Wake,2024,8,35.856111,-78.574167,41.0,29.0
2024-08-19,Old High School,Swain,2024,8,35.498711,-83.310242,28.0,16.0
2024-08-19,Pitt Agri. Center,Pitt,2024,8,35.6412760008938,-77.360126,36.0,26.0
2024-08-19,Rockwell,Rowan,2024,8,35.551868,-80.395039,37.0,16.0
2024-08-19,West Johnston Co.,Johnston,2024,8,35.59095,-78.4622,43.0,33.0
2024-08-20,Bryson City,Swain,2024,8,35.434767,-83.442133,37.0,33.0
2024-08-20,Castle Hayne,New Hanover,2024,8,34.364167,-77.838611,32.0,18.0
2024-08-20,Clemmons Middle,Forsyth,2024,8,36.026612,-80.341962,37.0,43.0
2024-08-20,Durham Armory,Durham,2024,8,36.0329550008979,-78.904037,31.0,49.0
2024-08-20,Frying Pan Mountain,Haywood,2024,8,35.379167,-82.7925,40.0,
2024-08-20,Garinger High School,Mecklenburg,2024,8,35.2401000008895,-80.785683,44.0,34.0
2024-08-20,Hattie Avenue,Forsyth,2024,8,36.11094,-80.224501,38.0,47.0
2024-08-20,Leggett,Edgecombe,2024,8,35.988278,-77.5843,32.0,32.0
2024-08-20,Linville Falls,Avery,2024,8,35.972347,-81.933072,36.0,
2024-08-20,Mendenhall School,Guilford,2024,8,36.1090060008986,-79.802314,36.0,41.0
2024-08-20,Millbrook School,Wake,2024,8,35.856111,-78.574167,31.0,33.0
2024-08-20,Old High School,Swain,2024,8,35.498711,-83.310242,37.0,
2024-08-20,Pitt Agri. Center,Pitt,2024,8,35.6412760008938,-77.360126,30.0,18.0
2024-08-20,Rockwell,Rowan,2024,8,35.551868,-80.395039,40.0,37.0
2024-08-20,West Johnston Co.,Johnston,2024,8,35.59095,-78.4622,32.0,28.0
2024-08-21,Bryson City,Swain,2024,8,35.434767,-83.442133,37.0,40.0
2024-08-21,Castle Hayne,New Hanover,2024,8,34.364167,-77.838611,39.0,33.0
2024-08-21,Clemmons Middle,Forsyth,2024,8,36.026612,-80.341962,45.0,43.0
2024-08-21,Durham Armory,Durham,2024,8,36.0329550008979,-78.904037,39.0,52.0
2024-08-21,Frying Pan Mountain,Haywood,2024,8,35.379167,-82.7925,32.0,
2024-08-21,Garinger High School,Mecklenburg,2024,8,35.2401000008895,-80.785683,44.0,37.0
2024-08-21,Hattie Avenue,Forsyth,2024,8,36.11094,-80.224501,43.0,43.0
2024-08-21,Leggett,Edgecombe,2024,8,35.988278,-77.5843,36.0,24.0
2024-08-21,Linville Falls,Avery,2024,8,35.972347,-81.933072,36.0,
2024-08-21,Mendenhall School,Guilford,2024,8,36.1090060008986,-79.802314,41.0,37.0
2024-08-21,Millbrook School,Wake,2024,8,35.856111,-78.574167,38.0,32.0
2024-08-21,Old High School,Swain,2024,8,35.498711,-83.310242,37.0,
2024-08-21,Pitt Agri. Center,Pitt,2024,8,35.6412760008938,-77.360126,37.0,26.0
2024-08-21,Rockwell,Rowan,2024,8,35.551868,-80.395039,41.0,39.0
2024-08-21,West Johnston Co.,Johnston,2024,8,35.59095,-78.4622,41.0,25.0
2024-08-22,Bryson City,Swain,2024,8,35.434767,-83.442133,43.0,48.0
2024-08-22,Castle Hayne,New Hanover,2024,8,34.364167,-77.838611,40.0,24.0
2024-08-22,Clemmons Middle,Forsyth,2024,8,36.026612,-80.341962,48.0,47.0
2024-08-22,Durham Armory,Durham,2024,8,36.0329550008979,-78.904037,40.0,46.0
2024-08-22,Frying Pan Mountain,Haywood,2024,8,35.379167,-82.7925,44.0,32.0
2024-08-22,Garinger High School,Mecklenburg,2024,8,35.2401000008895,-80.785683,42.0,40.5
2024-08-22,Hattie Avenue,Forsyth,2024,8,36.11094,-80.224501,54.0,52.0
2024-08-22,Leggett,Edgecombe,2024,8,35.988278,-77.5843,38.0,24.0
2024-08-22,Linville Falls,Avery,2024,8,35.972347,-81.933072,40.0,38.0
2024-08-22,Mendenhall School,Guilford,2024,8,36.1090060008986,-79.802314,43.0,41.0
2024-08-22,Millbrook School,Wake,2024,8,35.856111,-78.574167,41.0,37.5
2024-08-22,Old High School,Swain,2024,8,35.498711,-83.310242,43.0,49.0
2024-08-22,Pitt Agri. Center,Pitt,2024,8,35.6412760008938,-77.360126,39.0,30.0
2024-08-22,Rockwell,Rowan,2024,8,35.551868,-80.395039,38.0,29.0
2024-08-22,West Johnston Co.,Johnston,2024,8,35.59095,-78.4622,43.0,32.0
2024-08-23,Bryson City,Swain,2024,8,35.434767,-83.442133,46.0,52.0
2024-08-23,Castle Hayne,New Hanover,2024,8,34.364167,-77.838611,35.0,31.0
2024-08-23,Clemmons Middle,Forsyth,2024,8,36.026612,-80.341962,54.0,50.0
2024-08-23,Durham Armory,Durham,2024,8,36.0329550008979,-78.904037,42.0,54.0
2024-08-23,Frying Pan Mountain,Haywood,2024,8,35.379167,-82.7925,49.0,
2024-08-23,Garinger High School,Mecklenburg,2024,8,35.2401000008895,-80.785683,42.0,52.0
2024-08-23,Hattie Avenue,Forsyth,2024,8,36.11094,-80.224501,48.0,52.0
2024-08-23,Leggett,Edgecombe,2024,8,35.988278,-77.5843,41.0,33.0
2024-08-23,Linville Falls,Avery,2024,8,35.972347,-81.933072,43.0,
2024-08-23,Mendenhall School,Guilford,2024,8,36.1090060008986,-79.802314,42.0,53.0
2024-08-23,Millbrook School,Wake,2024,8,35.856111,-78.574167,42.0,46.0
2024-08-23,Old High School,Swain,2024,8,35.498711,-83.310242,44.0,
2024-08-23,Pitt Agri. Center,Pitt,2024,8,35.6412760008938,-77.360126,43.0,39.0
2024-08-23,Rockwell,Rowan,2024,8,35.551868,-80.395039,41.0,47.0
2024-08-23,West Johnston Co.,Johnston,2024,8,35.59095,-78.4622,44.0,38.0
2024-08-24,Bryson City,Swain,2024,8,35.434767,-83.442133,37.0,52.0
2024-08-24,Castle Hayne,New Hanover,2024,8,34.364167,-77.838611,34.0,30.0
2024-08-24,Clemmons Middle,Forsyth,2024,8,36.026612,-80.341962,49.0,54.0
2024-08-24,Durham Armory,Durham,2024,8,36.0329550008979,-78.904037,51.0,55.0
2024-08-24,Frying Pan Mountain,Haywood,2024,8,35.379167,-82.7925,50.0,
2024-08-24,Garinger High School,Mecklenburg,2024,8,35.2401000008895,-80.785683,47.0,55.0
2024-08-24,Hattie Avenue,Forsyth,2024,8,36.11094,-80.224501,45.0,56.0
2024-08-24,Leggett,Edgecombe,2024,8,35.988278,-77.5843,41.0,32.0
2024-08-24,Linville Falls,Avery,2024,8,35.972347,-81.933072,40.0,
2024-08-24,Mendenhall School,Guilford,2024,8,36.1090060008986,-79.802314,45.0,54.0
2024-08-24,Millbrook School,Wake,2024,8,35.856111,-78.574167,43.0,42.0
2024-08-24,Old High School,Swain,2024,8,35.498711,-83.310242,38.0,
2024-08-24,Pitt Agri. Center,Pitt,2024,8,35.6412760008938,-77.360126,36.0,31.0
2024-08-24,Rockwell,Rowan,2024,8,35.551868,-80.395039,44.0,52.0
2024-08-24,West Johnston Co.,Johnston,2024,8,35.59095,-78.4622,46.0,49.0
2024-08-25,Bryson City,Swain,2024,8,35.434767,-83.442133,41.0,49.0
2024-08-25,Castle Hayne,New Hanover,2024,8,34.364167,-77.838611,27.0,20.5
2024-08-25,Clemmons Middle,Forsyth,2024,8,36.026612,-80.341962,51.0,56.0
2024-08-25,Durham Armory,Durham,2024,8,36.0329550008979,-78.904037,48.0,57.0
2024-08-25,Frying Pan Mountain,Haywood,2024,8,35.379167,-82.7925,74.0,47.0
2024-08-25,Garinger High School,Mecklenburg,2024,8,35.2401000008895,-80.785683,48.0,56.0
2024-08-25,Hattie Avenue,Forsyth,2024,8,36.11094,-80.224501,49.0,57.0
2024-08-25,Leggett,Edgecombe,2024,8,35.988278,-77.5843,33.0,34.0
2024-08-25,Linville Falls,Avery,2024,8,35.972347,-81.933072,44.0,48.0
2024-08-25,Mendenhall School,Guilford,2024,8,36.1090060008986,-79.802314,46.0,54.0
2024-08-25,Millbrook School,Wake,2024,8,35.856111,-78.574167,45.0,55.5
2024-08-25,Old High School,Swain,2024,8,35.498711,-83.310242,39.0,2.0
2024-08-25,Pitt Agri. Center,Pitt,2024,8,35.6412760008938,-77.360126,32.0,32.0
2024-08-25,Rockwell,Rowan,2024,8,35.551868,-80.395039,45.0,53.0
2024-08-25,West Johnston Co.,Johnston,2024,8,35.59095,-78.4622,44.0,41.0
2024-08-26,Bryson City,Swain,2024,8,35.434767,-83.442133,44.0,55.0
2024-08-26,Castle Hayne,New Hanover,2024,8,34.364167,-77.838611,23.0,13.5
2024-08-26,Clemmons Middle,Forsyth,2024,8,36.026612,-80.341962,54.0,59.0
2024-08-26,Durham Armory,Durham,2024,8,36.0329550008979,-78.904037,97.0,60.0
2024-08-26,Frying Pan Mountain,Haywood,2024,8,35.379167,-82.7925,54.0,
2024-08-26,Garinger High School,Mecklenburg,2024,8,35.2401000008895,-80.785683,71.0,59.0
2024-08-26,Hattie Avenue,Forsyth,2024,8,36.11094,-80.224501,105.0,64.0
2024-08-26,Leggett,Edgecombe,2024,8,35.988278,-77.5843,42.0,48.0
2024-08-26,Linville Falls,Avery,2024,8,35.972347,-81.933072,39.0,
2024-08-26,Mendenhall School,Guilford,2024,8,36.1090060008986,-79.802314,122.0,59.0
2024-08-26,Millbrook School,Wake,2024,8,35.856111,-78.574167,61.0,60.0
2024-08-26,Old High School,Swain,2024,8,35.498711,-83.310242,43.0,
2024-08-26,Pitt Agri. Center,Pitt,2024,8,35.6412760008938,-77.360126,41.0,43.0
2024-08-26,Rockwell,Rowan,2024,8,35.551868,-80.395039,49.0,55.0
2024-08-26,West Johnston Co.,Johnston,2024,8,35.59095,-78.4622,46.0,52.0
2024-08-27,Bryson City,Swain,2024,8,35.434767,-83.442133,44.0,56.0
2024-08-27,Castle Hayne,New Hanover,2024,8,34.364167,-77.838611,28.0,14.0
2024-08-27,Clemmons Middle,Forsyth,2024,8,36.026612,-80.341962,97.0,63.0
2024-08-27,Durham Armory,Durham,2024,8,36.0329550008979,-78.904037,58.0,69.0
2024-08-27,Frying Pan Mountain,Haywood,2024,8,35.379167,-82.7925,61.0,
2024-08-27,Garinger High School,Mecklenburg,2024,8,35.2401000008895,-80.785683,136.0,60.0
2024-08-27,Hattie Avenue,Forsyth,2024,8,36.11094,-80.224501,112.0,69.0
2024-08-27,Leggett,Edgecombe,2024,8,35.988278,-77.5843,49.0,57.0
2024-08-27,Linville Falls,Avery,2024,8,35.972347,-81.933072,41.0,
2024-08-27,Mendenhall School,Guilford,2024,8,36.1090060008986,-79.802314,54.0,64.0
2024-08-27,Millbrook School,Wake,2024,8,35.856111,-78.574167,112.0,66.0
2024-08-27,Old High School,Swain,2024,8,35.498711,-83.310242,45.0,
2024-08-27,Pitt Agri. Center,Pitt,2024,8,35.6412760008938,-77.360126,47.0,50.0
2024-08-27,Rockwell,Rowan,2024,8,35.551868,-80.395039,97.0,64.0
2024-08-27,West Johnston Co.,Johnston,2024,8,35.59095,-78.4622,,58.0
2024-08-28,Bryson City,Swain,2024,8,35.434767,-83.442133,42.0,55.0
2024-08-28,Castle Hayne,New Hanover,2024,8,34.364167,-77.838611,34.0,22.5
2024-08-28,Clemmons Middle,Forsyth,2024,8,36.026612,-80.341962,58.0,64.0
2024-08-28,Durham Armory,Durham,2024,8,36.0329550008979,-78.904037,58.0,73.0
2024-08-28,Frying Pan Mountain,Haywood,2024,8,35.379167,-82.7925,48.0,54.0
2024-08-28,Garinger High School,Mecklenburg,2024,8,35.2401000008895,-80.785683,71.0,60.5
2024-08-28,Hattie Avenue,Forsyth,2024,8,36.11094,-80.224501,71.0,68.0
2024-08-28,Leggett,Edgecombe,2024,8,35.988278,-77.5843,80.0,64.0
2024-08-28,Linville Falls,Avery,2024,8,35.972347,-81.933072,46.0,54.0
2024-08-28,Mendenhall School,Guilford,2024,8,36.1090060008986,-79.802314,87.0,67.0
2024-08-28,Millbrook School,Wake,2024,8,35.856111,-78.574167,97.0,71.0
2024-08-28,Old High School,Swain,2024,8,35.498711,-83.310242,38.0,59.0
2024-08-28,Pitt Agri. Center,Pitt,2024,8,35.6412760008938,-77.360126,67.0,62.0
2024-08-28,Rockwell,Rowan,2024,8,35.551868,-80.395039,90.0,68.0
2024-08-28,West Johnston Co.,Johnston,2024,8,35.59095,-78.4622,48.0,62.0
2024-08-29,Bryson City,Swain,2024,8,35.434767,-83.442133,46.0,55.0
2024-08-29,Castle Hayne,New Hanover,2024,8,34.364167,-77.838611,34.0,20.5
2024-08-29,Clemmons Middle,Forsyth,2024,8,36.026612,-80.341962,50.0,60.0
2024-08-29,Durham Armory,Durham,2024,8,36.0329550008979,-78.904037,54.0,66.0
2024-08-29,Frying Pan Mountain,Haywood,2024,8,35.379167,-82.7925,50.0,
2024-08-29,Garinger High School,Mecklenburg,2024,8,35.2401000008895,-80.785683,93.0,58.0
2024-08-29,Hattie Avenue,Forsyth,2024,8,36.11094,-80.224501,67.0,66.0
2024-08-29,Leggett,Edgecombe,2024,8,35.988278,-77.5843,49.0,63.0
2024-08-29,Linville Falls,Avery,2024,8,35.972347,-81.933072,39.0,
2024-08-29,Mendenhall School,Guilford,2024,8,36.1090060008986,-79.802314,67.0,63.0
2024-08-29,Millbrook School,Wake,2024,8,35.856111,-78.574167,51.0,67.0
2024-08-29,Old High School,Swain,2024,8,35.498711,-83.310242,44.0,
2024-08-29,Pitt Agri. Center,Pitt,2024,8,35.6412760008938,-77.360126,45.0,57.0
2024-08-29,Rockwell,Rowan,2024,8,35.551868,-80.395039,71.0,60.0
2024-08-29,West Johnston Co.,Johnston,2024,8,35.59095,-78.4622,49.0,60.0
2024-08-30,Bryson City,Swain,2024,8,35.434767,-83.442133,39.0,57.0
2024-08-30,Castle Hayne,New Hanover,2024,8,34.364167,-77.838611,24.0,15.5
2024-08-30,Clemmons Middle,Forsyth,2024,8,36.026612,-80.341962,46.0,52.0
2024-08-30,Durham Armory,Durham,2024,8,36.0329550008979,-78.904037,43.0,58.0
2024-08-30,Frying Pan Mountain,Haywood,2024,8,35.379167,-82.7925,42.0,
2024-08-30,Garinger High School,Mecklenburg,2024,8,35.2401000008895,-80.785683,44.0,44.0
2024-08-30,Hattie Avenue,Forsyth,2024,8,36.11094,-80.224501,64.0,55.0
2024-08-30,Leggett,Edgecombe,2024,8,35.988278,-77.5843,35.0,34.0
2024-08-30,Linville Falls,Avery,2024,8,35.972347,-81.933072,30.0,
2024-08-30,Mendenhall School,Guilford,2024,8,36.1090060008986,-79.802314,51.0,54.0
2024-08-30,Millbrook School,Wake,2024,8,35.856111,-78.574167,43.0,56.0
2024-08-30,Old High School,Swain,2024,8,35.498711,-83.310242,35.0,
2024-08-30,Pitt Agri. Center,Pitt,2024,8,35.6412760008938,-77.360126,35.0,53.0
2024-08-30,Rockwell,Rowan,2024,8,35.551868,-80.395039,50.0,55.0
2024-08-30,West Johnston Co.,Johnston,2024,8,35.59095,-78.4622,35.0,46.0
2024-08-31,Bryson City,Swain,2024,8,35.434767,-83.442133,32.0,52.0
2024-08-31,Castle Hayne,New Hanover,2024,8,34.364167,-77.838611,34.0,20.0
2024-08-31,Clemmons Middle,Forsyth,2024,8,36.026612,-80.341962,42.0,43.0
2024-08-31,Durham Armory,Durham,2024,8,36.0329550008979,-78.904037,40.0,51.0
2024-08-31,Frying Pan Mountain,Haywood,2024,8,35.379167,-82.7925,40.0,39.0
2024-08-31,Garinger High School,Mecklenburg,2024,8,35.2401000008895,-80.785683,51.0,45.0
2024-08-31,Hattie Avenue,Forsyth,2024,8,36.11094,-80.224501,46.0,54.5
2024-08-31,Leggett,Edgecombe,2024,8,35.988278,-77.5843,32.0,47.0
2024-08-31,Linville Falls,Avery,2024,8,35.972347,-81.933072,34.0,45.0
2024-08-31,Mendenhall School,Guilford,2024,8,36.1090060008986,-79.802314,45.0,52.0
2024-08-31,Millbrook School,Wake,2024,8,35.856111,-78.574167,49.0,55.5
2024-08-31,Old High School,Swain,2024,8,35.498711,-83.310242,36.0,52.0
2024-08-31,Pitt Agri. Center,Pitt,2024,8,35.6412760008938,-77.360126,38.0,39.0
2024-08-31,Rockwell,Rowan,2024,8,35.551868,-80.395039,42.0,54.0
2024-08-31,West Johnston Co.,Johnston,2024,8,35.59095,-78.4622,43.0,54.0
2024-09-01,Bryson City,Swain,2024,9,35.434767,-83.442133,30.0,29.0
2024-09-01,Castle Hayne,New Hanover,2024,9,34.364167,-77.838611,26.0,13.5
2024-09-01,Clemmons Middle,Forsyth,2024,9,36.026612,-80.341962,35.0,31.0
2024-09-01,Durham Armory,Durham,2024,9,36.0329550008979,-78.904037,34.0,42.0
2024-09-01,Frying Pan Mountain,Haywood,2024,9,35.379167,-82.7925,36.0,
2024-09-01,Garinger High School,Mecklenburg,2024,9,35.2401000008895,-80.785683,31.0,34.0
2024-09-01,Hattie Avenue,Forsyth,2024,9,36.11094,-80.224501,39.0,37.0
2024-09-01,Leggett,Edgecombe,2024,9,35.988278,-77.5843,24.0,47.0
2024-09-01,Linville Falls,Avery,2024,9,35.972347,-81.933072,31.0,
2024-09-01,Mendenhall School,Guilford,2024,9,36.1090060008986,-79.802314,39.0,39.0
2024-09-01,Millbrook School,Wake,2024,9,35.856111,-78.574167,32.0,54.0
2024-09-01,Old High School,Swain,2024,9,35.498711,-83.310242,31.0,
2024-09-01,Pitt Agri. Center,Pitt,2024,9,35.6412760008938,-77.360126,33.0,43.0
2024-09-01,Rockwell,Rowan,2024,9,35.551868,-80.395039,36.0,32.0
2024-09-01,West Johnston Co.,Johnston,2024,9,35.59095,-78.4622,31.0,43.0
2024-09-02,Bryson City,Swain,2024,9,35.434767,-83.442133,29.0,19.0
2024-09-02,Castle Hayne,New Hanover,2024,9,34.364167,-77.838611,22.0,11.5
2024-09-02,Clemmons Middle,Forsyth,2024,9,36.026612,-80.341962,39.0,35.0
2024-09-02,Durham Armory,Durham,2024,9,36.0329550008979,-78.904037,31.0,42.0
2024-09-02,Frying Pan Mountain,Haywood,2024,9,35.379167,-82.7925,39.0,
2024-09-02,Garinger High School,Mecklenburg,2024,9,35.2401000008895,-80.785683,40.0,32.0
2024-09-02,Hattie Avenue,Forsyth,2024,9,36.11094,-80.224501,37.0,43.0
2024-09-02,Leggett,Edgecombe,2024,9,35.988278,-77.5843,20.0,33.0
2024-09-02,Linville Falls,Avery,2024,9,35.972347,-81.933072,32.0,
2024-09-02,Mendenhall School,Guilford,2024,9,36.1090060008986,-79.802314,33.0,40.0
2024-09-02,Millbrook School,Wake,2024,9,35.856111,-78.574167,30.0,44.0
2024-09-02,Old High School,Swain,2024,9,35.498711,-83.310242,33.0,
2024-09-02,Pitt Agri. Center,Pitt,2024,9,35.6412760008938,-77.360126,26.0,26.0
2024-09-02,Rockwell,Rowan,2024,9,35.551868,-80.395039,37.0,36.0
2024-09-02,West Johnston Co.,Johnston,2024,9,35.59095,-78.4622,29.0,32.0
2024-09-03,Bryson City,Swain,2024,9,35.434767,-83.442133,31.0,28.0
2024-09-03,Castle Hayne,New Hanover,2024,9,34.364167,-77.838611,32.0,34.0
2024-09-03,Clemmons Middle,Forsyth,2024,9,36.026612,-80.341962,33.0,20.0
2024-09-03,Durham Armory,Durham,2024,9,36.0329550008979,-78.904037,31.0,36.0
2024-09-03,Frying Pan Mountain,Haywood,2024,9,35.379167,-82.7925,30.0,13.0
2024-09-03,Garinger High School,Mecklenburg,2024,9,35.2401000008895,-80.785683,38.0,24.5
2024-09-03,Hattie Avenue,Forsyth,2024,9,36.11094,-80.224501,33.0,21.0
2024-09-03,Leggett,Edgecombe,2024,9,35.988278,-77.5843,31.0,21.0
2024-09-03,Linville Falls,Avery,2024,9,35.972347,-81.933072,31.0,17.0
2024-09-03,Mendenhall School,Guilford,2024,9,36.1090060008986,-79.802314,30.0,16.0
2024-09-03,Millbrook School,Wake,2024,9,35.856111,-78.574167,34.0,21.5
2024-09-03,Old High School,Swain,2024,9,35.498711,-83.310242,26.0,32.5
2024-09-03,Pitt Agri. Center,Pitt,2024,9,35.6412760008938,-77.360126,33.0,23.0
2024-09-03,Rockwell,Rowan,2024,9,35.551868,-80.395039,36.0,18.0
2024-09-03,West Johnston Co.,Johnston,2024,9,35.59095,-78.4622,35.0,19.0
2024-09-04,Bryson City,Swain,2024,9,35.434767,-83.442133,30.0,22.0
2024-09-04,Castle Hayne,New Hanover,2024,9,34.364167,-77.838611,32.0,22.5
2024-09-04,Clemmons Middle,Forsyth,2024,9,36.026612,-80.341962,41.0,23.0
2024-09-04,Durham Armory,Durham,2024,9,36.0329550008979,-78.904037,31.0,39.0
2024-09-04,Frying Pan Mountain,Haywood,2024,9,35.379167,-82.7925,32.0,
2024-09-04,Garinger High School,Mecklenburg,2024,9,35.2401000008895,-80.785683,38.0,24.0
2024-09-04,Hattie Avenue,Forsyth,2024,9,36.11094,-80.224501,41.0,24.0
2024-09-04,Leggett,Edgecombe,2024,9,35.988278,-77.5843,32.0,23.0
2024-09-04,Linville Falls,Avery,2024,9,35.972347,-81.933072,37.0,
2024-09-04,Mendenhall School,Guilford,2024,9,36.1090060008986,-79.802314,32.0,27.0
2024-09-04,Millbrook School,Wake,2024,9,35.856111,-78.574167,31.0,26.0
2024-09-04,Old High School,Swain,2024,9,35.498711,-83.310242,28.0,
2024-09-04,Pitt Agri. Center,Pitt,2024,9,35.6412760008938,-77.360126,30.0,21.0
2024-09-04,Rockwell,Rowan,2024,9,35.551868,-80.395039,,26.0
2024-09-04,West Johnston Co.,Johnston,2024,9,35.59095,-78.4622,35.0,18.0
2024-09-05,Bryson City,Swain,2024,9,35.434767,-83.442133,34.0,32.0
2024-09-05,Castle Hayne,New Hanover,2024,9,34.364167,-77.838611,29.0,23.5
2024-09-05,Clemmons Middle,Forsyth,2024,9,36.026612,-80.341962,40.0,28.0
2024-09-05,Durham Armory,Durham,2024,9,36.0329550008979,-78.904037,36.0,36.0
2024-09-05,Frying Pan Mountain,Haywood,2024,9,35.379167,-82.7925,43.0,
2024-09-05,Garinger High School,Mecklenburg,2024,9,35.2401000008895,-80.785683,44.0,29.0
2024-09-05,Hattie Avenue,Forsyth,2024,9,36.11094,-80.224501,41.0,31.0
2024-09-05,Leggett,Edgecombe,2024,9,35.988278,-77.5843,31.0,23.0
2024-09-05,Linville Falls,Avery,2024,9,35.972347,-81.933072,30.0,
2024-09-05,Mendenhall School,Guilford,2024,9,36.1090060008986,-79.802314,37.0,26.0
2024-09-05,Millbrook School,Wake,2024,9,35.856111,-78.574167,33.0,31.0
2024-09-05,Old High School,Swain,2024,9,35.498711,-83.310242,36.0,
2024-09-05,Pitt Agri. Center,Pitt,2024,9,35.6412760008938,-77.360126,32.0,26.0
2024-09-05,Rockwell,Rowan,2024,9,35.551868,-80.395039,42.0,29.0
2024-09-05,West Johnston Co.,Johnston,2024,9,35.59095,-78.4622,33.0,27.0
2024-09-06,Bryson City,Swain,2024,9,35.434767,-83.442133,30.0,31.0
2024-09-06,Castle Hayne,New Hanover,2024,9,34.364167,-77.838611,25.0,24.0
2024-09-06,Clemmons Middle,Forsyth,2024,9,36.026612,-80.341962,51.0,33.0
2024-09-06,Durham Armory,Durham,2024,9,36.0329550008979,-78.904037,36.0,47.0
2024-09-06,Frying Pan Mountain,Haywood,2024,9,35.379167,-82.7925,38.0,21.0
2024-09-06,Garinger High School,Mecklenburg,2024,9,35.2401000008895,-80.785683,43.0,40.0
2024-09-06,Hattie Avenue,Forsyth,2024,9,36.11094,-80.224501,48.0,34.5
2024-09-06,Leggett,Edgecombe,2024,9,35.988278,-77.5843,32.0,32.0
2024-09-06,Linville Falls,Avery,2024,9,35.972347,-81.933072,32.0,26.0
2024-09-06,Mendenhall School,Guilford,2024,9,36.1090060008986,-79.802314,45.0,34.0
2024-09-06,Millbrook School,Wake,2024,9,35.856111,-78.574167,38.0,41.0
2024-09-06,Old High School,Swain,2024,9,35.498711,-83.310242,31.0,31.0
2024-09-06,Pitt Agri. Center,Pitt,2024,9,35.6412760008938,-77.360126,31.0,23.0
2024-09-06,Rockwell,Rowan,2024,9,35.551868,-80.395039,36.0,37.0
2024-09-06,West Johnston Co.,Johnston,2024,9,35.59095,-78.4622,38.0,30.0
2024-09-07,Bryson City,Swain,2024,9,35.434767,-83.442133,33.0,24.0
2024-09-07,Castle Hayne,New Hanover,2024,9,34.364167,-77.838611,22.0,11.5
2024-09-07,Clemmons Middle,Forsyth,2024,9,36.026612,-80.341962,36.0,31.0
2024-09-07,Durham Armory,Durham,2024,9,36.0329550008979,-78.904037,39.0,52.0
2024-09-07,Frying Pan Mountain,Haywood,2024,9,35.379167,-82.7925,33.0,
2024-09-07,Garinger High School,Mecklenburg,2024,9,35.2401000008895,-80.785683,42.0,36.0
2024-09-07,Hattie Avenue,Forsyth,2024,9,36.11094,-80.224501,36.0,34.0
2024-09-07,Leggett,Edgecombe,2024,9,35.988278,-77.5843,21.0,31.0
2024-09-07,Linville Falls,Avery,2024,9,35.972347,-81.933072,32.0,
2024-09-07,Mendenhall School,Guilford,2024,9,36.1090060008986,-79.802314,36.0,33.0
2024-09-07,Millbrook School,Wake,2024,9,35.856111,-78.574167,38.0,46.0
2024-09-07,Old High School,Swain,2024,9,35.498711,-83.310242,33.0,
2024-09-07,Pitt Agri. Center,Pitt,2024,9,35.6412760008938,-77.360126,23.0,21.0
2024-09-07,Rockwell,Rowan,2024,9,35.551868,-80.395039,38.0,31.0
2024-09-07,West Johnston Co.,Johnston,2024,9,35.59095,-78.4622,37.0,41.0
2024-09-08,Bryson City,Swain,2024,9,35.434767,-83.442133,31.0,13.0
2024-09-08,Castle Hayne,New Hanover,2024,9,34.364167,-77.838611,19.0,19.5
2024-09-08,Clemmons Middle,Forsyth,2024,9,36.026612,-80.341962,38.0,18.0
2024-09-08,Durham Armory,Durham,2024,9,36.0329550008979,-78.904037,36.0,40.0
2024-09-08,Frying Pan Mountain,Haywood,2024,9,35.379167,-82.7925,31.0,
2024-09-08,Garinger High School,Mecklenburg,2024,9,35.2401000008895,-80.785683,33.0,21.0
2024-09-08,Hattie Avenue,Forsyth,2024,9,36.11094,-80.224501,41.0,20.0
2024-09-08,Leggett,Edgecombe,2024,9,35.988278,-77.5843,31.0,17.0
2024-09-08,Linville Falls,Avery,2024,9,35.972347,-81.933072,32.0,
2024-09-08,Mendenhall School,Guilford,2024,9,36.1090060008986,-79.802314,37.0,21.0
2024-09-08,Millbrook School,Wake,2024,9,35.856111,-78.574167,33.0,24.0
2024-09-08,Old High School,Swain,2024,9,35.498711,-83.310242,33.0,
2024-09-08,Pitt Agri. Center,Pitt,2024,9,35.6412760008938,-77.360126,28.0,12.0
2024-09-08,Rockwell,Rowan,2024,9,35.551868,-80.395039,34.0,20.0
2024-09-08,West Johnston Co.,Johnston,2024,9,35.59095,-78.4622,34.0,20.0
2024-09-09,Bryson City,Swain,2024,9,35.434767,-83.442133,31.0,28.0
2024-09-09,Castle Hayne,New Hanover,2024,9,34.364167,-77.838611,37.0,14.5
2024-09-09,Clemmons Middle,Forsyth,2024,9,36.026612,-80.341962,42.0,29.0
2024-09-09,Durham Armory,Durham,2024,9,36.0329550008979,-78.904037,40.0,51.0
2024-09-09,Frying Pan Mountain,Haywood,2024,9,35.379167,-82.7925,37.0,17.0
2024-09-09,Garinger High School,Mecklenburg,2024,9,35.2401000008895,-80.785683,42.0,35.5
2024-09-09,Hattie Avenue,Forsyth,2024,9,36.11094,-80.224501,47.0,34.5
2024-09-09,Leggett,Edgecombe,2024,9,35.988278,-77.5843,33.0,10.0
2024-09-09,Linville Falls,Avery,2024,9,35.972347,-81.933072,35.0,18.0
2024-09-09,Mendenhall School,Guilford,2024,9,36.1090060008986,-79.802314,44.0,31.0
2024-09-09,Millbrook School,Wake,2024,9,35.856111,-78.574167,35.0,35.5
2024-09-09,Old High School,Swain,2024,9,35.498711,-83.310242,33.0,22.0
2024-09-09,Pitt Agri. Center,Pitt,2024,9,35.6412760008938,-77.360126,34.0,18.0
2024-09-09,Rockwell,Rowan,2024,9,35.551868,-80.395039,35.0,33.0
2024-09-09,West Johnston Co.,Johnston,2024,9,35.59095,-78.4622,36.0,31.0
2024-09-10,Bryson City,Swain,2024,9,35.434767,-83.442133,33.0,28.0
2024-09-10,Castle Hayne,New Hanover,2024,9,34.364167,-77.838611,40.0,18.0
2024-09-10,Clemmons Middle,Forsyth,2024,9,36.026612,-80.341962,64.0,29.0
2024-09-10,Durham Armory,Durham,2024,9,36.0329550008979,-78.904037,41.0,52.0
2024-09-10,Frying Pan Mountain,Haywood,2024,9,35.379167,-82.7925,58.0,
2024-09-10,Garinger High School,Mecklenburg,2024,9,35.2401000008895,-80.785683,51.0,47.0
2024-09-10,Hattie Avenue,Forsyth,2024,9,36.11094,-80.224501,47.0,32.0
2024-09-10,Leggett,Edgecombe,2024,9,35.988278,-77.5843,38.0,28.0
2024-09-10,Linville Falls,Avery,2024,9,35.972347,-81.933072,39.0,
2024-09-10,Mendenhall School,Guilford,2024,9,36.1090060008986,-79.802314,45.0,36.0
2024-09-10,Millbrook School,Wake,2024,9,35.856111,-78.574167,54.0,52.0
2024-09-10,Old High School,Swain,2024,9,35.498711,-83.310242,36.0,
2024-09-10,Pitt Agri. Center,Pitt,2024,9,35.6412760008938,-77.360126,38.0,26.0
2024-09-10,Rockwell,Rowan,2024,9,35.551868,-80.395039,,50.0
2024-09-10,West Johnston Co.,Johnston,2024,9,35.59095,-78.4622,48.0,44.0
2024-09-11,Bryson City,Swain,2024,9,35.434767,-83.442133,44.0,36.0
2024-09-11,Castle Hayne,New Hanover,2024,9,34.364167,-77.838611,42.0,25.0
2024-09-11,Clemmons Middle,Forsyth,2024,9,36.026612,-80.341962,50.0,38.0
2024-09-11,Durham Armory,Durham,2024,9,36.0329550008979,-78.904037,45.0,55.0
2024-09-11,Frying Pan Mountain,Haywood,2024,9,35.379167,-82.7925,46.0,
2024-09-11,Garinger High School,Mecklenburg,2024,9,35.2401000008895,-80.785683,42.0,55.0
2024-09-11,Hattie Avenue,Forsyth,2024,9,36.11094,-80.224501,64.0,43.0
2024-09-11,Leggett,Edgecombe,2024,9,35.988278,-77.5843,44.0,30.0
2024-09-11,Linville Falls,Avery,2024,9,35.972347,-81.933072,54.0,
2024-09-11,Mendenhall School,Guilford,2024,9,36.1090060008986,-79.802314,49.0,43.0
2024-09-11,Millbrook School,Wake,2024,9,35.856111,-78.574167,46.0,52.0
2024-09-11,Old High School,Swain,2024,9,35.498711,-83.310242,46.0,
2024-09-11,Pitt Agri. Center,Pitt,2024,9,35.6412760008938,-77.360126,42.0,36.0
2024-09-11,Rockwell,Rowan,2024,9,35.551868,-80.395039,,47.0
2024-09-11,West Johnston Co.,Johnston,2024,9,35.59095,-78.4622,46.0,45.0
2024-09-12,Bryson City,Swain,2024,9,35.434767,-83.442133,38.0,37.0
2024-09-12,Castle Hayne,New Hanover,2024,9,34.364167,-77.838611,40.0,28.5
2024-09-12,Clemmons Middle,Forsyth,2024,9,36.026612,-80.341962,51.0,47.0
2024-09-12,Durham Armory,Durham,2024,9,36.0329550008979,-78.904037,42.0,56.0
2024-09-12,Frying Pan Mountain,Haywood,2024,9,35.379167,-82.7925,42.0,26.0
2024-09-12,Garinger High School,Mecklenburg,2024,9,35.2401000008895,-80.785683,45.0,48.0
2024-09-12,Hattie Avenue,Forsyth,2024,9,36.11094,-80.224501,46.0,48.0
2024-09-12,Leggett,Edgecombe,2024,9,35.988278,-77.5843,38.0,37.0
2024-09-12,Linville Falls,Avery,2024,9,35.972347,-81.933072,50.0,38.0
2024-09-12,Mendenhall School,Guilford,2024,9,36.1090060008986,-79.802314,45.0,50.0
2024-09-12,Millbrook School,Wake,2024,9,35.856111,-78.574167,42.0,42.5
2024-09-12,Old High School,Swain,2024,9,35.498711,-83.310242,33.0,43.0
2024-09-12,Pitt Agri. Center,Pitt,2024,9,35.6412760008938,-77.360126,38.0,32.0
2024-09-12,Rockwell,Rowan,2024,9,35.551868,-80.395039,,45.0
2024-09-12,West Johnston Co.,Johnston,2024,9,35.59095,-78.4622,43.0,39.0
2024-09-13,Bryson City,Swain,2024,9,35.434767,-83.442133,31.0,22.0
2024-09-13,Castle Hayne,New Hanover,2024,9,34.364167,-77.838611,24.0,12.0
2024-09-13,Clemmons Middle,Forsyth,2024,9,36.026612,-80.341962,29.0,37.0
2024-09-13,Durham Armory,Durham,2024,9,36.0329550008979,-78.904037,20.0,45.0
2024-09-13,Frying Pan Mountain,Haywood,2024,9,35.379167,-82.7925,31.0,
2024-09-13,Garinger High School,Mecklenburg,2024,9,35.2401000008895,-80.785683,31.0,27.0
2024-09-13,Hattie Avenue,Forsyth,2024,9,36.11094,-80.224501,29.0,41.0
2024-09-13,Leggett,Edgecombe,2024,9,35.988278,-77.5843,25.0,27.0
2024-09-13,Linville Falls,Avery,2024,9,35.972347,-81.933072,35.0,
2024-09-13,Mendenhall School,Guilford,2024,9,36.1090060008986,-79.802314,24.0,34.0
2024-09-13,Millbrook School,Wake,2024,9,35.856111,-78.574167,24.0,30.0
2024-09-13,Old High School,Swain,2024,9,35.498711,-83.310242,26.0,
2024-09-13,Pitt Agri. Center,Pitt,2024,9,35.6412760008938,-77.360126,23.0,15.0
2024-09-13,Rockwell,Rowan,2024,9,35.551868,-80.395039,29.0,32.0
2024-09-13,West Johnston Co.,Johnston,2024,9,35.59095,-78.4622,27.0,19.0
2024-09-14,Bryson City,Swain,2024,9,35.434767,-83.442133,31.0,27.0
2024-09-14,Castle Hayne,New Hanover,2024,9,34.364167,-77.838611,24.0,15.5
2024-09-14,Clemmons Middle,Forsyth,2024,9,36.026612,-80.341962,31.0,27.0
2024-09-14,Durham Armory,Durham,2024,9,36.0329550008979,-78.904037,29.0,34.0
2024-09-14,Frying Pan Mountain,Haywood,2024,9,35.379167,-82.7925,30.0,
2024-09-14,Garinger High School,Mecklenburg,2024,9,35.2401000008895,-80.785683,32.0,26.0
2024-09-14,Hattie Avenue,Forsyth,2024,9,36.11094,-80.224501,31.0,31.0
2024-09-14,Leggett,Edgecombe,2024,9,35.988278,-77.5843,28.0,32.0
2024-09-14,Linville Falls,Avery,2024,9,35.972347,-81.933072,33.0,
2024-09-14,Mendenhall School,Guilford,2024,9,36.1090060008986,-79.802314,29.0,28.0
2024-09-14,Millbrook School,Wake,2024,9,35.856111,-78.574167,31.0,41.0
2024-09-14,Old High School,Swain,2024,9,35.498711,-83.310242,31.0,
2024-09-14,Pitt Agri. Center,Pitt,2024,9,35.6412760008938,-77.360126,27.0,24.0
2024-09-14,Rockwell,Rowan,2024,9,35.551868,-80.395039,31.0,18.0
2024-09-14,West Johnston Co.,Johnston,2024,9,35.59095,-78.4622,32.0,27.0
2024-09-15,Bryson City,Swain,2024,9,35.434767,-83.442133,30.0,29.0
2024-09-15,Castle Hayne,New Hanover,2024,9,34.364167,-77.838611,27.0,35.5
2024-09-15,Clemmons Middle,Forsyth,2024,9,36.026612,-80.341962,29.0,33.0
2024-09-15,Durham Armory,Durham,2024,9,36.0329550008979,-78.904037,26.0,43.0
2024-09-15,Frying Pan Mountain,Haywood,2024,9,35.379167,-82.7925,31.0,6.0
2024-09-15,Garinger High School,Mecklenburg,2024,9,35.2401000008895,-80.785683,28.0,33.5
2024-09-15,Hattie Avenue,Forsyth,2024,9,36.11094,-80.224501,29.0,35.5
2024-09-15,Leggett,Edgecombe,2024,9,35.988278,-77.5843,26.0,37.0
2024-09-15,Linville Falls,Avery,2024,9,35.972347,-81.933072,31.0,19.0
2024-09-15,Mendenhall School,Guilford,2024,9,36.1090060008986,-79.802314,25.0,34.0
2024-09-15,Millbrook School,Wake,2024,9,35.856111,-78.574167,29.0,45.5
2024-09-15,Old High School,Swain,2024,9,35.498711,-83.310242,31.0,36.0
2024-09-15,Pitt Agri. Center,Pitt,2024,9,35.6412760008938,-77.360126,28.0,38.0
2024-09-15,Rockwell,Rowan,2024,9,35.551868,-80.395039,28.0,32.0
2024-09-15,West Johnston Co.,Johnston,2024,9,35.59095,-78.4622,30.0,36.0
2024-09-16,Bryson City,Swain,2024,9,35.434767,-83.442133,,28.0
2024-09-16,Castle Hayne,New Hanover,2024,9,34.364167,-77.838611,32.0,2.0
2024-09-16,Clemmons Middle,Forsyth,2024,9,36.026612,-80.341962,28.0,34.0
2024-09-16,Durham Armory,Durham,2024,9,36.0329550008979,-78.904037,27.0,38.0
2024-09-16,Frying Pan Mountain,Haywood,2024,9,35.379167,-82.7925,37.0,
2024-09-16,Garinger High School,Mecklenburg,2024,9,35.2401000008895,-80.785683,27.0,28.0
2024-09-16,Hattie Avenue,Forsyth,2024,9,36.11094,-80.224501,29.0,37.0
2024-09-16,Leggett,Edgecombe,2024,9,35.988278,-77.5843,25.0,29.0
2024-09-16,Linville Falls,Avery,2024,9,35.972347,-81.933072,31.0,
2024-09-16,Mendenhall School,Guilford,2024,9,36.1090060008986,-79.802314,26.0,29.0
2024-09-16,Millbrook School,Wake,2024,9,35.856111,-78.574167,28.0,35.0
2024-09-16,Old High School,Swain,2024,9,35.498711,-83.310242,42.0,
2024-09-16,Pitt Agri. Center,Pitt,2024,9,35.6412760008938,-77.360126,27.0,29.0
2024-09-16,Rockwell,Rowan,2024,9,35.551868,-80.395039,26.0,27.0
2024-09-16,West Johnston Co.,Johnston,2024,9,35.59095,-78.4622,30.0,24.0
2024-09-17,Bryson City,Swain,2024,9,35.434767,-83.442133,,22.0
2024-09-17,Castle Hayne,New Hanover,2024,9,34.364167,-77.838611,31.0,2.0
2024-09-17,Clemmons Middle,Forsyth,2024,9,36.026612,-80.341962,20.0,20.0
2024-09-17,Durham Armory,Durham,2024,9,36.0329550008979,-78.904037,21.0,12.0
2024-09-17,Frying Pan Mountain,Haywood,2024,9,35.379167,-82.7925,27.0,
2024-09-17,Garinger High School,Mecklenburg,2024,9,35.2401000008895,-80.785683,19.0,11.0
2024-09-17,Hattie Avenue,Forsyth,2024,9,36.11094,-80.224501,21.0,20.0
2024-09-17,Leggett,Edgecombe,2024,9,35.988278,-77.5843,24.0,8.0
2024-09-17,Linville Falls,Avery,2024,9,35.972347,-81.933072,30.0,
2024-09-17,Mendenhall School,Guilford,2024,9,36.1090060008986,-79.802314,21.0,18.0
2024-09-17,Millbrook School,Wake,2024,9,35.856111,-78.574167,21.0,22.0
2024-09-17,Old High School,Swain,2024,9,35.498711,-83.310242,21.0,
2024-09-17,Pitt Agri. Center,Pitt,2024,9,35.6412760008938,-77.360126,24.0,16.0
2024-09-17,Rockwell,Rowan,2024,9,35.551868,-80.395039,24.0,10.0
2024-09-17,West Johnston Co.,Johnston,2024,9,35.59095,-78.4622,25.0,20.0
2024-09-18,Bryson City,Swain,2024,9,35.434767,-83.442133,19.0,11.0
2024-09-18,Castle Hayne,New Hanover,2024,9,34.364167,-77.838611,,27.0
2024-09-18,Clemmons Middle,Forsyth,2024,9,36.026612,-80.341962,40.0,41.0
2024-09-18,Durham Armory,Durham,2024,9,36.0329550008979,-78.904037,27.0,28.0
2024-09-18,Frying Pan Mountain,Haywood,2024,9,35.379167,-82.7925,35.0,4.0
2024-09-18,Garinger High School,Mecklenburg,2024,9,35.2401000008895,-80.785683,30.0,48.0
2024-09-18,Hattie Avenue,Forsyth,2024,9,36.11094,-80.224501,36.0,32.5
2024-09-18,Leggett,Edgecombe,2024,9,35.988278,-77.5843,23.0,19.0
2024-09-18,Linville Falls,Avery,2024,9,35.972347,-81.933072,28.0,26.0
2024-09-18,Mendenhall School,Guilford,2024,9,36.1090060008986,-79.802314,33.0,34.0
2024-09-18,Millbrook School,Wake,2024,9,35.856111,-78.574167,36.0,32.0
2024-09-18,Old High School,Swain,2024,9,35.498711,-83.310242,20.0,11.0
2024-09-18,Pitt Agri. Center,Pitt,2024,9,35.6412760008938,-77.360126,28.0,14.0
2024-09-18,Rockwell,Rowan,2024,9,35.551868,-80.395039,31.0,52.0
2024-09-18,West Johnston Co.,Johnston,2024,9,35.59095,-78.4622,,37.0
2024-09-19,Bryson City,Swain,2024,9,35.434767,-83.442133,24.0,18.0
2024-09-19,Castle Hayne,New Hanover,2024,9,34.364167,-77.838611,28.0,26.0
2024-09-19,Clemmons Middle,Forsyth,2024,9,36.026612,-80.341962,27.0,17.0
2024-09-19,Durham Armory,Durham,2024,9,36.0329550008979,-78.904037,21.0,17.0
2024-09-19,Frying Pan Mountain,Haywood,2024,9,35.379167,-82.7925,35.0,
2024-09-19,Garinger High School,Mecklenburg,2024,9,35.2401000008895,-80.785683,31.0,30.0
2024-09-19,Hattie Avenue,Forsyth,2024,9,36.11094,-80.224501,23.0,18.0
2024-09-19,Leggett,Edgecombe,2024,9,35.988278,-77.5843,21.0,22.0
2024-09-19,Linville Falls,Avery,2024,9,35.972347,-81.933072,22.0,
2024-09-19,Mendenhall School,Guilford,2024,9,36.1090060008986,-79.802314,25.0,16.0
2024-09-19,Millbrook School,Wake,2024,9,35.856111,-78.574167,21.0,26.0
2024-09-19,Old High School,Swain,2024,9,35.498711,-83.310242,26.0,
2024-09-19,Pitt Agri. Center,Pitt,2024,9,35.6412760008938,-77.360126,24.0,17.0
2024-09-19,Rockwell,Rowan,2024,9,35.551868,-80.395039,29.0,14.0
2024-09-19,West Johnston Co.,Johnston,2024,9,35.59095,-78.4622,,16.0
2024-09-20,Bryson City,Swain,2024,9,35.434767,-83.442133,32.0,26.0
2024-09-20,Castle Hayne,New Hanover,2024,9,34.364167,-77.838611,35.0,20.5
2024-09-20,Clemmons Middle,Forsyth,2024,9,36.026612,-80.341962,36.0,27.0
2024-09-20,Durham Armory,Durham,2024,9,36.0329550008979,-78.904037,33.0,38.0
2024-09-20,Frying Pan Mountain,Haywood,2024,9,35.379167,-82.7925,50.0,
2024-09-20,Garinger High School,Mecklenburg,2024,9,35.2401000008895,-80.785683,44.0,34.0
2024-09-20,Hattie Avenue,Forsyth,2024,9,36.11094,-80.224501,32.0,32.0
2024-09-20,Leggett,Edgecombe,2024,9,35.988278,-77.5843,42.0,37.0
2024-09-20,Linville Falls,Avery,2024,9,35.972347,-81.933072,37.0,
2024-09-20,Mendenhall School,Guilford,2024,9,36.1090060008986,-79.802314,30.0,24.0
2024-09-20,Millbrook School,Wake,2024,9,35.856111,-78.574167,40.0,42.0
2024-09-20,Old High School,Swain,2024,9,35.498711,-83.310242,37.0,
2024-09-20,Pitt Agri. Center,Pitt,2024,9,35.6412760008938,-77.360126,41.0,28.0
2024-09-20,Rockwell,Rowan,2024,9,35.551868,-80.395039,36.0,30.0
2024-09-20,West Johnston Co.,Johnston,2024,9,35.59095,-78.4622,39.0,35.0
2024-09-21,Bryson City,Swain,2024,9,35.434767,-83.442133,40.0,41.0
2024-09-21,Castle Hayne,New Hanover,2024,9,34.364167,-77.838611,37.0,14.5
2024-09-21,Clemmons Middle,Forsyth,2024,9,36.026612,-80.341962,44.0,44.5
2024-09-21,Durham Armory,Durham,2024,9,36.0329550008979,-78.904037,37.0,53.0
2024-09-21,Frying Pan Mountain,Haywood,2024,9,35.379167,-82.7925,47.0,28.0
2024-09-21,Garinger High School,Mecklenburg,2024,9,35.2401000008895,-80.785683,46.0,50.0
2024-09-21,Hattie Avenue,Forsyth,2024,9,36.11094,-80.224501,45.0,51.0
2024-09-21,Leggett,Edgecombe,2024,9,35.988278,-77.5843,38.0,23.0
2024-09-21,Linville Falls,Avery,2024,9,35.972347,-81.933072,35.0,33.0
2024-09-21,Mendenhall School,Guilford,2024,9,36.1090060008986,-79.802314,44.0,53.0
2024-09-21,Millbrook School,Wake,2024,9,35.856111,-78.574167,42.0,39.5
2024-09-21,Old High School,Swain,2024,9,35.498711,-83.310242,37.0,37.0
2024-09-21,Pitt Agri. Center,Pitt,2024,9,35.6412760008938,-77.360126,39.0,21.0
2024-09-21,Rockwell,Rowan,2024,9,35.551868,-80.395039,44.0,47.0
2024-09-21,West Johnston Co.,Johnston,2024,9,35.59095,-78.4622,41.0,42.0
2024-09-22,Bryson City,Swain,2024,9,35.434767,-83.442133,39.0,30.0
2024-09-22,Castle Hayne,New Hanover,2024,9,34.364167,-77.838611,31.0,24.0
2024-09-22,Clemmons Middle,Forsyth,2024,9,36.026612,-80.341962,54.0,46.0
2024-09-22,Durham Armory,Durham,2024,9,36.0329550008979,-78.904037,30.0,43.0
2024-09-22,Frying Pan Mountain,Haywood,2024,9,35.379167,-82.7925,45.0,
2024-09-22,Garinger High School,Mecklenburg,2024,9,35.2401000008895,-80.785683,48.0,52.0
2024-09-22,Hattie Avenue,Forsyth,2024,9,36.11094,-80.224501,49.0,52.0
2024-09-22,Leggett,Edgecombe,2024,9,35.988278,-77.5843,30.0,34.0
2024-09-22,Linville Falls,Avery,2024,9,35.972347,-81.933072,37.0,
2024-09-22,Mendenhall School,Guilford,2024,9,36.1090060008986,-79.802314,39.0,49.0
2024-09-22,Millbrook School,Wake,2024,9,35.856111,-78.574167,30.0,46.0
2024-09-22,Old High School,Swain,2024,9,35.498711,-83.310242,32.0,
2024-09-22,Pitt Agri. Center,Pitt,2024,9,35.6412760008938,-77.360126,32.0,26.0
2024-09-22,Rockwell,Rowan,2024,9,35.551868,-80.395039,46.0,48.0
2024-09-22,West Johnston Co.,Johnston,2024,9,35.59095,-78.4622,33.0,44.0
2024-09-23,Bryson City,Swain,2024,9,35.434767,-83.442133,38.0,42.0
2024-09-23,Castle Hayne,New Hanover,2024,9,34.364167,-77.838611,35.0,21.0
2024-09-23,Clemmons Middle,Forsyth,2024,9,36.026612,-80.341962,19.0,53.0
2024-09-23,Durham Armory,Durham,2024,9,36.0329550008979,-78.904037,31.0,53.0
2024-09-23,Frying Pan Mountain,Haywood,2024,9,35.379167,-82.7925,41.0,
2024-09-23,Garinger High School,Mecklenburg,2024,9,35.2401000008895,-80.785683,19.0,52.0
2024-09-23,Hattie Avenue,Forsyth,2024,9,36.11094,-80.224501,19.0,56.0
2024-09-23,Leggett,Edgecombe,2024,9,35.988278,-77.5843,31.0,23.0
2024-09-23,Linville Falls,Avery,2024,9,35.972347,-81.933072,34.0,
2024-09-23,Mendenhall School,Guilford,2024,9,36.1090060008986,-79.802314,19.0,53.0
2024-09-23,Millbrook School,Wake,2024,9,35.856111,-78.574167,35.0,48.0
2024-09-23,Old High School,Swain,2024,9,35.498711,-83.310242,37.0,
2024-09-23,Pitt Agri. Center,Pitt,2024,9,35.6412760008938,-77.360126,33.0,25.0
2024-09-23,Rockwell,Rowan,2024,9,35.551868,-80.395039,19.0,55.0
2024-09-23,West Johnston Co.,Johnston,2024,9,35.59095,-78.4622,33.0,40.0
2024-09-24,Bryson City,Swain,2024,9,35.434767,-83.442133,30.0,51.0
2024-09-24,Castle Hayne,New Hanover,2024,9,34.364167,-77.838611,32.0,23.5
2024-09-24,Clemmons Middle,Forsyth,2024,9,36.026612,-80.341962,24.0,53.0
2024-09-24,Durham Armory,Durham,2024,9,36.0329550008979,-78.904037,24.0,56.0
2024-09-24,Frying Pan Mountain,Haywood,2024,9,35.379167,-82.7925,37.0,51.0
2024-09-24,Garinger High School,Mecklenburg,2024,9,35.2401000008895,-80.785683,33.0,56.0
2024-09-24,Hattie Avenue,Forsyth,2024,9,36.11094,-80.224501,24.0,55.5
2024-09-24,Leggett,Edgecombe,2024,9,35.988278,-77.5843,20.0,27.0
2024-09-24,Linville Falls,Avery,2024,9,35.972347,-81.933072,31.0,38.0
2024-09-24,Mendenhall School,Guilford,2024,9,36.1090060008986,-79.802314,22.0,57.0
2024-09-24,Millbrook School,Wake,2024,9,35.856111,-78.574167,24.0,47.5
2024-09-24,Old High School,Swain,2024,9,35.498711,-83.310242,32.0,53.0
2024-09-24,Pitt Agri. Center,Pitt,2024,9,35.6412760008938,-77.360126,26.0,25.0
2024-09-24,Rockwell,Rowan,2024,9,35.551868,-80.395039,30.0,51.0
2024-09-24,West Johnston Co.,Johnston,2024,9,35.59095,-78.4622,24.0,41.0
2024-09-25,Bryson City,Swain,2024,9,35.434767,-83.442133,26.0,36.0
2024-09-25,Castle Hayne,New Hanover,2024,9,34.364167,-77.838611,36.0,18.5
2024-09-25,Clemmons Middle,Forsyth,2024,9,36.026612,-80.341962,33.0,34.0
2024-09-25,Durham Armory,Durham,2024,9,36.0329550008979,-78.904037,32.0,50.0
2024-09-25,Garinger High School,Mecklenburg,2024,9,35.2401000008895,-80.785683,37.0,32.0
2024-09-25,Hattie Avenue,Forsyth,2024,9,36.11094,-80.224501,35.0,37.0
2024-09-25,Leggett,Edgecombe,2024,9,35.988278,-77.5843,26.0,29.0
2024-09-25,Linville Falls,Avery,2024,9,35.972347,-81.933072,36.0,
2024-09-25,Mendenhall School,Guilford,2024,9,36.1090060008986,-79.802314,34.0,39.0
2024-09-25,Millbrook School,Wake,2024,9,35.856111,-78.574167,32.0,44.0
2024-09-25,Old High School,Swain,2024,9,35.498711,-83.310242,30.0,
2024-09-25,Pitt Agri. Center,Pitt,2024,9,35.6412760008938,-77.360126,30.0,26.0
2024-09-25,Rockwell,Rowan,2024,9,35.551868,-80.395039,35.0,33.0
2024-09-25,West Johnston Co.,Johnston,2024,9,35.59095,-78.4622,33.0,34.0
2024-09-26,Bryson City,Swain,2024,9,35.434767,-83.442133,22.0,3.0
2024-09-26,Castle Hayne,New Hanover,2024,9,34.364167,-77.838611,28.0,11.5
2024-09-26,Clemmons Middle,Forsyth,2024,9,36.026612,-80.341962,23.0,23.0
2024-09-26,Durham Armory,Durham,2024,9,36.0329550008979,-78.904037,20.0,30.0
2024-09-26,Garinger High School,Mecklenburg,2024,9,35.2401000008895,-80.785683,26.0,13.0
2024-09-26,Hattie Avenue,Forsyth,2024,9,36.11094,-80.224501,23.0,29.0
2024-09-26,Leggett,Edgecombe,2024,9,35.988278,-77.5843,19.0,17.0
2024-09-26,Linville Falls,Avery,2024,9,35.972347,-81.933072,37.0,
2024-09-26,Mendenhall School,Guilford,2024,9,36.1090060008986,-79.802314,19.0,23.0
2024-09-26,Millbrook School,Wake,2024,9,35.856111,-78.574167,20.0,28.0
2024-09-26,Old High School,Swain,2024,9,35.498711,-83.310242,15.0,
2024-09-26,Pitt Agri. Center,Pitt,2024,9,35.6412760008938,-77.360126,24.0,17.0
2024-09-26,Rockwell,Rowan,2024,9,35.551868,-80.395039,24.0,22.0
2024-09-26,West Johnston Co.,Johnston,2024,9,35.59095,-78.4622,19.0,23.0
2024-09-27,Castle Hayne,New Hanover,2024,9,34.364167,-77.838611,,26.5
2024-09-27,Clemmons Middle,Forsyth,2024,9,36.026612,-80.341962,25.0,20.0
2024-09-27,Durham Armory,Durham,2024,9,36.0329550008979,-78.904037,21.0,32.0
2024-09-27,Hattie Avenue,Forsyth,2024,9,36.11094,-80.224501,23.0,27.0
2024-09-27,Leggett,Edgecombe,2024,9,35.988278,-77.5843,20.0,19.0
2024-09-27,Mendenhall School,Guilford,2024,9,36.1090060008986,-79.802314,24.0,26.0
2024-09-27,Millbrook School,Wake,2024,9,35.856111,-78.574167,22.0,31.0
2024-09-27,Old High School,Swain,2024,9,35.498711,-83.310242,41.0,9.0
2024-09-27,Pitt Agri. Center,Pitt,2024,9,35.6412760008938,-77.360126,22.0,22.0
2024-09-27,Rockwell,Rowan,2024,9,35.551868,-80.395039,25.0,23.0
2024-09-27,West Johnston Co.,Johnston,2024,9,35.59095,-78.4622,24.0,24.0
2024-09-28,Bryson City,Swain,2024,9,35.434767,-83.442133,28.0,23.0
2024-09-28,Castle Hayne,New Hanover,2024,9,34.364167,-77.838611,41.0,20.5
2024-09-28,Clemmons Middle,Forsyth,2024,9,36.026612,-80.341962,38.0,43.0
2024-09-28,Durham Armory,Durham,2024,9,36.0329550008979,-78.904037,39.0,54.0
2024-09-28,Garinger High School,Mecklenburg,2024,9,35.2401000008895,-80.785683,36.0,56.0
2024-09-28,Hattie Avenue,Forsyth,2024,9,36.11094,-80.224501,39.0,56.0
2024-09-28,Leggett,Edgecombe,2024,9,35.988278,-77.5843,34.0,32.0
2024-09-28,Mendenhall School,Guilford,2024,9,36.1090060008986,-79.802314,40.0,52.0
2024-09-28,Millbrook School,Wake,2024,9,35.856111,-78.574167,40.0,51.0
2024-09-28,Old High School,Swain,2024,9,35.498711,-83.310242,32.0,
2024-09-28,Pitt Agri. Center,Pitt,2024,9,35.6412760008938,-77.360126,36.0,32.0
2024-09-28,Rockwell,Rowan,2024,9,35.551868,-80.395039,37.0,52.0
2024-09-28,West Johnston Co.,Johnston,2024,9,35.59095,-78.4622,40.0,40.0
2024-09-29,Bryson City,Swain,2024,9,35.434767,-83.442133,18.0,7.0
2024-09-29,Castle Hayne,New Hanover,2024,9,34.364167,-77.838611,36.0,33.0
2024-09-29,Clemmons Middle,Forsyth,2024,9,36.026612,-80.341962,38.0,43.0
2024-09-29,Durham Armory,Durham,2024,9,36.0329550008979,-78.904037,36.0,56.0
2024-09-29,Garinger High School,Mecklenburg,2024,9,35.2401000008895,-80.785683,34.0,54.0
2024-09-29,Hattie Avenue,Forsyth,2024,9,36.11094,-80.224501,38.0,58.0
2024-09-29,Leggett,Edgecombe,2024,9,35.988278,-77.5843,33.0,
2024-09-29,Mendenhall School,Guilford,2024,9,36.1090060008986,-79.802314,32.0,57.0
2024-09-29,Millbrook School,Wake,2024,9,35.856111,-78.574167,34.0,55.0
2024-09-29,Old High School,Swain,2024,9,35.498711,-83.310242,19.0,
2024-09-29,Pitt Agri. Center,Pitt,2024,9,35.6412760008938,-77.360126,31.0,34.0
2024-09-29,Rockwell,Rowan,2024,9,35.551868,-80.395039,34.0,52.0
2024-09-29,West Johnston Co.,Johnston,2024,9,35.59095,-78.4622,31.0,47.0
2024-09-30,Bryson City,Swain,2024,9,35.434767,-83.442133,19.0,11.0
2024-09-30,Castle Hayne,New Hanover,2024,9,34.364167,-77.838611,36.0,26.5
2024-09-30,Clemmons Middle,Forsyth,2024,9,36.026612,-80.341962,31.0,46.0
2024-09-30,Durham Armory,Durham,2024,9,36.0329550008979,-78.904037,22.0,57.0
2024-09-30,Garinger High School,Mecklenburg,2024,9,35.2401000008895,-80.785683,34.0,56.5
2024-09-30,Hattie Avenue,Forsyth,2024,9,36.11094,-80.224501,32.0,59.0
2024-09-30,Leggett,Edgecombe,2024,9,35.988278,-77.5843,24.0,
2024-09-30,Mendenhall School,Guilford,2024,9,36.1090060008986,-79.802314,25.0,59.0
2024-09-30,Millbrook School,Wake,2024,9,35.856111,-78.574167,27.0,55.0
2024-09-30,Old High School,Swain,2024,9,35.498711,-83.310242,24.0,17.0
2024-09-30,Pitt Agri. Center,Pitt,2024,9,35.6412760008938,-77.360126,25.0,50.0
2024-09-30,Rockwell,Rowan,2024,9,35.551868,-80.395039,28.0,58.0
2024-09-30,West Johnston Co.,Johnston,2024,9,35.59095,-78.4622,31.0,49.0
2024-10-01,Bryson City,Swain,2024,10,35.434767,-83.442133,21.0,7.0
2024-10-01,Castle Hayne,New Hanover,2024,10,34.364167,-77.838611,33.0,44.5
2024-10-01,Clemmons Middle,Forsyth,2024,10,36.026612,-80.341962,22.0,18.0
2024-10-01,Durham Armory,Durham,2024,10,36.0329550008979,-78.904037,18.0,31.0
2024-10-01,Garinger High School,Mecklenburg,2024,10,35.2401000008895,-80.785683,28.0,43.0
2024-10-01,Hattie Avenue,Forsyth,2024,10,36.11094,-80.224501,22.0,22.0
2024-10-01,Leggett,Edgecombe,2024,10,35.988278,-77.5843,23.0,19.0
2024-10-01,Mendenhall School,Guilford,2024,10,36.1090060008986,-79.802314,21.0,11.0
2024-10-01,Millbrook School,Wake,2024,10,35.856111,-78.574167,20.0,25.0
2024-10-01,Old High School,Swain,2024,10,35.498711,-83.310242,21.0,
2024-10-01,Pitt Agri. Center,Pitt,2024,10,35.6412760008938,-77.360126,26.0,19.0
2024-10-01,Rockwell,Rowan,2024,10,35.551868,-80.395039,29.0,25.0
2024-10-01,West Johnston Co.,Johnston,2024,10,35.59095,-78.4622,20.0,16.0
2024-10-02,Bryson City,Swain,2024,10,35.434767,-83.442133,28.0,15.0
2024-10-02,Castle Hayne,New Hanover,2024,10,34.364167,-77.838611,23.0,13.5
2024-10-02,Clemmons Middle,Forsyth,2024,10,36.026612,-80.341962,31.0,20.0
2024-10-02,Durham Armory,Durham,2024,10,36.0329550008979,-78.904037,23.0,33.0
2024-10-02,Garinger High School,Mecklenburg,2024,10,35.2401000008895,-80.785683,35.0,24.0
2024-10-02,Hattie Avenue,Forsyth,2024,10,36.11094,-80.224501,32.0,24.0
2024-10-02,Leggett,Edgecombe,2024,10,35.988278,-77.5843,21.0,26.0
2024-10-02,Mendenhall School,Guilford,2024,10,36.1090060008986,-79.802314,29.0,18.0
2024-10-02,Millbrook School,Wake,2024,10,35.856111,-78.574167,23.0,31.0
2024-10-02,Old High School,Swain,2024,10,35.498711,-83.310242,26.0,
2024-10-02,Pitt Agri. Center,Pitt,2024,10,35.6412760008938,-77.360126,22.0,17.0
2024-10-02,Rockwell,Rowan,2024,10,35.551868,-80.395039,35.0,18.0
2024-10-02,West Johnston Co.,Johnston,2024,10,35.59095,-78.4622,23.0,19.0
2024-10-03,Bryson City,Swain,2024,10,35.434767,-83.442133,26.0,24.0
2024-10-03,Castle Hayne,New Hanover,2024,10,34.364167,-77.838611,28.0,13.5
2024-10-03,Clemmons Middle,Forsyth,2024,10,36.026612,-80.341962,32.0,36.0
2024-10-03,Durham Armory,Durham,2024,10,36.0329550008979,-78.904037,28.0,37.0
2024-10-03,Garinger High School,Mecklenburg,2024,10,35.2401000008895,-80.785683,36.0,42.5
2024-10-03,Hattie Avenue,Forsyth,2024,10,36.11094,-80.224501,33.0,44.0
2024-10-03,Leggett,Edgecombe,2024,10,35.988278,-77.5843,29.0,16.0
2024-10-03,Mendenhall School,Guilford,2024,10,36.1090060008986,-79.802314,29.0,37.0
2024-10-03,Millbrook School,Wake,2024,10,35.856111,-78.574167,27.0,33.0
2024-10-03,Old High School,Swain,2024,10,35.498711,-83.310242,31.0,30.0
2024-10-03,Pitt Agri. Center,Pitt,2024,10,35.6412760008938,-77.360126,28.0,19.0
2024-10-03,Rockwell,Rowan,2024,10,35.551868,-80.395039,31.0,49.0
2024-10-03,West Johnston Co.,Johnston,2024,10,35.59095,-78.4622,30.0,22.0
2024-10-04,Bryson City,Swain,2024,10,35.434767,-83.442133,27.0,37.0
2024-10-04,Castle Hayne,New Hanover,2024,10,34.364167,-77.838611,35.0,17.5
2024-10-04,Clemmons Middle,Forsyth,2024,10,36.026612,-80.341962,31.0,40.0
2024-10-04,Durham Armory,Durham,2024,10,36.0329550008979,-78.904037,37.0,52.0
2024-10-04,Garinger High School,Mecklenburg,2024,10,35.2401000008895,-80.785683,36.0,41.0
2024-10-04,Hattie Avenue,Forsyth,2024,10,36.11094,-80.224501,32.0,44.0
2024-10-04,Leggett,Edgecombe,2024,10,35.988278,-77.5843,31.0,18.0
2024-10-04,Mendenhall School,Guilford,2024,10,36.1090060008986,-79.802314,31.0,39.0
2024-10-04,Millbrook School,Wake,2024,10,35.856111,-78.574167,35.0,40.0
2024-10-04,Old High School,Swain,2024,10,35.498711,-83.310242,26.0,
2024-10-04,Pitt Agri. Center,Pitt,2024,10,35.6412760008938,-77.360126,31.0,28.0
2024-10-04,Rockwell,Rowan,2024,10,35.551868,-80.395039,30.0,39.0
2024-10-04,West Johnston Co.,Johnston,2024,10,35.59095,-78.4622,34.0,32.0
2024-10-05,Bryson City,Swain,2024,10,35.434767,-83.442133,33.0,34.0
2024-10-05,Castle Hayne,New Hanover,2024,10,34.364167,-77.838611,33.0,27.0
2024-10-05,Clemmons Middle,Forsyth,2024,10,36.026612,-80.341962,54.0,46.0
2024-10-05,Durham Armory,Durham,2024,10,36.0329550008979,-78.904037,39.0,53.0
2024-10-05,Garinger High School,Mecklenburg,2024,10,35.2401000008895,-80.785683,50.0,52.0
2024-10-05,Hattie Avenue,Forsyth,2024,10,36.11094,-80.224501,54.0,48.0
2024-10-05,Leggett,Edgecombe,2024,10,35.988278,-77.5843,30.0,46.0
2024-10-05,Mendenhall School,Guilford,2024,10,36.1090060008986,-79.802314,50.0,46.0
2024-10-05,Millbrook School,Wake,2024,10,35.856111,-78.574167,30.0,53.0
2024-10-05,Old High School,Swain,2024,10,35.498711,-83.310242,35.0,
2024-10-05,Pitt Agri. Center,Pitt,2024,10,35.6412760008938,-77.360126,31.0,42.0
2024-10-05,Rockwell,Rowan,2024,10,35.551868,-80.395039,48.0,50.0
2024-10-05,West Johnston Co.,Johnston,2024,10,35.59095,-78.4622,31.0,52.0
2024-10-06,Bryson City,Swain,2024,10,35.434767,-83.442133,38.0,39.0
2024-10-06,Castle Hayne,New Hanover,2024,10,34.364167,-77.838611,44.0,36.5
2024-10-06,Clemmons Middle,Forsyth,2024,10,36.026612,-80.341962,32.0,53.0
2024-10-06,Durham Armory,Durham,2024,10,36.0329550008979,-78.904037,44.0,57.0
2024-10-06,Garinger High School,Mecklenburg,2024,10,35.2401000008895,-80.785683,36.0,57.0
2024-10-06,Hattie Avenue,Forsyth,2024,10,36.11094,-80.224501,36.0,56.0
2024-10-06,Leggett,Edgecombe,2024,10,35.988278,-77.5843,38.0,40.0
2024-10-06,Mendenhall School,Guilford,2024,10,36.1090060008986,-79.802314,39.0,54.0
2024-10-06,Millbrook School,Wake,2024,10,35.856111,-78.574167,44.0,54.5
2024-10-06,Old High School,Swain,2024,10,35.498711,-83.310242,38.0,52.0
2024-10-06,Pitt Agri. Center,Pitt,2024,10,35.6412760008938,-77.360126,43.0,37.0
2024-10-06,Rockwell,Rowan,2024,10,35.551868,-80.395039,28.0,56.0
2024-10-06,West Johnston Co.,Johnston,2024,10,35.59095,-78.4622,45.0,51.0
2024-10-07,Bryson City,Swain,2024,10,35.434767,-83.442133,37.0,33.0
2024-10-07,Castle Hayne,New Hanover,2024,10,34.364167,-77.838611,48.0,41.5
2024-10-07,Clemmons Middle,Forsyth,2024,10,36.026612,-80.341962,39.0,54.0
2024-10-07,Durham Armory,Durham,2024,10,36.0329550008979,-78.904037,38.0,54.0
2024-10-07,Garinger High School,Mecklenburg,2024,10,35.2401000008895,-80.785683,47.0,57.0
2024-10-07,Hattie Avenue,Forsyth,2024,10,36.11094,-80.224501,44.0,55.0
2024-10-07,Leggett,Edgecombe,2024,10,35.988278,-77.5843,40.0,42.0
2024-10-07,Mendenhall School,Guilford,2024,10,36.1090060008986,-79.802314,42.0,51.0
2024-10-07,Millbrook School,Wake,2024,10,35.856111,-78.574167,43.0,54.0
2024-10-07,Old High School,Swain,2024,10,35.498711,-83.310242,41.0,
2024-10-07,Pitt Agri. Center,Pitt,2024,10,35.6412760008938,-77.360126,43.0,43.0
2024-10-07,Rockwell,Rowan,2024,10,35.551868,-80.395039,44.0,54.0
2024-10-07,West Johnston Co.,Johnston,2024,10,35.59095,-78.4622,42.0,49.0
2024-10-08,Bryson City,Swain,2024,10,35.434767,-83.442133,38.0,38.0
2024-10-08,Castle Hayne,New Hanover,2024,10,34.364167,-77.838611,35.0,52.5
2024-10-08,Clemmons Middle,Forsyth,2024,10,36.026612,-80.341962,38.0,51.0
2024-10-08,Durham Armory,Durham,2024,10,36.0329550008979,-78.904037,33.0,53.0
2024-10-08,Garinger High School,Mecklenburg,2024,10,35.2401000008895,-80.785683,41.0,48.0
2024-10-08,Hattie Avenue,Forsyth,2024,10,36.11094,-80.224501,37.0,52.0
2024-10-08,Leggett,Edgecombe,2024,10,35.988278,-77.5843,32.0,32.0
2024-10-08,Mendenhall School,Guilford,2024,10,36.1090060008986,-79.802314,34.0,42.0
2024-10-08,Millbrook School,Wake,2024,10,35.856111,-78.574167,33.0,45.0
2024-10-08,Old High School,Swain,2024,10,35.498711,-83.310242,49.0,
2024-10-08,Pitt Agri. Center,Pitt,2024,10,35.6412760008938,-77.360126,31.0,28.0
2024-10-08,Rockwell,Rowan,2024,10,35.551868,-80.395039,42.0,
2024-10-08,West Johnston Co.,Johnston,2024,10,35.59095,-78.4622,35.0,35.0
2024-10-09,Bryson City,Swain,2024,10,35.434767,-83.442133,32.0,26.0
2024-10-09,Castle Hayne,New Hanover,2024,10,34.364167,-77.838611,33.0,26.0
2024-10-09,Clemmons Middle,Forsyth,2024,10,36.026612,-80.341962,44.0,35.5
2024-10-09,Durham Armory,Durham,2024,10,36.0329550008979,-78.904037,37.0,52.0
2024-10-09,Garinger High School,Mecklenburg,2024,10,35.2401000008895,-80.785683,43.0,54.0
2024-10-09,Hattie Avenue,Forsyth,2024,10,36.11094,-80.224501,44.0,37.5
2024-10-09,Leggett,Edgecombe,2024,10,35.988278,-77.5843,35.0,26.0
2024-10-09,Mendenhall School,Guilford,2024,10,36.1090060008986,-79.802314,43.0,29.0
2024-10-09,Millbrook School,Wake,2024,10,35.856111,-78.574167,38.0,33.0
2024-10-09,Old High School,Swain,2024,10,35.498711,-83.310242,37.0,26.0
2024-10-09,Pitt Agri. Center,Pitt,2024,10,35.6412760008938,-77.360126,36.0,20.0
2024-10-09,Rockwell,Rowan,2024,10,35.551868,-80.395039,45.0,
2024-10-09,West Johnston Co.,Johnston,2024,10,35.59095,-78.4622,39.0,35.0
2024-10-10,Bryson City,Swain,2024,10,35.434767,-83.442133,44.0,17.0
2024-10-10,Castle Hayne,New Hanover,2024,10,34.364167,-77.838611,33.0,21.5
2024-10-10,Clemmons Middle,Forsyth,2024,10,36.026612,-80.341962,35.0,21.0
2024-10-10,Durham Armory,Durham,2024,10,36.0329550008979,-78.904037,32.0,48.0
2024-10-10,Garinger High School,Mecklenburg,2024,10,35.2401000008895,-80.785683,41.0,29.0
2024-10-10,Hattie Avenue,Forsyth,2024,10,36.11094,-80.224501,33.0,21.0
2024-10-10,Leggett,Edgecombe,2024,10,35.988278,-77.5843,32.0,
2024-10-10,Mendenhall School,Guilford,2024,10,36.1090060008986,-79.802314,35.0,24.0
2024-10-10,Millbrook School,Wake,2024,10,35.856111,-78.574167,33.0,20.0
2024-10-10,Old High School,Swain,2024,10,35.498711,-83.310242,46.0,
2024-10-10,Pitt Agri. Center,Pitt,2024,10,35.6412760008938,-77.360126,32.0,19.0
2024-10-10,Rockwell,Rowan,2024,10,35.551868,-80.395039,40.0,
2024-10-10,West Johnston Co.,Johnston,2024,10,35.59095,-78.4622,35.0,27.0
2024-10-11,Bryson City,Swain,2024,10,35.434767,-83.442133,36.0,23.0
2024-10-11,Castle Hayne,New Hanover,2024,10,34.364167,-77.838611,27.0,13.5
2024-10-11,Clemmons Middle,Forsyth,2024,10,36.026612,-80.341962,35.0,25.0
2024-10-11,Durham Armory,Durham,2024,10,36.0329550008979,-78.904037,27.0,46.0
2024-10-11,Garinger High School,Mecklenburg,2024,10,35.2401000008895,-80.785683,32.0,47.0
2024-10-11,Hattie Avenue,Forsyth,2024,10,36.11094,-80.224501,33.0,24.0
2024-10-11,Leggett,Edgecombe,2024,10,35.988278,-77.5843,27.0,
2024-10-11,Mendenhall School,Guilford,2024,10,36.1090060008986,-79.802314,34.0,
2024-10-11,Millbrook School,Wake,2024,10,35.856111,-78.574167,28.0,24.0
2024-10-11,Old High School,Swain,2024,10,35.498711,-83.310242,38.0,
2024-10-11,Pitt Agri. Center,Pitt,2024,10,35.6412760008938,-77.360126,27.0,13.0
2024-10-11,Rockwell,Rowan,2024,10,35.551868,-80.395039,33.0,
2024-10-11,West Johnston Co.,Johnston,2024,10,35.59095,-78.4622,31.0,29.0
2024-10-12,Bryson City,Swain,2024,10,35.434767,-83.442133,34.0,39.0
2024-10-12,Castle Hayne,New Hanover,2024,10,34.364167,-77.838611,38.0,32.0
2024-10-12,Clemmons Middle,Forsyth,2024,10,36.026612,-80.341962,39.0,48.0
2024-10-12,Durham Armory,Durham,2024,10,36.0329550008979,-78.904037,42.0,55.0
2024-10-12,Garinger High School,Mecklenburg,2024,10,35.2401000008895,-80.785683,43.0,55.0
2024-10-12,Hattie Avenue,Forsyth,2024,10,36.11094,-80.224501,41.0,36.0
2024-10-12,Leggett,Edgecombe,2024,10,35.988278,-77.5843,42.0,34.0
2024-10-12,Mendenhall School,Guilford,2024,10,36.1090060008986,-79.802314,44.0,
2024-10-12,Millbrook School,Wake,2024,10,35.856111,-78.574167,41.0,44.5
2024-10-12,Old High School,Swain,2024,10,35.498711,-83.310242,38.0,51.0
2024-10-12,Pitt Agri. Center,Pitt,2024,10,35.6412760008938,-77.360126,42.0,32.0
2024-10-12,Rockwell,Rowan,2024,10,35.551868,-80.395039,47.0,
2024-10-12,West Johnston Co.,Johnston,2024,10,35.59095,-78.4622,41.0,53.0
2024-10-13,Bryson City,Swain,2024,10,35.434767,-83.442133,36.0,50.0
2024-10-13,Castle Hayne,New Hanover,2024,10,34.364167,-77.838611,46.0,36.5
2024-10-13,Clemmons Middle,Forsyth,2024,10,36.026612,-80.341962,44.0,51.0
2024-10-13,Durham Armory,Durham,2024,10,36.0329550008979,-78.904037,44.0,54.0
2024-10-13,Garinger High School,Mecklenburg,2024,10,35.2401000008895,-80.785683,44.0,56.0
2024-10-13,Hattie Avenue,Forsyth,2024,10,36.11094,-80.224501,46.0,54.0
2024-10-13,Leggett,Edgecombe,2024,10,35.988278,-77.5843,44.0,47.0
2024-10-13,Mendenhall School,Guilford,2024,10,36.1090060008986,-79.802314,47.0,
2024-10-13,Millbrook School,Wake,2024,10,35.856111,-78.574167,45.0,47.0
2024-10-13,Old High School,Swain,2024,10,35.498711,-83.310242,43.0,
2024-10-13,Pitt Agri. Center,Pitt,2024,10,35.6412760008938,-77.360126,44.0,39.0
2024-10-13,Rockwell,Rowan,2024,10,35.551868,-80.395039,47.0,
2024-10-13,West Johnston Co.,Johnston,2024,10,35.59095,-78.4622,46.0,53.0
2024-10-14,Bryson City,Swain,2024,10,35.434767,-83.442133,34.0,29.0
2024-10-14,Castle Hayne,New Hanover,2024,10,34.364167,-77.838611,44.0,48.0
2024-10-14,Clemmons Middle,Forsyth,2024,10,36.026612,-80.341962,40.0,38.0
2024-10-14,Durham Armory,Durham,2024,10,36.0329550008979,-78.904037,41.0,
2024-10-14,Garinger High School,Mecklenburg,2024,10,35.2401000008895,-80.785683,43.0,44.0
2024-10-14,Hattie Avenue,Forsyth,2024,10,36.11094,-80.224501,37.0,44.0
2024-10-14,Leggett,Edgecombe,2024,10,35.988278,-77.5843,42.0,38.0
2024-10-14,Mendenhall School,Guilford,2024,10,36.1090060008986,-79.802314,39.0,
2024-10-14,Millbrook School,Wake,2024,10,35.856111,-78.574167,43.0,41.0
2024-10-14,Old High School,Swain,2024,10,35.498711,-83.310242,39.0,
2024-10-14,Pitt Agri. Center,Pitt,2024,10,35.6412760008938,-77.360126,44.0,34.0
2024-10-14,Rockwell,Rowan,2024,10,35.551868,-80.395039,44.0,
2024-10-14,West Johnston Co.,Johnston,2024,10,35.59095,-78.4622,46.0,42.0
2024-10-15,Bryson City,Swain,2024,10,35.434767,-83.442133,29.0,13.0
2024-10-15,Castle Hayne,New Hanover,2024,10,34.364167,-77.838611,31.0,25.0
2024-10-15,Clemmons Middle,Forsyth,2024,10,36.026612,-80.341962,29.0,25.0
2024-10-15,Durham Armory,Durham,2024,10,36.0329550008979,-78.904037,30.0,
2024-10-15,Garinger High School,Mecklenburg,2024,10,35.2401000008895,-80.785683,30.0,18.0
2024-10-15,Hattie Avenue,Forsyth,2024,10,36.11094,-80.224501,30.0,23.5
2024-10-15,Leggett,Edgecombe,2024,10,35.988278,-77.5843,31.0,16.0
2024-10-15,Mendenhall School,Guilford,2024,10,36.1090060008986,-79.802314,29.0,
2024-10-15,Millbrook School,Wake,2024,10,35.856111,-78.574167,31.0,19.5
2024-10-15,Old High School,Swain,2024,10,35.498711,-83.310242,31.0,21.0
2024-10-15,Pitt Agri. Center,Pitt,2024,10,35.6412760008938,-77.360126,31.0,11.0
2024-10-15,Rockwell,Rowan,2024,10,35.551868,-80.395039,31.0,
2024-10-15,West Johnston Co.,Johnston,2024,10,35.59095,-78.4622,33.0,48.0
2024-10-16,Bryson City,Swain,2024,10,35.434767,-83.442133,30.0,11.0
2024-10-16,Castle Hayne,New Hanover,2024,10,34.364167,-77.838611,23.0,21.5
2024-10-16,Clemmons Middle,Forsyth,2024,10,36.026612,-80.341962,25.0,13.0
2024-10-16,Durham Armory,Durham,2024,10,36.0329550008979,-78.904037,25.0,
2024-10-16,Garinger High School,Mecklenburg,2024,10,35.2401000008895,-80.785683,26.0,8.0
2024-10-16,Hattie Avenue,Forsyth,2024,10,36.11094,-80.224501,25.0,15.0
2024-10-16,Leggett,Edgecombe,2024,10,35.988278,-77.5843,27.0,14.0
2024-10-16,Mendenhall School,Guilford,2024,10,36.1090060008986,-79.802314,25.0,9.0
2024-10-16,Millbrook School,Wake,2024,10,35.856111,-78.574167,26.0,15.0
2024-10-16,Old High School,Swain,2024,10,35.498711,-83.310242,32.0,
2024-10-16,Pitt Agri. Center,Pitt,2024,10,35.6412760008938,-77.360126,26.0,8.0
2024-10-16,Rockwell,Rowan,2024,10,35.551868,-80.395039,26.0,7.0
2024-10-16,West Johnston Co.,Johnston,2024,10,35.59095,-78.4622,29.0,18.0
2024-10-17,Bryson City,Swain,2024,10,35.434767,-83.442133,30.0,17.0
2024-10-17,Castle Hayne,New Hanover,2024,10,34.364167,-77.838611,32.0,16.0
2024-10-17,Clemmons Middle,Forsyth,2024,10,36.026612,-80.341962,32.0,23.0
2024-10-17,Durham Armory,Durham,2024,10,36.0329550008979,-78.904037,31.0,
2024-10-17,Garinger High School,Mecklenburg,2024,10,35.2401000008895,-80.785683,33.0,22.0
2024-10-17,Hattie Avenue,Forsyth,2024,10,36.11094,-80.224501,34.0,33.0
2024-10-17,Leggett,Edgecombe,2024,10,35.988278,-77.5843,31.0,19.0
2024-10-17,Mendenhall School,Guilford,2024,10,36.1090060008986,-79.802314,32.0,24.0
2024-10-17,Millbrook School,Wake,2024,10,35.856111,-78.574167,31.0,17.0
2024-10-17,Old High School,Swain,2024,10,35.498711,-83.310242,32.0,
2024-10-17,Pitt Agri. Center,Pitt,2024,10,35.6412760008938,-77.360126,31.0,9.0
2024-10-17,Rockwell,Rowan,2024,10,35.551868,-80.395039,33.0,23.0
2024-10-17,West Johnston Co.,Johnston,2024,10,35.59095,-78.4622,32.0,21.0
2024-10-18,Bryson City,Swain,2024,10,35.434767,-83.442133,32.0,42.0
2024-10-18,Castle Hayne,New Hanover,2024,10,34.364167,-77.838611,34.0,23.0
2024-10-18,Clemmons Middle,Forsyth,2024,10,36.026612,-80.341962,33.0,28.0
2024-10-18,Durham Armory,Durham,2024,10,36.0329550008979,-78.904037,33.0,
2024-10-18,Frying Pan Mountain,Haywood,2024,10,35.379167,-82.7925,47.0,13.0
2024-10-18,Garinger High School,Mecklenburg,2024,10,35.2401000008895,-80.785683,35.0,47.5
2024-10-18,Hattie Avenue,Forsyth,2024,10,36.11094,-80.224501,34.0,29.0
2024-10-18,Leggett,Edgecombe,2024,10,35.988278,-77.5843,33.0,15.0
2024-10-18,Mendenhall School,Guilford,2024,10,36.1090060008986,-79.802314,35.0,34.0
2024-10-18,Millbrook School,Wake,2024,10,35.856111,-78.574167,34.0,27.5
2024-10-18,Old High School,Swain,2024,10,35.498711,-83.310242,40.0,18.0
2024-10-18,Pitt Agri. Center,Pitt,2024,10,35.6412760008938,-77.360126,32.0,25.0
2024-10-18,Rockwell,Rowan,2024,10,35.551868,-80.395039,38.0,33.0
2024-10-18,West Johnston Co.,Johnston,2024,10,35.59095,-78.4622,35.0,31.0
2024-10-19,Bryson City,Swain,2024,10,35.434767,-83.442133,32.0,41.0
2024-10-19,Castle Hayne,New Hanover,2024,10,34.364167,-77.838611,33.0,27.0
2024-10-19,Clemmons Middle,Forsyth,2024,10,36.026612,-80.341962,40.0,32.0
2024-10-19,Durham Armory,Durham,2024,10,36.0329550008979,-78.904037,37.0,44.0
2024-10-19,Frying Pan Mountain,Haywood,2024,10,35.379167,-82.7925,47.0,
2024-10-19,Garinger High School,Mecklenburg,2024,10,35.2401000008895,-80.785683,42.0,48.0
2024-10-19,Hattie Avenue,Forsyth,2024,10,36.11094,-80.224501,38.0,26.0
2024-10-19,Leggett,Edgecombe,2024,10,35.988278,-77.5843,35.0,27.0
2024-10-19,Mendenhall School,Guilford,2024,10,36.1090060008986,-79.802314,40.0,46.0
2024-10-19,Millbrook School,Wake,2024,10,35.856111,-78.574167,39.0,33.0
2024-10-19,Old High School,Swain,2024,10,35.498711,-83.310242,39.0,
2024-10-19,Pitt Agri. Center,Pitt,2024,10,35.6412760008938,-77.360126,34.0,28.0
2024-10-19,Rockwell,Rowan,2024,10,35.551868,-80.395039,41.0,52.0
2024-10-19,West Johnston Co.,Johnston,2024,10,35.59095,-78.4622,39.0,39.0
2024-10-20,Bryson City,Swain,2024,10,35.434767,-83.442133,31.0,27.0
2024-10-20,Castle Hayne,New Hanover,2024,10,34.364167,-77.838611,30.0,24.0
2024-10-20,Clemmons Middle,Forsyth,2024,10,36.026612,-80.341962,40.0,35.0
2024-10-20,Durham Armory,Durham,2024,10,36.0329550008979,-78.904037,38.0,39.0
2024-10-20,Frying Pan Mountain,Haywood,2024,10,35.379167,-82.7925,44.0,
2024-10-20,Garinger High School,Mecklenburg,2024,10,35.2401000008895,-80.785683,44.0,55.0
2024-10-20,Hattie Avenue,Forsyth,2024,10,36.11094,-80.224501,40.0,43.0
2024-10-20,Leggett,Edgecombe,2024,10,35.988278,-77.5843,32.0,32.0
2024-10-20,Mendenhall School,Guilford,2024,10,36.1090060008986,-79.802314,40.0,47.0
2024-10-20,Millbrook School,Wake,2024,10,35.856111,-78.574167,39.0,43.0
2024-10-20,Old High School,Swain,2024,10,35.498711,-83.310242,36.0,
2024-10-20,Pitt Agri. Center,Pitt,2024,10,35.6412760008938,-77.360126,32.0,21.0
2024-10-20,Rockwell,Rowan,2024,10,35.551868,-80.395039,43.0,54.0
2024-10-20,West Johnston Co.,Johnston,2024,10,35.59095,-78.4622,39.0,53.0
2024-10-21,Bryson City,Swain,2024,10,35.434767,-83.442133,32.0,29.0
2024-10-21,Castle Hayne,New Hanover,2024,10,34.364167,-77.838611,36.0,28.0
2024-10-21,Clemmons Middle,Forsyth,2024,10,36.026612,-80.341962,42.0,44.5
2024-10-21,Durham Armory,Durham,2024,10,36.0329550008979,-78.904037,41.0,
2024-10-21,Frying Pan Mountain,Haywood,2024,10,35.379167,-82.7925,48.0,18.0
2024-10-21,Garinger High School,Mecklenburg,2024,10,35.2401000008895,-80.785683,44.0,56.5
2024-10-21,Hattie Avenue,Forsyth,2024,10,36.11094,-80.224501,44.0,42.5
2024-10-21,Leggett,Edgecombe,2024,10,35.988278,-77.5843,43.0,28.0
2024-10-21,Mendenhall School,Guilford,2024,10,36.1090060008986,-79.802314,41.0,36.0
2024-10-21,Millbrook School,Wake,2024,10,35.856111,-78.574167,42.0,46.0
2024-10-21,Old High School,Swain,2024,10,35.498711,-83.310242,38.0,30.0
2024-10-21,Pitt Agri. Center,Pitt,2024,10,35.6412760008938,-77.360126,44.0,27.0
2024-10-21,Rockwell,Rowan,2024,10,35.551868,-80.395039,43.0,50.0
2024-10-21,West Johnston Co.,Johnston,2024,10,35.59095,-78.4622,45.0,60.0
2024-10-22,Bryson City,Swain,2024,10,35.434767,-83.442133,39.0,39.0
2024-10-22,Castle Hayne,New Hanover,2024,10,34.364167,-77.838611,35.0,37.0
2024-10-22,Clemmons Middle,Forsyth,2024,10,36.026612,-80.341962,44.0,37.0
2024-10-22,Durham Armory,Durham,2024,10,36.0329550008979,-78.904037,44.0,
2024-10-22,Frying Pan Mountain,Haywood,2024,10,35.379167,-82.7925,45.0,
2024-10-22,Garinger High School,Mecklenburg,2024,10,35.2401000008895,-80.785683,47.0,
2024-10-22,Hattie Avenue,Forsyth,2024,10,36.11094,-80.224501,50.0,49.0
2024-10-22,Leggett,Edgecombe,2024,10,35.988278,-77.5843,44.0,39.0
2024-10-22,Mendenhall School,Guilford,2024,10,36.1090060008986,-79.802314,54.0,52.0
2024-10-22,Millbrook School,Wake,2024,10,35.856111,-78.574167,46.0,48.0
2024-10-22,Old High School,Swain,2024,10,35.498711,-83.310242,44.0,
2024-10-22,Pitt Agri. Center,Pitt,2024,10,35.6412760008938,-77.360126,44.0,46.0
2024-10-22,Rockwell,Rowan,2024,10,35.551868,-80.395039,44.0,55.0
2024-10-22,West Johnston Co.,Johnston,2024,10,35.59095,-78.4622,47.0,52.0
2024-10-23,Bryson City,Swain,2024,10,35.434767,-83.442133,36.0,50.0
2024-10-23,Castle Hayne,New Hanover,2024,10,34.364167,-77.838611,33.0,36.0
2024-10-23,Clemmons Middle,Forsyth,2024,10,36.026612,-80.341962,47.0,43.0
2024-10-23,Durham Armory,Durham,2024,10,36.0329550008979,-78.904037,44.0,
2024-10-23,Frying Pan Mountain,Haywood,2024,10,35.379167,-82.7925,48.0,
2024-10-23,Garinger High School,Mecklenburg,2024,10,35.2401000008895,-80.785683,44.0,
2024-10-23,Hattie Avenue,Forsyth,2024,10,36.11094,-80.224501,45.0,51.0
2024-10-23,Leggett,Edgecombe,2024,10,35.988278,-77.5843,39.0,46.0
2024-10-23,Mendenhall School,Guilford,2024,10,36.1090060008986,-79.802314,51.0,47.0
2024-10-23,Millbrook School,Wake,2024,10,35.856111,-78.574167,43.0,54.0
2024-10-23,Old High School,Swain,2024,10,35.498711,-83.310242,39.0,
2024-10-23,Pitt Agri. Center,Pitt,2024,10,35.6412760008938,-77.360126,35.0,43.0
2024-10-23,Rockwell,Rowan,2024,10,35.551868,-80.395039,44.0,51.0
2024-10-23,West Johnston Co.,Johnston,2024,10,35.59095,-78.4622,44.0,55.0
2024-10-24,Bryson City,Swain,2024,10,35.434767,-83.442133,42.0,
2024-10-24,Castle Hayne,New Hanover,2024,10,34.364167,-77.838611,47.0,58.0
2024-10-24,Clemmons Middle,Forsyth,2024,10,36.026612,-80.341962,44.0,52.0
2024-10-24,Durham Armory,Durham,2024,10,36.0329550008979,-78.904037,44.0,52.0
2024-10-24,Frying Pan Mountain,Haywood,2024,10,35.379167,-82.7925,64.0,
2024-10-24,Garinger High School,Mecklenburg,2024,10,35.2401000008895,-80.785683,50.0,55.0
2024-10-24,Hattie Avenue,Forsyth,2024,10,36.11094,-80.224501,45.0,54.0
2024-10-24,Leggett,Edgecombe,2024,10,35.988278,-77.5843,40.0,43.0
2024-10-24,Mendenhall School,Guilford,2024,10,36.1090060008986,-79.802314,44.0,50.0
2024-10-24,Millbrook School,Wake,2024,10,35.856111,-78.574167,43.0,54.5
2024-10-24,Old High School,Swain,2024,10,35.498711,-83.310242,48.0,35.0
2024-10-24,Pitt Agri. Center,Pitt,2024,10,35.6412760008938,-77.360126,41.0,44.0
2024-10-24,Rockwell,Rowan,2024,10,35.551868,-80.395039,46.0,41.0
2024-10-24,West Johnston Co.,Johnston,2024,10,35.59095,-78.4622,45.0,
2024-10-25,Bryson City,Swain,2024,10,35.434767,-83.442133,41.0,
2024-10-25,Castle Hayne,New Hanover,2024,10,34.364167,-77.838611,42.0,46.0
2024-10-25,Clemmons Middle,Forsyth,2024,10,36.026612,-80.341962,51.0,57.0
2024-10-25,Durham Armory,Durham,2024,10,36.0329550008979,-78.904037,40.0,51.0
2024-10-25,Frying Pan Mountain,Haywood,2024,10,35.379167,-82.7925,49.0,
2024-10-25,Garinger High School,Mecklenburg,2024,10,35.2401000008895,-80.785683,49.0,
2024-10-25,Hattie Avenue,Forsyth,2024,10,36.11094,-80.224501,51.0,60.0
2024-10-25,Leggett,Edgecombe,2024,10,35.988278,-77.5843,39.0,34.0
2024-10-25,Mendenhall School,Guilford,2024,10,36.1090060008986,-79.802314,50.0,56.0
2024-10-25,Millbrook School,Wake,2024,10,35.856111,-78.574167,40.0,53.0
2024-10-25,Old High School,Swain,2024,10,35.498711,-83.310242,43.0,
2024-10-25,Pitt Agri. Center,Pitt,2024,10,35.6412760008938,-77.360126,42.0,46.0
2024-10-25,Rockwell,Rowan,2024,10,35.551868,-80.395039,54.0,57.0
2024-10-25,West Johnston Co.,Johnston,2024,10,35.59095,-78.4622,43.0,
2024-10-26,Bryson City,Swain,2024,10,35.434767,-83.442133,42.0,59.0
2024-10-26,Castle Hayne,New Hanover,2024,10,34.364167,-77.838611,44.0,58.0
2024-10-26,Clemmons Middle,Forsyth,2024,10,36.026612,-80.341962,42.0,57.0
2024-10-26,Durham Armory,Durham,2024,10,36.0329550008979,-78.904037,43.0,49.0
2024-10-26,Frying Pan Mountain,Haywood,2024,10,35.379167,-82.7925,48.0,
2024-10-26,Garinger High School,Mecklenburg,2024,10,35.2401000008895,-80.785683,50.0,61.0
2024-10-26,Hattie Avenue,Forsyth,2024,10,36.11094,-80.224501,45.0,58.0
2024-10-26,Leggett,Edgecombe,2024,10,35.988278,-77.5843,39.0,53.0
2024-10-26,Mendenhall School,Guilford,2024,10,36.1090060008986,-79.802314,43.0,55.0
2024-10-26,Millbrook School,Wake,2024,10,35.856111,-78.574167,42.0,58.0
2024-10-26,Old High School,Swain,2024,10,35.498711,-83.310242,38.0,
2024-10-26,Pitt Agri. Center,Pitt,2024,10,35.6412760008938,-77.360126,41.0,51.0
2024-10-26,Rockwell,Rowan,2024,10,35.551868,-80.395039,44.0,57.0
2024-10-26,West Johnston Co.,Johnston,2024,10,35.59095,-78.4622,43.0,57.0
2024-10-27,Bryson City,Swain,2024,10,35.434767,-83.442133,31.0,52.0
2024-10-27,Castle Hayne,New Hanover,2024,10,34.364167,-77.838611,29.0,31.0
2024-10-27,Clemmons Middle,Forsyth,2024,10,36.026612,-80.341962,29.0,35.0
2024-10-27,Durham Armory,Durham,2024,10,36.0329550008979,-78.904037,27.0,36.0
2024-10-27,Frying Pan Mountain,Haywood,2024,10,35.379167,-82.7925,38.0,
2024-10-27,Garinger High School,Mecklenburg,2024,10,35.2401000008895,-80.785683,30.0,44.0
2024-10-27,Hattie Avenue,Forsyth,2024,10,36.11094,-80.224501,30.0,35.5
2024-10-27,Leggett,Edgecombe,2024,10,35.988278,-77.5843,25.0,36.0
2024-10-27,Mendenhall School,Guilford,2024,10,36.1090060008986,-79.802314,26.0,40.0
2024-10-27,Millbrook School,Wake,2024,10,35.856111,-78.574167,27.0,34.5
2024-10-27,Old High School,Swain,2024,10,35.498711,-83.310242,33.0,52.0
2024-10-27,Pitt Agri. Center,Pitt,2024,10,35.6412760008938,-77.360126,25.0,24.0
2024-10-27,Rockwell,Rowan,2024,10,35.551868,-80.395039,29.0,35.0
2024-10-27,West Johnston Co.,Johnston,2024,10,35.59095,-78.4622,30.0,38.0
2024-10-28,Bryson City,Swain,2024,10,35.434767,-83.442133,37.0,34.0
2024-10-28,Castle Hayne,New Hanover,2024,10,34.364167,-77.838611,35.0,28.0
2024-10-28,Clemmons Middle,Forsyth,2024,10,36.026612,-80.341962,36.0,47.0
2024-10-28,Durham Armory,Durham,2024,10,36.0329550008979,-78.904037,35.0,47.0
2024-10-28,Frying Pan Mountain,Haywood,2024,10,35.379167,-82.7925,58.0,
2024-10-28,Garinger High School,Mecklenburg,2024,10,35.2401000008895,-80.785683,41.0,54.0
2024-10-28,Hattie Avenue,Forsyth,2024,10,36.11094,-80.224501,38.0,53.0
2024-10-28,Leggett,Edgecombe,2024,10,35.988278,-77.5843,36.0,26.0
2024-10-28,Mendenhall School,Guilford,2024,10,36.1090060008986,-79.802314,36.0,48.0
2024-10-28,Millbrook School,Wake,2024,10,35.856111,-78.574167,36.0,48.0
2024-10-28,Old High School,Swain,2024,10,35.498711,-83.310242,39.0,
2024-10-28,Pitt Agri. Center,Pitt,2024,10,35.6412760008938,-77.360126,37.0,22.0
2024-10-28,Rockwell,Rowan,2024,10,35.551868,-80.395039,34.0,53.0
2024-10-28,West Johnston Co.,Johnston,2024,10,35.59095,-78.4622,39.0,37.0
2024-10-29,Bryson City,Swain,2024,10,35.434767,-83.442133,37.0,42.0
2024-10-29,Castle Hayne,New Hanover,2024,10,34.364167,-77.838611,31.0,25.0
2024-10-29,Clemmons Middle,Forsyth,2024,10,36.026612,-80.341962,44.0,54.0
2024-10-29,Durham Armory,Durham,2024,10,36.0329550008979,-78.904037,38.0,52.0
2024-10-29,Frying Pan Mountain,Haywood,2024,10,35.379167,-82.7925,44.0,
2024-10-29,Garinger High School,Mecklenburg,2024,10,35.2401000008895,-80.785683,37.0,54.0
2024-10-29,Hattie Avenue,Forsyth,2024,10,36.11094,-80.224501,44.0,58.0
2024-10-29,Leggett,Edgecombe,2024,10,35.988278,-77.5843,35.0,34.0
2024-10-29,Mendenhall School,Guilford,2024,10,36.1090060008986,-79.802314,42.0,52.0
2024-10-29,Millbrook School,Wake,2024,10,35.856111,-78.574167,36.0,51.0
2024-10-29,Old High School,Swain,2024,10,35.498711,-83.310242,43.0,
2024-10-29,Pitt Agri. Center,Pitt,2024,10,35.6412760008938,-77.360126,33.0,36.0
2024-10-29,Rockwell,Rowan,2024,10,35.551868,-80.395039,37.0,52.0
2024-10-29,West Johnston Co.,Johnston,2024,10,35.59095,-78.4622,35.0,56.0
2024-10-30,Bryson City,Swain,2024,10,35.434767,-83.442133,35.0,33.0
2024-10-30,Castle Hayne,New Hanover,2024,10,34.364167,-77.838611,40.0,27.0
2024-10-30,Clemmons Middle,Forsyth,2024,10,36.026612,-80.341962,41.0,52.0
2024-10-30,Durham Armory,Durham,2024,10,36.0329550008979,-78.904037,34.0,48.0
2024-10-30,Frying Pan Mountain,Haywood,2024,10,35.379167,-82.7925,33.0,7.0
2024-10-30,Garinger High School,Mecklenburg,2024,10,35.2401000008895,-80.785683,37.0,55.0
2024-10-30,Hattie Avenue,Forsyth,2024,10,36.11094,-80.224501,39.0,56.0
2024-10-30,Leggett,Edgecombe,2024,10,35.988278,-77.5843,31.0,37.0
2024-10-30,Mendenhall School,Guilford,2024,10,36.1090060008986,-79.802314,38.0,52.0
2024-10-30,Millbrook School,Wake,2024,10,35.856111,-78.574167,33.0,53.5
2024-10-30,Old High School,Swain,2024,10,35.498711,-83.310242,41.0,27.0
2024-10-30,Pitt Agri. Center,Pitt,2024,10,35.6412760008938,-77.360126,31.0,40.0
2024-10-30,Rockwell,Rowan,2024,10,35.551868,-80.395039,37.0,41.0
2024-10-30,West Johnston Co.,Johnston,2024,10,35.59095,-78.4622,37.0,53.0
2024-10-31,Bryson City,Swain,2024,10,35.434767,-83.442133,36.0,28.0
2024-10-31,Castle Hayne,New Hanover,2024,10,34.364167,-77.838611,36.0,17.5
2024-10-31,Clemmons Middle,Forsyth,2024,10,36.026612,-80.341962,,46.0
2024-10-31,Durham Armory,Durham,2024,10,36.0329550008979,-78.904037,33.0,42.0
2024-10-31,Frying Pan Mountain,Haywood,2024,10,35.379167,-82.7925,38.0,
2024-10-31,Garinger High School,Mecklenburg,2024,10,35.2401000008895,-80.785683,35.0,47.0
2024-10-31,Hattie Avenue,Forsyth,2024,10,36.11094,-80.224501,,49.0
2024-10-31,Leggett,Edgecombe,2024,10,35.988278,-77.5843,34.0,32.0
2024-10-31,Mendenhall School,Guilford,2024,10,36.1090060008986,-79.802314,38.0,49.0
2024-10-31,Millbrook School,Wake,2024,10,35.856111,-78.574167,34.0,38.0
2024-10-31,Pitt Agri. Center,Pitt,2024,10,35.6412760008938,-77.360126,34.0,19.0
2024-10-31,Rockwell,Rowan,2024,10,35.551868,-80.395039,37.0,40.0
2024-10-31,West Johnston Co.,Johnston,2024,10,35.59095,-78.4622,37.0,31.0
2024-11-01,Bryson City,Swain,2024,11,35.434767,-83.442133,,29.0
2024-11-01,Castle Hayne,New Hanover,2024,11,34.364167,-77.838611,,16.0
2024-11-01,Clemmons Middle,Forsyth,2024,11,36.026612,-80.341962,,44.0
2024-11-01,Durham Armory,Durham,2024,11,36.0329550008979,-78.904037,,26.0
2024-11-01,Frying Pan Mountain,Haywood,2024,11,35.379167,-82.7925,33.0,
2024-11-01,Garinger High School,Mecklenburg,2024,11,35.2401000008895,-80.785683,27.0,48.0
2024-11-01,Hattie Avenue,Forsyth,2024,11,36.11094,-80.224501,,50.0
2024-11-01,Leggett,Edgecombe,2024,11,35.988278,-77.5843,,34.0
2024-11-01,Mendenhall School,Guilford,2024,11,36.1090060008986,-79.802314,,42.0
2024-11-01,Millbrook School,Wake,2024,11,35.856111,-78.574167,31.0,36.0
2024-11-01,Pitt Agri. Center,Pitt,2024,11,35.6412760008938,-77.360126,34.0,21.0
2024-11-01,Rockwell,Rowan,2024,11,35.551868,-80.395039,27.0,47.0
2024-11-01,West Johnston Co.,Johnston,2024,11,35.59095,-78.4622,,38.0
2024-11-02,Bryson City,Swain,2024,11,35.434767,-83.442133,,24.0
2024-11-02,Castle Hayne,New Hanover,2024,11,34.364167,-77.838611,,38.0
2024-11-02,Clemmons Middle,Forsyth,2024,11,36.026612,-80.341962,,35.5
2024-11-02,Durham Armory,Durham,2024,11,36.0329550008979,-78.904037,,37.0
2024-11-02,Frying Pan Mountain,Haywood,2024,11,35.379167,-82.7925,30.0,15.0
2024-11-02,Garinger High School,Mecklenburg,2024,11,35.2401000008895,-80.785683,31.0,52.5
2024-11-02,Hattie Avenue,Forsyth,2024,11,36.11094,-80.224501,,37.5
2024-11-02,Leggett,Edgecombe,2024,11,35.988278,-77.5843,,35.0
2024-11-02,Mendenhall School,Guilford,2024,11,36.1090060008986,-79.802314,,37.0
2024-11-02,Millbrook School,Wake,2024,11,35.856111,-78.574167,34.0,43.0
2024-11-02,Old High School,Swain,2024,11,35.498711,-83.310242,,32.5
2024-11-02,Pitt Agri. Center,Pitt,2024,11,35.6412760008938,-77.360126,31.0,29.0
2024-11-02,Rockwell,Rowan,2024,11,35.551868,-80.395039,33.0,40.0
2024-11-02,West Johnston Co.,Johnston,2024,11,35.59095,-78.4622,,53.0
2024-11-03,Bryson City,Swain,2024,11,35.434767,-83.442133,,38.0
2024-11-03,Castle Hayne,New Hanover,2024,11,34.364167,-77.838611,,24.5
2024-11-03,Clemmons Middle,Forsyth,2024,11,36.026612,-80.341962,,37.0
2024-11-03,Durham Armory,Durham,2024,11,36.0329550008979,-78.904037,,44.0
2024-11-03,Frying Pan Mountain,Haywood,2024,11,35.379167,-82.7925,38.0,
2024-11-03,Garinger High School,Mecklenburg,2024,11,35.2401000008895,-80.785683,36.0,52.0
2024-11-03,Hattie Avenue,Forsyth,2024,11,36.11094,-80.224501,,37.0
2024-11-03,Leggett,Edgecombe,2024,11,35.988278,-77.5843,,38.0
2024-11-03,Mendenhall School,Guilford,2024,11,36.1090060008986,-79.802314,,44.0
2024-11-03,Millbrook School,Wake,2024,11,35.856111,-78.574167,37.0,37.0
2024-11-03,Pitt Agri. Center,Pitt,2024,11,35.6412760008938,-77.360126,36.0,22.0
2024-11-03,Rockwell,Rowan,2024,11,35.551868,-80.395039,37.0,45.0
2024-11-03,West Johnston Co.,Johnston,2024,11,35.59095,-78.4622,,37.0
2024-11-04,Bryson City,Swain,2024,11,35.434767,-83.442133,,23.0
2024-11-04,Castle Hayne,New Hanover,2024,11,34.364167,-77.838611,,25.0
2024-11-04,Clemmons Middle,Forsyth,2024,11,36.026612,-80.341962,,33.0
2024-11-04,Durham Armory,Durham,2024,11,36.0329550008979,-78.904037,,28.0
2024-11-04,Frying Pan Mountain,Haywood,2024,11,35.379167,-82.7925,35.0,
2024-11-04,Garinger High School,Mecklenburg,2024,11,35.2401000008895,-80.785683,30.0,37.0
2024-11-04,Hattie Avenue,Forsyth,2024,11,36.11094,-80.224501,,33.0
2024-11-04,Leggett,Edgecombe,2024,11,35.988278,-77.5843,,28.0
2024-11-04,Mendenhall School,Guilford,2024,11,36.1090060008986,-79.802314,,37.0
2024-11-04,Millbrook School,Wake,2024,11,35.856111,-78.574167,31.0,34.0
2024-11-04,Pitt Agri. Center,Pitt,2024,11,35.6412760008938,-77.360126,,23.0
2024-11-04,Rockwell,Rowan,2024,11,35.551868,-80.395039,30.0,38.0
2024-11-04,West Johnston Co.,Johnston,2024,11,35.59095,-78.4622,,26.0
2024-11-05,Bryson City,Swain,2024,11,35.434767,-83.442133,,22.0
2024-11-05,Castle Hayne,New Hanover,2024,11,34.364167,-77.838611,,27.0
2024-11-05,Clemmons Middle,Forsyth,2024,11,36.026612,-80.341962,,41.0
2024-11-05,Durham Armory,Durham,2024,11,36.0329550008979,-78.904037,,41.0
2024-11-05,Frying Pan Mountain,Haywood,2024,11,35.379167,-82.7925,29.0,1.0
2024-11-05,Garinger High School,Mecklenburg,2024,11,35.2401000008895,-80.785683,20.0,44.0
2024-11-05,Hattie Avenue,Forsyth,2024,11,36.11094,-80.224501,,43.5
2024-11-05,Leggett,Edgecombe,2024,11,35.988278,-77.5843,,26.0
2024-11-05,Mendenhall School,Guilford,2024,11,36.1090060008986,-79.802314,,47.0
2024-11-05,Millbrook School,Wake,2024,11,35.856111,-78.574167,31.0,40.5
2024-11-05,Old High School,Swain,2024,11,35.498711,-83.310242,,18.0
2024-11-05,Pitt Agri. Center,Pitt,2024,11,35.6412760008938,-77.360126,,17.0
2024-11-05,Rockwell,Rowan,2024,11,35.551868,-80.395039,31.0,52.0
2024-11-05,West Johnston Co.,Johnston,2024,11,35.59095,-78.4622,,31.0
2024-11-06,Bryson City,Swain,2024,11,35.434767,-83.442133,,23.0
2024-11-06,Castle Hayne,New Hanover,2024,11,34.364167,-77.838611,,28.0
2024-11-06,Clemmons Middle,Forsyth,2024,11,36.026612,-80.341962,,44.0
2024-11-06,Durham Armory,Durham,2024,11,36.0329550008979,-78.904037,,37.0
2024-11-06,Frying Pan Mountain,Haywood,2024,11,35.379167,-82.7925,28.0,
2024-11-06,Garinger High School,Mecklenburg,2024,11,35.2401000008895,-80.785683,23.0,31.0
2024-11-06,Hattie Avenue,Forsyth,2024,11,36.11094,-80.224501,,46.0
2024-11-06,Leggett,Edgecombe,2024,11,35.988278,-77.5843,,35.0
2024-11-06,Mendenhall School,Guilford,2024,11,36.1090060008986,-79.802314,,47.0
2024-11-06,Millbrook School,Wake,2024,11,35.856111,-78.574167,29.0,45.0
2024-11-06,Pitt Agri. Center,Pitt,2024,11,35.6412760008938,-77.360126,,32.0
2024-11-06,Rockwell,Rowan,2024,11,35.551868,-80.395039,28.0,37.0
2024-11-06,West Johnston Co.,Johnston,2024,11,35.59095,-78.4622,,51.0
2024-11-07,Bryson City,Swain,2024,11,35.434767,-83.442133,,24.0
2024-11-07,Castle Hayne,New Hanover,2024,11,34.364167,-77.838611,,32.0
2024-11-07,Clemmons Middle,Forsyth,2024,11,36.026612,-80.341962,,29.0
2024-11-07,Durham Armory,Durham,2024,11,36.0329550008979,-78.904037,,52.0
2024-11-07,Frying Pan Mountain,Haywood,2024,11,35.379167,-82.7925,31.0,
2024-11-07,Garinger High School,Mecklenburg,2024,11,35.2401000008895,-80.785683,24.0,24.0
2024-11-07,Hattie Avenue,Forsyth,2024,11,36.11094,-80.224501,,32.0
2024-11-07,Leggett,Edgecombe,2024,11,35.988278,-77.5843,,44.0
2024-11-07,Mendenhall School,Guilford,2024,11,36.1090060008986,-79.802314,,33.0
2024-11-07,Millbrook School,Wake,2024,11,35.856111,-78.574167,25.0,48.0
2024-11-07,Pitt Agri. Center,Pitt,2024,11,35.6412760008938,-77.360126,,40.0
2024-11-07,Rockwell,Rowan,2024,11,35.551868,-80.395039,28.0,29.0
2024-11-07,West Johnston Co.,Johnston,2024,11,35.59095,-78.4622,,52.0
2024-11-08,Bryson City,Swain,2024,11,35.434767,-83.442133,,22.0
2024-11-08,Castle Hayne,New Hanover,2024,11,34.364167,-77.838611,,37.0
2024-11-08,Clemmons Middle,Forsyth,2024,11,36.026612,-80.341962,,39.5
2024-11-08,Durham Armory,Durham,2024,11,36.0329550008979,-78.904037,,56.0
2024-11-08,Frying Pan Mountain,Haywood,2024,11,35.379167,-82.7925,33.0,18.0
2024-11-08,Garinger High School,Mecklenburg,2024,11,35.2401000008895,-80.785683,27.0,43.0
2024-11-08,Hattie Avenue,Forsyth,2024,11,36.11094,-80.224501,,47.0
2024-11-08,Leggett,Edgecombe,2024,11,35.988278,-77.5843,,57.0
2024-11-08,Linville Falls,Avery,2024,11,35.972347,-81.933072,,27.0
2024-11-08,Mendenhall School,Guilford,2024,11,36.1090060008986,-79.802314,,45.0
2024-11-08,Millbrook School,Wake,2024,11,35.856111,-78.574167,27.0,58.0
2024-11-08,Old High School,Swain,2024,11,35.498711,-83.310242,,26.0
2024-11-08,Pitt Agri. Center,Pitt,2024,11,35.6412760008938,-77.360126,,55.0
2024-11-08,Rockwell,Rowan,2024,11,35.551868,-80.395039,27.0,49.0
2024-11-08,West Johnston Co.,Johnston,2024,11,35.59095,-78.4622,,56.0
2024-11-09,Bryson City,Swain,2024,11,35.434767,-83.442133,,33.0
2024-11-09,Castle Hayne,New Hanover,2024,11,34.364167,-77.838611,,36.0
2024-11-09,Clemmons Middle,Forsyth,2024,11,36.026612,-80.341962,,33.0
2024-11-09,Durham Armory,Durham,2024,11,36.0329550008979,-78.904037,,42.0
2024-11-09,Frying Pan Mountain,Haywood,2024,11,35.379167,-82.7925,36.0,
2024-11-09,Garinger High School,Mecklenburg,2024,11,35.2401000008895,-80.785683,37.0,31.0
2024-11-09,Hattie Avenue,Forsyth,2024,11,36.11094,-80.224501,,26.0
2024-11-09,Leggett,Edgecombe,2024,11,35.988278,-77.5843,,26.0
2024-11-09,Mendenhall School,Guilford,2024,11,36.1090060008986,-79.802314,,36.0
2024-11-09,Millbrook School,Wake,2024,11,35.856111,-78.574167,34.0,35.0
2024-11-09,Pitt Agri. Center,Pitt,2024,11,35.6412760008938,-77.360126,,22.0
2024-11-09,Rockwell,Rowan,2024,11,35.551868,-80.395039,37.0,44.0
2024-11-09,West Johnston Co.,Johnston,2024,11,35.59095,-78.4622,,33.0
2024-11-10,Bryson City,Swain,2024,11,35.434767,-83.442133,,39.0
2024-11-10,Castle Hayne,New Hanover,2024,11,34.364167,-77.838611,,18.5
2024-11-10,Clemmons Middle,Forsyth,2024,11,36.026612,-80.341962,,44.0
2024-11-10,Durham Armory,Durham,2024,11,36.0329550008979,-78.904037,,46.0
2024-11-10,Frying Pan Mountain,Haywood,2024,11,35.379167,-82.7925,35.0,
2024-11-10,Garinger High School,Mecklenburg,2024,11,35.2401000008895,-80.785683,23.0,47.0
2024-11-10,Hattie Avenue,Forsyth,2024,11,36.11094,-80.224501,,36.0
2024-11-10,Leggett,Edgecombe,2024,11,35.988278,-77.5843,,31.0
2024-11-10,Mendenhall School,Guilford,2024,11,36.1090060008986,-79.802314,,46.0
2024-11-10,Millbrook School,Wake,2024,11,35.856111,-78.574167,26.0,47.0
2024-11-10,Pitt Agri. Center,Pitt,2024,11,35.6412760008938,-77.360126,,21.0
2024-11-10,Rockwell,Rowan,2024,11,35.551868,-80.395039,24.0,52.0
2024-11-10,West Johnston Co.,Johnston,2024,11,35.59095,-78.4622,,44.0
2024-11-11,Bryson City,Swain,2024,11,35.434767,-83.442133,,24.0
2024-11-11,Castle Hayne,New Hanover,2024,11,34.364167,-77.838611,,22.0
2024-11-11,Clemmons Middle,Forsyth,2024,11,36.026612,-80.341962,,46.0
2024-11-11,Durham Armory,Durham,2024,11,36.0329550008979,-78.904037,,42.0
2024-11-11,Frying Pan Mountain,Haywood,2024,11,35.379167,-82.7925,39.0,10.0
2024-11-11,Garinger High School,Mecklenburg,2024,11,35.2401000008895,-80.785683,14.0,44.5
2024-11-11,Hattie Avenue,Forsyth,2024,11,36.11094,-80.224501,,34.0
2024-11-11,Leggett,Edgecombe,2024,11,35.988278,-77.5843,,29.0
2024-11-11,Linville Falls,Avery,2024,11,35.972347,-81.933072,,13.0
2024-11-11,Mendenhall School,Guilford,2024,11,36.1090060008986,-79.802314,,47.0
2024-11-11,Millbrook School,Wake,2024,11,35.856111,-78.574167,19.0,48.0
2024-11-11,Old High School,Swain,2024,11,35.498711,-83.310242,,27.0
2024-11-11,Pitt Agri. Center,Pitt,2024,11,35.6412760008938,-77.360126,,26.0
2024-11-11,Rockwell,Rowan,2024,11,35.551868,-80.395039,18.0,46.0
2024-11-11,West Johnston Co.,Johnston,2024,11,35.59095,-78.4622,,40.0
2024-11-12,Bryson City,Swain,2024,11,35.434767,-83.442133,,24.0
2024-11-12,Castle Hayne,New Hanover,2024,11,34.364167,-77.838611,,39.5
2024-11-12,Clemmons Middle,Forsyth,2024,11,36.026612,-80.341962,,25.0
2024-11-12,Durham Armory,Durham,2024,11,36.0329550008979,-78.904037,,20.0
2024-11-12,Frying Pan Mountain,Haywood,2024,11,35.379167,-82.7925,44.0,
2024-11-12,Garinger High School,Mecklenburg,2024,11,35.2401000008895,-80.785683,35.0,34.0
2024-11-12,Hattie Avenue,Forsyth,2024,11,36.11094,-80.224501,,24.0
2024-11-12,Leggett,Edgecombe,2024,11,35.988278,-77.5843,,22.0
2024-11-12,Mendenhall School,Guilford,2024,11,36.1090060008986,-79.802314,,24.0
2024-11-12,Millbrook School,Wake,2024,11,35.856111,-78.574167,33.0,27.0
2024-11-12,Pitt Agri. Center,Pitt,2024,11,35.6412760008938,-77.360126,,25.0
2024-11-12,Rockwell,Rowan,2024,11,35.551868,-80.395039,35.0,26.0
2024-11-12,West Johnston Co.,Johnston,2024,11,35.59095,-78.4622,,29.0
2024-11-13,Bryson City,Swain,2024,11,35.434767,-83.442133,,16.0
2024-11-13,Castle Hayne,New Hanover,2024,11,34.364167,-77.838611,,28.5
2024-11-13,Clemmons Middle,Forsyth,2024,11,36.026612,-80.341962,,16.0
2024-11-13,Durham Armory,Durham,2024,11,36.0329550008979,-78.904037,,19.0
2024-11-13,Frying Pan Mountain,Haywood,2024,11,35.379167,-82.7925,31.0,
2024-11-13,Garinger High School,Mecklenburg,2024,11,35.2401000008895,-80.785683,31.0,27.0
2024-11-13,Hattie Avenue,Forsyth,2024,11,36.11094,-80.224501,,13.0
2024-11-13,Leggett,Edgecombe,2024,11,35.988278,-77.5843,,27.0
2024-11-13,Mendenhall School,Guilford,2024,11,36.1090060008986,-79.802314,,18.0
2024-11-13,Millbrook School,Wake,2024,11,35.856111,-78.574167,31.0,23.0
2024-11-13,Pitt Agri. Center,Pitt,2024,11,35.6412760008938,-77.360126,,11.0
2024-11-13,Rockwell,Rowan,2024,11,35.551868,-80.395039,31.0,17.0
2024-11-13,West Johnston Co.,Johnston,2024,11,35.59095,-78.4622,,19.0
2024-11-14,Bryson City,Swain,2024,11,35.434767,-83.442133,,20.0
2024-11-14,Castle Hayne,New Hanover,2024,11,34.364167,-77.838611,,19.5
2024-11-14,Clemmons Middle,Forsyth,2024,11,36.026612,-80.341962,,25.0
2024-11-14,Durham Armory,Durham,2024,11,36.0329550008979,-78.904037,,33.0
2024-11-14,Frying Pan Mountain,Haywood,2024,11,35.379167,-82.7925,33.0,5.0
2024-11-14,Garinger High School,Mecklenburg,2024,11,35.2401000008895,-80.785683,19.0,22.5
2024-11-14,Hattie Avenue,Forsyth,2024,11,36.11094,-80.224501,,20.5
2024-11-14,Leggett,Edgecombe,2024,11,35.988278,-77.5843,,21.0
2024-11-14,Linville Falls,Avery,2024,11,35.972347,-81.933072,,12.0
2024-11-14,Mendenhall School,Guilford,2024,11,36.1090060008986,-79.802314,,27.0
2024-11-14,Millbrook School,Wake,2024,11,35.856111,-78.574167,24.0,27.5
2024-11-14,Old High School,Swain,2024,11,35.498711,-83.310242,,17.0
2024-11-14,Pitt Agri. Center,Pitt,2024,11,35.6412760008938,-77.360126,,15.0
2024-11-14,Rockwell,Rowan,2024,11,35.551868,-80.395039,21.0,23.0
2024-11-14,West Johnston Co.,Johnston,2024,11,35.59095,-78.4622,,29.0
2024-11-15,Bryson City,Swain,2024,11,35.434767,-83.442133,,14.0
2024-11-15,Castle Hayne,New Hanover,2024,11,34.364167,-77.838611,,17.0
2024-11-15,Clemmons Middle,Forsyth,2024,11,36.026612,-80.341962,,20.0
2024-11-15,Durham Armory,Durham,2024,11,36.0329550008979,-78.904037,,21.0
2024-11-15,Frying Pan Mountain,Haywood,2024,11,35.379167,-82.7925,42.0,
2024-11-15,Garinger High School,Mecklenburg,2024,11,35.2401000008895,-80.785683,24.0,23.0
2024-11-15,Hattie Avenue,Forsyth,2024,11,36.11094,-80.224501,,16.0
2024-11-15,Leggett,Edgecombe,2024,11,35.988278,-77.5843,,7.0
2024-11-15,Mendenhall School,Guilford,2024,11,36.1090060008986,-79.802314,,13.0
2024-11-15,Millbrook School,Wake,2024,11,35.856111,-78.574167,27.0,22.0
2024-11-15,Pitt Agri. Center,Pitt,2024,11,35.6412760008938,-77.360126,,4.0
2024-11-15,Rockwell,Rowan,2024,11,35.551868,-80.395039,28.0,11.0
2024-11-15,West Johnston Co.,Johnston,2024,11,35.59095,-78.4622,,10.0
2024-11-16,Bryson City,Swain,2024,11,35.434767,-83.442133,,12.0
2024-11-16,Castle Hayne,New Hanover,2024,11,34.364167,-77.838611,,28.5
2024-11-16,Clemmons Middle,Forsyth,2024,11,36.026612,-80.341962,,25.0
2024-11-16,Durham Armory,Durham,2024,11,36.0329550008979,-78.904037,,19.0
2024-11-16,Frying Pan Mountain,Haywood,2024,11,35.379167,-82.7925,61.0,
2024-11-16,Garinger High School,Mecklenburg,2024,11,35.2401000008895,-80.785683,27.0,52.0
2024-11-16,Hattie Avenue,Forsyth,2024,11,36.11094,-80.224501,,28.0
2024-11-16,Leggett,Edgecombe,2024,11,35.988278,-77.5843,,13.0
2024-11-16,Mendenhall School,Guilford,2024,11,36.1090060008986,-79.802314,,37.0
2024-11-16,Millbrook School,Wake,2024,11,35.856111,-78.574167,28.0,25.0
2024-11-16,Pitt Agri. Center,Pitt,2024,11,35.6412760008938,-77.360126,,15.0
2024-11-16,Rockwell,Rowan,2024,11,35.551868,-80.395039,31.0,31.0
2024-11-16,West Johnston Co.,Johnston,2024,11,35.59095,-78.4622,,38.0
2024-11-17,Bryson City,Swain,2024,11,35.434767,-83.442133,,23.0
2024-11-17,Castle Hayne,New Hanover,2024,11,34.364167,-77.838611,,39.5
2024-11-17,Clemmons Middle,Forsyth,2024,11,36.026612,-80.341962,,56.0
2024-11-17,Durham Armory,Durham,2024,11,36.0329550008979,-78.904037,,51.0
2024-11-17,Frying Pan Mountain,Haywood,2024,11,35.379167,-82.7925,48.0,6.0
2024-11-17,Garinger High School,Mecklenburg,2024,11,35.2401000008895,-80.785683,33.0,66.0
2024-11-17,Hattie Avenue,Forsyth,2024,11,36.11094,-80.224501,,47.5
2024-11-17,Leggett,Edgecombe,2024,11,35.988278,-77.5843,,27.0
2024-11-17,Linville Falls,Avery,2024,11,35.972347,-81.933072,,19.0
2024-11-17,Mendenhall School,Guilford,2024,11,36.1090060008986,-79.802314,,53.0
2024-11-17,Millbrook School,Wake,2024,11,35.856111,-78.574167,31.0,54.5
2024-11-17,Old High School,Swain,2024,11,35.498711,-83.310242,,17.0
2024-11-17,Pitt Agri. Center,Pitt,2024,11,35.6412760008938,-77.360126,,27.0
2024-11-17,Rockwell,Rowan,2024,11,35.551868,-80.395039,36.0,61.0
2024-11-17,West Johnston Co.,Johnston,2024,11,35.59095,-78.4622,,46.0
2024-11-18,Bryson City,Swain,2024,11,35.434767,-83.442133,,51.0
2024-11-18,Clemmons Middle,Forsyth,2024,11,36.026612,-80.341962,,58.0
2024-11-18,Durham Armory,Durham,2024,11,36.0329550008979,-78.904037,,54.0
2024-11-18,Frying Pan Mountain,Haywood,2024,11,35.379167,-82.7925,45.0,
2024-11-18,Garinger High School,Mecklenburg,2024,11,35.2401000008895,-80.785683,33.0,63.0
2024-11-18,Hattie Avenue,Forsyth,2024,11,36.11094,-80.224501,,55.0
2024-11-18,Mendenhall School,Guilford,2024,11,36.1090060008986,-79.802314,,59.0
2024-11-18,Millbrook School,Wake,2024,11,35.856111,-78.574167,32.0,56.0
2024-11-18,Pitt Agri. Center,Pitt,2024,11,35.6412760008938,-77.360126,,47.0
2024-11-18,Rockwell,Rowan,2024,11,35.551868,-80.395039,33.0,71.0
2024-11-18,West Johnston Co.,Johnston,2024,11,35.59095,-78.4622,,50.0
2024-11-19,Bryson City,Swain,2024,11,35.434767,-83.442133,,60.0
2024-11-19,Castle Hayne,New Hanover,2024,11,34.364167,-77.838611,,60.5
2024-11-19,Clemmons Middle,Forsyth,2024,11,36.026612,-80.341962,,56.0
2024-11-19,Durham Armory,Durham,2024,11,36.0329550008979,-78.904037,,60.0
2024-11-19,Frying Pan Mountain,Haywood,2024,11,35.379167,-82.7925,40.0,
2024-11-19,Garinger High School,Mecklenburg,2024,11,35.2401000008895,-80.785683,27.0,59.0
2024-11-19,Hattie Avenue,Forsyth,2024,11,36.11094,-80.224501,,55.0
2024-11-19,Mendenhall School,Guilford,2024,11,36.1090060008986,-79.802314,,58.0
2024-11-19,Millbrook School,Wake,2024,11,35.856111,-78.574167,29.0,66.0
2024-11-19,Pitt Agri. Center,Pitt,2024,11,35.6412760008938,-77.360126,,60.0
2024-11-19,Rockwell,Rowan,2024,11,35.551868,-80.395039,31.0,59.0
2024-11-19,West Johnston Co.,Johnston,2024,11,35.59095,-78.4622,,67.0
2024-11-20,Bryson City,Swain,2024,11,35.434767,-83.442133,,31.0
2024-11-20,Castle Hayne,New Hanover,2024,11,34.364167,-77.838611,,39.0
2024-11-20,Clemmons Middle,Forsyth,2024,11,36.026612,-80.341962,,42.0
2024-11-20,Durham Armory,Durham,2024,11,36.0329550008979,-78.904037,,53.0
2024-11-20,Frying Pan Mountain,Haywood,2024,11,35.379167,-82.7925,34.0,
2024-11-20,Garinger High School,Mecklenburg,2024,11,35.2401000008895,-80.785683,23.0,35.0
2024-11-20,Hattie Avenue,Forsyth,2024,11,36.11094,-80.224501,,34.5
2024-11-20,Leggett,Edgecombe,2024,11,35.988278,-77.5843,,48.0
2024-11-20,Mendenhall School,Guilford,2024,11,36.1090060008986,-79.802314,,43.0
2024-11-20,Millbrook School,Wake,2024,11,35.856111,-78.574167,31.0,50.0
2024-11-20,Old High School,Swain,2024,11,35.498711,-83.310242,,21.0
2024-11-20,Pitt Agri. Center,Pitt,2024,11,35.6412760008938,-77.360126,,49.0
2024-11-20,Rockwell,Rowan,2024,11,35.551868,-80.395039,29.0,32.0
2024-11-20,West Johnston Co.,Johnston,2024,11,35.59095,-78.4622,,52.0
2024-11-21,Bryson City,Swain,2024,11,35.434767,-83.442133,,6.0
2024-11-21,Castle Hayne,New Hanover,2024,11,34.364167,-77.838611,,19.0
2024-11-21,Clemmons Middle,Forsyth,2024,11,36.026612,-80.341962,,12.0
2024-11-21,Frying Pan Mountain,Haywood,2024,11,35.379167,-82.7925,35.0,
2024-11-21,Garinger High School,Mecklenburg,2024,11,35.2401000008895,-80.785683,31.0,12.0
2024-11-21,Hattie Avenue,Forsyth,2024,11,36.11094,-80.224501,,10.0
2024-11-21,Leggett,Edgecombe,2024,11,35.988278,-77.5843,,9.0
2024-11-21,Mendenhall School,Guilford,2024,11,36.1090060008986,-79.802314,,12.0
2024-11-21,Millbrook School,Wake,2024,11,35.856111,-78.574167,33.0,12.0
2024-11-21,Pitt Agri. Center,Pitt,2024,11,35.6412760008938,-77.360126,,0.0
2024-11-21,Rockwell,Rowan,2024,11,35.551868,-80.395039,32.0,8.0
2024-11-21,West Johnston Co.,Johnston,2024,11,35.59095,-78.4622,,6.0
2024-11-22,Bryson City,Swain,2024,11,35.434767,-83.442133,,8.0
2024-11-22,Castle Hayne,New Hanover,2024,11,34.364167,-77.838611,,25.0
2024-11-22,Clemmons Middle,Forsyth,2024,11,36.026612,-80.341962,,11.0
2024-11-22,Durham Armory,Durham,2024,11,36.0329550008979,-78.904037,,17.0
2024-11-22,Frying Pan Mountain,Haywood,2024,11,35.379167,-82.7925,25.0,
2024-11-22,Garinger High School,Mecklenburg,2024,11,35.2401000008895,-80.785683,18.0,9.0
2024-11-22,Hattie Avenue,Forsyth,2024,11,36.11094,-80.224501,,12.0
2024-11-22,Leggett,Edgecombe,2024,11,35.988278,-77.5843,,11.0
2024-11-22,Mendenhall School,Guilford,2024,11,36.1090060008986,-79.802314,,5.0
2024-11-22,Millbrook School,Wake,2024,11,35.856111,-78.574167,18.0,10.0
2024-11-22,Pitt Agri. Center,Pitt,2024,11,35.6412760008938,-77.360126,,0.0
2024-11-22,Rockwell,Rowan,2024,11,35.551868,-80.395039,19.0,3.0
2024-11-22,West Johnston Co.,Johnston,2024,11,35.59095,-78.4622,,1.0
2024-11-23,Bryson City,Swain,2024,11,35.434767,-83.442133,,7.0
2024-11-23,Castle Hayne,New Hanover,2024,11,34.364167,-77.838611,,19.5
2024-11-23,Clemmons Middle,Forsyth,2024,11,36.026612,-80.341962,,7.0
2024-11-23,Durham Armory,Durham,2024,11,36.0329550008979,-78.904037,,18.0
2024-11-23,Frying Pan Mountain,Haywood,2024,11,35.379167,-82.7925,44.0,2.0
2024-11-23,Garinger High School,Mecklenburg,2024,11,35.2401000008895,-80.785683,23.0,43.0
2024-11-23,Hattie Avenue,Forsyth,2024,11,36.11094,-80.224501,,7.5
2024-11-23,Leggett,Edgecombe,2024,11,35.988278,-77.5843,,6.0
2024-11-23,Mendenhall School,Guilford,2024,11,36.1090060008986,-79.802314,,9.0
2024-11-23,Millbrook School,Wake,2024,11,35.856111,-78.574167,20.0,11.5
2024-11-23,Old High School,Swain,2024,11,35.498711,-83.310242,,11.0
2024-11-23,Pitt Agri. Center,Pitt,2024,11,35.6412760008938,-77.360126,,0.0
2024-11-23,Rockwell,Rowan,2024,11,35.551868,-80.395039,22.0,15.0
2024-11-23,West Johnston Co.,Johnston,2024,11,35.59095,-78.4622,,12.0
2024-11-24,Bryson City,Swain,2024,11,35.434767,-83.442133,,26.0
2024-11-24,Castle Hayne,New Hanover,2024,11,34.364167,-77.838611,,32.5
2024-11-24,Clemmons Middle,Forsyth,2024,11,36.026612,-80.341962,,29.0
2024-11-24,Durham Armory,Durham,2024,11,36.0329550008979,-78.904037,,42.0
2024-11-24,Frying Pan Mountain,Haywood,2024,11,35.379167,-82.7925,46.0,
2024-11-24,Garinger High School,Mecklenburg,2024,11,35.2401000008895,-80.785683,29.0,72.0
2024-11-24,Hattie Avenue,Forsyth,2024,11,36.11094,-80.224501,,44.0
2024-11-24,Leggett,Edgecombe,2024,11,35.988278,-77.5843,,20.0
2024-11-24,Mendenhall School,Guilford,2024,11,36.1090060008986,-79.802314,,46.0
2024-11-24,Millbrook School,Wake,2024,11,35.856111,-78.574167,24.0,36.0
2024-11-24,Pitt Agri. Center,Pitt,2024,11,35.6412760008938,-77.360126,,22.0
2024-11-24,Rockwell,Rowan,2024,11,35.551868,-80.395039,29.0,57.0
2024-11-24,West Johnston Co.,Johnston,2024,11,35.59095,-78.4622,,18.0
2024-11-25,Bryson City,Swain,2024,11,35.434767,-83.442133,,31.0
2024-11-25,Castle Hayne,New Hanover,2024,11,34.364167,-77.838611,,46.0
2024-11-25,Clemmons Middle,Forsyth,2024,11,36.026612,-80.341962,,50.0
2024-11-25,Durham Armory,Durham,2024,11,36.0329550008979,-78.904037,,56.0
2024-11-25,Frying Pan Mountain,Haywood,2024,11,35.379167,-82.7925,43.0,
2024-11-25,Garinger High School,Mecklenburg,2024,11,35.2401000008895,-80.785683,32.0,55.0
2024-11-25,Hattie Avenue,Forsyth,2024,11,36.11094,-80.224501,,55.0
2024-11-25,Leggett,Edgecombe,2024,11,35.988278,-77.5843,,44.0
2024-11-25,Mendenhall School,Guilford,2024,11,36.1090060008986,-79.802314,,64.0
2024-11-25,Millbrook School,Wake,2024,11,35.856111,-78.574167,27.0,64.0
2024-11-25,Pitt Agri. Center,Pitt,2024,11,35.6412760008938,-77.360126,,51.0
2024-11-25,Rockwell,Rowan,2024,11,35.551868,-80.395039,34.0,55.0
2024-11-25,West Johnston Co.,Johnston,2024,11,35.59095,-78.4622,,55.0
2024-11-26,Bryson City,Swain,2024,11,35.434767,-83.442133,,37.0
2024-11-26,Castle Hayne,New Hanover,2024,11,34.364167,-77.838611,,39.0
2024-11-26,Clemmons Middle,Forsyth,2024,11,36.026612,-80.341962,,44.0
2024-11-26,Durham Armory,Durham,2024,11,36.0329550008979,-78.904037,,55.0
2024-11-26,Frying Pan Mountain,Haywood,2024,11,35.379167,-82.7925,40.0,9.0
2024-11-26,Garinger High School,Mecklenburg,2024,11,35.2401000008895,-80.785683,27.0,37.0
2024-11-26,Hattie Avenue,Forsyth,2024,11,36.11094,-80.224501,,46.0
2024-11-26,Leggett,Edgecombe,2024,11,35.988278,-77.5843,,41.0
2024-11-26,Mendenhall School,Guilford,2024,11,36.1090060008986,-79.802314,,50.0
2024-11-26,Millbrook School,Wake,2024,11,35.856111,-78.574167,28.0,52.0
2024-11-26,Old High School,Swain,2024,11,35.498711,-83.310242,,23.0
2024-11-26,Rockwell,Rowan,2024,11,35.551868,-80.395039,31.0,26.0
2024-11-26,West Johnston Co.,Johnston,2024,11,35.59095,-78.4622,,52.0
2024-11-27,Bryson City,Swain,2024,11,35.434767,-83.442133,,30.0
2024-11-27,Castle Hayne,New Hanover,2024,11,34.364167,-77.838611,,42.0
2024-11-27,Clemmons Middle,Forsyth,2024,11,36.026612,-80.341962,,51.0
2024-11-27,Durham Armory,Durham,2024,11,36.0329550008979,-78.904037,,48.0
2024-11-27,Garinger High School,Mecklenburg,2024,11,35.2401000008895,-80.785683,26.0,52.0
2024-11-27,Hattie Avenue,Forsyth,2024,11,36.11094,-80.224501,,52.0
2024-11-27,Leggett,Edgecombe,2024,11,35.988278,-77.5843,,24.0
2024-11-27,Mendenhall School,Guilford,2024,11,36.1090060008986,-79.802314,,40.0
2024-11-27,Millbrook School,Wake,2024,11,35.856111,-78.574167,27.0,36.0
2024-11-27,Rockwell,Rowan,2024,11,35.551868,-80.395039,30.0,41.0
2024-11-27,West Johnston Co.,Johnston,2024,11,35.59095,-78.4622,,42.0
2024-11-28,Bryson City,Swain,2024,11,35.434767,-83.442133,,21.0
2024-11-28,Castle Hayne,New Hanover,2024,11,34.364167,-77.838611,,35.5
2024-11-28,Clemmons Middle,Forsyth,2024,11,36.026612,-80.341962,,48.0
2024-11-28,Durham Armory,Durham,2024,11,36.0329550008979,-78.904037,,53.0
2024-11-28,Frying Pan Mountain,Haywood,2024,11,35.379167,-82.7925,31.0,
2024-11-28,Garinger High School,Mecklenburg,2024,11,35.2401000008895,-80.785683,26.0,44.0
2024-11-28,Hattie Avenue,Forsyth,2024,11,36.11094,-80.224501,,52.0
2024-11-28,Leggett,Edgecombe,2024,11,35.988278,-77.5843,,30.0
2024-11-28,Mendenhall School,Guilford,2024,11,36.1090060008986,-79.802314,,37.0
2024-11-28,Millbrook School,Wake,2024,11,35.856111,-78.574167,28.0,41.0
2024-11-28,Rockwell,Rowan,2024,11,35.551868,-80.395039,31.0,34.0
2024-11-28,West Johnston Co.,Johnston,2024,11,35.59095,-78.4622,,36.0
2024-11-29,Bryson City,Swain,2024,11,35.434767,-83.442133,,22.0
2024-11-29,Castle Hayne,New Hanover,2024,11,34.364167,-77.838611,,30.5
2024-11-29,Clemmons Middle,Forsyth,2024,11,36.026612,-80.341962,,29.0
2024-11-29,Durham Armory,Durham,2024,11,36.0329550008979,-78.904037,,27.0
2024-11-29,Frying Pan Mountain,Haywood,2024,11,35.379167,-82.7925,34.0,13.0
2024-11-29,Garinger High School,Mecklenburg,2024,11,35.2401000008895,-80.785683,29.0,25.5
2024-11-29,Hattie Avenue,Forsyth,2024,11,36.11094,-80.224501,,32.0
2024-11-29,Leggett,Edgecombe,2024,11,35.988278,-77.5843,,15.0
2024-11-29,Linville Falls,Avery,2024,11,35.972347,-81.933072,,20.0
2024-11-29,Mendenhall School,Guilford,2024,11,36.1090060008986,-79.802314,,22.0
2024-11-29,Millbrook School,Wake,2024,11,35.856111,-78.574167,31.0,21.0
2024-11-29,Rockwell,Rowan,2024,11,35.551868,-80.395039,31.0,16.0
2024-11-29,West Johnston Co.,Johnston,2024,11,35.59095,-78.4622,,15.0
2024-11-30,Bryson City,Swain,2024,11,35.434767,-83.442133,,8.0
2024-11-30,Castle Hayne,New Hanover,2024,11,34.364167,-77.838611,,29.0
2024-11-30,Clemmons Middle,Forsyth,2024,11,36.026612,-80.341962,,27.0
2024-11-30,Durham Armory,Durham,2024,11,36.0329550008979,-78.904037,,35.0
2024-11-30,Garinger High School,Mecklenburg,2024,11,35.2401000008895,-80.785683,33.0,48.0
2024-11-30,Hattie Avenue,Forsyth,2024,11,36.11094,-80.224501,,27.0
2024-11-30,Leggett,Edgecombe,2024,11,35.988278,-77.5843,,19.0
2024-11-30,Mendenhall School,Guilford,2024,11,36.1090060008986,-79.802314,,28.0
2024-11-30,Millbrook School,Wake,2024,11,35.856111,-78.574167,34.0,37.0
2024-11-30,Rockwell,Rowan,2024,11,35.551868,-80.395039,36.0,29.0
2024-11-30,West Johnston Co.,Johnston,2024,11,35.59095,-78.4622,,17.0
2024-12-01,Bryson City,Swain,2024,12,35.434767,-83.442133,,22.0
2024-12-01,Castle Hayne,New Hanover,2024,12,34.364167,-77.838611,,38.0
2024-12-01,Clemmons Middle,Forsyth,2024,12,36.026612,-80.341962,,38.0
2024-12-01,Durham Armory,Durham,2024,12,36.0329550008979,-78.904037,,47.0
2024-12-01,Garinger High School,Mecklenburg,2024,12,35.2401000008895,-80.785683,30.0,63.0
2024-12-01,Hattie Avenue,Forsyth,2024,12,36.11094,-80.224501,,34.0
2024-12-01,Leggett,Edgecombe,2024,12,35.988278,-77.5843,,29.0
2024-12-01,Mendenhall School,Guilford,2024,12,36.1090060008986,-79.802314,,32.0
2024-12-01,Millbrook School,Wake,2024,12,35.856111,-78.574167,31.0,53.0
2024-12-01,Rockwell,Rowan,2024,12,35.551868,-80.395039,34.0,40.0
2024-12-01,West Johnston Co.,Johnston,2024,12,35.59095,-78.4622,,43.0
2024-12-02,Bryson City,Swain,2024,12,35.434767,-83.442133,,12.0
2024-12-02,Castle Hayne,New Hanover,2024,12,34.364167,-77.838611,,31.0
2024-12-02,Clemmons Middle,Forsyth,2024,12,36.026612,-80.341962,,24.0
2024-12-02,Durham Armory,Durham,2024,12,36.0329550008979,-78.904037,,31.0
2024-12-02,Frying Pan Mountain,Haywood,2024,12,35.379167,-82.7925,,12.0
2024-12-02,Garinger High School,Mecklenburg,2024,12,35.2401000008895,-80.785683,32.0,32.0
2024-12-02,Hattie Avenue,Forsyth,2024,12,36.11094,-80.224501,,33.0
2024-12-02,Leggett,Edgecombe,2024,12,35.988278,-77.5843,,17.0
2024-12-02,Linville Falls,Avery,2024,12,35.972347,-81.933072,,11.0
2024-12-02,Mendenhall School,Guilford,2024,12,36.1090060008986,-79.802314,,19.0
2024-12-02,Millbrook School,Wake,2024,12,35.856111,-78.574167,33.0,22.0
2024-12-02,Old High School,Swain,2024,12,35.498711,-83.310242,,13.0
2024-12-02,Rockwell,Rowan,2024,12,35.551868,-80.395039,35.0,15.0
2024-12-02,West Johnston Co.,Johnston,2024,12,35.59095,-78.4622,,11.0
2024-12-03,Bryson City,Swain,2024,12,35.434767,-83.442133,,19.0
2024-12-03,Castle Hayne,New Hanover,2024,12,34.364167,-77.838611,,36.0
2024-12-03,Clemmons Middle,Forsyth,2024,12,36.026612,-80.341962,,33.0
2024-12-03,Durham Armory,Durham,2024,12,36.0329550008979,-78.904037,,32.0
2024-12-03,Garinger High School,Mecklenburg,2024,12,35.2401000008895,-80.785683,26.0,29.0
2024-12-03,Hattie Avenue,Forsyth,2024,12,36.11094,-80.224501,,33.0
2024-12-03,Leggett,Edgecombe,2024,12,35.988278,-77.5843,,17.0
2024-12-03,Mendenhall School,Guilford,2024,12,36.1090060008986,-79.802314,,23.0
2024-12-03,Millbrook School,Wake,2024,12,35.856111,-78.574167,27.0,21.5
2024-12-03,Rockwell,Rowan,2024,12,35.551868,-80.395039,28.0,20.0
2024-12-03,West Johnston Co.,Johnston,2024,12,35.59095,-78.4622,,12.0
2024-12-04,Bryson City,Swain,2024,12,35.434767,-83.442133,,47.0
2024-12-04,Castle Hayne,New Hanover,2024,12,34.364167,-77.838611,,40.0
2024-12-04,Clemmons Middle,Forsyth,2024,12,36.026612,-80.341962,,53.0
2024-12-04,Durham Armory,Durham,2024,12,36.0329550008979,-78.904037,,51.0
2024-12-04,Garinger High School,Mecklenburg,2024,12,35.2401000008895,-80.785683,32.0,52.0
2024-12-04,Hattie Avenue,Forsyth,2024,12,36.11094,-80.224501,,55.0
2024-12-04,Leggett,Edgecombe,2024,12,35.988278,-77.5843,,42.0
2024-12-04,Mendenhall School,Guilford,2024,12,36.1090060008986,-79.802314,,52.0
2024-12-04,Millbrook School,Wake,2024,12,35.856111,-78.574167,31.0,52.0
2024-12-04,Rockwell,Rowan,2024,12,35.551868,-80.395039,33.0,53.0
2024-12-04,West Johnston Co.,Johnston,2024,12,35.59095,-78.4622,,35.0
2024-12-05,Bryson City,Swain,2024,12,35.434767,-83.442133,,37.0
2024-12-05,Castle Hayne,New Hanover,2024,12,34.364167,-77.838611,,50.5
2024-12-05,Clemmons Middle,Forsyth,2024,12,36.026612,-80.341962,,47.0
2024-12-05,Durham Armory,Durham,2024,12,36.0329550008979,-78.904037,,59.0
2024-12-05,Garinger High School,Mecklenburg,2024,12,35.2401000008895,-80.785683,35.0,47.5
2024-12-05,Hattie Avenue,Forsyth,2024,12,36.11094,-80.224501,,49.0
2024-12-05,Leggett,Edgecombe,2024,12,35.988278,-77.5843,,44.0
2024-12-05,Linville Falls,Avery,2024,12,35.972347,-81.933072,,16.0
2024-12-05,Mendenhall School,Guilford,2024,12,36.1090060008986,-79.802314,,46.0
2024-12-05,Millbrook School,Wake,2024,12,35.856111,-78.574167,34.0,51.5
2024-12-05,Rockwell,Rowan,2024,12,35.551868,-80.395039,37.0,32.0
2024-12-05,West Johnston Co.,Johnston,2024,12,35.59095,-78.4622,,42.0
2024-12-06,Bryson City,Swain,2024,12,35.434767,-83.442133,,21.0
2024-12-06,Castle Hayne,New Hanover,2024,12,34.364167,-77.838611,,36.0
2024-12-06,Clemmons Middle,Forsyth,2024,12,36.026612,-80.341962,,29.0
2024-12-06,Durham Armory,Durham,2024,12,36.0329550008979,-78.904037,,46.0
2024-12-06,Garinger High School,Mecklenburg,2024,12,35.2401000008895,-80.785683,30.0,38.0
2024-12-06,Hattie Avenue,Forsyth,2024,12,36.11094,-80.224501,,26.0
2024-12-06,Leggett,Edgecombe,2024,12,35.988278,-77.5843,,11.0
2024-12-06,Mendenhall School,Guilford,2024,12,36.1090060008986,-79.802314,,26.0
2024-12-06,Millbrook School,Wake,2024,12,35.856111,-78.574167,28.0,28.0
2024-12-06,Rockwell,Rowan,2024,12,35.551868,-80.395039,31.0,23.0
2024-12-06,West Johnston Co.,Johnston,2024,12,35.59095,-78.4622,,10.0
2024-12-07,Bryson City,Swain,2024,12,35.434767,-83.442133,,28.0
2024-12-07,Castle Hayne,New Hanover,2024,12,34.364167,-77.838611,,36.5
2024-12-07,Clemmons Middle,Forsyth,2024,12,36.026612,-80.341962,,50.0
2024-12-07,Durham Armory,Durham,2024,12,36.0329550008979,-78.904037,,42.0
2024-12-07,Garinger High School,Mecklenburg,2024,12,35.2401000008895,-80.785683,31.0,63.0
2024-12-07,Hattie Avenue,Forsyth,2024,12,36.11094,-80.224501,,52.0
2024-12-07,Leggett,Edgecombe,2024,12,35.988278,-77.5843,,24.0
2024-12-07,Mendenhall School,Guilford,2024,12,36.1090060008986,-79.802314,,46.0
2024-12-07,Millbrook School,Wake,2024,12,35.856111,-78.574167,31.0,56.0
2024-12-07,Rockwell,Rowan,2024,12,35.551868,-80.395039,31.0,59.0
2024-12-07,West Johnston Co.,Johnston,2024,12,35.59095,-78.4622,,32.0
2024-12-08,Bryson City,Swain,2024,12,35.434767,-83.442133,,33.0
2024-12-08,Castle Hayne,New Hanover,2024,12,34.364167,-77.838611,,41.5
2024-12-08,Clemmons Middle,Forsyth,2024,12,36.026612,-80.341962,,49.5
2024-12-08,Durham Armory,Durham,2024,12,36.0329550008979,-78.904037,,57.0
2024-12-08,Frying Pan Mountain,Haywood,2024,12,35.379167,-82.7925,,5.0
2024-12-08,Garinger High School,Mecklenburg,2024,12,35.2401000008895,-80.785683,34.0,52.5
2024-12-08,Hattie Avenue,Forsyth,2024,12,36.11094,-80.224501,,51.5
2024-12-08,Leggett,Edgecombe,2024,12,35.988278,-77.5843,,53.0
2024-12-08,Linville Falls,Avery,2024,12,35.972347,-81.933072,,6.0
2024-12-08,Mendenhall School,Guilford,2024,12,36.1090060008986,-79.802314,,52.0
2024-12-08,Millbrook School,Wake,2024,12,35.856111,-78.574167,35.0,54.0
2024-12-08,Old High School,Swain,2024,12,35.498711,-83.310242,,16.0
2024-12-08,Rockwell,Rowan,2024,12,35.551868,-80.395039,37.0,52.0
2024-12-08,West Johnston Co.,Johnston,2024,12,35.59095,-78.4622,,54.0
2024-12-09,Bryson City,Swain,2024,12,35.434767,-83.442133,,32.0
2024-12-09,Castle Hayne,New Hanover,2024,12,34.364167,-77.838611,,44.5
2024-12-09,Clemmons Middle,Forsyth,2024,12,36.026612,-80.341962,,57.0
2024-12-09,Durham Armory,Durham,2024,12,36.0329550008979,-78.904037,,56.0
2024-12-09,Garinger High School,Mecklenburg,2024,12,35.2401000008895,-80.785683,19.0,53.0
2024-12-09,Hattie Avenue,Forsyth,2024,12,36.11094,-80.224501,,57.0
2024-12-09,Leggett,Edgecombe,2024,12,35.988278,-77.5843,,47.0
2024-12-09,Mendenhall School,Guilford,2024,12,36.1090060008986,-79.802314,,56.0
2024-12-09,Millbrook School,Wake,2024,12,35.856111,-78.574167,27.0,49.0
2024-12-09,Rockwell,Rowan,2024,12,35.551868,-80.395039,23.0,56.0
2024-12-09,West Johnston Co.,Johnston,2024,12,35.59095,-78.4622,,58.0
2024-12-10,Bryson City,Swain,2024,12,35.434767,-83.442133,,23.0
2024-12-10,Castle Hayne,New Hanover,2024,12,34.364167,-77.838611,,24.5
2024-12-10,Clemmons Middle,Forsyth,2024,12,36.026612,-80.341962,,58.0
2024-12-10,Durham Armory,Durham,2024,12,36.0329550008979,-78.904037,,57.0
2024-12-10,Garinger High School,Mecklenburg,2024,12,35.2401000008895,-80.785683,27.0,45.0
2024-12-10,Hattie Avenue,Forsyth,2024,12,36.11094,-80.224501,,57.0
2024-12-10,Leggett,Edgecombe,2024,12,35.988278,-77.5843,,57.0
2024-12-10,Mendenhall School,Guilford,2024,12,36.1090060008986,-79.802314,,55.0
2024-12-10,Millbrook School,Wake,2024,12,35.856111,-78.574167,26.0,60.0
2024-12-10,Pitt Agri. Center,Pitt,2024,12,35.6412760008938,-77.360126,,52.0
2024-12-10,Rockwell,Rowan,2024,12,35.551868,-80.395039,28.0,51.0
2024-12-10,West Johnston Co.,Johnston,2024,12,35.59095,-78.4622,,57.0
2024-12-11,Bryson City,Swain,2024,12,35.434767,-83.442133,,10.0
2024-12-11,Castle Hayne,New Hanover,2024,12,34.364167,-77.838611,,24.5
2024-12-11,Clemmons Middle,Forsyth,2024,12,36.026612,-80.341962,,14.0
2024-12-11,Durham Armory,Durham,2024,12,36.0329550008979,-78.904037,,21.0
2024-12-11,Frying Pan Mountain,Haywood,2024,12,35.379167,-82.7925,,6.0
2024-12-11,Garinger High School,Mecklenburg,2024,12,35.2401000008895,-80.785683,26.0,17.5
2024-12-11,Hattie Avenue,Forsyth,2024,12,36.11094,-80.224501,,18.5
2024-12-11,Leggett,Edgecombe,2024,12,35.988278,-77.5843,,18.0
2024-12-11,Linville Falls,Avery,2024,12,35.972347,-81.933072,,6.0
2024-12-11,Mendenhall School,Guilford,2024,12,36.1090060008986,-79.802314,,13.0
2024-12-11,Millbrook School,Wake,2024,12,35.856111,-78.574167,,19.5
2024-12-11,Pitt Agri. Center,Pitt,2024,12,35.6412760008938,-77.360126,,5.0
2024-12-11,Rockwell,Rowan,2024,12,35.551868,-80.395039,27.0,11.0
2024-12-11,West Johnston Co.,Johnston,2024,12,35.59095,-78.4622,,14.0
2024-12-12,Bryson City,Swain,2024,12,35.434767,-83.442133,,19.0
2024-12-12,Castle Hayne,New Hanover,2024,12,34.364167,-77.838611,,32.0
2024-12-12,Clemmons Middle,Forsyth,2024,12,36.026612,-80.341962,,22.0
2024-12-12,Durham Armory,Durham,2024,12,36.0329550008979,-78.904037,,47.0
2024-12-12,Garinger High School,Mecklenburg,2024,12,35.2401000008895,-80.785683,31.0,42.0
2024-12-12,Hattie Avenue,Forsyth,2024,12,36.11094,-80.224501,,36.0
2024-12-12,Leggett,Edgecombe,2024,12,35.988278,-77.5843,,22.0
2024-12-12,Mendenhall School,Guilford,2024,12,36.1090060008986,-79.802314,,31.0
2024-12-12,Millbrook School,Wake,2024,12,35.856111,-78.574167,,33.0
2024-12-12,Pitt Agri. Center,Pitt,2024,12,35.6412760008938,-77.360126,,11.0
2024-12-12,West Johnston Co.,Johnston,2024,12,35.59095,-78.4622,,8.0
2024-12-13,Bryson City,Swain,2024,12,35.434767,-83.442133,,41.0
2024-12-13,Castle Hayne,New Hanover,2024,12,34.364167,-77.838611,,42.0
2024-12-13,Clemmons Middle,Forsyth,2024,12,36.026612,-80.341962,,51.0
2024-12-13,Durham Armory,Durham,2024,12,36.0329550008979,-78.904037,,57.0
2024-12-13,Garinger High School,Mecklenburg,2024,12,35.2401000008895,-80.785683,24.0,56.0
2024-12-13,Hattie Avenue,Forsyth,2024,12,36.11094,-80.224501,,57.0
2024-12-13,Leggett,Edgecombe,2024,12,35.988278,-77.5843,,33.0
2024-12-13,Mendenhall School,Guilford,2024,12,36.1090060008986,-79.802314,,52.0
2024-12-13,Millbrook School,Wake,2024,12,35.856111,-78.574167,24.0,51.0
2024-12-13,Pitt Agri. Center,Pitt,2024,12,35.6412760008938,-77.360126,,33.0
2024-12-13,West Johnston Co.,Johnston,2024,12,35.59095,-78.4622,,31.0
2024-12-14,Bryson City,Swain,2024,12,35.434767,-83.442133,,29.0
2024-12-14,Castle Hayne,New Hanover,2024,12,34.364167,-77.838611,,32.0
2024-12-14,Clemmons Middle,Forsyth,2024,12,36.026612,-80.341962,,46.5
2024-12-14,Durham Armory,Durham,2024,12,36.0329550008979,-78.904037,,55.0
2024-12-14,Frying Pan Mountain,Haywood,2024,12,35.379167,-82.7925,,23.0
2024-12-14,Garinger High School,Mecklenburg,2024,12,35.2401000008895,-80.785683,23.0,55.0
2024-12-14,Hattie Avenue,Forsyth,2024,12,36.11094,-80.224501,,50.5
2024-12-14,Leggett,Edgecombe,2024,12,35.988278,-77.5843,,34.0
2024-12-14,Linville Falls,Avery,2024,12,35.972347,-81.933072,,26.0
2024-12-14,Mendenhall School,Guilford,2024,12,36.1090060008986,-79.802314,,53.0
2024-12-14,Millbrook School,Wake,2024,12,35.856111,-78.574167,26.0,41.5
2024-12-14,Old High School,Swain,2024,12,35.498711,-83.310242,,19.0
2024-12-14,Pitt Agri. Center,Pitt,2024,12,35.6412760008938,-77.360126,,21.0
2024-12-14,Rockwell,Rowan,2024,12,35.551868,-80.395039,24.0,64.0
2024-12-14,West Johnston Co.,Johnston,2024,12,35.59095,-78.4622,,36.0
2024-12-15,Bryson City,Swain,2024,12,35.434767,-83.442133,,19.0
2024-12-15,Castle Hayne,New Hanover,2024,12,34.364167,-77.838611,,21.5
2024-12-15,Clemmons Middle,Forsyth,2024,12,36.026612,-80.341962,,41.0
2024-12-15,Durham Armory,Durham,2024,12,36.0329550008979,-78.904037,,44.0
2024-12-15,Garinger High School,Mecklenburg,2024,12,35.2401000008895,-80.785683,21.0,40.0
2024-12-15,Hattie Avenue,Forsyth,2024,12,36.11094,-80.224501,,42.0
2024-12-15,Leggett,Edgecombe,2024,12,35.988278,-77.5843,,26.0
2024-12-15,Mendenhall School,Guilford,2024,12,36.1090060008986,-79.802314,,29.0
2024-12-15,Millbrook School,Wake,2024,12,35.856111,-78.574167,27.0,29.0
2024-12-15,Pitt Agri. Center,Pitt,2024,12,35.6412760008938,-77.360126,,14.0
2024-12-15,Rockwell,Rowan,2024,12,35.551868,-80.395039,24.0,42.0
2024-12-15,West Johnston Co.,Johnston,2024,12,35.59095,-78.4622,,27.0
2024-12-16,Bryson City,Swain,2024,12,35.434767,-83.442133,,24.0
2024-12-16,Castle Hayne,New Hanover,2024,12,34.364167,-77.838611,,19.5
2024-12-16,Clemmons Middle,Forsyth,2024,12,36.026612,-80.341962,,44.0
2024-12-16,Durham Armory,Durham,2024,12,36.0329550008979,-78.904037,,47.0
2024-12-16,Garinger High School,Mecklenburg,2024,12,35.2401000008895,-80.785683,14.0,42.0
2024-12-16,Hattie Avenue,Forsyth,2024,12,36.11094,-80.224501,,45.0
2024-12-16,Leggett,Edgecombe,2024,12,35.988278,-77.5843,,23.0
2024-12-16,Mendenhall School,Guilford,2024,12,36.1090060008986,-79.802314,,34.0
2024-12-16,Millbrook School,Wake,2024,12,35.856111,-78.574167,9.0,48.0
2024-12-16,Pitt Agri. Center,Pitt,2024,12,35.6412760008938,-77.360126,,22.0
2024-12-16,Rockwell,Rowan,2024,12,35.551868,-80.395039,19.0,34.0
2024-12-16,West Johnston Co.,Johnston,2024,12,35.59095,-78.4622,,39.0
2024-12-17,Bryson City,Swain,2024,12,35.434767,-83.442133,,17.0
2024-12-17,Castle Hayne,New Hanover,2024,12,34.364167,-77.838611,,19.0
2024-12-17,Clemmons Middle,Forsyth,2024,12,36.026612,-80.341962,,49.0
2024-12-17,Durham Armory,Durham,2024,12,36.0329550008979,-78.904037,,56.0
2024-12-17,Frying Pan Mountain,Haywood,2024,12,35.379167,-82.7925,,6.0
2024-12-17,Garinger High School,Mecklenburg,2024,12,35.2401000008895,-80.785683,23.0,51.0
2024-12-17,Hattie Avenue,Forsyth,2024,12,36.11094,-80.224501,,45.5
2024-12-17,Leggett,Edgecombe,2024,12,35.988278,-77.5843,,34.0
2024-12-17,Linville Falls,Avery,2024,12,35.972347,-81.933072,,13.0
2024-12-17,Mendenhall School,Guilford,2024,12,36.1090060008986,-79.802314,,46.0
2024-12-17,Millbrook School,Wake,2024,12,35.856111,-78.574167,26.0,55.0
2024-12-17,Pitt Agri. Center,Pitt,2024,12,35.6412760008938,-77.360126,,28.0
2024-12-17,Rockwell,Rowan,2024,12,35.551868,-80.395039,,51.0
2024-12-17,West Johnston Co.,Johnston,2024,12,35.59095,-78.4622,,62.0
2024-12-18,Bryson City,Swain,2024,12,35.434767,-83.442133,,26.0
2024-12-18,Castle Hayne,New Hanover,2024,12,34.364167,-77.838611,,17.0
2024-12-18,Clemmons Middle,Forsyth,2024,12,36.026612,-80.341962,,54.0
2024-12-18,Durham Armory,Durham,2024,12,36.0329550008979,-78.904037,,53.0
2024-12-18,Garinger High School,Mecklenburg,2024,12,35.2401000008895,-80.785683,25.0,50.0
2024-12-18,Hattie Avenue,Forsyth,2024,12,36.11094,-80.224501,,51.0
2024-12-18,Leggett,Edgecombe,2024,12,35.988278,-77.5843,,49.0
2024-12-18,Mendenhall School,Guilford,2024,12,36.1090060008986,-79.802314,,52.0
2024-12-18,Millbrook School,Wake,2024,12,35.856111,-78.574167,21.0,55.0
2024-12-18,Pitt Agri. Center,Pitt,2024,12,35.6412760008938,-77.360126,,36.0
2024-12-18,Rockwell,Rowan,2024,12,35.551868,-80.395039,28.0,54.0
2024-12-18,West Johnston Co.,Johnston,2024,12,35.59095,-78.4622,,55.0
2024-12-19,Bryson City,Swain,2024,12,35.434767,-83.442133,,9.0
2024-12-19,Castle Hayne,New Hanover,2024,12,34.364167,-77.838611,,25.5
2024-12-19,Clemmons Middle,Forsyth,2024,12,36.026612,-80.341962,,17.0
2024-12-19,Durham Armory,Durham,2024,12,36.0329550008979,-78.904037,,28.0
2024-12-19,Garinger High School,Mecklenburg,2024,12,35.2401000008895,-80.785683,26.0,26.0
2024-12-19,Hattie Avenue,Forsyth,2024,12,36.11094,-80.224501,,16.0
2024-12-19,Leggett,Edgecombe,2024,12,35.988278,-77.5843,,12.0
2024-12-19,Mendenhall School,Guilford,2024,12,36.1090060008986,-79.802314,,9.0
2024-12-19,Millbrook School,Wake,2024,12,35.856111,-78.574167,25.0,21.0
2024-12-19,Pitt Agri. Center,Pitt,2024,12,35.6412760008938,-77.360126,,10.0
2024-12-19,Rockwell,Rowan,2024,12,35.551868,-80.395039,27.0,11.0
2024-12-19,West Johnston Co.,Johnston,2024,12,35.59095,-78.4622,,20.0
2024-12-20,Bryson City,Swain,2024,12,35.434767,-83.442133,,17.0
2024-12-20,Castle Hayne,New Hanover,2024,12,34.364167,-77.838611,,37.0
2024-12-20,Clemmons Middle,Forsyth,2024,12,36.026612,-80.341962,,29.0
2024-12-20,Durham Armory,Durham,2024,12,36.0329550008979,-78.904037,,48.0
2024-12-20,Frying Pan Mountain,Haywood,2024,12,35.379167,-82.7925,,7.0
2024-12-20,Garinger High School,Mecklenburg,2024,12,35.2401000008895,-80.785683,21.0,34.5
2024-12-20,Hattie Avenue,Forsyth,2024,12,36.11094,-80.224501,,27.5
2024-12-20,Leggett,Edgecombe,2024,12,35.988278,-77.5843,,24.0
2024-12-20,Linville Falls,Avery,2024,12,35.972347,-81.933072,,13.0
2024-12-20,Mendenhall School,Guilford,2024,12,36.1090060008986,-79.802314,,21.0
2024-12-20,Millbrook School,Wake,2024,12,35.856111,-78.574167,19.0,39.5
2024-12-20,Old High School,Swain,2024,12,35.498711,-83.310242,,22.0
2024-12-20,Pitt Agri. Center,Pitt,2024,12,35.6412760008938,-77.360126,,21.0
2024-12-20,Rockwell,Rowan,2024,12,35.551868,-80.395039,21.0,29.0
2024-12-20,West Johnston Co.,Johnston,2024,12,35.59095,-78.4622,,32.0
2024-12-21,Bryson City,Swain,2024,12,35.434767,-83.442133,,21.0
2024-12-21,Castle Hayne,New Hanover,2024,12,34.364167,-77.838611,,33.0
2024-12-21,Clemmons Middle,Forsyth,2024,12,36.026612,-80.341962,,22.0
2024-12-21,Durham Armory,Durham,2024,12,36.0329550008979,-78.904037,,26.0
2024-12-21,Garinger High School,Mecklenburg,2024,12,35.2401000008895,-80.785683,28.0,21.0
2024-12-21,Hattie Avenue,Forsyth,2024,12,36.11094,-80.224501,,13.0
2024-12-21,Leggett,Edgecombe,2024,12,35.988278,-77.5843,,15.0
2024-12-21,Mendenhall School,Guilford,2024,12,36.1090060008986,-79.802314,,7.0
2024-12-21,Millbrook School,Wake,2024,12,35.856111,-78.574167,27.0,12.0
2024-12-21,Pitt Agri. Center,Pitt,2024,12,35.6412760008938,-77.360126,,17.0
2024-12-21,Rockwell,Rowan,2024,12,35.551868,-80.395039,29.0,7.0
2024-12-21,West Johnston Co.,Johnston,2024,12,35.59095,-78.4622,,0.0
2024-12-22,Bryson City,Swain,2024,12,35.434767,-83.442133,,36.0
2024-12-22,Castle Hayne,New Hanover,2024,12,34.364167,-77.838611,,26.5
2024-12-22,Clemmons Middle,Forsyth,2024,12,36.026612,-80.341962,,29.0
2024-12-22,Durham Armory,Durham,2024,12,36.0329550008979,-78.904037,,44.0
2024-12-22,Garinger High School,Mecklenburg,2024,12,35.2401000008895,-80.785683,32.0,27.0
2024-12-22,Hattie Avenue,Forsyth,2024,12,36.11094,-80.224501,,41.0
2024-12-22,Leggett,Edgecombe,2024,12,35.988278,-77.5843,,15.0
2024-12-22,Mendenhall School,Guilford,2024,12,36.1090060008986,-79.802314,,44.0
2024-12-22,Millbrook School,Wake,2024,12,35.856111,-78.574167,33.0,24.0
2024-12-22,Pitt Agri. Center,Pitt,2024,12,35.6412760008938,-77.360126,,11.0
2024-12-22,Rockwell,Rowan,2024,12,35.551868,-80.395039,33.0,26.0
2024-12-22,West Johnston Co.,Johnston,2024,12,35.59095,-78.4622,,3.0
2024-12-23,Bryson City,Swain,2024,12,35.434767,-83.442133,,51.0
2024-12-23,Castle Hayne,New Hanover,2024,12,34.364167,-77.838611,,31.5
2024-12-23,Clemmons Middle,Forsyth,2024,12,36.026612,-80.341962,,59.0
2024-12-23,Durham Armory,Durham,2024,12,36.0329550008979,-78.904037,,57.0
2024-12-23,Frying Pan Mountain,Haywood,2024,12,35.379167,-82.7925,,11.0
2024-12-23,Garinger High School,Mecklenburg,2024,12,35.2401000008895,-80.785683,32.0,52.5
2024-12-23,Hattie Avenue,Forsyth,2024,12,36.11094,-80.224501,,57.5
2024-12-23,Leggett,Edgecombe,2024,12,35.988278,-77.5843,,21.0
2024-12-23,Linville Falls,Avery,2024,12,35.972347,-81.933072,,23.0
2024-12-23,Mendenhall School,Guilford,2024,12,36.1090060008986,-79.802314,,60.0
2024-12-23,Millbrook School,Wake,2024,12,35.856111,-78.574167,32.0,39.5
2024-12-23,Pitt Agri. Center,Pitt,2024,12,35.6412760008938,-77.360126,,14.0
2024-12-23,Rockwell,Rowan,2024,12,35.551868,-80.395039,33.0,53.0
2024-12-23,West Johnston Co.,Johnston,2024,12,35.59095,-78.4622,,18.0
2024-12-24,Bryson City,Swain,2024,12,35.434767,-83.442133,,63.0
2024-12-24,Castle Hayne,New Hanover,2024,12,34.364167,-77.838611,,20.0
2024-12-24,Clemmons Middle,Forsyth,2024,12,36.026612,-80.341962,,62.0
2024-12-24,Durham Armory,Durham,2024,12,36.0329550008979,-78.904037,,58.0
2024-12-24,Garinger High School,Mecklenburg,2024,12,35.2401000008895,-80.785683,27.0,68.0
2024-12-24,Hattie Avenue,Forsyth,2024,12,36.11094,-80.224501,,61.0
2024-12-24,Leggett,Edgecombe,2024,12,35.988278,-77.5843,,26.0
2024-12-24,Mendenhall School,Guilford,2024,12,36.1090060008986,-79.802314,,59.0
2024-12-24,Millbrook School,Wake,2024,12,35.856111,-78.574167,30.0,46.0
2024-12-24,Pitt Agri. Center,Pitt,2024,12,35.6412760008938,-77.360126,,19.0
2024-12-24,Rockwell,Rowan,2024,12,35.551868,-80.395039,31.0,59.0
2024-12-24,West Johnston Co.,Johnston,2024,12,35.59095,-78.4622,,41.0
2024-12-25,Bryson City,Swain,2024,12,35.434767,-83.442133,,59.0
2024-12-25,Castle Hayne,New Hanover,2024,12,34.364167,-77.838611,,37.5
2024-12-25,Clemmons Middle,Forsyth,2024,12,36.026612,-80.341962,,53.0
2024-12-25,Durham Armory,Durham,2024,12,36.0329550008979,-78.904037,,65.0
2024-12-25,Garinger High School,Mecklenburg,2024,12,35.2401000008895,-80.785683,34.0,59.0
2024-12-25,Hattie Avenue,Forsyth,2024,12,36.11094,-80.224501,,47.0
2024-12-25,Leggett,Edgecombe,2024,12,35.988278,-77.5843,,32.0
2024-12-25,Mendenhall School,Guilford,2024,12,36.1090060008986,-79.802314,,51.0
2024-12-25,Millbrook School,Wake,2024,12,35.856111,-78.574167,29.0,48.0
2024-12-25,Pitt Agri. Center,Pitt,2024,12,35.6412760008938,-77.360126,,21.0
2024-12-25,Rockwell,Rowan,2024,12,35.551868,-80.395039,33.0,61.0
2024-12-25,West Johnston Co.,Johnston,2024,12,35.59095,-78.4622,,38.0
2024-12-26,Bryson City,Swain,2024,12,35.434767,-83.442133,,56.0
2024-12-26,Castle Hayne,New Hanover,2024,12,34.364167,-77.838611,,36.0
2024-12-26,Clemmons Middle,Forsyth,2024,12,36.026612,-80.341962,,55.0
2024-12-26,Durham Armory,Durham,2024,12,36.0329550008979,-78.904037,,57.0
2024-12-26,Frying Pan Mountain,Haywood,2024,12,35.379167,-82.7925,,19.0
2024-12-26,Garinger High School,Mecklenburg,2024,12,35.2401000008895,-80.785683,29.0,53.5
2024-12-26,Hattie Avenue,Forsyth,2024,12,36.11094,-80.224501,,56.0
2024-12-26,Leggett,Edgecombe,2024,12,35.988278,-77.5843,,48.0
2024-12-26,Linville Falls,Avery,2024,12,35.972347,-81.933072,,38.0
2024-12-26,Mendenhall School,Guilford,2024,12,36.1090060008986,-79.802314,,51.0
2024-12-26,Millbrook School,Wake,2024,12,35.856111,-78.574167,28.0,52.0
2024-12-26,Old High School,Swain,2024,12,35.498711,-83.310242,,34.0
2024-12-26,Pitt Agri. Center,Pitt,2024,12,35.6412760008938,-77.360126,,30.0
2024-12-26,Rockwell,Rowan,2024,12,35.551868,-80.395039,29.0,64.0
2024-12-26,West Johnston Co.,Johnston,2024,12,35.59095,-78.4622,,39.0
2024-12-27,Bryson City,Swain,2024,12,35.434767,-83.442133,,27.0
2024-12-27,Castle Hayne,New Hanover,2024,12,34.364167,-77.838611,,31.0
2024-12-27,Clemmons Middle,Forsyth,2024,12,36.026612,-80.341962,,59.0
2024-12-27,Durham Armory,Durham,2024,12,36.0329550008979,-78.904037,,62.0
2024-12-27,Garinger High School,Mecklenburg,2024,12,35.2401000008895,-80.785683,20.0,56.0
2024-12-27,Hattie Avenue,Forsyth,2024,12,36.11094,-80.224501,,58.0
2024-12-27,Leggett,Edgecombe,2024,12,35.988278,-77.5843,,52.0
2024-12-27,Mendenhall School,Guilford,2024,12,36.1090060008986,-79.802314,,55.0
2024-12-27,Millbrook School,Wake,2024,12,35.856111,-78.574167,22.0,58.0
2024-12-27,Pitt Agri. Center,Pitt,2024,12,35.6412760008938,-77.360126,,35.0
2024-12-27,Rockwell,Rowan,2024,12,35.551868,-80.395039,22.0,54.0
2024-12-27,West Johnston Co.,Johnston,2024,12,35.59095,-78.4622,,49.0
2024-12-28,Bryson City,Swain,2024,12,35.434767,-83.442133,,18.0
2024-12-28,Castle Hayne,New Hanover,2024,12,34.364167,-77.838611,,17.0
2024-12-28,Clemmons Middle,Forsyth,2024,12,36.026612,-80.341962,,25.0
2024-12-28,Durham Armory,Durham,2024,12,36.0329550008979,-78.904037,,57.0
2024-12-28,Garinger High School,Mecklenburg,2024,12,35.2401000008895,-80.785683,16.0,28.0
2024-12-28,Hattie Avenue,Forsyth,2024,12,36.11094,-80.224501,,27.0
2024-12-28,Leggett,Edgecombe,2024,12,35.988278,-77.5843,,25.0
2024-12-28,Mendenhall School,Guilford,2024,12,36.1090060008986,-79.802314,,31.0
2024-12-28,Millbrook School,Wake,2024,12,35.856111,-78.574167,30.0,46.0
2024-12-28,Pitt Agri. Center,Pitt,2024,12,35.6412760008938,-77.360126,,10.0
2024-12-28,Rockwell,Rowan,2024,12,35.551868,-80.395039,19.0,28.0
2024-12-28,West Johnston Co.,Johnston,2024,12,35.59095,-78.4622,,36.0
2024-12-29,Bryson City,Swain,2024,12,35.434767,-83.442133,,9.0
2024-12-29,Castle Hayne,New Hanover,2024,12,34.364167,-77.838611,,21.5
2024-12-29,Clemmons Middle,Forsyth,2024,12,36.026612,-80.341962,,19.0
2024-12-29,Durham Armory,Durham,2024,12,36.0329550008979,-78.904037,,23.0
2024-12-29,Frying Pan Mountain,Haywood,2024,12,35.379167,-82.7925,,2.0
2024-12-29,Garinger High School,Mecklenburg,2024,12,35.2401000008895,-80.785683,34.0,16.0
2024-12-29,Hattie Avenue,Forsyth,2024,12,36.11094,-80.224501,,20.5
2024-12-29,Leggett,Edgecombe,2024,12,35.988278,-77.5843,,12.0
2024-12-29,Linville Falls,Avery,2024,12,35.972347,-81.933072,,4.0
2024-12-29,Mendenhall School,Guilford,2024,12,36.1090060008986,-79.802314,,17.0
2024-12-29,Millbrook School,Wake,2024,12,35.856111,-78.574167,36.0,18.0
2024-12-29,Pitt Agri. Center,Pitt,2024,12,35.6412760008938,-77.360126,,7.0
2024-12-29,Rockwell,Rowan,2024,12,35.551868,-80.395039,34.0,18.0
2024-12-29,West Johnston Co.,Johnston,2024,12,35.59095,-78.4622,,8.0
2024-12-30,Bryson City,Swain,2024,12,35.434767,-83.442133,,24.0
2024-12-30,Castle Hayne,New Hanover,2024,12,34.364167,-77.838611,,25.0
2024-12-30,Clemmons Middle,Forsyth,2024,12,36.026612,-80.341962,,23.0
2024-12-30,Durham Armory,Durham,2024,12,36.0329550008979,-78.904037,,39.0
2024-12-30,Garinger High School,Mecklenburg,2024,12,35.2401000008895,-80.785683,29.0,32.0
2024-12-30,Hattie Avenue,Forsyth,2024,12,36.11094,-80.224501,,32.0
2024-12-30,Leggett,Edgecombe,2024,12,35.988278,-77.5843,,9.0
2024-12-30,Mendenhall School,Guilford,2024,12,36.1090060008986,-79.802314,,19.0
2024-12-30,Millbrook School,Wake,2024,12,35.856111,-78.574167,32.0,23.0
2024-12-30,Pitt Agri. Center,Pitt,2024,12,35.6412760008938,-77.360126,,8.0
2024-12-30,Rockwell,Rowan,2024,12,35.551868,-80.395039,32.0,16.0
2024-12-30,West Johnston Co.,Johnston,2024,12,35.59095,-78.4622,,11.0
2024-12-31,Bryson City,Swain,2024,12,35.434767,-83.442133,,25.0
2024-12-31,Castle Hayne,New Hanover,2024,12,34.364167,-77.838611,,35.5
2024-12-31,Clemmons Middle,Forsyth,2024,12,36.026612,-80.341962,,53.0
2024-12-31,Durham Armory,Durham,2024,12,36.0329550008979,-78.904037,,36.0
2024-12-31,Garinger High School,Mecklenburg,2024,12,35.2401000008895,-80.785683,,48.0
2024-12-31,Hattie Avenue,Forsyth,2024,12,36.11094,-80.224501,,54.0
2024-12-31,Leggett,Edgecombe,2024,12,35.988278,-77.5843,,21.0
2024-12-31,Mendenhall School,Guilford,2024,12,36.1090060008986,-79.802314,,46.0
2024-12-31,Millbrook School,Wake,2024,12,35.856111,-78.574167,,43.0
2024-12-31,Pitt Agri. Center,Pitt,2024,12,35.6412760008938,-77.360126,,33.0
2024-12-31,Rockwell,Rowan,2024,12,35.551868,-80.395039,,33.0
2024-12-31,West Johnston Co.,Johnston,2024,12,35.59095,-78.4622,,31.0
2025-01-01,Bryson City,Swain,2025,1,35.434767,-83.442133,,7.0
2025-01-01,Castle Hayne,New Hanover,2025,1,34.364167,-77.838611,,23.0
2025-01-01,Clemmons Middle,Forsyth,2025,1,36.026612,-80.341962,,6.5
2025-01-01,Durham Armory,Durham,2025,1,36.0329550008979,-78.904037,,18.0
2025-01-01,Garinger High School,Mecklenburg,2025,1,35.2401000008895,-80.785683,30.0,13.0
2025-01-01,Hattie Avenue,Forsyth,2025,1,36.11094,-80.224501,,7.0
2025-01-01,Leggett,Edgecombe,2025,1,35.988278,-77.5843,,4.0
2025-01-01,Linville Falls,Avery,2025,1,35.972347,-81.933072,,4.0
2025-01-01,Mendenhall School,Guilford,2025,1,36.1090060008986,-79.802314,,8.0
2025-01-01,Millbrook School,Wake,2025,1,35.856111,-78.574167,31.0,11.5
2025-01-01,Pitt Agri. Center,Pitt,2025,1,35.6412760008938,-77.360126,,0.0
2025-01-01,Rockwell,Rowan,2025,1,35.551868,-80.395039,29.0,4.0
2025-01-01,West Johnston Co.,Johnston,2025,1,35.59095,-78.4622,,0.0
2025-01-02,Bryson City,Swain,2025,1,35.434767,-83.442133,,11.0
2025-01-02,Castle Hayne,New Hanover,2025,1,34.364167,-77.838611,,27.0
2025-01-02,Clemmons Middle,Forsyth,2025,1,36.026612,-80.341962,,26.0
2025-01-02,Durham Armory,Durham,2025,1,36.0329550008979,-78.904037,,33.0
2025-01-02,Garinger High School,Mecklenburg,2025,1,35.2401000008895,-80.785683,29.0,43.0
2025-01-02,Hattie Avenue,Forsyth,2025,1,36.11094,-80.224501,,22.0
2025-01-02,Leggett,Edgecombe,2025,1,35.988278,-77.5843,,16.0
2025-01-02,Mendenhall School,Guilford,2025,1,36.1090060008986,-79.802314,,22.0
2025-01-02,Millbrook School,Wake,2025,1,35.856111,-78.574167,29.0,23.0
2025-01-02,Pitt Agri. Center,Pitt,2025,1,35.6412760008938,-77.360126,,9.0
2025-01-02,Rockwell,Rowan,2025,1,35.551868,-80.395039,31.0,21.0
2025-01-02,West Johnston Co.,Johnston,2025,1,35.59095,-78.4622,,3.0
2025-01-03,Bryson City,Swain,2025,1,35.434767,-83.442133,,25.0
2025-01-03,Castle Hayne,New Hanover,2025,1,34.364167,-77.838611,,35.5
2025-01-03,Clemmons Middle,Forsyth,2025,1,36.026612,-80.341962,,25.0
2025-01-03,Durham Armory,Durham,2025,1,36.0329550008979,-78.904037,,37.0
2025-01-03,Garinger High School,Mecklenburg,2025,1,35.2401000008895,-80.785683,30.0,40.0
2025-01-03,Hattie Avenue,Forsyth,2025,1,36.11094,-80.224501,,23.0
2025-01-03,Leggett,Edgecombe,2025,1,35.988278,-77.5843,,22.0
2025-01-03,Mendenhall School,Guilford,2025,1,36.1090060008986,-79.802314,,14.0
2025-01-03,Millbrook School,Wake,2025,1,35.856111,-78.574167,31.0,27.0
2025-01-03,Pitt Agri. Center,Pitt,2025,1,35.6412760008938,-77.360126,,15.0
2025-01-03,Rockwell,Rowan,2025,1,35.551868,-80.395039,31.0,25.0
2025-01-03,West Johnston Co.,Johnston,2025,1,35.59095,-78.4622,,21.0
2025-01-04,Bryson City,Swain,2025,1,35.434767,-83.442133,,3.0
2025-01-04,Castle Hayne,New Hanover,2025,1,34.364167,-77.838611,,29.0
2025-01-04,Clemmons Middle,Forsyth,2025,1,36.026612,-80.341962,,18.0
2025-01-04,Durham Armory,Durham,2025,1,36.0329550008979,-78.904037,,16.0
2025-01-04,Frying Pan Mountain,Haywood,2025,1,35.379167,-82.7925,,4.0
2025-01-04,Garinger High School,Mecklenburg,2025,1,35.2401000008895,-80.785683,31.0,28.0
2025-01-04,Hattie Avenue,Forsyth,2025,1,36.11094,-80.224501,,15.0
2025-01-04,Leggett,Edgecombe,2025,1,35.988278,-77.5843,,13.0
2025-01-04,Linville Falls,Avery,2025,1,35.972347,-81.933072,,7.0
2025-01-04,Mendenhall School,Guilford,2025,1,36.1090060008986,-79.802314,,12.0
2025-01-04,Millbrook School,Wake,2025,1,35.856111,-78.574167,29.0,19.5
2025-01-04,Pitt Agri. Center,Pitt,2025,1,35.6412760008938,-77.360126,,8.0
2025-01-04,Rockwell,Rowan,2025,1,35.551868,-80.395039,31.0,48.0
2025-01-04,West Johnston Co.,Johnston,2025,1,35.59095,-78.4622,,0.0
2025-01-05,Bryson City,Swain,2025,1,35.434767,-83.442133,,28.0
2025-01-05,Castle Hayne,New Hanover,2025,1,34.364167,-77.838611,,36.5
2025-01-05,Clemmons Middle,Forsyth,2025,1,36.026612,-80.341962,,49.0
2025-01-05,Durham Armory,Durham,2025,1,36.0329550008979,-78.904037,,19.0
2025-01-05,Garinger High School,Mecklenburg,2025,1,35.2401000008895,-80.785683,24.0,53.0
2025-01-05,Hattie Avenue,Forsyth,2025,1,36.11094,-80.224501,,28.0
2025-01-05,Leggett,Edgecombe,2025,1,35.988278,-77.5843,,15.0
2025-01-05,Mendenhall School,Guilford,2025,1,36.1090060008986,-79.802314,,31.0
2025-01-05,Millbrook School,Wake,2025,1,35.856111,-78.574167,33.0,19.0
2025-01-05,Pitt Agri. Center,Pitt,2025,1,35.6412760008938,-77.360126,,9.0
2025-01-05,Rockwell,Rowan,2025,1,35.551868,-80.395039,29.0,52.0
2025-01-05,West Johnston Co.,Johnston,2025,1,35.59095,-78.4622,,9.0
2025-01-06,Bryson City,Swain,2025,1,35.434767,-83.442133,,13.0
2025-01-06,Castle Hayne,New Hanover,2025,1,34.364167,-77.838611,,31.5
2025-01-06,Clemmons Middle,Forsyth,2025,1,36.026612,-80.341962,,42.0
2025-01-06,Durham Armory,Durham,2025,1,36.0329550008979,-78.904037,,23.0
2025-01-06,Garinger High School,Mecklenburg,2025,1,35.2401000008895,-80.785683,22.0,48.0
2025-01-06,Hattie Avenue,Forsyth,2025,1,36.11094,-80.224501,,39.0
2025-01-06,Leggett,Edgecombe,2025,1,35.988278,-77.5843,,33.0
2025-01-06,Mendenhall School,Guilford,2025,1,36.1090060008986,-79.802314,,25.0
2025-01-06,Millbrook School,Wake,2025,1,35.856111,-78.574167,24.0,22.0
2025-01-06,Pitt Agri. Center,Pitt,2025,1,35.6412760008938,-77.360126,,10.0
2025-01-06,Rockwell,Rowan,2025,1,35.551868,-80.395039,26.0,33.0
2025-01-06,West Johnston Co.,Johnston,2025,1,35.59095,-78.4622,,17.0
2025-01-07,Bryson City,Swain,2025,1,35.434767,-83.442133,,11.0
2025-01-07,Castle Hayne,New Hanover,2025,1,34.364167,-77.838611,,29.5
2025-01-07,Clemmons Middle,Forsyth,2025,1,36.026612,-80.341962,,15.5
2025-01-07,Durham Armory,Durham,2025,1,36.0329550008979,-78.904037,,25.0
2025-01-07,Frying Pan Mountain,Haywood,2025,1,35.379167,-82.7925,,5.0
2025-01-07,Garinger High School,Mecklenburg,2025,1,35.2401000008895,-80.785683,27.0,19.0
2025-01-07,Hattie Avenue,Forsyth,2025,1,36.11094,-80.224501,,17.0
2025-01-07,Leggett,Edgecombe,2025,1,35.988278,-77.5843,,19.0
2025-01-07,Linville Falls,Avery,2025,1,35.972347,-81.933072,,8.0
2025-01-07,Mendenhall School,Guilford,2025,1,36.1090060008986,-79.802314,,18.0
2025-01-07,Millbrook School,Wake,2025,1,35.856111,-78.574167,29.0,17.5
2025-01-07,Pitt Agri. Center,Pitt,2025,1,35.6412760008938,-77.360126,,14.0
2025-01-07,Rockwell,Rowan,2025,1,35.551868,-80.395039,,12.0
2025-01-07,West Johnston Co.,Johnston,2025,1,35.59095,-78.4622,,4.0
2025-01-08,Bryson City,Swain,2025,1,35.434767,-83.442133,,9.0
2025-01-08,Castle Hayne,New Hanover,2025,1,34.364167,-77.838611,,38.0
2025-01-08,Clemmons Middle,Forsyth,2025,1,36.026612,-80.341962,,33.0
2025-01-08,Durham Armory,Durham,2025,1,36.0329550008979,-78.904037,,27.0
2025-01-08,Garinger High School,Mecklenburg,2025,1,35.2401000008895,-80.785683,25.0,37.0
2025-01-08,Hattie Avenue,Forsyth,2025,1,36.11094,-80.224501,,28.0
2025-01-08,Leggett,Edgecombe,2025,1,35.988278,-77.5843,,23.0
2025-01-08,Mendenhall School,Guilford,2025,1,36.1090060008986,-79.802314,,21.0
2025-01-08,Millbrook School,Wake,2025,1,35.856111,-78.574167,31.0,25.0
2025-01-08,Pitt Agri. Center,Pitt,2025,1,35.6412760008938,-77.360126,,22.0
2025-01-08,Rockwell,Rowan,2025,1,35.551868,-80.395039,30.0,24.0
2025-01-08,West Johnston Co.,Johnston,2025,1,35.59095,-78.4622,,7.0
2025-01-09,Bryson City,Swain,2025,1,35.434767,-83.442133,,17.0
2025-01-09,Castle Hayne,New Hanover,2025,1,34.364167,-77.838611,,43.0
2025-01-09,Clemmons Middle,Forsyth,2025,1,36.026612,-80.341962,,33.0
2025-01-09,Garinger High School,Mecklenburg,2025,1,35.2401000008895,-80.785683,35.0,34.0
2025-01-09,Hattie Avenue,Forsyth,2025,1,36.11094,-80.224501,,31.0
2025-01-09,Leggett,Edgecombe,2025,1,35.988278,-77.5843,,25.0
2025-01-09,Mendenhall School,Guilford,2025,1,36.1090060008986,-79.802314,,19.0
2025-01-09,Millbrook School,Wake,2025,1,35.856111,-78.574167,33.0,26.0
2025-01-09,Pitt Agri. Center,Pitt,2025,1,35.6412760008938,-77.360126,,26.0
2025-01-09,Rockwell,Rowan,2025,1,35.551868,-80.395039,36.0,19.0
2025-01-09,West Johnston Co.,Johnston,2025,1,35.59095,-78.4622,,8.0
2025-01-10,Bryson City,Swain,2025,1,35.434767,-83.442133,,38.0
2025-01-10,Castle Hayne,New Hanover,2025,1,34.364167,-77.838611,,58.5
2025-01-10,Clemmons Middle,Forsyth,2025,1,36.026612,-80.341962,,52.0
2025-01-10,Frying Pan Mountain,Haywood,2025,1,35.379167,-82.7925,,1.0
2025-01-10,Garinger High School,Mecklenburg,2025,1,35.2401000008895,-80.785683,23.0,50.5
2025-01-10,Hattie Avenue,Forsyth,2025,1,36.11094,-80.224501,,48.0
2025-01-10,Leggett,Edgecombe,2025,1,35.988278,-77.5843,,33.0
2025-01-10,Linville Falls,Avery,2025,1,35.972347,-81.933072,,23.0
2025-01-10,Mendenhall School,Guilford,2025,1,36.1090060008986,-79.802314,,45.0
2025-01-10,Millbrook School,Wake,2025,1,35.856111,-78.574167,25.0,45.5
2025-01-10,Pitt Agri. Center,Pitt,2025,1,35.6412760008938,-77.360126,,31.0
2025-01-10,Rockwell,Rowan,2025,1,35.551868,-80.395039,29.0,42.0
2025-01-10,West Johnston Co.,Johnston,2025,1,35.59095,-78.4622,,26.0
2025-01-11,Bryson City,Swain,2025,1,35.434767,-83.442133,,19.0
2025-01-11,Castle Hayne,New Hanover,2025,1,34.364167,-77.838611,,30.5
2025-01-11,Clemmons Middle,Forsyth,2025,1,36.026612,-80.341962,,54.0
2025-01-11,Durham Armory,Durham,2025,1,36.0329550008979,-78.904037,,42.0
2025-01-11,Garinger High School,Mecklenburg,2025,1,35.2401000008895,-80.785683,30.0,31.0
2025-01-11,Hattie Avenue,Forsyth,2025,1,36.11094,-80.224501,,56.0
2025-01-11,Leggett,Edgecombe,2025,1,35.988278,-77.5843,,22.0
2025-01-11,Mendenhall School,Guilford,2025,1,36.1090060008986,-79.802314,,49.0
2025-01-11,Millbrook School,Wake,2025,1,35.856111,-78.574167,31.0,34.0
2025-01-11,Pitt Agri. Center,Pitt,2025,1,35.6412760008938,-77.360126,,18.0
2025-01-11,Rockwell,Rowan,2025,1,35.551868,-80.395039,33.0,29.0
2025-01-11,West Johnston Co.,Johnston,2025,1,35.59095,-78.4622,,24.0
2025-01-12,Bryson City,Swain,2025,1,35.434767,-83.442133,,32.0
2025-01-12,Castle Hayne,New Hanover,2025,1,34.364167,-77.838611,,39.0
2025-01-12,Clemmons Middle,Forsyth,2025,1,36.026612,-80.341962,,45.0
2025-01-12,Durham Armory,Durham,2025,1,36.0329550008979,-78.904037,,48.0
2025-01-12,Garinger High School,Mecklenburg,2025,1,35.2401000008895,-80.785683,33.0,44.0
2025-01-12,Hattie Avenue,Forsyth,2025,1,36.11094,-80.224501,,50.0
2025-01-12,Leggett,Edgecombe,2025,1,35.988278,-77.5843,,23.0
2025-01-12,Mendenhall School,Guilford,2025,1,36.1090060008986,-79.802314,,54.0
2025-01-12,Millbrook School,Wake,2025,1,35.856111,-78.574167,30.0,51.0
2025-01-12,Pitt Agri. Center,Pitt,2025,1,35.6412760008938,-77.360126,,28.0
2025-01-12,Rockwell,Rowan,2025,1,35.551868,-80.395039,33.0,34.0
2025-01-12,West Johnston Co.,Johnston,2025,1,35.59095,-78.4622,,22.0
2025-01-13,Bryson City,Swain,2025,1,35.434767,-83.442133,,38.0
2025-01-13,Castle Hayne,New Hanover,2025,1,34.364167,-77.838611,,45.5
2025-01-13,Clemmons Middle,Forsyth,2025,1,36.026612,-80.341962,,62.5
2025-01-13,Durham Armory,Durham,2025,1,36.0329550008979,-78.904037,,55.0
2025-01-13,Frying Pan Mountain,Haywood,2025,1,35.379167,-82.7925,,13.0
2025-01-13,Garinger High School,Mecklenburg,2025,1,35.2401000008895,-80.785683,26.0,55.5
2025-01-13,Hattie Avenue,Forsyth,2025,1,36.11094,-80.224501,,48.5
2025-01-13,Leggett,Edgecombe,2025,1,35.988278,-77.5843,,34.0
2025-01-13,Linville Falls,Avery,2025,1,35.972347,-81.933072,,28.0
2025-01-13,Mendenhall School,Guilford,2025,1,36.1090060008986,-79.802314,,46.0
2025-01-13,Millbrook School,Wake,2025,1,35.856111,-78.574167,30.0,52.5
2025-01-13,Pitt Agri. Center,Pitt,2025,1,35.6412760008938,-77.360126,,43.0
2025-01-13,Rockwell,Rowan,2025,1,35.551868,-80.395039,32.0,55.0
2025-01-13,West Johnston Co.,Johnston,2025,1,35.59095,-78.4622,,50.0
2025-01-14,Bryson City,Swain,2025,1,35.434767,-83.442133,,13.0
2025-01-14,Castle Hayne,New Hanover,2025,1,34.364167,-77.838611,,48.0
2025-01-14,Clemmons Middle,Forsyth,2025,1,36.026612,-80.341962,,23.0
2025-01-14,Durham Armory,Durham,2025,1,36.0329550008979,-78.904037,,30.0
2025-01-14,Garinger High School,Mecklenburg,2025,1,35.2401000008895,-80.785683,36.0,30.0
2025-01-14,Hattie Avenue,Forsyth,2025,1,36.11094,-80.224501,,21.0
2025-01-14,Leggett,Edgecombe,2025,1,35.988278,-77.5843,,28.0
2025-01-14,Mendenhall School,Guilford,2025,1,36.1090060008986,-79.802314,,17.0
2025-01-14,Millbrook School,Wake,2025,1,35.856111,-78.574167,35.0,24.0
2025-01-14,Pitt Agri. Center,Pitt,2025,1,35.6412760008938,-77.360126,,25.0
2025-01-14,Rockwell,Rowan,2025,1,35.551868,-80.395039,38.0,23.0
2025-01-14,West Johnston Co.,Johnston,2025,1,35.59095,-78.4622,,18.0
2025-01-15,Bryson City,Swain,2025,1,35.434767,-83.442133,,17.0
2025-01-15,Castle Hayne,New Hanover,2025,1,34.364167,-77.838611,,42.0
2025-01-15,Clemmons Middle,Forsyth,2025,1,36.026612,-80.341962,,38.0
2025-01-15,Durham Armory,Durham,2025,1,36.0329550008979,-78.904037,,42.0
2025-01-15,Garinger High School,Mecklenburg,2025,1,35.2401000008895,-80.785683,32.0,39.0
2025-01-15,Hattie Avenue,Forsyth,2025,1,36.11094,-80.224501,,43.0
2025-01-15,Leggett,Edgecombe,2025,1,35.988278,-77.5843,,21.0
2025-01-15,Mendenhall School,Guilford,2025,1,36.1090060008986,-79.802314,,32.0
2025-01-15,Millbrook School,Wake,2025,1,35.856111,-78.574167,31.0,34.0
2025-01-15,Pitt Agri. Center,Pitt,2025,1,35.6412760008938,-77.360126,,17.0
2025-01-15,Rockwell,Rowan,2025,1,35.551868,-80.395039,36.0,28.0
2025-01-15,West Johnston Co.,Johnston,2025,1,35.59095,-78.4622,,7.0
2025-01-16,Bryson City,Swain,2025,1,35.434767,-83.442133,,24.0
2025-01-16,Castle Hayne,New Hanover,2025,1,34.364167,-77.838611,,55.0
2025-01-16,Clemmons Middle,Forsyth,2025,1,36.026612,-80.341962,,53.0
2025-01-16,Durham Armory,Durham,2025,1,36.0329550008979,-78.904037,,52.0
2025-01-16,Frying Pan Mountain,Haywood,2025,1,35.379167,-82.7925,,7.0
2025-01-16,Garinger High School,Mecklenburg,2025,1,35.2401000008895,-80.785683,36.0,47.5
2025-01-16,Hattie Avenue,Forsyth,2025,1,36.11094,-80.224501,,50.5
2025-01-16,Leggett,Edgecombe,2025,1,35.988278,-77.5843,,45.0
2025-01-16,Mendenhall School,Guilford,2025,1,36.1090060008986,-79.802314,,54.0
2025-01-16,Millbrook School,Wake,2025,1,35.856111,-78.574167,33.0,53.0
2025-01-16,Pitt Agri. Center,Pitt,2025,1,35.6412760008938,-77.360126,,44.0
2025-01-16,Rockwell,Rowan,2025,1,35.551868,-80.395039,37.0,52.0
2025-01-16,West Johnston Co.,Johnston,2025,1,35.59095,-78.4622,,39.0
2025-01-17,Bryson City,Swain,2025,1,35.434767,-83.442133,,27.0
2025-01-17,Castle Hayne,New Hanover,2025,1,34.364167,-77.838611,,42.0
2025-01-17,Clemmons Middle,Forsyth,2025,1,36.026612,-80.341962,,38.0
2025-01-17,Durham Armory,Durham,2025,1,36.0329550008979,-78.904037,,32.0
2025-01-17,Garinger High School,Mecklenburg,2025,1,35.2401000008895,-80.785683,35.0,37.0
2025-01-17,Hattie Avenue,Forsyth,2025,1,36.11094,-80.224501,,41.0
2025-01-17,Leggett,Edgecombe,2025,1,35.988278,-77.5843,,26.0
2025-01-17,Mendenhall School,Guilford,2025,1,36.1090060008986,-79.802314,,30.0
2025-01-17,Millbrook School,Wake,2025,1,35.856111,-78.574167,33.0,37.0
2025-01-17,Pitt Agri. Center,Pitt,2025,1,35.6412760008938,-77.360126,,22.0
2025-01-17,Rockwell,Rowan,2025,1,35.551868,-80.395039,37.0,42.0
2025-01-17,West Johnston Co.,Johnston,2025,1,35.59095,-78.4622,,23.0
2025-01-18,Bryson City,Swain,2025,1,35.434767,-83.442133,,47.0
2025-01-18,Castle Hayne,New Hanover,2025,1,34.364167,-77.838611,,37.5
2025-01-18,Clemmons Middle,Forsyth,2025,1,36.026612,-80.341962,,52.0
2025-01-18,Durham Armory,Durham,2025,1,36.0329550008979,-78.904037,,52.0
2025-01-18,Garinger High School,Mecklenburg,2025,1,35.2401000008895,-80.785683,29.0,40.0
2025-01-18,Hattie Avenue,Forsyth,2025,1,36.11094,-80.224501,,54.0
2025-01-18,Leggett,Edgecombe,2025,1,35.988278,-77.5843,,41.0
2025-01-18,Mendenhall School,Guilford,2025,1,36.1090060008986,-79.802314,,52.0
2025-01-18,Millbrook School,Wake,2025,1,35.856111,-78.574167,24.0,58.0
2025-01-18,Pitt Agri. Center,Pitt,2025,1,35.6412760008938,-77.360126,,35.0
2025-01-18,Rockwell,Rowan,2025,1,35.551868,-80.395039,30.0,45.0
2025-01-18,West Johnston Co.,Johnston,2025,1,35.59095,-78.4622,,52.0
2025-01-19,Bryson City,Swain,2025,1,35.434767,-83.442133,,11.0
2025-01-19,Castle Hayne,New Hanover,2025,1,34.364167,-77.838611,,35.0
2025-01-19,Clemmons Middle,Forsyth,2025,1,36.026612,-80.341962,,55.0
2025-01-19,Durham Armory,Durham,2025,1,36.0329550008979,-78.904037,,54.0
2025-01-19,Frying Pan Mountain,Haywood,2025,1,35.379167,-82.7925,,20.0
2025-01-19,Garinger High School,Mecklenburg,2025,1,35.2401000008895,-80.785683,26.0,39.0
2025-01-19,Hattie Avenue,Forsyth,2025,1,36.11094,-80.224501,,51.0
2025-01-19,Leggett,Edgecombe,2025,1,35.988278,-77.5843,,37.0
2025-01-19,Linville Falls,Avery,2025,1,35.972347,-81.933072,,47.0
2025-01-19,Mendenhall School,Guilford,2025,1,36.1090060008986,-79.802314,,42.0
2025-01-19,Millbrook School,Wake,2025,1,35.856111,-78.574167,30.0,53.5
2025-01-19,Old High School,Swain,2025,1,35.498711,-83.310242,,13.0
2025-01-19,Pitt Agri. Center,Pitt,2025,1,35.6412760008938,-77.360126,,21.0
2025-01-19,Rockwell,Rowan,2025,1,35.551868,-80.395039,30.0,37.0
2025-01-19,West Johnston Co.,Johnston,2025,1,35.59095,-78.4622,,35.0
2025-01-20,Bryson City,Swain,2025,1,35.434767,-83.442133,,9.0
2025-01-20,Castle Hayne,New Hanover,2025,1,34.364167,-77.838611,,28.5
2025-01-20,Clemmons Middle,Forsyth,2025,1,36.026612,-80.341962,,36.0
2025-01-20,Durham Armory,Durham,2025,1,36.0329550008979,-78.904037,,21.0
2025-01-20,Garinger High School,Mecklenburg,2025,1,35.2401000008895,-80.785683,33.0,21.0
2025-01-20,Hattie Avenue,Forsyth,2025,1,36.11094,-80.224501,,21.0
2025-01-20,Leggett,Edgecombe,2025,1,35.988278,-77.5843,,15.0
2025-01-20,Mendenhall School,Guilford,2025,1,36.1090060008986,-79.802314,,17.0
2025-01-20,Millbrook School,Wake,2025,1,35.856111,-78.574167,34.0,19.0
2025-01-20,Pitt Agri. Center,Pitt,2025,1,35.6412760008938,-77.360126,,13.0
2025-01-20,Rockwell,Rowan,2025,1,35.551868,-80.395039,33.0,12.0
2025-01-20,West Johnston Co.,Johnston,2025,1,35.59095,-78.4622,,4.0
2025-01-21,Bryson City,Swain,2025,1,35.434767,-83.442133,,7.0
2025-01-21,Castle Hayne,New Hanover,2025,1,34.364167,-77.838611,,36.5
2025-01-21,Clemmons Middle,Forsyth,2025,1,36.026612,-80.341962,,35.0
2025-01-21,Durham Armory,Durham,2025,1,36.0329550008979,-78.904037,,31.0
2025-01-21,Garinger High School,Mecklenburg,2025,1,35.2401000008895,-80.785683,28.0,25.0
2025-01-21,Hattie Avenue,Forsyth,2025,1,36.11094,-80.224501,,29.0
2025-01-21,Leggett,Edgecombe,2025,1,35.988278,-77.5843,,21.0
2025-01-21,Mendenhall School,Guilford,2025,1,36.1090060008986,-79.802314,,12.0
2025-01-21,Millbrook School,Wake,2025,1,35.856111,-78.574167,31.0,23.0
2025-01-21,Pitt Agri. Center,Pitt,2025,1,35.6412760008938,-77.360126,,21.0
2025-01-21,Rockwell,Rowan,2025,1,35.551868,-80.395039,29.0,22.0
2025-01-21,West Johnston Co.,Johnston,2025,1,35.59095,-78.4622,,2.0
2025-01-22,Bryson City,Swain,2025,1,35.434767,-83.442133,,27.0
2025-01-22,Castle Hayne,New Hanover,2025,1,34.364167,-77.838611,,41.5
2025-01-22,Clemmons Middle,Forsyth,2025,1,36.026612,-80.341962,,52.0
2025-01-22,Durham Armory,Durham,2025,1,36.0329550008979,-78.904037,,40.0
2025-01-22,Garinger High School,Mecklenburg,2025,1,35.2401000008895,-80.785683,33.0,44.5
2025-01-22,Hattie Avenue,Forsyth,2025,1,36.11094,-80.224501,,41.5
2025-01-22,Leggett,Edgecombe,2025,1,35.988278,-77.5843,,25.0
2025-01-22,Linville Falls,Avery,2025,1,35.972347,-81.933072,,18.0
2025-01-22,Mendenhall School,Guilford,2025,1,36.1090060008986,-79.802314,,44.0
2025-01-22,Millbrook School,Wake,2025,1,35.856111,-78.574167,31.0,42.5
2025-01-22,Pitt Agri. Center,Pitt,2025,1,35.6412760008938,-77.360126,,26.0
2025-01-22,Rockwell,Rowan,2025,1,35.551868,-80.395039,32.0,35.0
2025-01-22,West Johnston Co.,Johnston,2025,1,35.59095,-78.4622,,15.0
2025-01-23,Bryson City,Swain,2025,1,35.434767,-83.442133,,42.0
2025-01-23,Castle Hayne,New Hanover,2025,1,34.364167,-77.838611,,50.0
2025-01-23,Clemmons Middle,Forsyth,2025,1,36.026612,-80.341962,,74.0
2025-01-23,Durham Armory,Durham,2025,1,36.0329550008979,-78.904037,,59.0
2025-01-23,Garinger High School,Mecklenburg,2025,1,35.2401000008895,-80.785683,29.0,57.0
2025-01-23,Hattie Avenue,Forsyth,2025,1,36.11094,-80.224501,,63.0
2025-01-23,Leggett,Edgecombe,2025,1,35.988278,-77.5843,,44.0
2025-01-23,Mendenhall School,Guilford,2025,1,36.1090060008986,-79.802314,,58.0
2025-01-23,Millbrook School,Wake,2025,1,35.856111,-78.574167,28.0,55.0
2025-01-23,Pitt Agri. Center,Pitt,2025,1,35.6412760008938,-77.360126,,48.0
2025-01-23,Rockwell,Rowan,2025,1,35.551868,-80.395039,30.0,59.0
2025-01-23,West Johnston Co.,Johnston,2025,1,35.59095,-78.4622,,37.0
2025-01-24,Bryson City,Swain,2025,1,35.434767,-83.442133,,39.0
2025-01-24,Castle Hayne,New Hanover,2025,1,34.364167,-77.838611,,53.0
2025-01-24,Clemmons Middle,Forsyth,2025,1,36.026612,-80.341962,,70.0
2025-01-24,Durham Armory,Durham,2025,1,36.0329550008979,-78.904037,,55.0
2025-01-24,Garinger High School,Mecklenburg,2025,1,35.2401000008895,-80.785683,34.0,66.0
2025-01-24,Hattie Avenue,Forsyth,2025,1,36.11094,-80.224501,,62.0
2025-01-24,Leggett,Edgecombe,2025,1,35.988278,-77.5843,,36.0
2025-01-24,Mendenhall School,Guilford,2025,1,36.1090060008986,-79.802314,,57.0
2025-01-24,Millbrook School,Wake,2025,1,35.856111,-78.574167,34.0,57.0
2025-01-24,Pitt Agri. Center,Pitt,2025,1,35.6412760008938,-77.360126,,53.0
2025-01-24,Rockwell,Rowan,2025,1,35.551868,-80.395039,34.0,63.0
2025-01-24,West Johnston Co.,Johnston,2025,1,35.59095,-78.4622,,32.0
2025-01-25,Bryson City,Swain,2025,1,35.434767,-83.442133,,49.0
2025-01-25,Castle Hayne,New Hanover,2025,1,34.364167,-77.838611,,46.0
2025-01-25,Clemmons Middle,Forsyth,2025,1,36.026612,-80.341962,,55.0
2025-01-25,Durham Armory,Durham,2025,1,36.0329550008979,-78.904037,,55.0
2025-01-25,Frying Pan Mountain,Haywood,2025,1,35.379167,-82.7925,,6.0
2025-01-25,Garinger High School,Mecklenburg,2025,1,35.2401000008895,-80.785683,36.0,67.5
2025-01-25,Hattie Avenue,Forsyth,2025,1,36.11094,-80.224501,,55.0
2025-01-25,Leggett,Edgecombe,2025,1,35.988278,-77.5843,,37.0
2025-01-25,Linville Falls,Avery,2025,1,35.972347,-81.933072,,18.0
2025-01-25,Mendenhall School,Guilford,2025,1,36.1090060008986,-79.802314,,56.0
2025-01-25,Millbrook School,Wake,2025,1,35.856111,-78.574167,33.0,57.5
2025-01-25,Old High School,Swain,2025,1,35.498711,-83.310242,,19.0
2025-01-25,Pitt Agri. Center,Pitt,2025,1,35.6412760008938,-77.360126,,41.0
2025-01-25,Rockwell,Rowan,2025,1,35.551868,-80.395039,36.0,64.0
2025-01-25,West Johnston Co.,Johnston,2025,1,35.59095,-78.4622,,43.0
2025-01-26,Bryson City,Swain,2025,1,35.434767,-83.442133,,54.0
2025-01-26,Castle Hayne,New Hanover,2025,1,34.364167,-77.838611,,39.0
2025-01-26,Clemmons Middle,Forsyth,2025,1,36.026612,-80.341962,,61.0
2025-01-26,Durham Armory,Durham,2025,1,36.0329550008979,-78.904037,,57.0
2025-01-26,Garinger High School,Mecklenburg,2025,1,35.2401000008895,-80.785683,36.0,57.0
2025-01-26,Hattie Avenue,Forsyth,2025,1,36.11094,-80.224501,,55.0
2025-01-26,Leggett,Edgecombe,2025,1,35.988278,-77.5843,,43.0
2025-01-26,Mendenhall School,Guilford,2025,1,36.1090060008986,-79.802314,,56.0
2025-01-26,Millbrook School,Wake,2025,1,35.856111,-78.574167,39.0,55.0
2025-01-26,Pitt Agri. Center,Pitt,2025,1,35.6412760008938,-77.360126,,47.0
2025-01-26,Rockwell,Rowan,2025,1,35.551868,-80.395039,40.0,56.0
2025-01-26,West Johnston Co.,Johnston,2025,1,35.59095,-78.4622,,49.0
2025-01-27,Bryson City,Swain,2025,1,35.434767,-83.442133,,43.0
2025-01-27,Castle Hayne,New Hanover,2025,1,34.364167,-77.838611,,43.5
2025-01-27,Clemmons Middle,Forsyth,2025,1,36.026612,-80.341962,,54.0
2025-01-27,Durham Armory,Durham,2025,1,36.0329550008979,-78.904037,,52.0
2025-01-27,Garinger High School,Mecklenburg,2025,1,35.2401000008895,-80.785683,23.0,48.0
2025-01-27,Hattie Avenue,Forsyth,2025,1,36.11094,-80.224501,,55.0
2025-01-27,Leggett,Edgecombe,2025,1,35.988278,-77.5843,,43.0
2025-01-27,Mendenhall School,Guilford,2025,1,36.1090060008986,-79.802314,,55.0
2025-01-27,Millbrook School,Wake,2025,1,35.856111,-78.574167,30.0,52.0
2025-01-27,Pitt Agri. Center,Pitt,2025,1,35.6412760008938,-77.360126,,42.0
2025-01-27,Rockwell,Rowan,2025,1,35.551868,-80.395039,28.0,65.0
2025-01-27,West Johnston Co.,Johnston,2025,1,35.59095,-78.4622,,50.0
2025-01-28,Bryson City,Swain,2025,1,35.434767,-83.442133,,19.0
2025-01-28,Castle Hayne,New Hanover,2025,1,34.364167,-77.838611,,33.5
2025-01-28,Clemmons Middle,Forsyth,2025,1,36.026612,-80.341962,,35.0
2025-01-28,Durham Armory,Durham,2025,1,36.0329550008979,-78.904037,,44.0
2025-01-28,Frying Pan Mountain,Haywood,2025,1,35.379167,-82.7925,,10.0
2025-01-28,Garinger High School,Mecklenburg,2025,1,35.2401000008895,-80.785683,35.0,27.0
2025-01-28,Hattie Avenue,Forsyth,2025,1,36.11094,-80.224501,,28.5
2025-01-28,Leggett,Edgecombe,2025,1,35.988278,-77.5843,,31.0
2025-01-28,Linville Falls,Avery,2025,1,35.972347,-81.933072,,13.0
2025-01-28,Mendenhall School,Guilford,2025,1,36.1090060008986,-79.802314,,34.0
2025-01-28,Millbrook School,Wake,2025,1,35.856111,-78.574167,36.0,42.0
2025-01-28,Pitt Agri. Center,Pitt,2025,1,35.6412760008938,-77.360126,,21.0
2025-01-28,Rockwell,Rowan,2025,1,35.551868,-80.395039,37.0,28.0
2025-01-28,West Johnston Co.,Johnston,2025,1,35.59095,-78.4622,,24.0
2025-01-29,Bryson City,Swain,2025,1,35.434767,-83.442133,,21.0
2025-01-29,Castle Hayne,New Hanover,2025,1,34.364167,-77.838611,,37.0
2025-01-29,Clemmons Middle,Forsyth,2025,1,36.026612,-80.341962,,29.0
2025-01-29,Durham Armory,Durham,2025,1,36.0329550008979,-78.904037,,32.0
2025-01-29,Garinger High School,Mecklenburg,2025,1,35.2401000008895,-80.785683,38.0,33.5
2025-01-29,Hattie Avenue,Forsyth,2025,1,36.11094,-80.224501,,30.0
2025-01-29,Leggett,Edgecombe,2025,1,35.988278,-77.5843,,27.0
2025-01-29,Mendenhall School,Guilford,2025,1,36.1090060008986,-79.802314,,38.0
2025-01-29,Millbrook School,Wake,2025,1,35.856111,-78.574167,39.0,29.0
2025-01-29,Pitt Agri. Center,Pitt,2025,1,35.6412760008938,-77.360126,,26.0
2025-01-29,Rockwell,Rowan,2025,1,35.551868,-80.395039,41.0,23.0
2025-01-29,West Johnston Co.,Johnston,2025,1,35.59095,-78.4622,,43.0
2025-01-30,Bryson City,Swain,2025,1,35.434767,-83.442133,,54.0
2025-01-30,Castle Hayne,New Hanover,2025,1,34.364167,-77.838611,,36.0
2025-01-30,Clemmons Middle,Forsyth,2025,1,36.026612,-80.341962,,41.0
2025-01-30,Durham Armory,Durham,2025,1,36.0329550008979,-78.904037,,31.0
2025-01-30,Garinger High School,Mecklenburg,2025,1,35.2401000008895,-80.785683,37.0,41.0
2025-01-30,Hattie Avenue,Forsyth,2025,1,36.11094,-80.224501,,31.0
2025-01-30,Leggett,Edgecombe,2025,1,35.988278,-77.5843,,22.0
2025-01-30,Mendenhall School,Guilford,2025,1,36.1090060008986,-79.802314,,34.0
2025-01-30,Millbrook School,Wake,2025,1,35.856111,-78.574167,39.0,27.0
2025-01-30,Pitt Agri. Center,Pitt,2025,1,35.6412760008938,-77.360126,,21.0
2025-01-30,Rockwell,Rowan,2025,1,35.551868,-80.395039,38.0,43.0
2025-01-30,West Johnston Co.,Johnston,2025,1,35.59095,-78.4622,,28.0
2025-01-31,Bryson City,Swain,2025,1,35.434767,-83.442133,,47.0
2025-01-31,Castle Hayne,New Hanover,2025,1,34.364167,-77.838611,,33.0
2025-01-31,Clemmons Middle,Forsyth,2025,1,36.026612,-80.341962,,53.0
2025-01-31,Durham Armory,Durham,2025,1,36.0329550008979,-78.904037,,49.0
2025-01-31,Frying Pan Mountain,Haywood,2025,1,35.379167,-82.7925,,20.0
2025-01-31,Garinger High School,Mecklenburg,2025,1,35.2401000008895,-80.785683,38.0,49.0
2025-01-31,Hattie Avenue,Forsyth,2025,1,36.11094,-80.224501,,56.5
2025-01-31,Leggett,Edgecombe,2025,1,35.988278,-77.5843,,49.0
2025-01-31,Linville Falls,Avery,2025,1,35.972347,-81.933072,,41.0
2025-01-31,Mendenhall School,Guilford,2025,1,36.1090060008986,-79.802314,,51.0
2025-01-31,Millbrook School,Wake,2025,1,35.856111,-78.574167,40.0,53.0
2025-01-31,Old High School,Swain,2025,1,35.498711,-83.310242,,32.0
2025-01-31,Pitt Agri. Center,Pitt,2025,1,35.6412760008938,-77.360126,,36.0
2025-01-31,Rockwell,Rowan,2025,1,35.551868,-80.395039,38.0,48.0
2025-01-31,West Johnston Co.,Johnston,2025,1,35.59095,-78.4622,,52.0
2025-02-01,Bryson City,Swain,2025,2,35.434767,-83.442133,,32.0
2025-02-01,Castle Hayne,New Hanover,2025,2,34.364167,-77.838611,,29.0
2025-02-01,Clemmons Middle,Forsyth,2025,2,36.026612,-80.341962,,27.0
2025-02-01,Durham Armory,Durham,2025,2,36.0329550008979,-78.904037,,30.0
2025-02-01,Garinger High School,Mecklenburg,2025,2,35.2401000008895,-80.785683,37.0,23.0
2025-02-01,Hattie Avenue,Forsyth,2025,2,36.11094,-80.224501,,28.0
2025-02-01,Leggett,Edgecombe,2025,2,35.988278,-77.5843,,13.0
2025-02-01,Mendenhall School,Guilford,2025,2,36.1090060008986,-79.802314,,20.0
2025-02-01,Millbrook School,Wake,2025,2,35.856111,-78.574167,33.0,22.0
2025-02-01,Pitt Agri. Center,Pitt,2025,2,35.6412760008938,-77.360126,,10.0
2025-02-01,Rockwell,Rowan,2025,2,35.551868,-80.395039,35.0,17.0
2025-02-01,West Johnston Co.,Johnston,2025,2,35.59095,-78.4622,,7.0
2025-02-02,Bryson City,Swain,2025,2,35.434767,-83.442133,,49.0
2025-02-02,Castle Hayne,New Hanover,2025,2,34.364167,-77.838611,,25.0
2025-02-02,Clemmons Middle,Forsyth,2025,2,36.026612,-80.341962,,30.0
2025-02-02,Durham Armory,Durham,2025,2,36.0329550008979,-78.904037,,27.0
2025-02-02,Garinger High School,Mecklenburg,2025,2,35.2401000008895,-80.785683,35.0,43.0
2025-02-02,Hattie Avenue,Forsyth,2025,2,36.11094,-80.224501,,31.0
2025-02-02,Leggett,Edgecombe,2025,2,35.988278,-77.5843,,21.0
2025-02-02,Mendenhall School,Guilford,2025,2,36.1090060008986,-79.802314,,32.0
2025-02-02,Millbrook School,Wake,2025,2,35.856111,-78.574167,32.0,23.0
2025-02-02,Pitt Agri. Center,Pitt,2025,2,35.6412760008938,-77.360126,,12.0
2025-02-02,Rockwell,Rowan,2025,2,35.551868,-80.395039,32.0,26.0
2025-02-02,West Johnston Co.,Johnston,2025,2,35.59095,-78.4622,,17.0
2025-02-03,Bryson City,Swain,2025,2,35.434767,-83.442133,,46.0
2025-02-03,Castle Hayne,New Hanover,2025,2,34.364167,-77.838611,,34.0
2025-02-03,Clemmons Middle,Forsyth,2025,2,36.026612,-80.341962,,57.0
2025-02-03,Durham Armory,Durham,2025,2,36.0329550008979,-78.904037,,51.0
2025-02-03,Frying Pan Mountain,Haywood,2025,2,35.379167,-82.7925,,18.0
2025-02-03,Garinger High School,Mecklenburg,2025,2,35.2401000008895,-80.785683,36.0,56.5
2025-02-03,Hattie Avenue,Forsyth,2025,2,36.11094,-80.224501,,55.0
2025-02-03,Leggett,Edgecombe,2025,2,35.988278,-77.5843,,31.0
2025-02-03,Linville Falls,Avery,2025,2,35.972347,-81.933072,,31.0
2025-02-03,Mendenhall School,Guilford,2025,2,36.1090060008986,-79.802314,,55.0
2025-02-03,Millbrook School,Wake,2025,2,35.856111,-78.574167,32.0,46.5
2025-02-03,Pitt Agri. Center,Pitt,2025,2,35.6412760008938,-77.360126,,29.0
2025-02-03,Rockwell,Rowan,2025,2,35.551868,-80.395039,36.0,55.0
2025-02-03,West Johnston Co.,Johnston,2025,2,35.59095,-78.4622,,39.0
2025-02-04,Bryson City,Swain,2025,2,35.434767,-83.442133,,52.0
2025-02-04,Castle Hayne,New Hanover,2025,2,34.364167,-77.838611,,49.0
2025-02-04,Clemmons Middle,Forsyth,2025,2,36.026612,-80.341962,,38.0
2025-02-04,Durham Armory,Durham,2025,2,36.0329550008979,-78.904037,,57.0
2025-02-04,Garinger High School,Mecklenburg,2025,2,35.2401000008895,-80.785683,41.0,56.0
2025-02-04,Hattie Avenue,Forsyth,2025,2,36.11094,-80.224501,,53.0
2025-02-04,Leggett,Edgecombe,2025,2,35.988278,-77.5843,,48.0
2025-02-04,Mendenhall School,Guilford,2025,2,36.1090060008986,-79.802314,,49.0
2025-02-04,Millbrook School,Wake,2025,2,35.856111,-78.574167,41.0,53.0
2025-02-04,Pitt Agri. Center,Pitt,2025,2,35.6412760008938,-77.360126,,46.0
2025-02-04,Rockwell,Rowan,2025,2,35.551868,-80.395039,42.0,52.0
2025-02-04,West Johnston Co.,Johnston,2025,2,35.59095,-78.4622,,51.0
2025-02-05,Bryson City,Swain,2025,2,35.434767,-83.442133,,49.0
2025-02-05,Castle Hayne,New Hanover,2025,2,34.364167,-77.838611,,46.0
2025-02-05,Clemmons Middle,Forsyth,2025,2,36.026612,-80.341962,,33.0
2025-02-05,Durham Armory,Durham,2025,2,36.0329550008979,-78.904037,,43.0
2025-02-05,Garinger High School,Mecklenburg,2025,2,35.2401000008895,-80.785683,31.0,52.0
2025-02-05,Hattie Avenue,Forsyth,2025,2,36.11094,-80.224501,,32.0
2025-02-05,Leggett,Edgecombe,2025,2,35.988278,-77.5843,,26.0
2025-02-05,Mendenhall School,Guilford,2025,2,36.1090060008986,-79.802314,,22.0
2025-02-05,Millbrook School,Wake,2025,2,35.856111,-78.574167,31.0,29.0
2025-02-05,Pitt Agri. Center,Pitt,2025,2,35.6412760008938,-77.360126,,12.0
2025-02-05,Rockwell,Rowan,2025,2,35.551868,-80.395039,31.0,38.0
2025-02-05,West Johnston Co.,Johnston,2025,2,35.59095,-78.4622,,20.0
2025-02-06,Bryson City,Swain,2025,2,35.434767,-83.442133,,46.0
2025-02-06,Castle Hayne,New Hanover,2025,2,34.364167,-77.838611,,57.0
2025-02-06,Clemmons Middle,Forsyth,2025,2,36.026612,-80.341962,,57.0
2025-02-06,Durham Armory,Durham,2025,2,36.0329550008979,-78.904037,,55.0
2025-02-06,Frying Pan Mountain,Haywood,2025,2,35.379167,-82.7925,,23.0
2025-02-06,Garinger High School,Mecklenburg,2025,2,35.2401000008895,-80.785683,31.0,56.0
2025-02-06,Hattie Avenue,Forsyth,2025,2,36.11094,-80.224501,,58.5
2025-02-06,Leggett,Edgecombe,2025,2,35.988278,-77.5843,,36.0
2025-02-06,Linville Falls,Avery,2025,2,35.972347,-81.933072,,39.0
2025-02-06,Mendenhall School,Guilford,2025,2,36.1090060008986,-79.802314,,55.0
2025-02-06,Millbrook School,Wake,2025,2,35.856111,-78.574167,19.0,58.0
2025-02-06,Old High School,Swain,2025,2,35.498711,-83.310242,,51.0
2025-02-06,Pitt Agri. Center,Pitt,2025,2,35.6412760008938,-77.360126,,47.0
2025-02-06,Rockwell,Rowan,2025,2,35.551868,-80.395039,31.0,57.0
2025-02-06,West Johnston Co.,Johnston,2025,2,35.59095,-78.4622,,57.0
2025-02-07,Bryson City,Swain,2025,2,35.434767,-83.442133,,19.0
2025-02-07,Castle Hayne,New Hanover,2025,2,34.364167,-77.838611,,56.0
2025-02-07,Clemmons Middle,Forsyth,2025,2,36.026612,-80.341962,,38.0
2025-02-07,Durham Armory,Durham,2025,2,36.0329550008979,-78.904037,,46.0
2025-02-07,Garinger High School,Mecklenburg,2025,2,35.2401000008895,-80.785683,34.0,47.0
2025-02-07,Hattie Avenue,Forsyth,2025,2,36.11094,-80.224501,,39.0
2025-02-07,Leggett,Edgecombe,2025,2,35.988278,-77.5843,,36.0
2025-02-07,Mendenhall School,Guilford,2025,2,36.1090060008986,-79.802314,,24.0
2025-02-07,Millbrook School,Wake,2025,2,35.856111,-78.574167,41.0,44.0
2025-02-07,Pitt Agri. Center,Pitt,2025,2,35.6412760008938,-77.360126,,36.0
2025-02-07,Rockwell,Rowan,2025,2,35.551868,-80.395039,40.0,31.0
2025-02-07,West Johnston Co.,Johnston,2025,2,35.59095,-78.4622,,44.0
2025-02-08,Bryson City,Swain,2025,2,35.434767,-83.442133,,32.0
2025-02-08,Castle Hayne,New Hanover,2025,2,34.364167,-77.838611,,49.0
2025-02-08,Clemmons Middle,Forsyth,2025,2,36.026612,-80.341962,,30.0
2025-02-08,Durham Armory,Durham,2025,2,36.0329550008979,-78.904037,,44.0
2025-02-08,Garinger High School,Mecklenburg,2025,2,35.2401000008895,-80.785683,29.0,53.0
2025-02-08,Hattie Avenue,Forsyth,2025,2,36.11094,-80.224501,,35.0
2025-02-08,Leggett,Edgecombe,2025,2,35.988278,-77.5843,,34.0
2025-02-08,Mendenhall School,Guilford,2025,2,36.1090060008986,-79.802314,,28.0
2025-02-08,Millbrook School,Wake,2025,2,35.856111,-78.574167,25.0,37.0
2025-02-08,Pitt Agri. Center,Pitt,2025,2,35.6412760008938,-77.360126,,21.0
2025-02-08,Rockwell,Rowan,2025,2,35.551868,-80.395039,29.0,43.0
2025-02-08,West Johnston Co.,Johnston,2025,2,35.59095,-78.4622,,34.0
2025-02-09,Bryson City,Swain,2025,2,35.434767,-83.442133,,21.0
2025-02-09,Castle Hayne,New Hanover,2025,2,34.364167,-77.838611,,53.5
2025-02-09,Clemmons Middle,Forsyth,2025,2,36.026612,-80.341962,,38.0
2025-02-09,Durham Armory,Durham,2025,2,36.0329550008979,-78.904037,,46.0
2025-02-09,Frying Pan Mountain,Haywood,2025,2,35.379167,-82.7925,,14.0
2025-02-09,Garinger High School,Mecklenburg,2025,2,35.2401000008895,-80.785683,39.0,41.0
2025-02-09,Hattie Avenue,Forsyth,2025,2,36.11094,-80.224501,,38.0
2025-02-09,Leggett,Edgecombe,2025,2,35.988278,-77.5843,,36.0
2025-02-09,Linville Falls,Avery,2025,2,35.972347,-81.933072,,17.0
2025-02-09,Mendenhall School,Guilford,2025,2,36.1090060008986,-79.802314,,38.0
2025-02-09,Millbrook School,Wake,2025,2,35.856111,-78.574167,35.0,46.0
2025-02-09,Pitt Agri. Center,Pitt,2025,2,35.6412760008938,-77.360126,,43.0
2025-02-09,Rockwell,Rowan,2025,2,35.551868,-80.395039,36.0,37.0
2025-02-09,West Johnston Co.,Johnston,2025,2,35.59095,-78.4622,,46.0
2025-02-10,Bryson City,Swain,2025,2,35.434767,-83.442133,,18.0
2025-02-10,Castle Hayne,New Hanover,2025,2,34.364167,-77.838611,,25.5
2025-02-10,Clemmons Middle,Forsyth,2025,2,36.026612,-80.341962,,34.0
2025-02-10,Durham Armory,Durham,2025,2,36.0329550008979,-78.904037,,37.0
2025-02-10,Garinger High School,Mecklenburg,2025,2,35.2401000008895,-80.785683,26.0,28.0
2025-02-10,Hattie Avenue,Forsyth,2025,2,36.11094,-80.224501,,32.0
2025-02-10,Leggett,Edgecombe,2025,2,35.988278,-77.5843,,26.0
2025-02-10,Mendenhall School,Guilford,2025,2,36.1090060008986,-79.802314,,19.0
2025-02-10,Millbrook School,Wake,2025,2,35.856111,-78.574167,30.0,32.0
2025-02-10,Pitt Agri. Center,Pitt,2025,2,35.6412760008938,-77.360126,,16.0
2025-02-10,Rockwell,Rowan,2025,2,35.551868,-80.395039,28.0,27.0
2025-02-10,West Johnston Co.,Johnston,2025,2,35.59095,-78.4622,,27.0
2025-02-11,Bryson City,Swain,2025,2,35.434767,-83.442133,,21.0
2025-02-11,Castle Hayne,New Hanover,2025,2,34.364167,-77.838611,,33.0
2025-02-11,Clemmons Middle,Forsyth,2025,2,36.026612,-80.341962,,51.0
2025-02-11,Durham Armory,Durham,2025,2,36.0329550008979,-78.904037,,45.0
2025-02-11,Garinger High School,Mecklenburg,2025,2,35.2401000008895,-80.785683,28.0,39.0
2025-02-11,Hattie Avenue,Forsyth,2025,2,36.11094,-80.224501,,52.0
2025-02-11,Leggett,Edgecombe,2025,2,35.988278,-77.5843,,31.0
2025-02-11,Mendenhall School,Guilford,2025,2,36.1090060008986,-79.802314,,40.0
2025-02-11,Millbrook School,Wake,2025,2,35.856111,-78.574167,29.0,39.0
2025-02-11,Pitt Agri. Center,Pitt,2025,2,35.6412760008938,-77.360126,,27.0
2025-02-11,Rockwell,Rowan,2025,2,35.551868,-80.395039,30.0,36.0
2025-02-11,West Johnston Co.,Johnston,2025,2,35.59095,-78.4622,,30.0
2025-02-12,Bryson City,Swain,2025,2,35.434767,-83.442133,,23.0
2025-02-12,Castle Hayne,New Hanover,2025,2,34.364167,-77.838611,,18.5
2025-02-12,Clemmons Middle,Forsyth,2025,2,36.026612,-80.341962,,10.0
2025-02-12,Durham Armory,Durham,2025,2,36.0329550008979,-78.904037,,14.0
2025-02-12,Frying Pan Mountain,Haywood,2025,2,35.379167,-82.7925,,2.0
2025-02-12,Garinger High School,Mecklenburg,2025,2,35.2401000008895,-80.785683,20.0,8.0
2025-02-12,Hattie Avenue,Forsyth,2025,2,36.11094,-80.224501,,8.5
2025-02-12,Leggett,Edgecombe,2025,2,35.988278,-77.5843,,11.0
2025-02-12,Linville Falls,Avery,2025,2,35.972347,-81.933072,,18.0
2025-02-12,Mendenhall School,Guilford,2025,2,36.1090060008986,-79.802314,,2.0
2025-02-12,Millbrook School,Wake,2025,2,35.856111,-78.574167,27.0,10.5
2025-02-12,Old High School,Swain,2025,2,35.498711,-83.310242,,20.0
2025-02-12,Pitt Agri. Center,Pitt,2025,2,35.6412760008938,-77.360126,,6.0
2025-02-12,Rockwell,Rowan,2025,2,35.551868,-80.395039,24.0,3.0
2025-02-12,West Johnston Co.,Johnston,2025,2,35.59095,-78.4622,,16.0
2025-02-13,Bryson City,Swain,2025,2,35.434767,-83.442133,,15.0
2025-02-13,Castle Hayne,New Hanover,2025,2,34.364167,-77.838611,,32.5
2025-02-13,Clemmons Middle,Forsyth,2025,2,36.026612,-80.341962,,21.0
2025-02-13,Durham Armory,Durham,2025,2,36.0329550008979,-78.904037,,19.0
2025-02-13,Garinger High School,Mecklenburg,2025,2,35.2401000008895,-80.785683,,19.0
2025-02-13,Hattie Avenue,Forsyth,2025,2,36.11094,-80.224501,,22.0
2025-02-13,Leggett,Edgecombe,2025,2,35.988278,-77.5843,,14.0
2025-02-13,Mendenhall School,Guilford,2025,2,36.1090060008986,-79.802314,,10.0
2025-02-13,Millbrook School,Wake,2025,2,35.856111,-78.574167,25.0,21.0
2025-02-13,Pitt Agri. Center,Pitt,2025,2,35.6412760008938,-77.360126,,14.0
2025-02-13,Rockwell,Rowan,2025,2,35.551868,-80.395039,28.0,20.0
2025-02-13,West Johnston Co.,Johnston,2025,2,35.59095,-78.4622,,24.0
2025-02-14,Bryson City,Swain,2025,2,35.434767,-83.442133,,34.0
2025-02-14,Castle Hayne,New Hanover,2025,2,34.364167,-77.838611,,30.0
2025-02-14,Clemmons Middle,Forsyth,2025,2,36.026612,-80.341962,,33.0
2025-02-14,Durham Armory,Durham,2025,2,36.0329550008979,-78.904037,,34.0
2025-02-14,Garinger High School,Mecklenburg,2025,2,35.2401000008895,-80.785683,35.0,38.0
2025-02-14,Hattie Avenue,Forsyth,2025,2,36.11094,-80.224501,,33.0
2025-02-14,Leggett,Edgecombe,2025,2,35.988278,-77.5843,,25.0
2025-02-14,Mendenhall School,Guilford,2025,2,36.1090060008986,-79.802314,,32.0
2025-02-14,Millbrook School,Wake,2025,2,35.856111,-78.574167,34.0,38.0
2025-02-14,Pitt Agri. Center,Pitt,2025,2,35.6412760008938,-77.360126,,18.0
2025-02-14,Rockwell,Rowan,2025,2,35.551868,-80.395039,34.0,28.0
2025-02-14,West Johnston Co.,Johnston,2025,2,35.59095,-78.4622,,28.0
2025-02-15,Bryson City,Swain,2025,2,35.434767,-83.442133,,46.0
2025-02-15,Castle Hayne,New Hanover,2025,2,34.364167,-77.838611,,29.0
2025-02-15,Clemmons Middle,Forsyth,2025,2,36.026612,-80.341962,,41.0
2025-02-15,Durham Armory,Durham,2025,2,36.0329550008979,-78.904037,,32.0
2025-02-15,Frying Pan Mountain,Haywood,2025,2,35.379167,-82.7925,,8.0
2025-02-15,Garinger High School,Mecklenburg,2025,2,35.2401000008895,-80.785683,23.0,39.0
2025-02-15,Hattie Avenue,Forsyth,2025,2,36.11094,-80.224501,,39.0
2025-02-15,Leggett,Edgecombe,2025,2,35.988278,-77.5843,,24.0
2025-02-15,Linville Falls,Avery,2025,2,35.972347,-81.933072,,22.0
2025-02-15,Mendenhall School,Guilford,2025,2,36.1090060008986,-79.802314,,34.0
2025-02-15,Millbrook School,Wake,2025,2,35.856111,-78.574167,29.0,28.0
2025-02-15,Pitt Agri. Center,Pitt,2025,2,35.6412760008938,-77.360126,,17.0
2025-02-15,Rockwell,Rowan,2025,2,35.551868,-80.395039,23.0,42.0
2025-02-15,West Johnston Co.,Johnston,2025,2,35.59095,-78.4622,,36.0
2025-02-16,Bryson City,Swain,2025,2,35.434767,-83.442133,,19.0
2025-02-16,Castle Hayne,New Hanover,2025,2,34.364167,-77.838611,,27.0
2025-02-16,Clemmons Middle,Forsyth,2025,2,36.026612,-80.341962,,14.0
2025-02-16,Durham Armory,Durham,2025,2,36.0329550008979,-78.904037,,15.0
2025-02-16,Garinger High School,Mecklenburg,2025,2,35.2401000008895,-80.785683,33.0,24.0
2025-02-16,Hattie Avenue,Forsyth,2025,2,36.11094,-80.224501,,16.0
2025-02-16,Leggett,Edgecombe,2025,2,35.988278,-77.5843,,14.0
2025-02-16,Mendenhall School,Guilford,2025,2,36.1090060008986,-79.802314,,9.0
2025-02-16,Millbrook School,Wake,2025,2,35.856111,-78.574167,33.0,17.0
2025-02-16,Pitt Agri. Center,Pitt,2025,2,35.6412760008938,-77.360126,,9.0
2025-02-16,Rockwell,Rowan,2025,2,35.551868,-80.395039,31.0,13.0
2025-02-16,West Johnston Co.,Johnston,2025,2,35.59095,-78.4622,,24.0
2025-02-17,Bryson City,Swain,2025,2,35.434767,-83.442133,,19.0
2025-02-17,Castle Hayne,New Hanover,2025,2,34.364167,-77.838611,,20.5
2025-02-17,Clemmons Middle,Forsyth,2025,2,36.026612,-80.341962,,20.0
2025-02-17,Durham Armory,Durham,2025,2,36.0329550008979,-78.904037,,21.0
2025-02-17,Garinger High School,Mecklenburg,2025,2,35.2401000008895,-80.785683,39.0,28.0
2025-02-17,Hattie Avenue,Forsyth,2025,2,36.11094,-80.224501,,19.0
2025-02-17,Leggett,Edgecombe,2025,2,35.988278,-77.5843,,17.0
2025-02-17,Mendenhall School,Guilford,2025,2,36.1090060008986,-79.802314,,13.0
2025-02-17,Millbrook School,Wake,2025,2,35.856111,-78.574167,38.0,18.0
2025-02-17,Pitt Agri. Center,Pitt,2025,2,35.6412760008938,-77.360126,,11.0
2025-02-17,Rockwell,Rowan,2025,2,35.551868,-80.395039,37.0,17.0
2025-02-17,West Johnston Co.,Johnston,2025,2,35.59095,-78.4622,,12.0
2025-02-18,Bryson City,Swain,2025,2,35.434767,-83.442133,,34.0
2025-02-18,Castle Hayne,New Hanover,2025,2,34.364167,-77.838611,,30.5
2025-02-18,Clemmons Middle,Forsyth,2025,2,36.026612,-80.341962,,29.0
2025-02-18,Durham Armory,Durham,2025,2,36.0329550008979,-78.904037,,19.0
2025-02-18,Frying Pan Mountain,Haywood,2025,2,35.379167,-82.7925,,10.0
2025-02-18,Garinger High School,Mecklenburg,2025,2,35.2401000008895,-80.785683,37.0,47.0
2025-02-18,Hattie Avenue,Forsyth,2025,2,36.11094,-80.224501,,25.0
2025-02-18,Leggett,Edgecombe,2025,2,35.988278,-77.5843,,13.0
2025-02-18,Linville Falls,Avery,2025,2,35.972347,-81.933072,,14.0
2025-02-18,Mendenhall School,Guilford,2025,2,36.1090060008986,-79.802314,,19.0
2025-02-18,Millbrook School,Wake,2025,2,35.856111,-78.574167,38.0,22.5
2025-02-18,Old High School,Swain,2025,2,35.498711,-83.310242,,13.0
2025-02-18,Pitt Agri. Center,Pitt,2025,2,35.6412760008938,-77.360126,,16.0
2025-02-18,Rockwell,Rowan,2025,2,35.551868,-80.395039,38.0,54.0
2025-02-18,West Johnston Co.,Johnston,2025,2,35.59095,-78.4622,,24.0
2025-02-19,Bryson City,Swain,2025,2,35.434767,-83.442133,,42.0
2025-02-19,Castle Hayne,New Hanover,2025,2,34.364167,-77.838611,,25.5
2025-02-19,Clemmons Middle,Forsyth,2025,2,36.026612,-80.341962,,31.0
2025-02-19,Durham Armory,Durham,2025,2,36.0329550008979,-78.904037,,37.0
2025-02-19,Garinger High School,Mecklenburg,2025,2,35.2401000008895,-80.785683,27.0,51.0
2025-02-19,Hattie Avenue,Forsyth,2025,2,36.11094,-80.224501,,30.0
2025-02-19,Leggett,Edgecombe,2025,2,35.988278,-77.5843,,23.0
2025-02-19,Mendenhall School,Guilford,2025,2,36.1090060008986,-79.802314,,29.0
2025-02-19,Millbrook School,Wake,2025,2,35.856111,-78.574167,30.0,28.0
2025-02-19,Pitt Agri. Center,Pitt,2025,2,35.6412760008938,-77.360126,,18.0
2025-02-19,Rockwell,Rowan,2025,2,35.551868,-80.395039,29.0,46.0
2025-02-19,West Johnston Co.,Johnston,2025,2,35.59095,-78.4622,,17.0
2025-02-20,Bryson City,Swain,2025,2,35.434767,-83.442133,,22.0
2025-02-20,Castle Hayne,New Hanover,2025,2,34.364167,-77.838611,,47.0
2025-02-20,Clemmons Middle,Forsyth,2025,2,36.026612,-80.341962,,33.0
2025-02-20,Durham Armory,Durham,2025,2,36.0329550008979,-78.904037,,32.0
2025-02-20,Garinger High School,Mecklenburg,2025,2,35.2401000008895,-80.785683,35.0,39.0
2025-02-20,Hattie Avenue,Forsyth,2025,2,36.11094,-80.224501,,32.0
2025-02-20,Leggett,Edgecombe,2025,2,35.988278,-77.5843,,25.0
2025-02-20,Mendenhall School,Guilford,2025,2,36.1090060008986,-79.802314,,27.0
2025-02-20,Millbrook School,Wake,2025,2,35.856111,-78.574167,35.0,23.0
2025-02-20,Pitt Agri. Center,Pitt,2025,2,35.6412760008938,-77.360126,,22.0
2025-02-20,Rockwell,Rowan,2025,2,35.551868,-80.395039,35.0,27.0
2025-02-20,West Johnston Co.,Johnston,2025,2,35.59095,-78.4622,,19.0
2025-02-21,Bryson City,Swain,2025,2,35.434767,-83.442133,,16.0
2025-02-21,Castle Hayne,New Hanover,2025,2,34.364167,-77.838611,,38.5
2025-02-21,Clemmons Middle,Forsyth,2025,2,36.026612,-80.341962,,22.0
2025-02-21,Durham Armory,Durham,2025,2,36.0329550008979,-78.904037,,28.0
2025-02-21,Frying Pan Mountain,Haywood,2025,2,35.379167,-82.7925,,6.0
2025-02-21,Garinger High School,Mecklenburg,2025,2,35.2401000008895,-80.785683,32.0,33.0
2025-02-21,Hattie Avenue,Forsyth,2025,2,36.11094,-80.224501,,16.5
2025-02-21,Leggett,Edgecombe,2025,2,35.988278,-77.5843,,22.0
2025-02-21,Linville Falls,Avery,2025,2,35.972347,-81.933072,,9.0
2025-02-21,Mendenhall School,Guilford,2025,2,36.1090060008986,-79.802314,,24.0
2025-02-21,Millbrook School,Wake,2025,2,35.856111,-78.574167,35.0,22.0
2025-02-21,Pitt Agri. Center,Pitt,2025,2,35.6412760008938,-77.360126,,19.0
2025-02-21,Rockwell,Rowan,2025,2,35.551868,-80.395039,34.0,17.0
2025-02-21,West Johnston Co.,Johnston,2025,2,35.59095,-78.4622,,16.0
2025-02-22,Bryson City,Swain,2025,2,35.434767,-83.442133,,51.0
2025-02-22,Castle Hayne,New Hanover,2025,2,34.364167,-77.838611,,56.0
2025-02-22,Clemmons Middle,Forsyth,2025,2,36.026612,-80.341962,,31.0
2025-02-22,Durham Armory,Durham,2025,2,36.0329550008979,-78.904037,,36.0
2025-02-22,Garinger High School,Mecklenburg,2025,2,35.2401000008895,-80.785683,40.0,42.0
2025-02-22,Hattie Avenue,Forsyth,2025,2,36.11094,-80.224501,,30.0
2025-02-22,Leggett,Edgecombe,2025,2,35.988278,-77.5843,,25.0
2025-02-22,Mendenhall School,Guilford,2025,2,36.1090060008986,-79.802314,,29.0
2025-02-22,Millbrook School,Wake,2025,2,35.856111,-78.574167,33.0,31.0
2025-02-22,Pitt Agri. Center,Pitt,2025,2,35.6412760008938,-77.360126,,32.0
2025-02-22,Rockwell,Rowan,2025,2,35.551868,-80.395039,39.0,51.0
2025-02-22,West Johnston Co.,Johnston,2025,2,35.59095,-78.4622,,27.0
2025-02-23,Bryson City,Swain,2025,2,35.434767,-83.442133,,51.0
2025-02-23,Castle Hayne,New Hanover,2025,2,34.364167,-77.838611,,46.5
2025-02-23,Clemmons Middle,Forsyth,2025,2,36.026612,-80.341962,,44.0
2025-02-23,Durham Armory,Durham,2025,2,36.0329550008979,-78.904037,,44.0
2025-02-23,Garinger High School,Mecklenburg,2025,2,35.2401000008895,-80.785683,44.0,55.0
2025-02-23,Hattie Avenue,Forsyth,2025,2,36.11094,-80.224501,,33.0
2025-02-23,Leggett,Edgecombe,2025,2,35.988278,-77.5843,,32.0
2025-02-23,Mendenhall School,Guilford,2025,2,36.1090060008986,-79.802314,,46.0
2025-02-23,Millbrook School,Wake,2025,2,35.856111,-78.574167,41.0,43.0
2025-02-23,Pitt Agri. Center,Pitt,2025,2,35.6412760008938,-77.360126,,42.0
2025-02-23,Rockwell,Rowan,2025,2,35.551868,-80.395039,41.0,49.0
2025-02-23,West Johnston Co.,Johnston,2025,2,35.59095,-78.4622,,47.0
2025-02-24,Bryson City,Swain,2025,2,35.434767,-83.442133,,35.0
2025-02-24,Castle Hayne,New Hanover,2025,2,34.364167,-77.838611,,61.5
2025-02-24,Clemmons Middle,Forsyth,2025,2,36.026612,-80.341962,,52.5
2025-02-24,Durham Armory,Durham,2025,2,36.0329550008979,-78.904037,,40.0
2025-02-24,Frying Pan Mountain,Haywood,2025,2,35.379167,-82.7925,,15.0
2025-02-24,Garinger High School,Mecklenburg,2025,2,35.2401000008895,-80.785683,50.0,66.0
2025-02-24,Hattie Avenue,Forsyth,2025,2,36.11094,-80.224501,,42.0
2025-02-24,Leggett,Edgecombe,2025,2,35.988278,-77.5843,,31.0
2025-02-24,Linville Falls,Avery,2025,2,35.972347,-81.933072,,14.0
2025-02-24,Mendenhall School,Guilford,2025,2,36.1090060008986,-79.802314,,43.0
2025-02-24,Millbrook School,Wake,2025,2,35.856111,-78.574167,43.0,52.0
2025-02-24,Old High School,Swain,2025,2,35.498711,-83.310242,,16.0
2025-02-24,Pitt Agri. Center,Pitt,2025,2,35.6412760008938,-77.360126,,38.0
2025-02-24,Rockwell,Rowan,2025,2,35.551868,-80.395039,46.0,60.0
2025-02-24,West Johnston Co.,Johnston,2025,2,35.59095,-78.4622,,53.0
2025-02-25,Bryson City,Swain,2025,2,35.434767,-83.442133,,41.0
2025-02-25,Castle Hayne,New Hanover,2025,2,34.364167,-77.838611,,69.0
2025-02-25,Clemmons Middle,Forsyth,2025,2,36.026612,-80.341962,,52.0
2025-02-25,Durham Armory,Durham,2025,2,36.0329550008979,-78.904037,,55.0
2025-02-25,Garinger High School,Mecklenburg,2025,2,35.2401000008895,-80.785683,49.0,62.0
2025-02-25,Hattie Avenue,Forsyth,2025,2,36.11094,-80.224501,46.0,58.0
2025-02-25,Leggett,Edgecombe,2025,2,35.988278,-77.5843,,51.0
2025-02-25,Mendenhall School,Guilford,2025,2,36.1090060008986,-79.802314,,48.0
2025-02-25,Millbrook School,Wake,2025,2,35.856111,-78.574167,47.0,61.0
2025-02-25,Pitt Agri. Center,Pitt,2025,2,35.6412760008938,-77.360126,,58.0
2025-02-25,Rockwell,Rowan,2025,2,35.551868,-80.395039,49.0,55.0
2025-02-25,West Johnston Co.,Johnston,2025,2,35.59095,-78.4622,,60.0
2025-02-26,Bryson City,Swain,2025,2,35.434767,-83.442133,,29.0
2025-02-26,Castle Hayne,New Hanover,2025,2,34.364167,-77.838611,,78.0
2025-02-26,Clemmons Middle,Forsyth,2025,2,36.026612,-80.341962,,39.0
2025-02-26,Durham Armory,Durham,2025,2,36.0329550008979,-78.904037,,49.0
2025-02-26,Garinger High School,Mecklenburg,2025,2,35.2401000008895,-80.785683,51.0,59.0
2025-02-26,Hattie Avenue,Forsyth,2025,2,36.11094,-80.224501,54.0,33.0
2025-02-26,Leggett,Edgecombe,2025,2,35.988278,-77.5843,,46.0
2025-02-26,Mendenhall School,Guilford,2025,2,36.1090060008986,-79.802314,,33.0
2025-02-26,Millbrook School,Wake,2025,2,35.856111,-78.574167,42.0,53.0
2025-02-26,Pitt Agri. Center,Pitt,2025,2,35.6412760008938,-77.360126,,51.0
2025-02-26,Rockwell,Rowan,2025,2,35.551868,-80.395039,49.0,54.0
2025-02-26,West Johnston Co.,Johnston,2025,2,35.59095,-78.4622,,57.0
2025-02-27,Bryson City,Swain,2025,2,35.434767,-83.442133,,34.0
2025-02-27,Castle Hayne,New Hanover,2025,2,34.364167,-77.838611,,69.0
2025-02-27,Clemmons Middle,Forsyth,2025,2,36.026612,-80.341962,45.0,55.0
2025-02-27,Durham Armory,Durham,2025,2,36.0329550008979,-78.904037,,65.0
2025-02-27,Frying Pan Mountain,Haywood,2025,2,35.379167,-82.7925,,25.0
2025-02-27,Garinger High School,Mecklenburg,2025,2,35.2401000008895,-80.785683,46.0,57.5
2025-02-27,Hattie Avenue,Forsyth,2025,2,36.11094,-80.224501,44.0,55.5
2025-02-27,Leggett,Edgecombe,2025,2,35.988278,-77.5843,,62.0
2025-02-27,Linville Falls,Avery,2025,2,35.972347,-81.933072,,30.0
2025-02-27,Mendenhall School,Guilford,2025,2,36.1090060008986,-79.802314,,55.0
2025-02-27,Millbrook School,Wake,2025,2,35.856111,-78.574167,47.0,65.0
2025-02-27,Pitt Agri. Center,Pitt,2025,2,35.6412760008938,-77.360126,,61.0
2025-02-27,Rockwell,Rowan,2025,2,35.551868,-80.395039,44.0,55.0
2025-02-27,West Johnston Co.,Johnston,2025,2,35.59095,-78.4622,,64.0
2025-02-28,Bryson City,Swain,2025,2,35.434767,-83.442133,,19.0
2025-02-28,Castle Hayne,New Hanover,2025,2,34.364167,-77.838611,,26.0
2025-02-28,Clemmons Middle,Forsyth,2025,2,36.026612,-80.341962,45.0,13.0
2025-02-28,Durham Armory,Durham,2025,2,36.0329550008979,-78.904037,,23.0
2025-02-28,Garinger High School,Mecklenburg,2025,2,35.2401000008895,-80.785683,45.0,19.0
2025-02-28,Hattie Avenue,Forsyth,2025,2,36.11094,-80.224501,44.0,14.0
2025-02-28,Leggett,Edgecombe,2025,2,35.988278,-77.5843,,19.0
2025-02-28,Mendenhall School,Guilford,2025,2,36.1090060008986,-79.802314,,12.0
2025-02-28,Millbrook School,Wake,2025,2,35.856111,-78.574167,42.0,24.0
2025-02-28,Pitt Agri. Center,Pitt,2025,2,35.6412760008938,-77.360126,,17.0
2025-02-28,Rockwell,Rowan,2025,2,35.551868,-80.395039,44.0,18.0
2025-02-28,West Johnston Co.,Johnston,2025,2,35.59095,-78.4622,,16.0
2025-03-01,Bryson City,Swain,2025,3,35.434767,-83.442133,43.0,17.0
2025-03-01,Castle Hayne,New Hanover,2025,3,34.364167,-77.838611,51.0,57.5
2025-03-01,Clemmons Middle,Forsyth,2025,3,36.026612,-80.341962,48.0,28.0
2025-03-01,Durham Armory,Durham,2025,3,36.0329550008979,-78.904037,,45.0
2025-03-01,Frying Pan Mountain,Haywood,2025,3,35.379167,-82.7925,46.0,
2025-03-01,Garinger High School,Mecklenburg,2025,3,35.2401000008895,-80.785683,49.0,32.0
2025-03-01,Hattie Avenue,Forsyth,2025,3,36.11094,-80.224501,47.0,29.0
2025-03-01,Leggett,Edgecombe,2025,3,35.988278,-77.5843,0.0,36.0
2025-03-01,Linville Falls,Avery,2025,3,35.972347,-81.933072,47.0,
2025-03-01,Mendenhall School,Guilford,2025,3,36.1090060008986,-79.802314,47.0,24.0
2025-03-01,Millbrook School,Wake,2025,3,35.856111,-78.574167,48.0,37.0
2025-03-01,Pitt Agri. Center,Pitt,2025,3,35.6412760008938,-77.360126,49.0,35.0
2025-03-01,Rockwell,Rowan,2025,3,35.551868,-80.395039,47.0,33.0
2025-03-01,West Johnston Co.,Johnston,2025,3,35.59095,-78.4622,,39.0
2025-03-02,Bryson City,Swain,2025,3,35.434767,-83.442133,40.0,12.0
2025-03-02,Castle Hayne,New Hanover,2025,3,34.364167,-77.838611,36.0,22.5
2025-03-02,Clemmons Middle,Forsyth,2025,3,36.026612,-80.341962,41.0,18.0
2025-03-02,Durham Armory,Durham,2025,3,36.0329550008979,-78.904037,,23.0
2025-03-02,Frying Pan Mountain,Haywood,2025,3,35.379167,-82.7925,45.0,16.0
2025-03-02,Garinger High School,Mecklenburg,2025,3,35.2401000008895,-80.785683,40.0,25.5
2025-03-02,Hattie Avenue,Forsyth,2025,3,36.11094,-80.224501,41.0,21.5
2025-03-02,Leggett,Edgecombe,2025,3,35.988278,-77.5843,0.0,19.0
2025-03-02,Linville Falls,Avery,2025,3,35.972347,-81.933072,43.0,23.0
2025-03-02,Mendenhall School,Guilford,2025,3,36.1090060008986,-79.802314,39.0,22.0
2025-03-02,Millbrook School,Wake,2025,3,35.856111,-78.574167,38.0,18.0
2025-03-02,Old High School,Swain,2025,3,35.498711,-83.310242,,13.0
2025-03-02,Pitt Agri. Center,Pitt,2025,3,35.6412760008938,-77.360126,39.0,12.0
2025-03-02,Rockwell,Rowan,2025,3,35.551868,-80.395039,38.0,26.0
2025-03-02,West Johnston Co.,Johnston,2025,3,35.59095,-78.4622,,9.0
2025-03-03,Bryson City,Swain,2025,3,35.434767,-83.442133,42.0,27.0
2025-03-03,Castle Hayne,New Hanover,2025,3,34.364167,-77.838611,41.0,28.5
2025-03-03,Clemmons Middle,Forsyth,2025,3,36.026612,-80.341962,44.0,48.0
2025-03-03,Durham Armory,Durham,2025,3,36.0329550008979,-78.904037,,32.0
2025-03-03,Frying Pan Mountain,Haywood,2025,3,35.379167,-82.7925,47.0,
2025-03-03,Garinger High School,Mecklenburg,2025,3,35.2401000008895,-80.785683,42.0,40.0
2025-03-03,Hattie Avenue,Forsyth,2025,3,36.11094,-80.224501,44.0,33.0
2025-03-03,Leggett,Edgecombe,2025,3,35.988278,-77.5843,0.0,24.0
2025-03-03,Linville Falls,Avery,2025,3,35.972347,-81.933072,44.0,
2025-03-03,Mendenhall School,Guilford,2025,3,36.1090060008986,-79.802314,41.0,31.0
2025-03-03,Millbrook School,Wake,2025,3,35.856111,-78.574167,40.0,39.0
2025-03-03,Pitt Agri. Center,Pitt,2025,3,35.6412760008938,-77.360126,42.0,17.0
2025-03-03,Rockwell,Rowan,2025,3,35.551868,-80.395039,42.0,44.0
2025-03-03,West Johnston Co.,Johnston,2025,3,35.59095,-78.4622,,37.0
2025-03-04,Bryson City,Swain,2025,3,35.434767,-83.442133,43.0,48.0
2025-03-04,Castle Hayne,New Hanover,2025,3,34.364167,-77.838611,42.0,25.0
2025-03-04,Clemmons Middle,Forsyth,2025,3,36.026612,-80.341962,44.0,35.0
2025-03-04,Durham Armory,Durham,2025,3,36.0329550008979,-78.904037,43.0,51.0
2025-03-04,Frying Pan Mountain,Haywood,2025,3,35.379167,-82.7925,44.0,
2025-03-04,Garinger High School,Mecklenburg,2025,3,35.2401000008895,-80.785683,42.0,29.0
2025-03-04,Hattie Avenue,Forsyth,2025,3,36.11094,-80.224501,44.0,34.0
2025-03-04,Leggett,Edgecombe,2025,3,35.988278,-77.5843,,26.0
2025-03-04,Linville Falls,Avery,2025,3,35.972347,-81.933072,44.0,
2025-03-04,Mendenhall School,Guilford,2025,3,36.1090060008986,-79.802314,43.0,32.0
2025-03-04,Millbrook School,Wake,2025,3,35.856111,-78.574167,40.0,34.0
2025-03-04,Pitt Agri. Center,Pitt,2025,3,35.6412760008938,-77.360126,43.0,17.0
2025-03-04,Rockwell,Rowan,2025,3,35.551868,-80.395039,39.0,28.0
2025-03-04,West Johnston Co.,Johnston,2025,3,35.59095,-78.4622,,42.0
2025-03-05,Bryson City,Swain,2025,3,35.434767,-83.442133,35.0,25.0
2025-03-05,Castle Hayne,New Hanover,2025,3,34.364167,-77.838611,38.0,52.5
2025-03-05,Clemmons Middle,Forsyth,2025,3,36.026612,-80.341962,44.0,34.0
2025-03-05,Durham Armory,Durham,2025,3,36.0329550008979,-78.904037,37.0,25.0
2025-03-05,Garinger High School,Mecklenburg,2025,3,35.2401000008895,-80.785683,42.0,38.0
2025-03-05,Hattie Avenue,Forsyth,2025,3,36.11094,-80.224501,44.0,33.0
2025-03-05,Leggett,Edgecombe,2025,3,35.988278,-77.5843,,32.0
2025-03-05,Linville Falls,Avery,2025,3,35.972347,-81.933072,45.0,20.0
2025-03-05,Mendenhall School,Guilford,2025,3,36.1090060008986,-79.802314,43.0,33.0
2025-03-05,Millbrook School,Wake,2025,3,35.856111,-78.574167,35.0,31.0
2025-03-05,Pitt Agri. Center,Pitt,2025,3,35.6412760008938,-77.360126,38.0,30.0
2025-03-05,Rockwell,Rowan,2025,3,35.551868,-80.395039,41.0,30.0
2025-03-05,West Johnston Co.,Johnston,2025,3,35.59095,-78.4622,,31.0
2025-03-06,Bryson City,Swain,2025,3,35.434767,-83.442133,36.0,13.0
2025-03-06,Castle Hayne,New Hanover,2025,3,34.364167,-77.838611,32.0,25.0
2025-03-06,Clemmons Middle,Forsyth,2025,3,36.026612,-80.341962,36.0,9.0
2025-03-06,Durham Armory,Durham,2025,3,36.0329550008979,-78.904037,34.0,12.0
2025-03-06,Frying Pan Mountain,Haywood,2025,3,35.379167,-82.7925,42.0,
2025-03-06,Garinger High School,Mecklenburg,2025,3,35.2401000008895,-80.785683,35.0,7.0
2025-03-06,Hattie Avenue,Forsyth,2025,3,36.11094,-80.224501,35.0,10.0
2025-03-06,Leggett,Edgecombe,2025,3,35.988278,-77.5843,36.0,11.0
2025-03-06,Linville Falls,Avery,2025,3,35.972347,-81.933072,38.0,
2025-03-06,Mendenhall School,Guilford,2025,3,36.1090060008986,-79.802314,34.0,6.0
2025-03-06,Millbrook School,Wake,2025,3,35.856111,-78.574167,33.0,11.0
2025-03-06,Pitt Agri. Center,Pitt,2025,3,35.6412760008938,-77.360126,34.0,3.0
2025-03-06,Rockwell,Rowan,2025,3,35.551868,-80.395039,32.0,4.0
2025-03-06,West Johnston Co.,Johnston,2025,3,35.59095,-78.4622,36.0,0.0
2025-03-07,Bryson City,Swain,2025,3,35.434767,-83.442133,32.0,20.0
2025-03-07,Castle Hayne,New Hanover,2025,3,34.364167,-77.838611,38.0,25.0
2025-03-07,Clemmons Middle,Forsyth,2025,3,36.026612,-80.341962,35.0,23.0
2025-03-07,Durham Armory,Durham,2025,3,36.0329550008979,-78.904037,36.0,46.0
2025-03-07,Frying Pan Mountain,Haywood,2025,3,35.379167,-82.7925,45.0,
2025-03-07,Garinger High School,Mecklenburg,2025,3,35.2401000008895,-80.785683,39.0,26.0
2025-03-07,Hattie Avenue,Forsyth,2025,3,36.11094,-80.224501,33.0,25.0
2025-03-07,Leggett,Edgecombe,2025,3,35.988278,-77.5843,39.0,30.0
2025-03-07,Linville Falls,Avery,2025,3,35.972347,-81.933072,41.0,
2025-03-07,Mendenhall School,Guilford,2025,3,36.1090060008986,-79.802314,33.0,22.0
2025-03-07,Millbrook School,Wake,2025,3,35.856111,-78.574167,34.0,47.0
2025-03-07,Pitt Agri. Center,Pitt,2025,3,35.6412760008938,-77.360126,38.0,12.0
2025-03-07,Rockwell,Rowan,2025,3,35.551868,-80.395039,31.0,23.0
2025-03-07,West Johnston Co.,Johnston,2025,3,35.59095,-78.4622,40.0,26.0
2025-03-08,Bryson City,Swain,2025,3,35.434767,-83.442133,43.0,41.0
2025-03-08,Castle Hayne,New Hanover,2025,3,34.364167,-77.838611,45.0,55.0
2025-03-08,Clemmons Middle,Forsyth,2025,3,36.026612,-80.341962,43.0,32.0
2025-03-08,Durham Armory,Durham,2025,3,36.0329550008979,-78.904037,42.0,59.0
2025-03-08,Frying Pan Mountain,Haywood,2025,3,35.379167,-82.7925,46.0,27.0
2025-03-08,Garinger High School,Mecklenburg,2025,3,35.2401000008895,-80.785683,44.0,52.0
2025-03-08,Hattie Avenue,Forsyth,2025,3,36.11094,-80.224501,41.0,46.5
2025-03-08,Leggett,Edgecombe,2025,3,35.988278,-77.5843,44.0,47.0
2025-03-08,Linville Falls,Avery,2025,3,35.972347,-81.933072,42.0,26.0
2025-03-08,Mendenhall School,Guilford,2025,3,36.1090060008986,-79.802314,42.0,34.0
2025-03-08,Millbrook School,Wake,2025,3,35.856111,-78.574167,43.0,50.0
2025-03-08,Old High School,Swain,2025,3,35.498711,-83.310242,,28.0
2025-03-08,Pitt Agri. Center,Pitt,2025,3,35.6412760008938,-77.360126,46.0,51.0
2025-03-08,Rockwell,Rowan,2025,3,35.551868,-80.395039,42.0,51.0
2025-03-08,West Johnston Co.,Johnston,2025,3,35.59095,-78.4622,47.0,
2025-03-09,Bryson City,Swain,2025,3,35.434767,-83.442133,40.0,25.0
2025-03-09,Castle Hayne,New Hanover,2025,3,34.364167,-77.838611,37.0,37.5
2025-03-09,Clemmons Middle,Forsyth,2025,3,36.026612,-80.341962,44.0,22.0
2025-03-09,Durham Armory,Durham,2025,3,36.0329550008979,-78.904037,41.0,16.0
2025-03-09,Frying Pan Mountain,Haywood,2025,3,35.379167,-82.7925,44.0,
2025-03-09,Garinger High School,Mecklenburg,2025,3,35.2401000008895,-80.785683,43.0,23.0
2025-03-09,Hattie Avenue,Forsyth,2025,3,36.11094,-80.224501,44.0,24.0
2025-03-09,Leggett,Edgecombe,2025,3,35.988278,-77.5843,44.0,32.0
2025-03-09,Linville Falls,Avery,2025,3,35.972347,-81.933072,44.0,
2025-03-09,Mendenhall School,Guilford,2025,3,36.1090060008986,-79.802314,44.0,22.0
2025-03-09,Millbrook School,Wake,2025,3,35.856111,-78.574167,41.0,26.0
2025-03-09,Pitt Agri. Center,Pitt,2025,3,35.6412760008938,-77.360126,41.0,23.0
2025-03-09,Rockwell,Rowan,2025,3,35.551868,-80.395039,42.0,24.0
2025-03-09,West Johnston Co.,Johnston,2025,3,35.59095,-78.4622,43.0,
2025-03-10,Bryson City,Swain,2025,3,35.434767,-83.442133,40.0,29.0
2025-03-10,Castle Hayne,New Hanover,2025,3,34.364167,-77.838611,38.0,37.0
2025-03-10,Clemmons Middle,Forsyth,2025,3,36.026612,-80.341962,43.0,30.0
2025-03-10,Durham Armory,Durham,2025,3,36.0329550008979,-78.904037,40.0,36.0
2025-03-10,Frying Pan Mountain,Haywood,2025,3,35.379167,-82.7925,48.0,
2025-03-10,Garinger High School,Mecklenburg,2025,3,35.2401000008895,-80.785683,30.0,46.0
2025-03-10,Hattie Avenue,Forsyth,2025,3,36.11094,-80.224501,44.0,34.0
2025-03-10,Leggett,Edgecombe,2025,3,35.988278,-77.5843,41.0,28.0
2025-03-10,Linville Falls,Avery,2025,3,35.972347,-81.933072,43.0,
2025-03-10,Mendenhall School,Guilford,2025,3,36.1090060008986,-79.802314,38.0,26.0
2025-03-10,Millbrook School,Wake,2025,3,35.856111,-78.574167,39.0,44.0
2025-03-10,Pitt Agri. Center,Pitt,2025,3,35.6412760008938,-77.360126,41.0,31.0
2025-03-10,Rockwell,Rowan,2025,3,35.551868,-80.395039,35.0,40.0
2025-03-10,West Johnston Co.,Johnston,2025,3,35.59095,-78.4622,41.0,
2025-03-11,Bryson City,Swain,2025,3,35.434767,-83.442133,48.0,30.0
2025-03-11,Castle Hayne,New Hanover,2025,3,34.364167,-77.838611,43.0,26.5
2025-03-11,Clemmons Middle,Forsyth,2025,3,36.026612,-80.341962,64.0,31.0
2025-03-11,Durham Armory,Durham,2025,3,36.0329550008979,-78.904037,48.0,35.0
2025-03-11,Frying Pan Mountain,Haywood,2025,3,35.379167,-82.7925,74.0,20.0
2025-03-11,Garinger High School,Mecklenburg,2025,3,35.2401000008895,-80.785683,49.0,34.0
2025-03-11,Hattie Avenue,Forsyth,2025,3,36.11094,-80.224501,64.0,30.0
2025-03-11,Leggett,Edgecombe,2025,3,35.988278,-77.5843,46.0,22.0
2025-03-11,Linville Falls,Avery,2025,3,35.972347,-81.933072,51.0,21.0
2025-03-11,Mendenhall School,Guilford,2025,3,36.1090060008986,-79.802314,58.0,30.0
2025-03-11,Millbrook School,Wake,2025,3,35.856111,-78.574167,47.0,32.5
2025-03-11,Pitt Agri. Center,Pitt,2025,3,35.6412760008938,-77.360126,44.0,25.0
2025-03-11,Rockwell,Rowan,2025,3,35.551868,-80.395039,50.0,29.0
2025-03-11,West Johnston Co.,Johnston,2025,3,35.59095,-78.4622,51.0,
2025-03-12,Bryson City,Swain,2025,3,35.434767,-83.442133,49.0,44.0
2025-03-12,Castle Hayne,New Hanover,2025,3,34.364167,-77.838611,74.0,51.0
2025-03-12,Clemmons Middle,Forsyth,2025,3,36.026612,-80.341962,87.0,52.0
2025-03-12,Durham Armory,Durham,2025,3,36.0329550008979,-78.904037,71.0,55.0
2025-03-12,Frying Pan Mountain,Haywood,2025,3,35.379167,-82.7925,74.0,
2025-03-12,Garinger High School,Mecklenburg,2025,3,35.2401000008895,-80.785683,74.0,53.0
2025-03-12,Hattie Avenue,Forsyth,2025,3,36.11094,-80.224501,84.0,52.0
2025-03-12,Leggett,Edgecombe,2025,3,35.988278,-77.5843,64.0,51.0
2025-03-12,Linville Falls,Avery,2025,3,35.972347,-81.933072,71.0,
2025-03-12,Mendenhall School,Guilford,2025,3,36.1090060008986,-79.802314,77.0,54.0
2025-03-12,Millbrook School,Wake,2025,3,35.856111,-78.574167,64.0,53.0
2025-03-12,Pitt Agri. Center,Pitt,2025,3,35.6412760008938,-77.360126,71.0,53.0
2025-03-12,Rockwell,Rowan,2025,3,35.551868,-80.395039,64.0,52.0
2025-03-12,West Johnston Co.,Johnston,2025,3,35.59095,-78.4622,84.0,54.0
2025-03-13,Bryson City,Swain,2025,3,35.434767,-83.442133,50.0,53.0
2025-03-13,Castle Hayne,New Hanover,2025,3,34.364167,-77.838611,64.0,65.5
2025-03-13,Clemmons Middle,Forsyth,2025,3,36.026612,-80.341962,84.0,62.0
2025-03-13,Durham Armory,Durham,2025,3,36.0329550008979,-78.904037,45.0,68.0
2025-03-13,Frying Pan Mountain,Haywood,2025,3,35.379167,-82.7925,74.0,
2025-03-13,Garinger High School,Mecklenburg,2025,3,35.2401000008895,-80.785683,54.0,68.0
2025-03-13,Hattie Avenue,Forsyth,2025,3,36.11094,-80.224501,80.0,63.0
2025-03-13,Leggett,Edgecombe,2025,3,35.988278,-77.5843,37.0,60.0
2025-03-13,Linville Falls,Avery,2025,3,35.972347,-81.933072,67.0,
2025-03-13,Mendenhall School,Guilford,2025,3,36.1090060008986,-79.802314,51.0,59.0
2025-03-13,Millbrook School,Wake,2025,3,35.856111,-78.574167,49.0,69.0
2025-03-13,Pitt Agri. Center,Pitt,2025,3,35.6412760008938,-77.360126,49.0,60.0
2025-03-13,Rockwell,Rowan,2025,3,35.551868,-80.395039,64.0,65.0
2025-03-13,West Johnston Co.,Johnston,2025,3,35.59095,-78.4622,64.0,66.0
2025-03-14,Bryson City,Swain,2025,3,35.434767,-83.442133,49.0,52.0
2025-03-14,Castle Hayne,New Hanover,2025,3,34.364167,-77.838611,31.0,57.5
2025-03-14,Clemmons Middle,Forsyth,2025,3,36.026612,-80.341962,50.0,66.0
2025-03-14,Durham Armory,Durham,2025,3,36.0329550008979,-78.904037,31.0,
2025-03-14,Frying Pan Mountain,Haywood,2025,3,35.379167,-82.7925,64.0,52.0
2025-03-14,Garinger High School,Mecklenburg,2025,3,35.2401000008895,-80.785683,48.0,75.0
2025-03-14,Hattie Avenue,Forsyth,2025,3,36.11094,-80.224501,50.0,66.0
2025-03-14,Leggett,Edgecombe,2025,3,35.988278,-77.5843,33.0,53.0
2025-03-14,Linville Falls,Avery,2025,3,35.972347,-81.933072,67.0,57.0
2025-03-14,Mendenhall School,Guilford,2025,3,36.1090060008986,-79.802314,42.0,61.0
2025-03-14,Millbrook School,Wake,2025,3,35.856111,-78.574167,30.0,61.5
2025-03-14,Old High School,Swain,2025,3,35.498711,-83.310242,,44.0
2025-03-14,Pitt Agri. Center,Pitt,2025,3,35.6412760008938,-77.360126,33.0,52.0
2025-03-14,Rockwell,Rowan,2025,3,35.551868,-80.395039,41.0,79.0
2025-03-14,West Johnston Co.,Johnston,2025,3,35.59095,-78.4622,31.0,56.0
2025-03-15,Bryson City,Swain,2025,3,35.434767,-83.442133,44.0,51.0
2025-03-15,Castle Hayne,New Hanover,2025,3,34.364167,-77.838611,37.0,33.0
2025-03-15,Clemmons Middle,Forsyth,2025,3,36.026612,-80.341962,36.0,63.0
2025-03-15,Durham Armory,Durham,2025,3,36.0329550008979,-78.904037,35.0,54.0
2025-03-15,Frying Pan Mountain,Haywood,2025,3,35.379167,-82.7925,41.0,
2025-03-15,Garinger High School,Mecklenburg,2025,3,35.2401000008895,-80.785683,36.0,55.0
2025-03-15,Hattie Avenue,Forsyth,2025,3,36.11094,-80.224501,37.0,63.0
2025-03-15,Leggett,Edgecombe,2025,3,35.988278,-77.5843,39.0,58.0
2025-03-15,Linville Falls,Avery,2025,3,35.972347,-81.933072,41.0,
2025-03-15,Mendenhall School,Guilford,2025,3,36.1090060008986,-79.802314,34.0,59.0
2025-03-15,Millbrook School,Wake,2025,3,35.856111,-78.574167,33.0,58.0
2025-03-15,Pitt Agri. Center,Pitt,2025,3,35.6412760008938,-77.360126,38.0,43.0
2025-03-15,Rockwell,Rowan,2025,3,35.551868,-80.395039,31.0,59.0
2025-03-15,West Johnston Co.,Johnston,2025,3,35.59095,-78.4622,40.0,55.0
2025-03-16,Bryson City,Swain,2025,3,35.434767,-83.442133,43.0,50.0
2025-03-16,Castle Hayne,New Hanover,2025,3,34.364167,-77.838611,34.0,45.5
2025-03-16,Clemmons Middle,Forsyth,2025,3,36.026612,-80.341962,41.0,43.0
2025-03-16,Durham Armory,Durham,2025,3,36.0329550008979,-78.904037,33.0,38.0
2025-03-16,Garinger High School,Mecklenburg,2025,3,35.2401000008895,-80.785683,39.0,42.0
2025-03-16,Hattie Avenue,Forsyth,2025,3,36.11094,-80.224501,41.0,46.0
2025-03-16,Leggett,Edgecombe,2025,3,35.988278,-77.5843,34.0,31.0
2025-03-16,Linville Falls,Avery,2025,3,35.972347,-81.933072,43.0,
2025-03-16,Mendenhall School,Guilford,2025,3,36.1090060008986,-79.802314,36.0,37.0
2025-03-16,Millbrook School,Wake,2025,3,35.856111,-78.574167,31.0,27.0
2025-03-16,Pitt Agri. Center,Pitt,2025,3,35.6412760008938,-77.360126,33.0,29.0
2025-03-16,Rockwell,Rowan,2025,3,35.551868,-80.395039,35.0,31.0
2025-03-16,West Johnston Co.,Johnston,2025,3,35.59095,-78.4622,32.0,23.0
2025-03-17,Bryson City,Swain,2025,3,35.434767,-83.442133,36.0,23.0
2025-03-17,Castle Hayne,New Hanover,2025,3,34.364167,-77.838611,31.0,41.0
2025-03-17,Clemmons Middle,Forsyth,2025,3,36.026612,-80.341962,32.0,20.0
2025-03-17,Durham Armory,Durham,2025,3,36.0329550008979,-78.904037,31.0,43.0
2025-03-17,Frying Pan Mountain,Haywood,2025,3,35.379167,-82.7925,44.0,8.0
2025-03-17,Garinger High School,Mecklenburg,2025,3,35.2401000008895,-80.785683,33.0,17.0
2025-03-17,Hattie Avenue,Forsyth,2025,3,36.11094,-80.224501,33.0,21.5
2025-03-17,Leggett,Edgecombe,2025,3,35.988278,-77.5843,31.0,28.0
2025-03-17,Linville Falls,Avery,2025,3,35.972347,-81.933072,33.0,11.0
2025-03-17,Mendenhall School,Guilford,2025,3,36.1090060008986,-79.802314,31.0,19.0
2025-03-17,Millbrook School,Wake,2025,3,35.856111,-78.574167,30.0,27.5
2025-03-17,Pitt Agri. Center,Pitt,2025,3,35.6412760008938,-77.360126,31.0,25.0
2025-03-17,Rockwell,Rowan,2025,3,35.551868,-80.395039,32.0,12.0
2025-03-17,West Johnston Co.,Johnston,2025,3,35.59095,-78.4622,31.0,23.0
2025-03-18,Bryson City,Swain,2025,3,35.434767,-83.442133,42.0,28.0
2025-03-18,Castle Hayne,New Hanover,2025,3,34.364167,-77.838611,41.0,21.5
2025-03-18,Clemmons Middle,Forsyth,2025,3,36.026612,-80.341962,46.0,22.0
2025-03-18,Durham Armory,Durham,2025,3,36.0329550008979,-78.904037,42.0,
2025-03-18,Frying Pan Mountain,Haywood,2025,3,35.379167,-82.7925,48.0,
2025-03-18,Garinger High School,Mecklenburg,2025,3,35.2401000008895,-80.785683,42.0,14.0
2025-03-18,Hattie Avenue,Forsyth,2025,3,36.11094,-80.224501,44.0,19.0
2025-03-18,Leggett,Edgecombe,2025,3,35.988278,-77.5843,41.0,16.0
2025-03-18,Linville Falls,Avery,2025,3,35.972347,-81.933072,47.0,
2025-03-18,Mendenhall School,Guilford,2025,3,36.1090060008986,-79.802314,43.0,13.0
2025-03-18,Millbrook School,Wake,2025,3,35.856111,-78.574167,41.0,18.0
2025-03-18,Pitt Agri. Center,Pitt,2025,3,35.6412760008938,-77.360126,40.0,14.0
2025-03-18,Rockwell,Rowan,2025,3,35.551868,-80.395039,43.0,11.0
2025-03-18,West Johnston Co.,Johnston,2025,3,35.59095,-78.4622,44.0,21.0
2025-03-19,Bryson City,Swain,2025,3,35.434767,-83.442133,47.0,38.0
2025-03-19,Castle Hayne,New Hanover,2025,3,34.364167,-77.838611,58.0,56.5
2025-03-19,Clemmons Middle,Forsyth,2025,3,36.026612,-80.341962,67.0,52.0
2025-03-19,Durham Armory,Durham,2025,3,36.0329550008979,-78.904037,67.0,
2025-03-19,Frying Pan Mountain,Haywood,2025,3,35.379167,-82.7925,50.0,
2025-03-19,Garinger High School,Mecklenburg,2025,3,35.2401000008895,-80.785683,50.0,52.0
2025-03-19,Hattie Avenue,Forsyth,2025,3,36.11094,-80.224501,67.0,52.0
2025-03-19,Leggett,Edgecombe,2025,3,35.988278,-77.5843,47.0,32.0
2025-03-19,Linville Falls,Avery,2025,3,35.972347,-81.933072,58.0,
2025-03-19,Mendenhall School,Guilford,2025,3,36.1090060008986,-79.802314,74.0,59.0
2025-03-19,Millbrook School,Wake,2025,3,35.856111,-78.574167,58.0,57.0
2025-03-19,Pitt Agri. Center,Pitt,2025,3,35.6412760008938,-77.360126,45.0,32.0
2025-03-19,Rockwell,Rowan,2025,3,35.551868,-80.395039,54.0,53.0
2025-03-19,West Johnston Co.,Johnston,2025,3,35.59095,-78.4622,64.0,60.0
2025-03-20,Bryson City,Swain,2025,3,35.434767,-83.442133,32.0,25.0
2025-03-20,Castle Hayne,New Hanover,2025,3,34.364167,-77.838611,45.0,53.5
2025-03-20,Clemmons Middle,Forsyth,2025,3,36.026612,-80.341962,41.0,56.0
2025-03-20,Durham Armory,Durham,2025,3,36.0329550008979,-78.904037,39.0,
2025-03-20,Frying Pan Mountain,Haywood,2025,3,35.379167,-82.7925,40.0,
2025-03-20,Garinger High School,Mecklenburg,2025,3,35.2401000008895,-80.785683,41.0,52.5
2025-03-20,Hattie Avenue,Forsyth,2025,3,36.11094,-80.224501,40.0,58.5
2025-03-20,Leggett,Edgecombe,2025,3,35.988278,-77.5843,42.0,51.0
2025-03-20,Linville Falls,Avery,2025,3,35.972347,-81.933072,38.0,51.0
2025-03-20,Mendenhall School,Guilford,2025,3,36.1090060008986,-79.802314,40.0,58.0
2025-03-20,Millbrook School,Wake,2025,3,35.856111,-78.574167,39.0,56.5
2025-03-20,Old High School,Swain,2025,3,35.498711,-83.310242,,29.0
2025-03-20,Pitt Agri. Center,Pitt,2025,3,35.6412760008938,-77.360126,43.0,37.0
2025-03-20,Rockwell,Rowan,2025,3,35.551868,-80.395039,38.0,55.0
2025-03-20,West Johnston Co.,Johnston,2025,3,35.59095,-78.4622,44.0,54.0
2025-03-21,Bryson City,Swain,2025,3,35.434767,-83.442133,43.0,16.0
2025-03-21,Castle Hayne,New Hanover,2025,3,34.364167,-77.838611,39.0,19.0
2025-03-21,Clemmons Middle,Forsyth,2025,3,36.026612,-80.341962,45.0,20.0
2025-03-21,Durham Armory,Durham,2025,3,36.0329550008979,-78.904037,41.0,
2025-03-21,Frying Pan Mountain,Haywood,2025,3,35.379167,-82.7925,46.0,
2025-03-21,Garinger High School,Mecklenburg,2025,3,35.2401000008895,-80.785683,44.0,19.0
2025-03-21,Hattie Avenue,Forsyth,2025,3,36.11094,-80.224501,44.0,22.0
2025-03-21,Leggett,Edgecombe,2025,3,35.988278,-77.5843,40.0,11.0
2025-03-21,Linville Falls,Avery,2025,3,35.972347,-81.933072,44.0,
2025-03-21,Mendenhall School,Guilford,2025,3,36.1090060008986,-79.802314,43.0,14.0
2025-03-21,Millbrook School,Wake,2025,3,35.856111,-78.574167,40.0,15.0
2025-03-21,Pitt Agri. Center,Pitt,2025,3,35.6412760008938,-77.360126,40.0,1.0
2025-03-21,Rockwell,Rowan,2025,3,35.551868,-80.395039,44.0,17.0
2025-03-21,West Johnston Co.,Johnston,2025,3,35.59095,-78.4622,43.0,9.0
2025-03-22,Bryson City,Swain,2025,3,35.434767,-83.442133,46.0,19.0
2025-03-22,Castle Hayne,New Hanover,2025,3,34.364167,-77.838611,49.0,55.0
2025-03-22,Clemmons Middle,Forsyth,2025,3,36.026612,-80.341962,50.0,49.0
2025-03-22,Durham Armory,Durham,2025,3,36.0329550008979,-78.904037,49.0,
2025-03-22,Frying Pan Mountain,Haywood,2025,3,35.379167,-82.7925,48.0,
2025-03-22,Garinger High School,Mecklenburg,2025,3,35.2401000008895,-80.785683,54.0,42.0
2025-03-22,Hattie Avenue,Forsyth,2025,3,36.11094,-80.224501,50.0,53.0
2025-03-22,Leggett,Edgecombe,2025,3,35.988278,-77.5843,50.0,37.0
2025-03-22,Linville Falls,Avery,2025,3,35.972347,-81.933072,49.0,
2025-03-22,Mendenhall School,Guilford,2025,3,36.1090060008986,-79.802314,48.0,37.0
2025-03-22,Millbrook School,Wake,2025,3,35.856111,-78.574167,47.0,46.0
2025-03-22,Pitt Agri. Center,Pitt,2025,3,35.6412760008938,-77.360126,48.0,39.0
2025-03-22,Rockwell,Rowan,2025,3,35.551868,-80.395039,48.0,36.0
2025-03-22,West Johnston Co.,Johnston,2025,3,35.59095,-78.4622,51.0,48.0
2025-03-23,Bryson City,Swain,2025,3,35.434767,-83.442133,58.0,20.0
2025-03-23,Castle Hayne,New Hanover,2025,3,34.364167,-77.838611,41.0,46.0
2025-03-23,Clemmons Middle,Forsyth,2025,3,36.026612,-80.341962,50.0,24.0
2025-03-23,Durham Armory,Durham,2025,3,36.0329550008979,-78.904037,46.0,
2025-03-23,Frying Pan Mountain,Haywood,2025,3,35.379167,-82.7925,61.0,
2025-03-23,Garinger High School,Mecklenburg,2025,3,35.2401000008895,-80.785683,48.0,35.5
2025-03-23,Hattie Avenue,Forsyth,2025,3,36.11094,-80.224501,50.0,28.0
2025-03-23,Leggett,Edgecombe,2025,3,35.988278,-77.5843,43.0,30.0
2025-03-23,Linville Falls,Avery,2025,3,35.972347,-81.933072,61.0,44.0
2025-03-23,Mendenhall School,Guilford,2025,3,36.1090060008986,-79.802314,47.0,22.0
2025-03-23,Millbrook School,Wake,2025,3,35.856111,-78.574167,44.0,38.0
2025-03-23,Pitt Agri. Center,Pitt,2025,3,35.6412760008938,-77.360126,41.0,31.0
2025-03-23,Rockwell,Rowan,2025,3,35.551868,-80.395039,45.0,21.0
2025-03-23,West Johnston Co.,Johnston,2025,3,35.59095,-78.4622,46.0,42.0
2025-03-24,Bryson City,Swain,2025,3,35.434767,-83.442133,44.0,28.0
2025-03-24,Castle Hayne,New Hanover,2025,3,34.364167,-77.838611,,54.0
2025-03-24,Clemmons Middle,Forsyth,2025,3,36.026612,-80.341962,42.0,53.0
2025-03-24,Durham Armory,Durham,2025,3,36.0329550008979,-78.904037,36.0,
2025-03-24,Frying Pan Mountain,Haywood,2025,3,35.379167,-82.7925,45.0,
2025-03-24,Garinger High School,Mecklenburg,2025,3,35.2401000008895,-80.785683,40.0,54.0
2025-03-24,Hattie Avenue,Forsyth,2025,3,36.11094,-80.224501,41.0,55.0
2025-03-24,Leggett,Edgecombe,2025,3,35.988278,-77.5843,45.0,42.0
2025-03-24,Linville Falls,Avery,2025,3,35.972347,-81.933072,45.0,
2025-03-24,Mendenhall School,Guilford,2025,3,36.1090060008986,-79.802314,37.0,55.0
2025-03-24,Millbrook School,Wake,2025,3,35.856111,-78.574167,37.0,53.0
2025-03-24,Pitt Agri. Center,Pitt,2025,3,35.6412760008938,-77.360126,46.0,46.0
2025-03-24,Rockwell,Rowan,2025,3,35.551868,-80.395039,36.0,55.0
2025-03-24,West Johnston Co.,Johnston,2025,3,35.59095,-78.4622,44.0,53.0
2025-03-25,Bryson City,Swain,2025,3,35.434767,-83.442133,47.0,19.0
2025-03-25,Castle Hayne,New Hanover,2025,3,34.364167,-77.838611,48.0,112.5
2025-03-25,Clemmons Middle,Forsyth,2025,3,36.026612,-80.341962,50.0,15.0
2025-03-25,Durham Armory,Durham,2025,3,36.0329550008979,-78.904037,45.0,
2025-03-25,Frying Pan Mountain,Haywood,2025,3,35.379167,-82.7925,46.0,
2025-03-25,Garinger High School,Mecklenburg,2025,3,35.2401000008895,-80.785683,49.0,20.0
2025-03-25,Hattie Avenue,Forsyth,2025,3,36.11094,-80.224501,49.0,16.0
2025-03-25,Leggett,Edgecombe,2025,3,35.988278,-77.5843,49.0,15.0
2025-03-25,Linville Falls,Avery,2025,3,35.972347,-81.933072,48.0,
2025-03-25,Mendenhall School,Guilford,2025,3,36.1090060008986,-79.802314,48.0,12.0
2025-03-25,Millbrook School,Wake,2025,3,35.856111,-78.574167,45.0,23.0
2025-03-25,Pitt Agri. Center,Pitt,2025,3,35.6412760008938,-77.360126,48.0,11.0
2025-03-25,Rockwell,Rowan,2025,3,35.551868,-80.395039,46.0,16.0
2025-03-25,West Johnston Co.,Johnston,2025,3,35.59095,-78.4622,50.0,23.0
2025-03-26,Bryson City,Swain,2025,3,35.434767,-83.442133,47.0,24.0
2025-03-26,Castle Hayne,New Hanover,2025,3,34.364167,-77.838611,45.0,100.5
2025-03-26,Clemmons Middle,Forsyth,2025,3,36.026612,-80.341962,47.0,21.5
2025-03-26,Durham Armory,Durham,2025,3,36.0329550008979,-78.904037,44.0,
2025-03-26,Frying Pan Mountain,Haywood,2025,3,35.379167,-82.7925,47.0,18.0
2025-03-26,Garinger High School,Mecklenburg,2025,3,35.2401000008895,-80.785683,46.0,21.0
2025-03-26,Hattie Avenue,Forsyth,2025,3,36.11094,-80.224501,46.0,19.5
2025-03-26,Leggett,Edgecombe,2025,3,35.988278,-77.5843,45.0,17.0
2025-03-26,Linville Falls,Avery,2025,3,35.972347,-81.933072,46.0,14.0
2025-03-26,Mendenhall School,Guilford,2025,3,36.1090060008986,-79.802314,44.0,17.0
2025-03-26,Millbrook School,Wake,2025,3,35.856111,-78.574167,44.0,21.5
2025-03-26,Old High School,Swain,2025,3,35.498711,-83.310242,,23.0
2025-03-26,Pitt Agri. Center,Pitt,2025,3,35.6412760008938,-77.360126,44.0,12.0
2025-03-26,Rockwell,Rowan,2025,3,35.551868,-80.395039,44.0,18.0
2025-03-26,West Johnston Co.,Johnston,2025,3,35.59095,-78.4622,46.0,17.0
2025-03-27,Bryson City,Swain,2025,3,35.434767,-83.442133,43.0,37.0
2025-03-27,Castle Hayne,New Hanover,2025,3,34.364167,-77.838611,46.0,68.5
2025-03-27,Clemmons Middle,Forsyth,2025,3,36.026612,-80.341962,54.0,23.0
2025-03-27,Durham Armory,Durham,2025,3,36.0329550008979,-78.904037,49.0,54.0
2025-03-27,Frying Pan Mountain,Haywood,2025,3,35.379167,-82.7925,49.0,
2025-03-27,Garinger High School,Mecklenburg,2025,3,35.2401000008895,-80.785683,48.0,37.0
2025-03-27,Hattie Avenue,Forsyth,2025,3,36.11094,-80.224501,51.0,28.0
2025-03-27,Leggett,Edgecombe,2025,3,35.988278,-77.5843,49.0,21.0
2025-03-27,Linville Falls,Avery,2025,3,35.972347,-81.933072,51.0,
2025-03-27,Mendenhall School,Guilford,2025,3,36.1090060008986,-79.802314,49.0,24.0
2025-03-27,Millbrook School,Wake,2025,3,35.856111,-78.574167,48.0,24.0
2025-03-27,Pitt Agri. Center,Pitt,2025,3,35.6412760008938,-77.360126,47.0,26.0
2025-03-27,Rockwell,Rowan,2025,3,35.551868,-80.395039,47.0,27.0
2025-03-27,West Johnston Co.,Johnston,2025,3,35.59095,-78.4622,50.0,22.0
2025-03-28,Bryson City,Swain,2025,3,35.434767,-83.442133,51.0,56.0
2025-03-28,Castle Hayne,New Hanover,2025,3,34.364167,-77.838611,46.0,27.0
2025-03-28,Clemmons Middle,Forsyth,2025,3,36.026612,-80.341962,77.0,52.0
2025-03-28,Durham Armory,Durham,2025,3,36.0329550008979,-78.904037,58.0,56.0
2025-03-28,Frying Pan Mountain,Haywood,2025,3,35.379167,-82.7925,61.0,
2025-03-28,Garinger High School,Mecklenburg,2025,3,35.2401000008895,-80.785683,58.0,48.0
2025-03-28,Hattie Avenue,Forsyth,2025,3,36.11094,-80.224501,77.0,54.0
2025-03-28,Leggett,Edgecombe,2025,3,35.988278,-77.5843,58.0,42.0
2025-03-28,Linville Falls,Avery,2025,3,35.972347,-81.933072,80.0,
2025-03-28,Mendenhall School,Guilford,2025,3,36.1090060008986,-79.802314,71.0,47.0
2025-03-28,Millbrook School,Wake,2025,3,35.856111,-78.574167,58.0,51.0
2025-03-28,Pitt Agri. Center,Pitt,2025,3,35.6412760008938,-77.360126,50.0,27.0
2025-03-28,Rockwell,Rowan,2025,3,35.551868,-80.395039,54.0,50.0
2025-03-28,West Johnston Co.,Johnston,2025,3,35.59095,-78.4622,64.0,47.0
2025-03-29,Bryson City,Swain,2025,3,35.434767,-83.442133,37.0,66.0
2025-03-29,Castle Hayne,New Hanover,2025,3,34.364167,-77.838611,42.0,26.5
2025-03-29,Clemmons Middle,Forsyth,2025,3,36.026612,-80.341962,46.0,41.0
2025-03-29,Durham Armory,Durham,2025,3,36.0329550008979,-78.904037,41.0,51.0
2025-03-29,Frying Pan Mountain,Haywood,2025,3,35.379167,-82.7925,44.0,41.0
2025-03-29,Garinger High School,Mecklenburg,2025,3,35.2401000008895,-80.785683,43.0,37.5
2025-03-29,Hattie Avenue,Forsyth,2025,3,36.11094,-80.224501,46.0,41.5
2025-03-29,Leggett,Edgecombe,2025,3,35.988278,-77.5843,44.0,37.0
2025-03-29,Linville Falls,Avery,2025,3,35.972347,-81.933072,46.0,68.0
2025-03-29,Mendenhall School,Guilford,2025,3,36.1090060008986,-79.802314,45.0,35.0
2025-03-29,Millbrook School,Wake,2025,3,35.856111,-78.574167,41.0,40.0
2025-03-29,Pitt Agri. Center,Pitt,2025,3,35.6412760008938,-77.360126,40.0,28.0
2025-03-29,Rockwell,Rowan,2025,3,35.551868,-80.395039,42.0,36.0
2025-03-29,West Johnston Co.,Johnston,2025,3,35.59095,-78.4622,44.0,32.0
2025-03-30,Bryson City,Swain,2025,3,35.434767,-83.442133,27.0,34.0
2025-03-30,Castle Hayne,New Hanover,2025,3,34.364167,-77.838611,39.0,23.0
2025-03-30,Clemmons Middle,Forsyth,2025,3,36.026612,-80.341962,43.0,36.0
2025-03-30,Durham Armory,Durham,2025,3,36.0329550008979,-78.904037,38.0,49.0
2025-03-30,Frying Pan Mountain,Haywood,2025,3,35.379167,-82.7925,32.0,
2025-03-30,Garinger High School,Mecklenburg,2025,3,35.2401000008895,-80.785683,40.0,33.0
2025-03-30,Hattie Avenue,Forsyth,2025,3,36.11094,-80.224501,44.0,39.0
2025-03-30,Leggett,Edgecombe,2025,3,35.988278,-77.5843,41.0,29.0
2025-03-30,Linville Falls,Avery,2025,3,35.972347,-81.933072,38.0,
2025-03-30,Mendenhall School,Guilford,2025,3,36.1090060008986,-79.802314,40.0,29.0
2025-03-30,Millbrook School,Wake,2025,3,35.856111,-78.574167,37.0,29.0
2025-03-30,Pitt Agri. Center,Pitt,2025,3,35.6412760008938,-77.360126,38.0,26.0
2025-03-30,Rockwell,Rowan,2025,3,35.551868,-80.395039,36.0,38.0
2025-03-30,West Johnston Co.,Johnston,2025,3,35.59095,-78.4622,40.0,27.0
2025-03-31,Bryson City,Swain,2025,3,35.434767,-83.442133,35.0,14.0
2025-03-31,Castle Hayne,New Hanover,2025,3,34.364167,-77.838611,32.0,21.0
2025-03-31,Clemmons Middle,Forsyth,2025,3,36.026612,-80.341962,31.0,33.0
2025-03-31,Durham Armory,Durham,2025,3,36.0329550008979,-78.904037,31.0,50.0
2025-03-31,Frying Pan Mountain,Haywood,2025,3,35.379167,-82.7925,44.0,
2025-03-31,Garinger High School,Mecklenburg,2025,3,35.2401000008895,-80.785683,24.0,32.0
2025-03-31,Hattie Avenue,Forsyth,2025,3,36.11094,-80.224501,31.0,33.0
2025-03-31,Leggett,Edgecombe,2025,3,35.988278,-77.5843,32.0,29.0
2025-03-31,Linville Falls,Avery,2025,3,35.972347,-81.933072,40.0,
2025-03-31,Mendenhall School,Guilford,2025,3,36.1090060008986,-79.802314,31.0,32.0
2025-03-31,Millbrook School,Wake,2025,3,35.856111,-78.574167,31.0,39.0
2025-03-31,Pitt Agri. Center,Pitt,2025,3,35.6412760008938,-77.360126,31.0,25.0
2025-03-31,Rockwell,Rowan,2025,3,35.551868,-80.395039,25.0,33.0
2025-03-31,West Johnston Co.,Johnston,2025,3,35.59095,-78.4622,32.0,26.0
2025-04-01,Bryson City,Swain,2025,4,35.434767,-83.442133,38.0,12.0
2025-04-01,Castle Hayne,New Hanover,2025,4,34.364167,-77.838611,32.0,32.0
2025-04-01,Clemmons Middle,Forsyth,2025,4,36.026612,-80.341962,37.0,10.0
2025-04-01,Durham Armory,Durham,2025,4,36.0329550008979,-78.904037,31.0,16.0
2025-04-01,Frying Pan Mountain,Haywood,2025,4,35.379167,-82.7925,37.0,8.0
2025-04-01,Garinger High School,Mecklenburg,2025,4,35.2401000008895,-80.785683,37.0,14.5
2025-04-01,Hattie Avenue,Forsyth,2025,4,36.11094,-80.224501,34.0,10.5
2025-04-01,Leggett,Edgecombe,2025,4,35.988278,-77.5843,,15.0
2025-04-01,Linville Falls,Avery,2025,4,35.972347,-81.933072,37.0,4.0
2025-04-01,Mendenhall School,Guilford,2025,4,36.1090060008986,-79.802314,32.0,9.0
2025-04-01,Millbrook School,Wake,2025,4,35.856111,-78.574167,31.0,15.0
2025-04-01,Old High School,Swain,2025,4,35.498711,-83.310242,,14.0
2025-04-01,Pitt Agri. Center,Pitt,2025,4,35.6412760008938,-77.360126,31.0,9.0
2025-04-01,Rockwell,Rowan,2025,4,35.551868,-80.395039,34.0,7.0
2025-04-01,West Johnston Co.,Johnston,2025,4,35.59095,-78.4622,34.0,10.0
2025-04-02,Bryson City,Swain,2025,4,35.434767,-83.442133,27.0,33.0
2025-04-02,Castle Hayne,New Hanover,2025,4,34.364167,-77.838611,37.0,37.5
2025-04-02,Clemmons Middle,Forsyth,2025,4,36.026612,-80.341962,32.0,39.0
2025-04-02,Durham Armory,Durham,2025,4,36.0329550008979,-78.904037,37.0,36.0
2025-04-02,Frying Pan Mountain,Haywood,2025,4,35.379167,-82.7925,30.0,
2025-04-02,Garinger High School,Mecklenburg,2025,4,35.2401000008895,-80.785683,28.0,52.0
2025-04-02,Hattie Avenue,Forsyth,2025,4,36.11094,-80.224501,32.0,37.0
2025-04-02,Leggett,Edgecombe,2025,4,35.988278,-77.5843,40.0,27.0
2025-04-02,Linville Falls,Avery,2025,4,35.972347,-81.933072,28.0,
2025-04-02,Mendenhall School,Guilford,2025,4,36.1090060008986,-79.802314,35.0,48.0
2025-04-02,Millbrook School,Wake,2025,4,35.856111,-78.574167,37.0,34.0
2025-04-02,Pitt Agri. Center,Pitt,2025,4,35.6412760008938,-77.360126,37.0,23.0
2025-04-02,Rockwell,Rowan,2025,4,35.551868,-80.395039,31.0,51.0
2025-04-02,West Johnston Co.,Johnston,2025,4,35.59095,-78.4622,39.0,38.0
2025-04-03,Bryson City,Swain,2025,4,35.434767,-83.442133,34.0,41.0
2025-04-03,Castle Hayne,New Hanover,2025,4,34.364167,-77.838611,23.0,39.0
2025-04-03,Clemmons Middle,Forsyth,2025,4,36.026612,-80.341962,31.0,47.0
2025-04-03,Durham Armory,Durham,2025,4,36.0329550008979,-78.904037,28.0,52.0
2025-04-03,Frying Pan Mountain,Haywood,2025,4,35.379167,-82.7925,30.0,
2025-04-03,Garinger High School,Mecklenburg,2025,4,35.2401000008895,-80.785683,27.0,40.0
2025-04-03,Hattie Avenue,Forsyth,2025,4,36.11094,-80.224501,29.0,51.0
2025-04-03,Leggett,Edgecombe,2025,4,35.988278,-77.5843,31.0,37.0
2025-04-03,Linville Falls,Avery,2025,4,35.972347,-81.933072,31.0,
2025-04-03,Mendenhall School,Guilford,2025,4,36.1090060008986,-79.802314,28.0,46.0
2025-04-03,Millbrook School,Wake,2025,4,35.856111,-78.574167,31.0,53.0
2025-04-03,Pitt Agri. Center,Pitt,2025,4,35.6412760008938,-77.360126,28.0,41.0
2025-04-03,Rockwell,Rowan,2025,4,35.551868,-80.395039,28.0,44.0
2025-04-03,West Johnston Co.,Johnston,2025,4,35.59095,-78.4622,31.0,39.0
2025-04-04,Bryson City,Swain,2025,4,35.434767,-83.442133,36.0,35.0
2025-04-04,Castle Hayne,New Hanover,2025,4,34.364167,-77.838611,27.0,38.5
2025-04-04,Clemmons Middle,Forsyth,2025,4,36.026612,-80.341962,38.0,52.0
2025-04-04,Durham Armory,Durham,2025,4,36.0329550008979,-78.904037,31.0,55.0
2025-04-04,Frying Pan Mountain,Haywood,2025,4,35.379167,-82.7925,33.0,31.0
2025-04-04,Garinger High School,Mecklenburg,2025,4,35.2401000008895,-80.785683,32.0,51.5
2025-04-04,Hattie Avenue,Forsyth,2025,4,36.11094,-80.224501,38.0,53.0
2025-04-04,Leggett,Edgecombe,2025,4,35.988278,-77.5843,32.0,48.0
2025-04-04,Linville Falls,Avery,2025,4,35.972347,-81.933072,32.0,34.0
2025-04-04,Mendenhall School,Guilford,2025,4,36.1090060008986,-79.802314,37.0,51.0
2025-04-04,Millbrook School,Wake,2025,4,35.856111,-78.574167,32.0,57.5
2025-04-04,Pitt Agri. Center,Pitt,2025,4,35.6412760008938,-77.360126,30.0,44.0
2025-04-04,Rockwell,Rowan,2025,4,35.551868,-80.395039,35.0,47.0
2025-04-04,West Johnston Co.,Johnston,2025,4,35.59095,-78.4622,32.0,54.0
2025-04-05,Bryson City,Swain,2025,4,35.434767,-83.442133,44.0,38.0
2025-04-05,Castle Hayne,New Hanover,2025,4,34.364167,-77.838611,32.0,23.5
2025-04-05,Clemmons Middle,Forsyth,2025,4,36.026612,-80.341962,38.0,52.0
2025-04-05,Durham Armory,Durham,2025,4,36.0329550008979,-78.904037,33.0,55.0
2025-04-05,Frying Pan Mountain,Haywood,2025,4,35.379167,-82.7925,41.0,
2025-04-05,Garinger High School,Mecklenburg,2025,4,35.2401000008895,-80.785683,35.0,46.0
2025-04-05,Hattie Avenue,Forsyth,2025,4,36.11094,-80.224501,38.0,52.0
2025-04-05,Leggett,Edgecombe,2025,4,35.988278,-77.5843,31.0,50.0
2025-04-05,Linville Falls,Avery,2025,4,35.972347,-81.933072,43.0,
2025-04-05,Mendenhall School,Guilford,2025,4,36.1090060008986,-79.802314,35.0,53.0
2025-04-05,Millbrook School,Wake,2025,4,35.856111,-78.574167,31.0,55.0
2025-04-05,Pitt Agri. Center,Pitt,2025,4,35.6412760008938,-77.360126,29.0,29.0
2025-04-05,Rockwell,Rowan,2025,4,35.551868,-80.395039,33.0,51.0
2025-04-05,West Johnston Co.,Johnston,2025,4,35.59095,-78.4622,32.0,46.0
2025-04-06,Bryson City,Swain,2025,4,35.434767,-83.442133,32.0,16.0
2025-04-06,Castle Hayne,New Hanover,2025,4,34.364167,-77.838611,31.0,36.0
2025-04-06,Clemmons Middle,Forsyth,2025,4,36.026612,-80.341962,46.0,32.0
2025-04-06,Durham Armory,Durham,2025,4,36.0329550008979,-78.904037,40.0,36.0
2025-04-06,Frying Pan Mountain,Haywood,2025,4,35.379167,-82.7925,42.0,
2025-04-06,Garinger High School,Mecklenburg,2025,4,35.2401000008895,-80.785683,38.0,34.0
2025-04-06,Hattie Avenue,Forsyth,2025,4,36.11094,-80.224501,45.0,37.0
2025-04-06,Leggett,Edgecombe,2025,4,35.988278,-77.5843,36.0,39.0
2025-04-06,Linville Falls,Avery,2025,4,35.972347,-81.933072,45.0,
2025-04-06,Mendenhall School,Guilford,2025,4,36.1090060008986,-79.802314,45.0,34.0
2025-04-06,Millbrook School,Wake,2025,4,35.856111,-78.574167,36.0,42.0
2025-04-06,Pitt Agri. Center,Pitt,2025,4,35.6412760008938,-77.360126,34.0,32.0
2025-04-06,Rockwell,Rowan,2025,4,35.551868,-80.395039,43.0,38.0
2025-04-06,West Johnston Co.,Johnston,2025,4,35.59095,-78.4622,35.0,36.0
2025-04-07,Bryson City,Swain,2025,4,35.434767,-83.442133,28.0,8.0
2025-04-07,Castle Hayne,New Hanover,2025,4,34.364167,-77.838611,33.0,36.5
2025-04-07,Clemmons Middle,Forsyth,2025,4,36.026612,-80.341962,29.0,27.5
2025-04-07,Durham Armory,Durham,2025,4,36.0329550008979,-78.904037,24.0,37.0
2025-04-07,Frying Pan Mountain,Haywood,2025,4,35.379167,-82.7925,44.0,8.0
2025-04-07,Garinger High School,Mecklenburg,2025,4,35.2401000008895,-80.785683,28.0,31.5
2025-04-07,Hattie Avenue,Forsyth,2025,4,36.11094,-80.224501,28.0,30.0
2025-04-07,Leggett,Edgecombe,2025,4,35.988278,-77.5843,28.0,36.0
2025-04-07,Linville Falls,Avery,2025,4,35.972347,-81.933072,43.0,8.0
2025-04-07,Mendenhall School,Guilford,2025,4,36.1090060008986,-79.802314,27.0,38.0
2025-04-07,Millbrook School,Wake,2025,4,35.856111,-78.574167,24.0,39.5
2025-04-07,Old High School,Swain,2025,4,35.498711,-83.310242,,12.0
2025-04-07,Pitt Agri. Center,Pitt,2025,4,35.6412760008938,-77.360126,31.0,29.0
2025-04-07,Rockwell,Rowan,2025,4,35.551868,-80.395039,29.0,33.0
2025-04-07,West Johnston Co.,Johnston,2025,4,35.59095,-78.4622,26.0,38.0
2025-04-08,Bryson City,Swain,2025,4,35.434767,-83.442133,48.0,25.0
2025-04-08,Castle Hayne,New Hanover,2025,4,34.364167,-77.838611,43.0,31.5
2025-04-08,Clemmons Middle,Forsyth,2025,4,36.026612,-80.341962,50.0,23.0
2025-04-08,Durham Armory,Durham,2025,4,36.0329550008979,-78.904037,44.0,31.5
2025-04-08,Frying Pan Mountain,Haywood,2025,4,35.379167,-82.7925,49.0,
2025-04-08,Garinger High School,Mecklenburg,2025,4,35.2401000008895,-80.785683,51.0,30.0
2025-04-08,Hattie Avenue,Forsyth,2025,4,36.11094,-80.224501,49.0,23.0
2025-04-08,Leggett,Edgecombe,2025,4,35.988278,-77.5843,37.0,23.0
2025-04-08,Linville Falls,Avery,2025,4,35.972347,-81.933072,48.0,
2025-04-08,Mendenhall School,Guilford,2025,4,36.1090060008986,-79.802314,47.0,19.0
2025-04-08,Millbrook School,Wake,2025,4,35.856111,-78.574167,45.0,21.0
2025-04-08,Pitt Agri. Center,Pitt,2025,4,35.6412760008938,-77.360126,37.0,13.0
2025-04-08,Rockwell,Rowan,2025,4,35.551868,-80.395039,46.0,23.0
2025-04-08,West Johnston Co.,Johnston,2025,4,35.59095,-78.4622,48.0,21.0
2025-04-09,Bryson City,Swain,2025,4,35.434767,-83.442133,46.0,27.0
2025-04-09,Castle Hayne,New Hanover,2025,4,34.364167,-77.838611,44.0,54.5
2025-04-09,Clemmons Middle,Forsyth,2025,4,36.026612,-80.341962,48.0,24.0
2025-04-09,Durham Armory,Durham,2025,4,36.0329550008979,-78.904037,46.0,34.0
2025-04-09,Frying Pan Mountain,Haywood,2025,4,35.379167,-82.7925,48.0,
2025-04-09,Garinger High School,Mecklenburg,2025,4,35.2401000008895,-80.785683,47.0,36.0
2025-04-09,Hattie Avenue,Forsyth,2025,4,36.11094,-80.224501,49.0,23.0
2025-04-09,Leggett,Edgecombe,2025,4,35.988278,-77.5843,45.0,26.0
2025-04-09,Linville Falls,Avery,2025,4,35.972347,-81.933072,48.0,
2025-04-09,Mendenhall School,Guilford,2025,4,36.1090060008986,-79.802314,45.0,21.0
2025-04-09,Millbrook School,Wake,2025,4,35.856111,-78.574167,44.0,23.0
2025-04-09,Pitt Agri. Center,Pitt,2025,4,35.6412760008938,-77.360126,44.0,23.0
2025-04-09,Rockwell,Rowan,2025,4,35.551868,-80.395039,44.0,31.0
2025-04-09,West Johnston Co.,Johnston,2025,4,35.59095,-78.4622,46.0,26.0
2025-04-10,Bryson City,Swain,2025,4,35.434767,-83.442133,37.0,51.0
2025-04-10,Castle Hayne,New Hanover,2025,4,34.364167,-77.838611,46.0,53.0
2025-04-10,Clemmons Middle,Forsyth,2025,4,36.026612,-80.341962,38.0,52.0
2025-04-10,Durham Armory,Durham,2025,4,36.0329550008979,-78.904037,44.0,39.5
2025-04-10,Frying Pan Mountain,Haywood,2025,4,35.379167,-82.7925,61.0,
2025-04-10,Garinger High School,Mecklenburg,2025,4,35.2401000008895,-80.785683,41.0,49.0
2025-04-10,Hattie Avenue,Forsyth,2025,4,36.11094,-80.224501,40.0,47.5
2025-04-10,Leggett,Edgecombe,2025,4,35.988278,-77.5843,45.0,34.0
2025-04-10,Linville Falls,Avery,2025,4,35.972347,-81.933072,38.0,33.0
2025-04-10,Mendenhall School,Guilford,2025,4,36.1090060008986,-79.802314,42.0,38.0
2025-04-10,Millbrook School,Wake,2025,4,35.856111,-78.574167,45.0,31.0
2025-04-10,Pitt Agri. Center,Pitt,2025,4,35.6412760008938,-77.360126,44.0,25.0
2025-04-10,Rockwell,Rowan,2025,4,35.551868,-80.395039,39.0,47.0
2025-04-10,West Johnston Co.,Johnston,2025,4,35.59095,-78.4622,48.0,32.0
2025-04-11,Bryson City,Swain,2025,4,35.434767,-83.442133,40.0,23.0
2025-04-11,Castle Hayne,New Hanover,2025,4,34.364167,-77.838611,45.0,29.5
2025-04-11,Clemmons Middle,Forsyth,2025,4,36.026612,-80.341962,36.0,35.0
2025-04-11,Durham Armory,Durham,2025,4,36.0329550008979,-78.904037,30.0,38.0
2025-04-11,Frying Pan Mountain,Haywood,2025,4,35.379167,-82.7925,44.0,
2025-04-11,Garinger High School,Mecklenburg,2025,4,35.2401000008895,-80.785683,40.0,29.0
2025-04-11,Hattie Avenue,Forsyth,2025,4,36.11094,-80.224501,35.0,27.0
2025-04-11,Leggett,Edgecombe,2025,4,35.988278,-77.5843,32.0,17.0
2025-04-11,Linville Falls,Avery,2025,4,35.972347,-81.933072,45.0,
2025-04-11,Mendenhall School,Guilford,2025,4,36.1090060008986,-79.802314,31.0,21.0
2025-04-11,Millbrook School,Wake,2025,4,35.856111,-78.574167,37.0,24.0
2025-04-11,Pitt Agri. Center,Pitt,2025,4,35.6412760008938,-77.360126,35.0,15.0
2025-04-11,Rockwell,Rowan,2025,4,35.551868,-80.395039,40.0,21.0
2025-04-11,West Johnston Co.,Johnston,2025,4,35.59095,-78.4622,42.0,24.0
2025-04-12,Bryson City,Swain,2025,4,35.434767,-83.442133,42.0,27.0
2025-04-12,Castle Hayne,New Hanover,2025,4,34.364167,-77.838611,34.0,21.0
2025-04-12,Clemmons Middle,Forsyth,2025,4,36.026612,-80.341962,40.0,38.0
2025-04-12,Durham Armory,Durham,2025,4,36.0329550008979,-78.904037,33.0,27.0
2025-04-12,Frying Pan Mountain,Haywood,2025,4,35.379167,-82.7925,46.0,
2025-04-12,Garinger High School,Mecklenburg,2025,4,35.2401000008895,-80.785683,38.0,40.0
2025-04-12,Hattie Avenue,Forsyth,2025,4,36.11094,-80.224501,40.0,36.0
2025-04-12,Leggett,Edgecombe,2025,4,35.988278,-77.5843,30.0,14.0
2025-04-12,Linville Falls,Avery,2025,4,35.972347,-81.933072,42.0,
2025-04-12,Mendenhall School,Guilford,2025,4,36.1090060008986,-79.802314,37.0,18.0
2025-04-12,Millbrook School,Wake,2025,4,35.856111,-78.574167,36.0,18.0
2025-04-12,Pitt Agri. Center,Pitt,2025,4,35.6412760008938,-77.360126,32.0,7.0
2025-04-12,Rockwell,Rowan,2025,4,35.551868,-80.395039,38.0,29.0
2025-04-12,West Johnston Co.,Johnston,2025,4,35.59095,-78.4622,33.0,16.0
2025-04-13,Bryson City,Swain,2025,4,35.434767,-83.442133,42.0,26.0
2025-04-13,Castle Hayne,New Hanover,2025,4,34.364167,-77.838611,41.0,36.0
2025-04-13,Clemmons Middle,Forsyth,2025,4,36.026612,-80.341962,47.0,26.0
2025-04-13,Durham Armory,Durham,2025,4,36.0329550008979,-78.904037,43.0,28.5
2025-04-13,Frying Pan Mountain,Haywood,2025,4,35.379167,-82.7925,67.0,
2025-04-13,Garinger High School,Mecklenburg,2025,4,35.2401000008895,-80.785683,48.0,43.0
2025-04-13,Hattie Avenue,Forsyth,2025,4,36.11094,-80.224501,47.0,25.0
2025-04-13,Leggett,Edgecombe,2025,4,35.988278,-77.5843,43.0,29.0
2025-04-13,Linville Falls,Avery,2025,4,35.972347,-81.933072,48.0,18.0
2025-04-13,Mendenhall School,Guilford,2025,4,36.1090060008986,-79.802314,44.0,28.0
2025-04-13,Millbrook School,Wake,2025,4,35.856111,-78.574167,44.0,27.0
2025-04-13,Old High School,Swain,2025,4,35.498711,-83.310242,,21.0
2025-04-13,Pitt Agri. Center,Pitt,2025,4,35.6412760008938,-77.360126,44.0,23.0
2025-04-13,Rockwell,Rowan,2025,4,35.551868,-80.395039,45.0,37.0
2025-04-13,West Johnston Co.,Johnston,2025,4,35.59095,-78.4622,45.0,31.0
2025-04-14,Bryson City,Swain,2025,4,35.434767,-83.442133,71.0,49.0
2025-04-14,Castle Hayne,New Hanover,2025,4,34.364167,-77.838611,51.0,52.0
2025-04-14,Clemmons Middle,Forsyth,2025,4,36.026612,-80.341962,77.0,53.0
2025-04-14,Durham Armory,Durham,2025,4,36.0329550008979,-78.904037,51.0,53.0
2025-04-14,Frying Pan Mountain,Haywood,2025,4,35.379167,-82.7925,77.0,
2025-04-14,Garinger High School,Mecklenburg,2025,4,35.2401000008895,-80.785683,77.0,52.0
2025-04-14,Hattie Avenue,Forsyth,2025,4,36.11094,-80.224501,71.0,53.0
2025-04-14,Leggett,Edgecombe,2025,4,35.988278,-77.5843,58.0,52.0
2025-04-14,Linville Falls,Avery,2025,4,35.972347,-81.933072,67.0,
2025-04-14,Mendenhall School,Guilford,2025,4,36.1090060008986,-79.802314,67.0,52.0
2025-04-14,Millbrook School,Wake,2025,4,35.856111,-78.574167,48.0,54.0
2025-04-14,Pitt Agri. Center,Pitt,2025,4,35.6412760008938,-77.360126,50.0,52.0
2025-04-14,Rockwell,Rowan,2025,4,35.551868,-80.395039,67.0,54.0
2025-04-14,West Johnston Co.,Johnston,2025,4,35.59095,-78.4622,50.0,57.0
2025-04-15,Bryson City,Swain,2025,4,35.434767,-83.442133,44.0,32.0
2025-04-15,Castle Hayne,New Hanover,2025,4,34.364167,-77.838611,46.0,60.0
2025-04-15,Clemmons Middle,Forsyth,2025,4,36.026612,-80.341962,45.0,36.0
2025-04-15,Durham Armory,Durham,2025,4,36.0329550008979,-78.904037,44.0,48.0
2025-04-15,Frying Pan Mountain,Haywood,2025,4,35.379167,-82.7925,45.0,
2025-04-15,Garinger High School,Mecklenburg,2025,4,35.2401000008895,-80.785683,44.0,46.0
2025-04-15,Hattie Avenue,Forsyth,2025,4,36.11094,-80.224501,44.0,35.0
2025-04-15,Leggett,Edgecombe,2025,4,35.988278,-77.5843,44.0,53.0
2025-04-15,Linville Falls,Avery,2025,4,35.972347,-81.933072,44.0,
2025-04-15,Mendenhall School,Guilford,2025,4,36.1090060008986,-79.802314,43.0,37.0
2025-04-15,Millbrook School,Wake,2025,4,35.856111,-78.574167,44.0,43.0
2025-04-15,Pitt Agri. Center,Pitt,2025,4,35.6412760008938,-77.360126,45.0,51.0
2025-04-15,Rockwell,Rowan,2025,4,35.551868,-80.395039,44.0,42.0
2025-04-15,West Johnston Co.,Johnston,2025,4,35.59095,-78.4622,48.0,43.0
2025-04-16,Bryson City,Swain,2025,4,35.434767,-83.442133,49.0,22.0
2025-04-16,Castle Hayne,New Hanover,2025,4,34.364167,-77.838611,45.0,32.5
2025-04-16,Clemmons Middle,Forsyth,2025,4,36.026612,-80.341962,47.0,26.0
2025-04-16,Durham Armory,Durham,2025,4,36.0329550008979,-78.904037,44.0,33.5
2025-04-16,Frying Pan Mountain,Haywood,2025,4,35.379167,-82.7925,54.0,
2025-04-16,Garinger High School,Mecklenburg,2025,4,35.2401000008895,-80.785683,47.0,32.0
2025-04-16,Hattie Avenue,Forsyth,2025,4,36.11094,-80.224501,47.0,30.0
2025-04-16,Leggett,Edgecombe,2025,4,35.988278,-77.5843,44.0,28.0
2025-04-16,Linville Falls,Avery,2025,4,35.972347,-81.933072,48.0,17.0
2025-04-16,Mendenhall School,Guilford,2025,4,36.1090060008986,-79.802314,46.0,22.0
2025-04-16,Millbrook School,Wake,2025,4,35.856111,-78.574167,45.0,26.5
2025-04-16,Pitt Agri. Center,Pitt,2025,4,35.6412760008938,-77.360126,44.0,19.0
2025-04-16,Rockwell,Rowan,2025,4,35.551868,-80.395039,45.0,24.0
2025-04-16,West Johnston Co.,Johnston,2025,4,35.59095,-78.4622,48.0,32.0
2025-04-17,Bryson City,Swain,2025,4,35.434767,-83.442133,50.0,30.0
2025-04-17,Castle Hayne,New Hanover,2025,4,34.364167,-77.838611,51.0,52.0
2025-04-17,Clemmons Middle,Forsyth,2025,4,36.026612,-80.341962,61.0,34.0
2025-04-17,Durham Armory,Durham,2025,4,36.0329550008979,-78.904037,51.0,42.5
2025-04-17,Frying Pan Mountain,Haywood,2025,4,35.379167,-82.7925,58.0,
2025-04-17,Garinger High School,Mecklenburg,2025,4,35.2401000008895,-80.785683,77.0,46.0
2025-04-17,Hattie Avenue,Forsyth,2025,4,36.11094,-80.224501,67.0,34.0
2025-04-17,Leggett,Edgecombe,2025,4,35.988278,-77.5843,48.0,26.0
2025-04-17,Linville Falls,Avery,2025,4,35.972347,-81.933072,67.0,
2025-04-17,Mendenhall School,Guilford,2025,4,36.1090060008986,-79.802314,61.0,37.0
2025-04-17,Millbrook School,Wake,2025,4,35.856111,-78.574167,54.0,33.0
2025-04-17,Pitt Agri. Center,Pitt,2025,4,35.6412760008938,-77.360126,48.0,32.0
2025-04-17,Rockwell,Rowan,2025,4,35.551868,-80.395039,50.0,46.0
2025-04-17,West Johnston Co.,Johnston,2025,4,35.59095,-78.4622,54.0,46.0
2025-04-18,Bryson City,Swain,2025,4,35.434767,-83.442133,87.0,62.0
2025-04-18,Castle Hayne,New Hanover,2025,4,34.364167,-77.838611,51.0,42.0
2025-04-18,Clemmons Middle,Forsyth,2025,4,36.026612,-80.341962,90.0,55.0
2025-04-18,Durham Armory,Durham,2025,4,36.0329550008979,-78.904037,58.0,56.5
2025-04-18,Frying Pan Mountain,Haywood,2025,4,35.379167,-82.7925,84.0,
2025-04-18,Garinger High School,Mecklenburg,2025,4,35.2401000008895,-80.785683,71.0,55.0
2025-04-18,Hattie Avenue,Forsyth,2025,4,36.11094,-80.224501,90.0,55.0
2025-04-18,Leggett,Edgecombe,2025,4,35.988278,-77.5843,54.0,41.0
2025-04-18,Linville Falls,Avery,2025,4,35.972347,-81.933072,90.0,
2025-04-18,Mendenhall School,Guilford,2025,4,36.1090060008986,-79.802314,64.0,54.0
2025-04-18,Millbrook School,Wake,2025,4,35.856111,-78.574167,51.0,53.0
2025-04-18,Pitt Agri. Center,Pitt,2025,4,35.6412760008938,-77.360126,50.0,33.0
2025-04-18,Rockwell,Rowan,2025,4,35.551868,-80.395039,54.0,55.0
2025-04-18,West Johnston Co.,Johnston,2025,4,35.59095,-78.4622,61.0,52.0
2025-04-19,Bryson City,Swain,2025,4,35.434767,-83.442133,64.0,80.0
2025-04-19,Castle Hayne,New Hanover,2025,4,34.364167,-77.838611,44.0,23.5
2025-04-19,Clemmons Middle,Forsyth,2025,4,36.026612,-80.341962,44.0,55.0
2025-04-19,Durham Armory,Durham,2025,4,36.0329550008979,-78.904037,41.0,53.5
2025-04-19,Frying Pan Mountain,Haywood,2025,4,35.379167,-82.7925,74.0,
2025-04-19,Garinger High School,Mecklenburg,2025,4,35.2401000008895,-80.785683,45.0,53.5
2025-04-19,Hattie Avenue,Forsyth,2025,4,36.11094,-80.224501,46.0,58.0
2025-04-19,Leggett,Edgecombe,2025,4,35.988278,-77.5843,44.0,39.0
2025-04-19,Linville Falls,Avery,2025,4,35.972347,-81.933072,51.0,54.0
2025-04-19,Mendenhall School,Guilford,2025,4,36.1090060008986,-79.802314,44.0,54.0
2025-04-19,Millbrook School,Wake,2025,4,35.856111,-78.574167,43.0,46.5
2025-04-19,Old High School,Swain,2025,4,35.498711,-83.310242,54.0,69.0
2025-04-19,Pitt Agri. Center,Pitt,2025,4,35.6412760008938,-77.360126,41.0,33.0
2025-04-19,Rockwell,Rowan,2025,4,35.551868,-80.395039,42.0,57.0
2025-04-19,West Johnston Co.,Johnston,2025,4,35.59095,-78.4622,45.0,43.0
2025-04-20,Bryson City,Swain,2025,4,35.434767,-83.442133,54.0,76.0
2025-04-20,Castle Hayne,New Hanover,2025,4,34.364167,-77.838611,38.0,37.5
2025-04-20,Clemmons Middle,Forsyth,2025,4,36.026612,-80.341962,45.0,60.0
2025-04-20,Durham Armory,Durham,2025,4,36.0329550008979,-78.904037,40.0,57.5
2025-04-20,Frying Pan Mountain,Haywood,2025,4,35.379167,-82.7925,50.0,
2025-04-20,Garinger High School,Mecklenburg,2025,4,35.2401000008895,-80.785683,38.0,51.0
2025-04-20,Hattie Avenue,Forsyth,2025,4,36.11094,-80.224501,47.0,61.0
2025-04-20,Leggett,Edgecombe,2025,4,35.988278,-77.5843,41.0,51.0
2025-04-20,Linville Falls,Avery,2025,4,35.972347,-81.933072,50.0,
2025-04-20,Mendenhall School,Guilford,2025,4,36.1090060008986,-79.802314,43.0,57.0
2025-04-20,Millbrook School,Wake,2025,4,35.856111,-78.574167,39.0,54.0
2025-04-20,Old High School,Swain,2025,4,35.498711,-83.310242,49.0,64.0
2025-04-20,Pitt Agri. Center,Pitt,2025,4,35.6412760008938,-77.360126,40.0,57.0
2025-04-20,Rockwell,Rowan,2025,4,35.551868,-80.395039,38.0,51.0
2025-04-20,West Johnston Co.,Johnston,2025,4,35.59095,-78.4622,37.0,53.0
2025-04-21,Bryson City,Swain,2025,4,35.434767,-83.442133,45.0,44.0
2025-04-21,Castle Hayne,New Hanover,2025,4,34.364167,-77.838611,46.0,46.0
2025-04-21,Clemmons Middle,Forsyth,2025,4,36.026612,-80.341962,47.0,53.0
2025-04-21,Durham Armory,Durham,2025,4,36.0329550008979,-78.904037,44.0,56.5
2025-04-21,Frying Pan Mountain,Haywood,2025,4,35.379167,-82.7925,49.0,
2025-04-21,Garinger High School,Mecklenburg,2025,4,35.2401000008895,-80.785683,46.0,50.0
2025-04-21,Hattie Avenue,Forsyth,2025,4,36.11094,-80.224501,47.0,54.0
2025-04-21,Leggett,Edgecombe,2025,4,35.988278,-77.5843,46.0,52.0
2025-04-21,Linville Falls,Avery,2025,4,35.972347,-81.933072,46.0,
2025-04-21,Mendenhall School,Guilford,2025,4,36.1090060008986,-79.802314,49.0,52.0
2025-04-21,Millbrook School,Wake,2025,4,35.856111,-78.574167,46.0,57.0
2025-04-21,Old High School,Swain,2025,4,35.498711,-83.310242,45.0,52.0
2025-04-21,Pitt Agri. Center,Pitt,2025,4,35.6412760008938,-77.360126,44.0,42.0
2025-04-21,Rockwell,Rowan,2025,4,35.551868,-80.395039,44.0,49.0
2025-04-21,West Johnston Co.,Johnston,2025,4,35.59095,-78.4622,49.0,42.0
2025-04-22,Bryson City,Swain,2025,4,35.434767,-83.442133,31.0,34.0
2025-04-22,Castle Hayne,New Hanover,2025,4,34.364167,-77.838611,44.0,45.0
2025-04-22,Clemmons Middle,Forsyth,2025,4,36.026612,-80.341962,39.0,53.0
2025-04-22,Durham Armory,Durham,2025,4,36.0329550008979,-78.904037,40.0,55.5
2025-04-22,Frying Pan Mountain,Haywood,2025,4,35.379167,-82.7925,44.0,
2025-04-22,Garinger High School,Mecklenburg,2025,4,35.2401000008895,-80.785683,44.0,52.0
2025-04-22,Hattie Avenue,Forsyth,2025,4,36.11094,-80.224501,37.0,53.0
2025-04-22,Leggett,Edgecombe,2025,4,35.988278,-77.5843,43.0,54.0
2025-04-22,Linville Falls,Avery,2025,4,35.972347,-81.933072,42.0,24.0
2025-04-22,Mendenhall School,Guilford,2025,4,36.1090060008986,-79.802314,37.0,46.0
2025-04-22,Millbrook School,Wake,2025,4,35.856111,-78.574167,43.0,55.5
2025-04-22,Old High School,Swain,2025,4,35.498711,-83.310242,,37.0
2025-04-22,Pitt Agri. Center,Pitt,2025,4,35.6412760008938,-77.360126,42.0,53.0
2025-04-22,Rockwell,Rowan,2025,4,35.551868,-80.395039,42.0,53.0
2025-04-22,West Johnston Co.,Johnston,2025,4,35.59095,-78.4622,40.0,57.0
2025-04-23,Bryson City,Swain,2025,4,35.434767,-83.442133,38.0,16.0
2025-04-23,Castle Hayne,New Hanover,2025,4,34.364167,-77.838611,34.0,50.5
2025-04-23,Clemmons Middle,Forsyth,2025,4,36.026612,-80.341962,71.0,39.0
2025-04-23,Durham Armory,Durham,2025,4,36.0329550008979,-78.904037,48.0,50.5
2025-04-23,Frying Pan Mountain,Haywood,2025,4,35.379167,-82.7925,44.0,
2025-04-23,Garinger High School,Mecklenburg,2025,4,35.2401000008895,-80.785683,46.0,46.0
2025-04-23,Hattie Avenue,Forsyth,2025,4,36.11094,-80.224501,67.0,39.0
2025-04-23,Leggett,Edgecombe,2025,4,35.988278,-77.5843,44.0,53.0
2025-04-23,Linville Falls,Avery,2025,4,35.972347,-81.933072,45.0,
2025-04-23,Mendenhall School,Guilford,2025,4,36.1090060008986,-79.802314,48.0,42.0
2025-04-23,Millbrook School,Wake,2025,4,35.856111,-78.574167,43.0,52.0
2025-04-23,Old High School,Swain,2025,4,35.498711,-83.310242,36.0,29.0
2025-04-23,Pitt Agri. Center,Pitt,2025,4,35.6412760008938,-77.360126,42.0,56.0
2025-04-23,Rockwell,Rowan,2025,4,35.551868,-80.395039,43.0,42.0
2025-04-23,West Johnston Co.,Johnston,2025,4,35.59095,-78.4622,41.0,57.0
2025-04-24,Bryson City,Swain,2025,4,35.434767,-83.442133,32.0,27.0
2025-04-24,Castle Hayne,New Hanover,2025,4,34.364167,-77.838611,38.0,50.5
2025-04-24,Clemmons Middle,Forsyth,2025,4,36.026612,-80.341962,39.0,55.0
2025-04-24,Durham Armory,Durham,2025,4,36.0329550008979,-78.904037,51.0,57.0
2025-04-24,Frying Pan Mountain,Haywood,2025,4,35.379167,-82.7925,41.0,
2025-04-24,Garinger High School,Mecklenburg,2025,4,35.2401000008895,-80.785683,26.0,55.0
2025-04-24,Hattie Avenue,Forsyth,2025,4,36.11094,-80.224501,40.0,55.0
2025-04-24,Leggett,Edgecombe,2025,4,35.988278,-77.5843,47.0,48.0
2025-04-24,Linville Falls,Avery,2025,4,35.972347,-81.933072,42.0,
2025-04-24,Mendenhall School,Guilford,2025,4,36.1090060008986,-79.802314,46.0,55.0
2025-04-24,Millbrook School,Wake,2025,4,35.856111,-78.574167,51.0,58.0
2025-04-24,Old High School,Swain,2025,4,35.498711,-83.310242,33.0,37.0
2025-04-24,Pitt Agri. Center,Pitt,2025,4,35.6412760008938,-77.360126,46.0,51.0
2025-04-24,Rockwell,Rowan,2025,4,35.551868,-80.395039,32.0,54.0
2025-04-24,West Johnston Co.,Johnston,2025,4,35.59095,-78.4622,51.0,53.0
2025-04-25,Bryson City,Swain,2025,4,35.434767,-83.442133,35.0,47.0
2025-04-25,Castle Hayne,New Hanover,2025,4,34.364167,-77.838611,44.0,39.5
2025-04-25,Clemmons Middle,Forsyth,2025,4,36.026612,-80.341962,39.0,61.0
2025-04-25,Durham Armory,Durham,2025,4,36.0329550008979,-78.904037,36.0,54.5
2025-04-25,Frying Pan Mountain,Haywood,2025,4,35.379167,-82.7925,40.0,19.0
2025-04-25,Garinger High School,Mecklenburg,2025,4,35.2401000008895,-80.785683,38.0,50.0
2025-04-25,Hattie Avenue,Forsyth,2025,4,36.11094,-80.224501,40.0,60.0
2025-04-25,Leggett,Edgecombe,2025,4,35.988278,-77.5843,44.0,40.0
2025-04-25,Linville Falls,Avery,2025,4,35.972347,-81.933072,34.0,32.0
2025-04-25,Mendenhall School,Guilford,2025,4,36.1090060008986,-79.802314,38.0,54.0
2025-04-25,Millbrook School,Wake,2025,4,35.856111,-78.574167,41.0,54.5
2025-04-25,Old High School,Swain,2025,4,35.498711,-83.310242,35.0,44.5
2025-04-25,Pitt Agri. Center,Pitt,2025,4,35.6412760008938,-77.360126,42.0,30.0
2025-04-25,Rockwell,Rowan,2025,4,35.551868,-80.395039,36.0,
2025-04-25,West Johnston Co.,Johnston,2025,4,35.59095,-78.4622,44.0,55.0
2025-04-26,Bryson City,Swain,2025,4,35.434767,-83.442133,40.0,33.0
2025-04-26,Castle Hayne,New Hanover,2025,4,34.364167,-77.838611,35.0,33.0
2025-04-26,Clemmons Middle,Forsyth,2025,4,36.026612,-80.341962,37.0,38.0
2025-04-26,Durham Armory,Durham,2025,4,36.0329550008979,-78.904037,37.0,45.0
2025-04-26,Frying Pan Mountain,Haywood,2025,4,35.379167,-82.7925,43.0,
2025-04-26,Garinger High School,Mecklenburg,2025,4,35.2401000008895,-80.785683,40.0,33.0
2025-04-26,Hattie Avenue,Forsyth,2025,4,36.11094,-80.224501,38.0,38.0
2025-04-26,Leggett,Edgecombe,2025,4,35.988278,-77.5843,40.0,35.0
2025-04-26,Linville Falls,Avery,2025,4,35.972347,-81.933072,44.0,
2025-04-26,Mendenhall School,Guilford,2025,4,36.1090060008986,-79.802314,35.0,34.0
2025-04-26,Millbrook School,Wake,2025,4,35.856111,-78.574167,38.0,41.0
2025-04-26,Old High School,Swain,2025,4,35.498711,-83.310242,37.0,41.0
2025-04-26,Pitt Agri. Center,Pitt,2025,4,35.6412760008938,-77.360126,40.0,34.0
2025-04-26,Rockwell,Rowan,2025,4,35.551868,-80.395039,39.0,
2025-04-26,West Johnston Co.,Johnston,2025,4,35.59095,-78.4622,37.0,36.0
2025-04-27,Bryson City,Swain,2025,4,35.434767,-83.442133,45.0,31.0
2025-04-27,Castle Hayne,New Hanover,2025,4,34.364167,-77.838611,42.0,32.5
2025-04-27,Clemmons Middle,Forsyth,2025,4,36.026612,-80.341962,49.0,28.0
2025-04-27,Durham Armory,Durham,2025,4,36.0329550008979,-78.904037,44.0,30.0
2025-04-27,Frying Pan Mountain,Haywood,2025,4,35.379167,-82.7925,64.0,
2025-04-27,Garinger High School,Mecklenburg,2025,4,35.2401000008895,-80.785683,54.0,28.0
2025-04-27,Hattie Avenue,Forsyth,2025,4,36.11094,-80.224501,50.0,33.0
2025-04-27,Leggett,Edgecombe,2025,4,35.988278,-77.5843,44.0,17.0
2025-04-27,Linville Falls,Avery,2025,4,35.972347,-81.933072,46.0,
2025-04-27,Mendenhall School,Guilford,2025,4,36.1090060008986,-79.802314,45.0,23.0
2025-04-27,Millbrook School,Wake,2025,4,35.856111,-78.574167,44.0,24.0
2025-04-27,Old High School,Swain,2025,4,35.498711,-83.310242,44.0,37.0
2025-04-27,Pitt Agri. Center,Pitt,2025,4,35.6412760008938,-77.360126,44.0,16.0
2025-04-27,Rockwell,Rowan,2025,4,35.551868,-80.395039,47.0,
2025-04-27,West Johnston Co.,Johnston,2025,4,35.59095,-78.4622,44.0,18.0
2025-04-28,Bryson City,Swain,2025,4,35.434767,-83.442133,45.0,36.0
2025-04-28,Castle Hayne,New Hanover,2025,4,34.364167,-77.838611,49.0,32.5
2025-04-28,Clemmons Middle,Forsyth,2025,4,36.026612,-80.341962,50.0,36.0
2025-04-28,Durham Armory,Durham,2025,4,36.0329550008979,-78.904037,61.0,30.5
2025-04-28,Frying Pan Mountain,Haywood,2025,4,35.379167,-82.7925,50.0,24.0
2025-04-28,Garinger High School,Mecklenburg,2025,4,35.2401000008895,-80.785683,51.0,44.0
2025-04-28,Hattie Avenue,Forsyth,2025,4,36.11094,-80.224501,58.0,38.0
2025-04-28,Leggett,Edgecombe,2025,4,35.988278,-77.5843,46.0,17.0
2025-04-28,Linville Falls,Avery,2025,4,35.972347,-81.933072,50.0,26.0
2025-04-28,Mendenhall School,Guilford,2025,4,36.1090060008986,-79.802314,49.0,34.0
2025-04-28,Millbrook School,Wake,2025,4,35.856111,-78.574167,47.0,31.0
2025-04-28,Old High School,Swain,2025,4,35.498711,-83.310242,47.0,41.0
2025-04-28,Pitt Agri. Center,Pitt,2025,4,35.6412760008938,-77.360126,45.0,21.0
2025-04-28,Rockwell,Rowan,2025,4,35.551868,-80.395039,46.0,
2025-04-28,West Johnston Co.,Johnston,2025,4,35.59095,-78.4622,50.0,35.0
2025-04-29,Bryson City,Swain,2025,4,35.434767,-83.442133,42.0,47.0
2025-04-29,Castle Hayne,New Hanover,2025,4,34.364167,-77.838611,45.0,54.5
2025-04-29,Clemmons Middle,Forsyth,2025,4,36.026612,-80.341962,47.0,49.0
2025-04-29,Durham Armory,Durham,2025,4,36.0329550008979,-78.904037,47.0,54.5
2025-04-29,Frying Pan Mountain,Haywood,2025,4,35.379167,-82.7925,43.0,
2025-04-29,Garinger High School,Mecklenburg,2025,4,35.2401000008895,-80.785683,44.0,42.0
2025-04-29,Hattie Avenue,Forsyth,2025,4,36.11094,-80.224501,49.0,47.0
2025-04-29,Leggett,Edgecombe,2025,4,35.988278,-77.5843,51.0,31.0
2025-04-29,Linville Falls,Avery,2025,4,35.972347,-81.933072,46.0,
2025-04-29,Mendenhall School,Guilford,2025,4,36.1090060008986,-79.802314,51.0,41.0
2025-04-29,Millbrook School,Wake,2025,4,35.856111,-78.574167,49.0,43.0
2025-04-29,Old High School,Swain,2025,4,35.498711,-83.310242,44.0,47.0
2025-04-29,Pitt Agri. Center,Pitt,2025,4,35.6412760008938,-77.360126,48.0,32.0
2025-04-29,Rockwell,Rowan,2025,4,35.551868,-80.395039,45.0,
2025-04-29,West Johnston Co.,Johnston,2025,4,35.59095,-78.4622,51.0,36.0
2025-04-30,Bryson City,Swain,2025,4,35.434767,-83.442133,37.0,51.0
2025-04-30,Castle Hayne,New Hanover,2025,4,34.364167,-77.838611,42.0,39.0
2025-04-30,Clemmons Middle,Forsyth,2025,4,36.026612,-80.341962,44.0,52.0
2025-04-30,Durham Armory,Durham,2025,4,36.0329550008979,-78.904037,43.0,55.5
2025-04-30,Frying Pan Mountain,Haywood,2025,4,35.379167,-82.7925,44.0,
2025-04-30,Garinger High School,Mecklenburg,2025,4,35.2401000008895,-80.785683,44.0,52.0
2025-04-30,Hattie Avenue,Forsyth,2025,4,36.11094,-80.224501,44.0,53.0
2025-04-30,Leggett,Edgecombe,2025,4,35.988278,-77.5843,46.0,53.0
2025-04-30,Linville Falls,Avery,2025,4,35.972347,-81.933072,37.0,
2025-04-30,Mendenhall School,Guilford,2025,4,36.1090060008986,-79.802314,43.0,52.0
2025-04-30,Millbrook School,Wake,2025,4,35.856111,-78.574167,42.0,54.0
2025-04-30,Old High School,Swain,2025,4,35.498711,-83.310242,38.0,53.0
2025-04-30,Pitt Agri. Center,Pitt,2025,4,35.6412760008938,-77.360126,44.0,44.0
2025-04-30,Rockwell,Rowan,2025,4,35.551868,-80.395039,45.0,
2025-04-30,West Johnston Co.,Johnston,2025,4,35.59095,-78.4622,,54.0
2025-05-01,Bryson City,Swain,2025,5,35.434767,-83.442133,37.0,46.0
2025-05-01,Castle Hayne,New Hanover,2025,5,34.364167,-77.838611,43.0,28.0
2025-05-01,Clemmons Middle,Forsyth,2025,5,36.026612,-80.341962,45.0,52.5
2025-05-01,Durham Armory,Durham,2025,5,36.0329550008979,-78.904037,42.0,56.5
2025-05-01,Frying Pan Mountain,Haywood,2025,5,35.379167,-82.7925,46.0,34.0
2025-05-01,Garinger High School,Mecklenburg,2025,5,35.2401000008895,-80.785683,43.0,50.0
2025-05-01,Hattie Avenue,Forsyth,2025,5,36.11094,-80.224501,45.0,54.0
2025-05-01,Leggett,Edgecombe,2025,5,35.988278,-77.5843,47.0,53.0
2025-05-01,Linville Falls,Avery,2025,5,35.972347,-81.933072,42.0,41.0
2025-05-01,Mendenhall School,Guilford,2025,5,36.1090060008986,-79.802314,46.0,60.0
2025-05-01,Millbrook School,Wake,2025,5,35.856111,-78.574167,44.0,55.5
2025-05-01,Old High School,Swain,2025,5,35.498711,-83.310242,34.0,53.0
2025-05-01,Pitt Agri. Center,Pitt,2025,5,35.6412760008938,-77.360126,44.0,39.0
2025-05-01,Rockwell,Rowan,2025,5,35.551868,-80.395039,44.0,51.0
2025-05-01,West Johnston Co.,Johnston,2025,5,35.59095,-78.4622,47.0,52.0
2025-05-02,Bryson City,Swain,2025,5,35.434767,-83.442133,30.0,31.0
2025-05-02,Castle Hayne,New Hanover,2025,5,34.364167,-77.838611,41.0,35.0
2025-05-02,Clemmons Middle,Forsyth,2025,5,36.026612,-80.341962,47.0,48.0
2025-05-02,Durham Armory,Durham,2025,5,36.0329550008979,-78.904037,44.0,49.5
2025-05-02,Frying Pan Mountain,Haywood,2025,5,35.379167,-82.7925,44.0,
2025-05-02,Garinger High School,Mecklenburg,2025,5,35.2401000008895,-80.785683,43.0,44.0
2025-05-02,Hattie Avenue,Forsyth,2025,5,36.11094,-80.224501,48.0,51.0
2025-05-02,Leggett,Edgecombe,2025,5,35.988278,-77.5843,46.0,42.0
2025-05-02,Linville Falls,Avery,2025,5,35.972347,-81.933072,44.0,
2025-05-02,Mendenhall School,Guilford,2025,5,36.1090060008986,-79.802314,49.0,52.0
2025-05-02,Millbrook School,Wake,2025,5,35.856111,-78.574167,45.0,48.0
2025-05-02,Old High School,Swain,2025,5,35.498711,-83.310242,31.0,32.0
2025-05-02,Pitt Agri. Center,Pitt,2025,5,35.6412760008938,-77.360126,42.0,47.0
2025-05-02,Rockwell,Rowan,2025,5,35.551868,-80.395039,43.0,47.0
2025-05-02,West Johnston Co.,Johnston,2025,5,35.59095,-78.4622,44.0,42.0
2025-05-03,Bryson City,Swain,2025,5,35.434767,-83.442133,28.0,12.0
2025-05-03,Castle Hayne,New Hanover,2025,5,34.364167,-77.838611,42.0,34.5
2025-05-03,Clemmons Middle,Forsyth,2025,5,36.026612,-80.341962,34.0,43.0
2025-05-03,Durham Armory,Durham,2025,5,36.0329550008979,-78.904037,40.0,37.5
2025-05-03,Frying Pan Mountain,Haywood,2025,5,35.379167,-82.7925,46.0,
2025-05-03,Garinger High School,Mecklenburg,2025,5,35.2401000008895,-80.785683,31.0,42.0
2025-05-03,Hattie Avenue,Forsyth,2025,5,36.11094,-80.224501,35.0,46.0
2025-05-03,Leggett,Edgecombe,2025,5,35.988278,-77.5843,42.0,39.0
2025-05-03,Linville Falls,Avery,2025,5,35.972347,-81.933072,39.0,
2025-05-03,Mendenhall School,Guilford,2025,5,36.1090060008986,-79.802314,32.0,41.0
2025-05-03,Millbrook School,Wake,2025,5,35.856111,-78.574167,39.0,37.0
2025-05-03,Old High School,Swain,2025,5,35.498711,-83.310242,30.0,20.0
2025-05-03,Pitt Agri. Center,Pitt,2025,5,35.6412760008938,-77.360126,40.0,40.0
2025-05-03,Rockwell,Rowan,2025,5,35.551868,-80.395039,31.0,33.0
2025-05-03,West Johnston Co.,Johnston,2025,5,35.59095,-78.4622,39.0,31.0
2025-05-04,Bryson City,Swain,2025,5,35.434767,-83.442133,36.0,16.0
2025-05-04,Castle Hayne,New Hanover,2025,5,34.364167,-77.838611,40.0,28.0
2025-05-04,Clemmons Middle,Forsyth,2025,5,36.026612,-80.341962,43.0,21.0
2025-05-04,Durham Armory,Durham,2025,5,36.0329550008979,-78.904037,39.0,29.5
2025-05-04,Frying Pan Mountain,Haywood,2025,5,35.379167,-82.7925,42.0,11.0
2025-05-04,Garinger High School,Mecklenburg,2025,5,35.2401000008895,-80.785683,40.0,16.0
2025-05-04,Hattie Avenue,Forsyth,2025,5,36.11094,-80.224501,44.0,23.5
2025-05-04,Leggett,Edgecombe,2025,5,35.988278,-77.5843,33.0,26.0
2025-05-04,Linville Falls,Avery,2025,5,35.972347,-81.933072,41.0,11.0
2025-05-04,Mendenhall School,Guilford,2025,5,36.1090060008986,-79.802314,43.0,16.0
2025-05-04,Millbrook School,Wake,2025,5,35.856111,-78.574167,35.0,33.5
2025-05-04,Old High School,Swain,2025,5,35.498711,-83.310242,38.0,21.0
2025-05-04,Pitt Agri. Center,Pitt,2025,5,35.6412760008938,-77.360126,30.0,21.0
2025-05-04,Rockwell,Rowan,2025,5,35.551868,-80.395039,40.0,16.0
2025-05-04,West Johnston Co.,Johnston,2025,5,35.59095,-78.4622,35.0,22.0
2025-05-05,Bryson City,Swain,2025,5,35.434767,-83.442133,35.0,21.0
2025-05-05,Castle Hayne,New Hanover,2025,5,34.364167,-77.838611,41.0,25.0
2025-05-05,Clemmons Middle,Forsyth,2025,5,36.026612,-80.341962,47.0,33.0
2025-05-05,Durham Armory,Durham,2025,5,36.0329550008979,-78.904037,34.0,42.0
2025-05-05,Frying Pan Mountain,Haywood,2025,5,35.379167,-82.7925,43.0,
2025-05-05,Garinger High School,Mecklenburg,2025,5,35.2401000008895,-80.785683,44.0,24.0
2025-05-05,Hattie Avenue,Forsyth,2025,5,36.11094,-80.224501,47.0,33.0
2025-05-05,Leggett,Edgecombe,2025,5,35.988278,-77.5843,36.0,21.0
2025-05-05,Linville Falls,Avery,2025,5,35.972347,-81.933072,41.0,
2025-05-05,Mendenhall School,Guilford,2025,5,36.1090060008986,-79.802314,44.0,30.0
2025-05-05,Millbrook School,Wake,2025,5,35.856111,-78.574167,33.0,34.0
2025-05-05,Pitt Agri. Center,Pitt,2025,5,35.6412760008938,-77.360126,32.0,28.0
2025-05-05,Rockwell,Rowan,2025,5,35.551868,-80.395039,43.0,26.0
2025-05-05,West Johnston Co.,Johnston,2025,5,35.59095,-78.4622,36.0,32.0
2025-05-06,Bryson City,Swain,2025,5,35.434767,-83.442133,41.0,26.0
2025-05-06,Castle Hayne,New Hanover,2025,5,34.364167,-77.838611,48.0,31.5
2025-05-06,Clemmons Middle,Forsyth,2025,5,36.026612,-80.341962,47.0,26.0
2025-05-06,Durham Armory,Durham,2025,5,36.0329550008979,-78.904037,44.0,37.5
2025-05-06,Frying Pan Mountain,Haywood,2025,5,35.379167,-82.7925,46.0,
2025-05-06,Garinger High School,Mecklenburg,2025,5,35.2401000008895,-80.785683,47.0,31.0
2025-05-06,Hattie Avenue,Forsyth,2025,5,36.11094,-80.224501,47.0,29.0
2025-05-06,Leggett,Edgecombe,2025,5,35.988278,-77.5843,46.0,28.0
2025-05-06,Linville Falls,Avery,2025,5,35.972347,-81.933072,42.0,
2025-05-06,Mendenhall School,Guilford,2025,5,36.1090060008986,-79.802314,46.0,28.0
2025-05-06,Millbrook School,Wake,2025,5,35.856111,-78.574167,44.0,30.0
2025-05-06,Pitt Agri. Center,Pitt,2025,5,35.6412760008938,-77.360126,47.0,37.0
2025-05-06,Rockwell,Rowan,2025,5,35.551868,-80.395039,47.0,28.0
2025-05-06,West Johnston Co.,Johnston,2025,5,35.59095,-78.4622,45.0,33.0
2025-05-07,Bryson City,Swain,2025,5,35.434767,-83.442133,25.0,29.0
2025-05-07,Castle Hayne,New Hanover,2025,5,34.364167,-77.838611,48.0,43.0
2025-05-07,Clemmons Middle,Forsyth,2025,5,36.026612,-80.341962,44.0,34.5
2025-05-07,Durham Armory,Durham,2025,5,36.0329550008979,-78.904037,44.0,41.5
2025-05-07,Frying Pan Mountain,Haywood,2025,5,35.379167,-82.7925,39.0,11.0
2025-05-07,Garinger High School,Mecklenburg,2025,5,35.2401000008895,-80.785683,43.0,41.5
2025-05-07,Hattie Avenue,Forsyth,2025,5,36.11094,-80.224501,45.0,38.0
2025-05-07,Leggett,Edgecombe,2025,5,35.988278,-77.5843,45.0,37.0
2025-05-07,Linville Falls,Avery,2025,5,35.972347,-81.933072,44.0,20.0
2025-05-07,Mendenhall School,Guilford,2025,5,36.1090060008986,-79.802314,48.0,32.0
2025-05-07,Millbrook School,Wake,2025,5,35.856111,-78.574167,44.0,36.0
2025-05-07,Pitt Agri. Center,Pitt,2025,5,35.6412760008938,-77.360126,48.0,38.0
2025-05-07,Rockwell,Rowan,2025,5,35.551868,-80.395039,41.0,41.0
2025-05-07,West Johnston Co.,Johnston,2025,5,35.59095,-78.4622,45.0,39.0
2025-05-08,Bryson City,Swain,2025,5,35.434767,-83.442133,37.0,31.0
2025-05-08,Castle Hayne,New Hanover,2025,5,34.364167,-77.838611,50.0,52.0
2025-05-08,Clemmons Middle,Forsyth,2025,5,36.026612,-80.341962,44.0,36.0
2025-05-08,Durham Armory,Durham,2025,5,36.0329550008979,-78.904037,47.0,51.0
2025-05-08,Frying Pan Mountain,Haywood,2025,5,35.379167,-82.7925,51.0,
2025-05-08,Garinger High School,Mecklenburg,2025,5,35.2401000008895,-80.785683,47.0,43.0
2025-05-08,Hattie Avenue,Forsyth,2025,5,36.11094,-80.224501,49.0,41.0
2025-05-08,Leggett,Edgecombe,2025,5,35.988278,-77.5843,58.0,52.0
2025-05-08,Linville Falls,Avery,2025,5,35.972347,-81.933072,43.0,
2025-05-08,Mendenhall School,Guilford,2025,5,36.1090060008986,-79.802314,51.0,41.0
2025-05-08,Millbrook School,Wake,2025,5,35.856111,-78.574167,49.0,50.0
2025-05-08,Pitt Agri. Center,Pitt,2025,5,35.6412760008938,-77.360126,47.0,47.0
2025-05-08,Rockwell,Rowan,2025,5,35.551868,-80.395039,45.0,48.0
2025-05-08,West Johnston Co.,Johnston,2025,5,35.59095,-78.4622,43.0,52.0
2025-05-09,Bryson City,Swain,2025,5,35.434767,-83.442133,41.0,23.0
2025-05-09,Castle Hayne,New Hanover,2025,5,34.364167,-77.838611,44.0,30.0
2025-05-09,Clemmons Middle,Forsyth,2025,5,36.026612,-80.341962,45.0,30.0
2025-05-09,Durham Armory,Durham,2025,5,36.0329550008979,-78.904037,42.0,35.0
2025-05-09,Frying Pan Mountain,Haywood,2025,5,35.379167,-82.7925,48.0,
2025-05-09,Garinger High School,Mecklenburg,2025,5,35.2401000008895,-80.785683,47.0,22.0
2025-05-09,Hattie Avenue,Forsyth,2025,5,36.11094,-80.224501,46.0,30.0
2025-05-09,Leggett,Edgecombe,2025,5,35.988278,-77.5843,43.0,31.0
2025-05-09,Mendenhall School,Guilford,2025,5,36.1090060008986,-79.802314,44.0,26.0
2025-05-09,Millbrook School,Wake,2025,5,35.856111,-78.574167,44.0,30.0
2025-05-09,Pitt Agri. Center,Pitt,2025,5,35.6412760008938,-77.360126,48.0,23.0
2025-05-09,Rockwell,Rowan,2025,5,35.551868,-80.395039,43.0,30.0
2025-05-09,West Johnston Co.,Johnston,2025,5,35.59095,-78.4622,48.0,21.0
2025-05-10,Bryson City,Swain,2025,5,35.434767,-83.442133,26.0,33.0
2025-05-10,Castle Hayne,New Hanover,2025,5,34.364167,-77.838611,41.0,32.5
2025-05-10,Clemmons Middle,Forsyth,2025,5,36.026612,-80.341962,48.0,33.0
2025-05-10,Durham Armory,Durham,2025,5,36.0329550008979,-78.904037,43.0,33.0
2025-05-10,Frying Pan Mountain,Haywood,2025,5,35.379167,-82.7925,44.0,22.0
2025-05-10,Garinger High School,Mecklenburg,2025,5,35.2401000008895,-80.785683,37.0,30.5
2025-05-10,Hattie Avenue,Forsyth,2025,5,36.11094,-80.224501,49.0,28.0
2025-05-10,Leggett,Edgecombe,2025,5,35.988278,-77.5843,48.0,27.0
2025-05-10,Linville Falls,Avery,2025,5,35.972347,-81.933072,43.0,
2025-05-10,Mendenhall School,Guilford,2025,5,36.1090060008986,-79.802314,44.0,29.0
2025-05-10,Millbrook School,Wake,2025,5,35.856111,-78.574167,43.0,28.0
2025-05-10,Pitt Agri. Center,Pitt,2025,5,35.6412760008938,-77.360126,47.0,23.0
2025-05-10,Rockwell,Rowan,2025,5,35.551868,-80.395039,36.0,27.0
2025-05-10,West Johnston Co.,Johnston,2025,5,35.59095,-78.4622,42.0,31.0
2025-05-11,Bryson City,Swain,2025,5,35.434767,-83.442133,33.0,22.0
2025-05-11,Castle Hayne,New Hanover,2025,5,34.364167,-77.838611,36.0,21.5
2025-05-11,Clemmons Middle,Forsyth,2025,5,36.026612,-80.341962,37.0,41.0
2025-05-11,Durham Armory,Durham,2025,5,36.0329550008979,-78.904037,22.0,51.5
2025-05-11,Frying Pan Mountain,Haywood,2025,5,35.379167,-82.7925,36.0,
2025-05-11,Garinger High School,Mecklenburg,2025,5,35.2401000008895,-80.785683,30.0,47.0
2025-05-11,Hattie Avenue,Forsyth,2025,5,36.11094,-80.224501,36.0,42.0
2025-05-11,Leggett,Edgecombe,2025,5,35.988278,-77.5843,36.0,38.0
2025-05-11,Linville Falls,Avery,2025,5,35.972347,-81.933072,40.0,
2025-05-11,Mendenhall School,Guilford,2025,5,36.1090060008986,-79.802314,31.0,46.0
2025-05-11,Millbrook School,Wake,2025,5,35.856111,-78.574167,32.0,41.0
2025-05-11,Pitt Agri. Center,Pitt,2025,5,35.6412760008938,-77.360126,35.0,33.0
2025-05-11,Rockwell,Rowan,2025,5,35.551868,-80.395039,23.0,43.0
2025-05-11,West Johnston Co.,Johnston,2025,5,35.59095,-78.4622,27.0,48.0
2025-05-12,Bryson City,Swain,2025,5,35.434767,-83.442133,23.0,20.0
2025-05-12,Castle Hayne,New Hanover,2025,5,34.364167,-77.838611,23.0,24.0
2025-05-12,Clemmons Middle,Forsyth,2025,5,36.026612,-80.341962,24.0,24.0
2025-05-12,Durham Armory,Durham,2025,5,36.0329550008979,-78.904037,25.0,29.5
2025-05-12,Frying Pan Mountain,Haywood,2025,5,35.379167,-82.7925,39.0,
2025-05-12,Garinger High School,Mecklenburg,2025,5,35.2401000008895,-80.785683,22.0,18.0
2025-05-12,Hattie Avenue,Forsyth,2025,5,36.11094,-80.224501,25.0,25.0
2025-05-12,Leggett,Edgecombe,2025,5,35.988278,-77.5843,31.0,22.0
2025-05-12,Linville Falls,Avery,2025,5,35.972347,-81.933072,33.0,
2025-05-12,Mendenhall School,Guilford,2025,5,36.1090060008986,-79.802314,24.0,24.0
2025-05-12,Millbrook School,Wake,2025,5,35.856111,-78.574167,25.0,27.0
2025-05-12,Pitt Agri. Center,Pitt,2025,5,35.6412760008938,-77.360126,29.0,24.0
2025-05-12,Rockwell,Rowan,2025,5,35.551868,-80.395039,21.0,17.0
2025-05-12,West Johnston Co.,Johnston,2025,5,35.59095,-78.4622,28.0,23.0
2025-05-13,Bryson City,Swain,2025,5,35.434767,-83.442133,36.0,16.0
2025-05-13,Castle Hayne,New Hanover,2025,5,34.364167,-77.838611,32.0,23.5
2025-05-13,Clemmons Middle,Forsyth,2025,5,36.026612,-80.341962,39.0,30.0
2025-05-13,Durham Armory,Durham,2025,5,36.0329550008979,-78.904037,30.0,21.5
2025-05-13,Frying Pan Mountain,Haywood,2025,5,35.379167,-82.7925,41.0,9.0
2025-05-13,Garinger High School,Mecklenburg,2025,5,35.2401000008895,-80.785683,39.0,18.0
2025-05-13,Hattie Avenue,Forsyth,2025,5,36.11094,-80.224501,42.0,24.5
2025-05-13,Leggett,Edgecombe,2025,5,35.988278,-77.5843,30.0,18.0
2025-05-13,Linville Falls,Avery,2025,5,35.972347,-81.933072,43.0,11.0
2025-05-13,Mendenhall School,Guilford,2025,5,36.1090060008986,-79.802314,37.0,17.0
2025-05-13,Millbrook School,Wake,2025,5,35.856111,-78.574167,32.0,19.0
2025-05-13,Pitt Agri. Center,Pitt,2025,5,35.6412760008938,-77.360126,25.0,9.0
2025-05-13,Rockwell,Rowan,2025,5,35.551868,-80.395039,34.0,15.0
2025-05-13,West Johnston Co.,Johnston,2025,5,35.59095,-78.4622,29.0,19.0
2025-05-14,Bryson City,Swain,2025,5,35.434767,-83.442133,35.0,27.0
2025-05-14,Castle Hayne,New Hanover,2025,5,34.364167,-77.838611,38.0,40.0
2025-05-14,Clemmons Middle,Forsyth,2025,5,36.026612,-80.341962,39.0,29.0
2025-05-14,Durham Armory,Durham,2025,5,36.0329550008979,-78.904037,32.0,36.5
2025-05-14,Frying Pan Mountain,Haywood,2025,5,35.379167,-82.7925,46.0,
2025-05-14,Garinger High School,Mecklenburg,2025,5,35.2401000008895,-80.785683,42.0,23.0
2025-05-14,Hattie Avenue,Forsyth,2025,5,36.11094,-80.224501,41.0,24.0
2025-05-14,Leggett,Edgecombe,2025,5,35.988278,-77.5843,37.0,33.0
2025-05-14,Linville Falls,Avery,2025,5,35.972347,-81.933072,41.0,
2025-05-14,Mendenhall School,Guilford,2025,5,36.1090060008986,-79.802314,31.0,31.0
2025-05-14,Millbrook School,Wake,2025,5,35.856111,-78.574167,34.0,31.0
2025-05-14,Pitt Agri. Center,Pitt,2025,5,35.6412760008938,-77.360126,35.0,29.0
2025-05-14,Rockwell,Rowan,2025,5,35.551868,-80.395039,44.0,22.0
2025-05-14,West Johnston Co.,Johnston,2025,5,35.59095,-78.4622,36.0,26.0
2025-05-15,Bryson City,Swain,2025,5,35.434767,-83.442133,39.0,45.0
2025-05-15,Castle Hayne,New Hanover,2025,5,34.364167,-77.838611,45.0,42.0
2025-05-15,Clemmons Middle,Forsyth,2025,5,36.026612,-80.341962,48.0,52.0
2025-05-15,Durham Armory,Durham,2025,5,36.0329550008979,-78.904037,35.0,51.5
2025-05-15,Frying Pan Mountain,Haywood,2025,5,35.379167,-82.7925,46.0,
2025-05-15,Garinger High School,Mecklenburg,2025,5,35.2401000008895,-80.785683,44.0,47.0
2025-05-15,Hattie Avenue,Forsyth,2025,5,36.11094,-80.224501,51.0,51.0
2025-05-15,Leggett,Edgecombe,2025,5,35.988278,-77.5843,40.0,53.0
2025-05-15,Linville Falls,Avery,2025,5,35.972347,-81.933072,42.0,
2025-05-15,Mendenhall School,Guilford,2025,5,36.1090060008986,-79.802314,48.0,52.0
2025-05-15,Millbrook School,Wake,2025,5,35.856111,-78.574167,39.0,54.0
2025-05-15,Pitt Agri. Center,Pitt,2025,5,35.6412760008938,-77.360126,36.0,51.0
2025-05-15,Rockwell,Rowan,2025,5,35.551868,-80.395039,47.0,52.0
2025-05-15,West Johnston Co.,Johnston,2025,5,35.59095,-78.4622,42.0,50.0
2025-05-16,Bryson City,Swain,2025,5,35.434767,-83.442133,22.0,51.0
2025-05-16,Castle Hayne,New Hanover,2025,5,34.364167,-77.838611,38.0,56.0
2025-05-16,Clemmons Middle,Forsyth,2025,5,36.026612,-80.341962,32.0,59.0
2025-05-16,Durham Armory,Durham,2025,5,36.0329550008979,-78.904037,35.0,56.0
2025-05-16,Frying Pan Mountain,Haywood,2025,5,35.379167,-82.7925,42.0,40.0
2025-05-16,Garinger High School,Mecklenburg,2025,5,35.2401000008895,-80.785683,44.0,57.5
2025-05-16,Hattie Avenue,Forsyth,2025,5,36.11094,-80.224501,35.0,55.5
2025-05-16,Leggett,Edgecombe,2025,5,35.988278,-77.5843,38.0,59.0
2025-05-16,Linville Falls,Avery,2025,5,35.972347,-81.933072,34.0,51.0
2025-05-16,Mendenhall School,Guilford,2025,5,36.1090060008986,-79.802314,37.0,54.0
2025-05-16,Millbrook School,Wake,2025,5,35.856111,-78.574167,39.0,58.5
2025-05-16,Pitt Agri. Center,Pitt,2025,5,35.6412760008938,-77.360126,42.0,58.0
2025-05-16,Rockwell,Rowan,2025,5,35.551868,-80.395039,36.0,57.0
2025-05-16,West Johnston Co.,Johnston,2025,5,35.59095,-78.4622,39.0,58.0
2025-05-17,Bryson City,Swain,2025,5,35.434767,-83.442133,46.0,26.0
2025-05-17,Castle Hayne,New Hanover,2025,5,34.364167,-77.838611,34.0,54.5
2025-05-17,Clemmons Middle,Forsyth,2025,5,36.026612,-80.341962,44.0,31.0
2025-05-17,Durham Armory,Durham,2025,5,36.0329550008979,-78.904037,41.0,37.0
2025-05-17,Frying Pan Mountain,Haywood,2025,5,35.379167,-82.7925,48.0,
2025-05-17,Garinger High School,Mecklenburg,2025,5,35.2401000008895,-80.785683,41.0,33.0
2025-05-17,Hattie Avenue,Forsyth,2025,5,36.11094,-80.224501,44.0,27.0
2025-05-17,Leggett,Edgecombe,2025,5,35.988278,-77.5843,44.0,47.0
2025-05-17,Linville Falls,Avery,2025,5,35.972347,-81.933072,48.0,
2025-05-17,Mendenhall School,Guilford,2025,5,36.1090060008986,-79.802314,44.0,28.0
2025-05-17,Millbrook School,Wake,2025,5,35.856111,-78.574167,41.0,39.0
2025-05-17,Pitt Agri. Center,Pitt,2025,5,35.6412760008938,-77.360126,41.0,47.0
2025-05-17,Rockwell,Rowan,2025,5,35.551868,-80.395039,42.0,28.0
2025-05-17,West Johnston Co.,Johnston,2025,5,35.59095,-78.4622,43.0,48.0
2025-05-18,Bryson City,Swain,2025,5,35.434767,-83.442133,45.0,37.0
2025-05-18,Castle Hayne,New Hanover,2025,5,34.364167,-77.838611,44.0,43.5
2025-05-18,Clemmons Middle,Forsyth,2025,5,36.026612,-80.341962,44.0,22.0
2025-05-18,Durham Armory,Durham,2025,5,36.0329550008979,-78.904037,43.0,32.5
2025-05-18,Frying Pan Mountain,Haywood,2025,5,35.379167,-82.7925,48.0,
2025-05-18,Garinger High School,Mecklenburg,2025,5,35.2401000008895,-80.785683,44.0,29.0
2025-05-18,Hattie Avenue,Forsyth,2025,5,36.11094,-80.224501,44.0,23.0
2025-05-18,Leggett,Edgecombe,2025,5,35.988278,-77.5843,40.0,29.0
2025-05-18,Linville Falls,Avery,2025,5,35.972347,-81.933072,47.0,
2025-05-18,Mendenhall School,Guilford,2025,5,36.1090060008986,-79.802314,44.0,23.0
2025-05-18,Millbrook School,Wake,2025,5,35.856111,-78.574167,44.0,26.0
2025-05-18,Pitt Agri. Center,Pitt,2025,5,35.6412760008938,-77.360126,43.0,26.0
2025-05-18,Rockwell,Rowan,2025,5,35.551868,-80.395039,44.0,32.0
2025-05-18,West Johnston Co.,Johnston,2025,5,35.59095,-78.4622,45.0,36.0
2025-05-19,Bryson City,Swain,2025,5,35.434767,-83.442133,31.0,33.0
2025-05-19,Castle Hayne,New Hanover,2025,5,34.364167,-77.838611,42.0,46.0
2025-05-19,Clemmons Middle,Forsyth,2025,5,36.026612,-80.341962,46.0,39.5
2025-05-19,Durham Armory,Durham,2025,5,36.0329550008979,-78.904037,48.0,31.5
2025-05-19,Frying Pan Mountain,Haywood,2025,5,35.379167,-82.7925,39.0,24.0
2025-05-19,Garinger High School,Mecklenburg,2025,5,35.2401000008895,-80.785683,47.0,45.5
2025-05-19,Hattie Avenue,Forsyth,2025,5,36.11094,-80.224501,45.0,32.5
2025-05-19,Leggett,Edgecombe,2025,5,35.988278,-77.5843,44.0,32.0
2025-05-19,Linville Falls,Avery,2025,5,35.972347,-81.933072,40.0,26.0
2025-05-19,Mendenhall School,Guilford,2025,5,36.1090060008986,-79.802314,48.0,26.0
2025-05-19,Millbrook School,Wake,2025,5,35.856111,-78.574167,49.0,32.0
2025-05-19,Pitt Agri. Center,Pitt,2025,5,35.6412760008938,-77.360126,48.0,32.0
2025-05-19,Rockwell,Rowan,2025,5,35.551868,-80.395039,48.0,37.0
2025-05-19,West Johnston Co.,Johnston,2025,5,35.59095,-78.4622,50.0,39.0
2025-05-20,Bryson City,Swain,2025,5,35.434767,-83.442133,28.0,39.0
2025-05-20,Castle Hayne,New Hanover,2025,5,34.364167,-77.838611,45.0,40.5
2025-05-20,Clemmons Middle,Forsyth,2025,5,36.026612,-80.341962,49.0,37.0
2025-05-20,Durham Armory,Durham,2025,5,36.0329550008979,-78.904037,50.0,41.0
2025-05-20,Frying Pan Mountain,Haywood,2025,5,35.379167,-82.7925,34.0,
2025-05-20,Garinger High School,Mecklenburg,2025,5,35.2401000008895,-80.785683,44.0,53.0
2025-05-20,Hattie Avenue,Forsyth,2025,5,36.11094,-80.224501,58.0,34.0
2025-05-20,Leggett,Edgecombe,2025,5,35.988278,-77.5843,42.0,34.0
2025-05-20,Linville Falls,Avery,2025,5,35.972347,-81.933072,37.0,
2025-05-20,Mendenhall School,Guilford,2025,5,36.1090060008986,-79.802314,47.0,38.0
2025-05-20,Millbrook School,Wake,2025,5,35.856111,-78.574167,47.0,37.0
2025-05-20,Pitt Agri. Center,Pitt,2025,5,35.6412760008938,-77.360126,43.0,30.0
2025-05-20,Rockwell,Rowan,2025,5,35.551868,-80.395039,39.0,54.0
2025-05-20,West Johnston Co.,Johnston,2025,5,35.59095,-78.4622,,45.0
2025-05-21,Bryson City,Swain,2025,5,35.434767,-83.442133,43.0,18.0
2025-05-21,Castle Hayne,New Hanover,2025,5,34.364167,-77.838611,43.0,50.5
2025-05-21,Clemmons Middle,Forsyth,2025,5,36.026612,-80.341962,44.0,38.0
2025-05-21,Durham Armory,Durham,2025,5,36.0329550008979,-78.904037,34.0,38.0
2025-05-21,Frying Pan Mountain,Haywood,2025,5,35.379167,-82.7925,45.0,
2025-05-21,Garinger High School,Mecklenburg,2025,5,35.2401000008895,-80.785683,43.0,40.0
2025-05-21,Hattie Avenue,Forsyth,2025,5,36.11094,-80.224501,40.0,34.0
2025-05-21,Leggett,Edgecombe,2025,5,35.988278,-77.5843,30.0,31.0
2025-05-21,Linville Falls,Avery,2025,5,35.972347,-81.933072,44.0,
2025-05-21,Mendenhall School,Guilford,2025,5,36.1090060008986,-79.802314,40.0,44.0
2025-05-21,Millbrook School,Wake,2025,5,35.856111,-78.574167,32.0,39.0
2025-05-21,Pitt Agri. Center,Pitt,2025,5,35.6412760008938,-77.360126,36.0,30.0
2025-05-21,Rockwell,Rowan,2025,5,35.551868,-80.395039,42.0,46.0
2025-05-21,West Johnston Co.,Johnston,2025,5,35.59095,-78.4622,,37.0
2025-05-22,Bryson City,Swain,2025,5,35.434767,-83.442133,49.0,14.0
2025-05-22,Castle Hayne,New Hanover,2025,5,34.364167,-77.838611,50.0,33.0
2025-05-22,Clemmons Middle,Forsyth,2025,5,36.026612,-80.341962,48.0,14.0
2025-05-22,Durham Armory,Durham,2025,5,36.0329550008979,-78.904037,45.0,32.0
2025-05-22,Frying Pan Mountain,Haywood,2025,5,35.379167,-82.7925,50.0,12.0
2025-05-22,Garinger High School,Mecklenburg,2025,5,35.2401000008895,-80.785683,50.0,18.5
2025-05-22,Hattie Avenue,Forsyth,2025,5,36.11094,-80.224501,46.0,16.5
2025-05-22,Leggett,Edgecombe,2025,5,35.988278,-77.5843,44.0,21.0
2025-05-22,Linville Falls,Avery,2025,5,35.972347,-81.933072,49.0,12.0
2025-05-22,Mendenhall School,Guilford,2025,5,36.1090060008986,-79.802314,45.0,17.0
2025-05-22,Millbrook School,Wake,2025,5,35.856111,-78.574167,47.0,23.0
2025-05-22,Pitt Agri. Center,Pitt,2025,5,35.6412760008938,-77.360126,46.0,21.0
2025-05-22,Rockwell,Rowan,2025,5,35.551868,-80.395039,49.0,16.0
2025-05-22,West Johnston Co.,Johnston,2025,5,35.59095,-78.4622,46.0,18.0
2025-05-23,Bryson City,Swain,2025,5,35.434767,-83.442133,42.0,23.0
2025-05-23,Castle Hayne,New Hanover,2025,5,34.364167,-77.838611,47.0,33.0
2025-05-23,Clemmons Middle,Forsyth,2025,5,36.026612,-80.341962,40.0,14.0
2025-05-23,Durham Armory,Durham,2025,5,36.0329550008979,-78.904037,40.0,20.5
2025-05-23,Frying Pan Mountain,Haywood,2025,5,35.379167,-82.7925,42.0,
2025-05-23,Garinger High School,Mecklenburg,2025,5,35.2401000008895,-80.785683,44.0,14.0
2025-05-23,Hattie Avenue,Forsyth,2025,5,36.11094,-80.224501,37.0,13.0
2025-05-23,Leggett,Edgecombe,2025,5,35.988278,-77.5843,,23.0
2025-05-23,Linville Falls,Avery,2025,5,35.972347,-81.933072,41.0,
2025-05-23,Mendenhall School,Guilford,2025,5,36.1090060008986,-79.802314,37.0,16.0
2025-05-23,Millbrook School,Wake,2025,5,35.856111,-78.574167,42.0,14.0
2025-05-23,Pitt Agri. Center,Pitt,2025,5,35.6412760008938,-77.360126,44.0,10.0
2025-05-23,Rockwell,Rowan,2025,5,35.551868,-80.395039,42.0,8.0
2025-05-23,West Johnston Co.,Johnston,2025,5,35.59095,-78.4622,42.0,13.0
2025-05-24,Bryson City,Swain,2025,5,35.434767,-83.442133,31.0,31.0
2025-05-24,Castle Hayne,New Hanover,2025,5,34.364167,-77.838611,44.0,24.0
2025-05-24,Clemmons Middle,Forsyth,2025,5,36.026612,-80.341962,43.0,24.0
2025-05-24,Durham Armory,Durham,2025,5,36.0329550008979,-78.904037,45.0,30.0
2025-05-24,Frying Pan Mountain,Haywood,2025,5,35.379167,-82.7925,45.0,
2025-05-24,Garinger High School,Mecklenburg,2025,5,35.2401000008895,-80.785683,44.0,31.0
2025-05-24,Hattie Avenue,Forsyth,2025,5,36.11094,-80.224501,43.0,23.0
2025-05-24,Leggett,Edgecombe,2025,5,35.988278,-77.5843,44.0,28.0
2025-05-24,Linville Falls,Avery,2025,5,35.972347,-81.933072,43.0,
2025-05-24,Mendenhall School,Guilford,2025,5,36.1090060008986,-79.802314,44.0,24.0
2025-05-24,Millbrook School,Wake,2025,5,35.856111,-78.574167,45.0,22.0
2025-05-24,Pitt Agri. Center,Pitt,2025,5,35.6412760008938,-77.360126,46.0,22.0
2025-05-24,Rockwell,Rowan,2025,5,35.551868,-80.395039,44.0,29.0
2025-05-24,West Johnston Co.,Johnston,2025,5,35.59095,-78.4622,44.0,29.0
2025-05-25,Bryson City,Swain,2025,5,35.434767,-83.442133,29.0,36.0
2025-05-25,Castle Hayne,New Hanover,2025,5,34.364167,-77.838611,43.0,35.5
2025-05-25,Clemmons Middle,Forsyth,2025,5,36.026612,-80.341962,42.0,36.0
2025-05-25,Durham Armory,Durham,2025,5,36.0329550008979,-78.904037,41.0,33.5
2025-05-25,Frying Pan Mountain,Haywood,2025,5,35.379167,-82.7925,33.0,12.0
2025-05-25,Garinger High School,Mecklenburg,2025,5,35.2401000008895,-80.785683,39.0,53.5
2025-05-25,Hattie Avenue,Forsyth,2025,5,36.11094,-80.224501,45.0,33.5
2025-05-25,Leggett,Edgecombe,2025,5,35.988278,-77.5843,39.0,36.0
2025-05-25,Linville Falls,Avery,2025,5,35.972347,-81.933072,40.0,26.0
2025-05-25,Mendenhall School,Guilford,2025,5,36.1090060008986,-79.802314,40.0,37.0
2025-05-25,Millbrook School,Wake,2025,5,35.856111,-78.574167,41.0,32.5
2025-05-25,Pitt Agri. Center,Pitt,2025,5,35.6412760008938,-77.360126,41.0,34.0
2025-05-25,Rockwell,Rowan,2025,5,35.551868,-80.395039,35.0,46.0
2025-05-25,West Johnston Co.,Johnston,2025,5,35.59095,-78.4622,39.0,39.0
2025-05-26,Bryson City,Swain,2025,5,35.434767,-83.442133,31.0,23.0
2025-05-26,Castle Hayne,New Hanover,2025,5,34.364167,-77.838611,31.0,29.0
2025-05-26,Clemmons Middle,Forsyth,2025,5,36.026612,-80.341962,26.0,33.0
2025-05-26,Durham Armory,Durham,2025,5,36.0329550008979,-78.904037,28.0,44.5
2025-05-26,Frying Pan Mountain,Haywood,2025,5,35.379167,-82.7925,27.0,
2025-05-26,Garinger High School,Mecklenburg,2025,5,35.2401000008895,-80.785683,30.0,53.0
2025-05-26,Hattie Avenue,Forsyth,2025,5,36.11094,-80.224501,25.0,28.0
2025-05-26,Leggett,Edgecombe,2025,5,35.988278,-77.5843,31.0,30.0
2025-05-26,Linville Falls,Avery,2025,5,35.972347,-81.933072,29.0,
2025-05-26,Mendenhall School,Guilford,2025,5,36.1090060008986,-79.802314,21.0,33.0
2025-05-26,Millbrook School,Wake,2025,5,35.856111,-78.574167,31.0,31.0
2025-05-26,Pitt Agri. Center,Pitt,2025,5,35.6412760008938,-77.360126,32.0,17.0
2025-05-26,Rockwell,Rowan,2025,5,35.551868,-80.395039,26.0,49.0
2025-05-26,West Johnston Co.,Johnston,2025,5,35.59095,-78.4622,32.0,29.0
2025-05-27,Bryson City,Swain,2025,5,35.434767,-83.442133,18.0,18.0
2025-05-27,Castle Hayne,New Hanover,2025,5,34.364167,-77.838611,33.0,22.0
2025-05-27,Clemmons Middle,Forsyth,2025,5,36.026612,-80.341962,29.0,15.0
2025-05-27,Durham Armory,Durham,2025,5,36.0329550008979,-78.904037,,16.5
2025-05-27,Frying Pan Mountain,Haywood,2025,5,35.379167,-82.7925,31.0,
2025-05-27,Garinger High School,Mecklenburg,2025,5,35.2401000008895,-80.785683,25.0,5.0
2025-05-27,Hattie Avenue,Forsyth,2025,5,36.11094,-80.224501,31.0,12.0
2025-05-27,Leggett,Edgecombe,2025,5,35.988278,-77.5843,30.0,22.0
2025-05-27,Linville Falls,Avery,2025,5,35.972347,-81.933072,29.0,
2025-05-27,Mendenhall School,Guilford,2025,5,36.1090060008986,-79.802314,27.0,11.0
2025-05-27,Millbrook School,Wake,2025,5,35.856111,-78.574167,25.0,17.0
2025-05-27,Pitt Agri. Center,Pitt,2025,5,35.6412760008938,-77.360126,27.0,14.0
2025-05-27,Rockwell,Rowan,2025,5,35.551868,-80.395039,24.0,10.0
2025-05-27,West Johnston Co.,Johnston,2025,5,35.59095,-78.4622,29.0,16.0
2025-05-28,Bryson City,Swain,2025,5,35.434767,-83.442133,26.0,39.0
2025-05-28,Castle Hayne,New Hanover,2025,5,34.364167,-77.838611,26.0,28.5
2025-05-28,Clemmons Middle,Forsyth,2025,5,36.026612,-80.341962,24.0,14.0
2025-05-28,Durham Armory,Durham,2025,5,36.0329550008979,-78.904037,25.0,13.5
2025-05-28,Frying Pan Mountain,Haywood,2025,5,35.379167,-82.7925,36.0,14.0
2025-05-28,Garinger High School,Mecklenburg,2025,5,35.2401000008895,-80.785683,24.0,19.5
2025-05-28,Hattie Avenue,Forsyth,2025,5,36.11094,-80.224501,26.0,12.0
2025-05-28,Leggett,Edgecombe,2025,5,35.988278,-77.5843,26.0,19.0
2025-05-28,Linville Falls,Avery,2025,5,35.972347,-81.933072,27.0,12.0
2025-05-28,Mendenhall School,Guilford,2025,5,36.1090060008986,-79.802314,27.0,14.0
2025-05-28,Millbrook School,Wake,2025,5,35.856111,-78.574167,24.0,16.0
2025-05-28,Pitt Agri. Center,Pitt,2025,5,35.6412760008938,-77.360126,26.0,17.0
2025-05-28,Rockwell,Rowan,2025,5,35.551868,-80.395039,27.0,13.0
2025-05-28,West Johnston Co.,Johnston,2025,5,35.59095,-78.4622,24.0,18.0
2025-05-29,Bryson City,Swain,2025,5,35.434767,-83.442133,24.0,32.0
2025-05-29,Castle Hayne,New Hanover,2025,5,34.364167,-77.838611,26.0,40.0
2025-05-29,Clemmons Middle,Forsyth,2025,5,36.026612,-80.341962,31.0,38.0
2025-05-29,Durham Armory,Durham,2025,5,36.0329550008979,-78.904037,30.0,32.5
2025-05-29,Frying Pan Mountain,Haywood,2025,5,35.379167,-82.7925,41.0,
2025-05-29,Garinger High School,Mecklenburg,2025,5,35.2401000008895,-80.785683,31.0,34.0
2025-05-29,Hattie Avenue,Forsyth,2025,5,36.11094,-80.224501,31.0,33.0
2025-05-29,Leggett,Edgecombe,2025,5,35.988278,-77.5843,27.0,31.0
2025-05-29,Linville Falls,Avery,2025,5,35.972347,-81.933072,29.0,
2025-05-29,Mendenhall School,Guilford,2025,5,36.1090060008986,-79.802314,32.0,29.0
2025-05-29,Millbrook School,Wake,2025,5,35.856111,-78.574167,31.0,37.0
2025-05-29,Pitt Agri. Center,Pitt,2025,5,35.6412760008938,-77.360126,26.0,28.0
2025-05-29,Rockwell,Rowan,2025,5,35.551868,-80.395039,30.0,34.0
2025-05-29,West Johnston Co.,Johnston,2025,5,35.59095,-78.4622,25.0,37.0
2025-05-30,Bryson City,Swain,2025,5,35.434767,-83.442133,41.0,14.0
2025-05-30,Castle Hayne,New Hanover,2025,5,34.364167,-77.838611,32.0,23.5
2025-05-30,Clemmons Middle,Forsyth,2025,5,36.026612,-80.341962,44.0,22.0
2025-05-30,Durham Armory,Durham,2025,5,36.0329550008979,-78.904037,37.0,22.5
2025-05-30,Frying Pan Mountain,Haywood,2025,5,35.379167,-82.7925,44.0,
2025-05-30,Garinger High School,Mecklenburg,2025,5,35.2401000008895,-80.785683,35.0,24.0
2025-05-30,Hattie Avenue,Forsyth,2025,5,36.11094,-80.224501,41.0,19.0
2025-05-30,Leggett,Edgecombe,2025,5,35.988278,-77.5843,38.0,28.0
2025-05-30,Linville Falls,Avery,2025,5,35.972347,-81.933072,44.0,
2025-05-30,Mendenhall School,Guilford,2025,5,36.1090060008986,-79.802314,41.0,17.0
2025-05-30,Millbrook School,Wake,2025,5,35.856111,-78.574167,34.0,26.0
2025-05-30,Pitt Agri. Center,Pitt,2025,5,35.6412760008938,-77.360126,33.0,23.0
2025-05-30,Rockwell,Rowan,2025,5,35.551868,-80.395039,39.0,21.0
2025-05-30,West Johnston Co.,Johnston,2025,5,35.59095,-78.4622,35.0,21.0
2025-05-31,Bryson City,Swain,2025,5,35.434767,-83.442133,48.0,48.0
2025-05-31,Castle Hayne,New Hanover,2025,5,34.364167,-77.838611,44.0,43.5
2025-05-31,Clemmons Middle,Forsyth,2025,5,36.026612,-80.341962,44.0,52.5
2025-05-31,Durham Armory,Durham,2025,5,36.0329550008979,-78.904037,42.0,52.5
2025-05-31,Frying Pan Mountain,Haywood,2025,5,35.379167,-82.7925,51.0,53.0
2025-05-31,Garinger High School,Mecklenburg,2025,5,35.2401000008895,-80.785683,45.0,49.0
2025-05-31,Hattie Avenue,Forsyth,2025,5,36.11094,-80.224501,43.0,52.0
2025-05-31,Leggett,Edgecombe,2025,5,35.988278,-77.5843,44.0,46.0
2025-05-31,Linville Falls,Avery,2025,5,35.972347,-81.933072,48.0,48.0
2025-05-31,Mendenhall School,Guilford,2025,5,36.1090060008986,-79.802314,42.0,45.0
2025-05-31,Millbrook School,Wake,2025,5,35.856111,-78.574167,44.0,45.5
2025-05-31,Pitt Agri. Center,Pitt,2025,5,35.6412760008938,-77.360126,46.0,34.0
2025-05-31,Rockwell,Rowan,2025,5,35.551868,-80.395039,44.0,39.0
2025-05-31,West Johnston Co.,Johnston,2025,5,35.59095,-78.4622,45.0,43.0
2025-06-01,Bryson City,Swain,2025,6,35.434767,-83.442133,44.0,54.0
2025-06-01,Castle Hayne,New Hanover,2025,6,34.364167,-77.838611,51.0,52.0
2025-06-01,Clemmons Middle,Forsyth,2025,6,36.026612,-80.341962,44.0,62.0
2025-06-01,Durham Armory,Durham,2025,6,36.0329550008979,-78.904037,44.0,53.5
2025-06-01,Frying Pan Mountain,Haywood,2025,6,35.379167,-82.7925,47.0,
2025-06-01,Garinger High School,Mecklenburg,2025,6,35.2401000008895,-80.785683,50.0,58.0
2025-06-01,Hattie Avenue,Forsyth,2025,6,36.11094,-80.224501,45.0,58.0
2025-06-01,Leggett,Edgecombe,2025,6,35.988278,-77.5843,44.0,44.0
2025-06-01,Linville Falls,Avery,2025,6,35.972347,-81.933072,46.0,
2025-06-01,Mendenhall School,Guilford,2025,6,36.1090060008986,-79.802314,44.0,55.0
2025-06-01,Millbrook School,Wake,2025,6,35.856111,-78.574167,45.0,53.0
2025-06-01,Pitt Agri. Center,Pitt,2025,6,35.6412760008938,-77.360126,44.0,44.0
2025-06-01,Rockwell,Rowan,2025,6,35.551868,-80.395039,42.0,56.0
2025-06-01,West Johnston Co.,Johnston,2025,6,35.59095,-78.4622,45.0,49.0
2025-06-02,Bryson City,Swain,2025,6,35.434767,-83.442133,44.0,62.0
2025-06-02,Castle Hayne,New Hanover,2025,6,34.364167,-77.838611,40.0,53.5
2025-06-02,Clemmons Middle,Forsyth,2025,6,36.026612,-80.341962,67.0,43.0
2025-06-02,Durham Armory,Durham,2025,6,36.0329550008979,-78.904037,43.0,39.0
2025-06-02,Frying Pan Mountain,Haywood,2025,6,35.379167,-82.7925,44.0,
2025-06-02,Garinger High School,Mecklenburg,2025,6,35.2401000008895,-80.785683,50.0,50.0
2025-06-02,Hattie Avenue,Forsyth,2025,6,36.11094,-80.224501,67.0,29.0
2025-06-02,Leggett,Edgecombe,2025,6,35.988278,-77.5843,44.0,33.0
2025-06-02,Linville Falls,Avery,2025,6,35.972347,-81.933072,46.0,
2025-06-02,Mendenhall School,Guilford,2025,6,36.1090060008986,-79.802314,46.0,23.0
2025-06-02,Millbrook School,Wake,2025,6,35.856111,-78.574167,44.0,41.0
2025-06-02,Pitt Agri. Center,Pitt,2025,6,35.6412760008938,-77.360126,44.0,36.0
2025-06-02,Rockwell,Rowan,2025,6,35.551868,-80.395039,49.0,39.0
2025-06-02,West Johnston Co.,Johnston,2025,6,35.59095,-78.4622,45.0,35.0
2025-06-03,Bryson City,Swain,2025,6,35.434767,-83.442133,48.0,68.0
2025-06-03,Castle Hayne,New Hanover,2025,6,34.364167,-77.838611,49.0,48.5
2025-06-03,Clemmons Middle,Forsyth,2025,6,36.026612,-80.341962,51.0,54.0
2025-06-03,Durham Armory,Durham,2025,6,36.0329550008979,-78.904037,77.0,43.0
2025-06-03,Frying Pan Mountain,Haywood,2025,6,35.379167,-82.7925,49.0,57.0
2025-06-03,Garinger High School,Mecklenburg,2025,6,35.2401000008895,-80.785683,61.0,53.5
2025-06-03,Hattie Avenue,Forsyth,2025,6,36.11094,-80.224501,64.0,53.0
2025-06-03,Leggett,Edgecombe,2025,6,35.988278,-77.5843,49.0,37.0
2025-06-03,Linville Falls,Avery,2025,6,35.972347,-81.933072,50.0,55.0
2025-06-03,Mendenhall School,Guilford,2025,6,36.1090060008986,-79.802314,58.0,51.0
2025-06-03,Millbrook School,Wake,2025,6,35.856111,-78.574167,58.0,46.5
2025-06-03,Pitt Agri. Center,Pitt,2025,6,35.6412760008938,-77.360126,44.0,34.0
2025-06-03,Rockwell,Rowan,2025,6,35.551868,-80.395039,46.0,59.0
2025-06-03,West Johnston Co.,Johnston,2025,6,35.59095,-78.4622,50.0,46.0
2025-06-04,Bryson City,Swain,2025,6,35.434767,-83.442133,44.0,68.0
2025-06-04,Castle Hayne,New Hanover,2025,6,34.364167,-77.838611,47.0,30.0
2025-06-04,Clemmons Middle,Forsyth,2025,6,36.026612,-80.341962,51.0,67.0
2025-06-04,Durham Armory,Durham,2025,6,36.0329550008979,-78.904037,71.0,56.5
2025-06-04,Frying Pan Mountain,Haywood,2025,6,35.379167,-82.7925,44.0,
2025-06-04,Garinger High School,Mecklenburg,2025,6,35.2401000008895,-80.785683,49.0,61.0
2025-06-04,Hattie Avenue,Forsyth,2025,6,36.11094,-80.224501,64.0,61.0
2025-06-04,Leggett,Edgecombe,2025,6,35.988278,-77.5843,49.0,44.0
2025-06-04,Linville Falls,Avery,2025,6,35.972347,-81.933072,49.0,
2025-06-04,Mendenhall School,Guilford,2025,6,36.1090060008986,-79.802314,49.0,59.0
2025-06-04,Millbrook School,Wake,2025,6,35.856111,-78.574167,54.0,51.0
2025-06-04,Pitt Agri. Center,Pitt,2025,6,35.6412760008938,-77.360126,44.0,40.0
2025-06-04,Rockwell,Rowan,2025,6,35.551868,-80.395039,43.0,62.0
2025-06-04,West Johnston Co.,Johnston,2025,6,35.59095,-78.4622,50.0,51.0
2025-06-05,Bryson City,Swain,2025,6,35.434767,-83.442133,36.0,60.0
2025-06-05,Castle Hayne,New Hanover,2025,6,34.364167,-77.838611,23.0,30.0
2025-06-05,Clemmons Middle,Forsyth,2025,6,36.026612,-80.341962,30.0,52.0
2025-06-05,Durham Armory,Durham,2025,6,36.0329550008979,-78.904037,24.0,36.5
2025-06-05,Frying Pan Mountain,Haywood,2025,6,35.379167,-82.7925,40.0,
2025-06-05,Garinger High School,Mecklenburg,2025,6,35.2401000008895,-80.785683,25.0,19.0
2025-06-05,Hattie Avenue,Forsyth,2025,6,36.11094,-80.224501,30.0,43.0
2025-06-05,Leggett,Edgecombe,2025,6,35.988278,-77.5843,25.0,39.0
2025-06-05,Linville Falls,Avery,2025,6,35.972347,-81.933072,31.0,
2025-06-05,Mendenhall School,Guilford,2025,6,36.1090060008986,-79.802314,17.0,50.0
2025-06-05,Millbrook School,Wake,2025,6,35.856111,-78.574167,20.0,39.0
2025-06-05,Pitt Agri. Center,Pitt,2025,6,35.6412760008938,-77.360126,21.0,31.0
2025-06-05,Rockwell,Rowan,2025,6,35.551868,-80.395039,24.0,32.0
2025-06-05,West Johnston Co.,Johnston,2025,6,35.59095,-78.4622,21.0,40.0
2025-06-06,Bryson City,Swain,2025,6,35.434767,-83.442133,32.0,54.0
2025-06-06,Castle Hayne,New Hanover,2025,6,34.364167,-77.838611,27.0,38.0
2025-06-06,Clemmons Middle,Forsyth,2025,6,36.026612,-80.341962,40.0,52.0
2025-06-06,Durham Armory,Durham,2025,6,36.0329550008979,-78.904037,42.0,52.0
2025-06-06,Frying Pan Mountain,Haywood,2025,6,35.379167,-82.7925,36.0,43.0
2025-06-06,Garinger High School,Mecklenburg,2025,6,35.2401000008895,-80.785683,48.0,52.0
2025-06-06,Hattie Avenue,Forsyth,2025,6,36.11094,-80.224501,41.0,46.0
2025-06-06,Leggett,Edgecombe,2025,6,35.988278,-77.5843,35.0,43.0
2025-06-06,Linville Falls,Avery,2025,6,35.972347,-81.933072,37.0,51.0
2025-06-06,Mendenhall School,Guilford,2025,6,36.1090060008986,-79.802314,45.0,51.0
2025-06-06,Millbrook School,Wake,2025,6,35.856111,-78.574167,41.0,50.5
2025-06-06,Pitt Agri. Center,Pitt,2025,6,35.6412760008938,-77.360126,33.0,42.0
2025-06-06,Rockwell,Rowan,2025,6,35.551868,-80.395039,43.0,51.0
2025-06-06,West Johnston Co.,Johnston,2025,6,35.59095,-78.4622,40.0,63.0
2025-06-07,Bryson City,Swain,2025,6,35.434767,-83.442133,38.0,12.0
2025-06-07,Castle Hayne,New Hanover,2025,6,34.364167,-77.838611,31.0,53.5
2025-06-07,Clemmons Middle,Forsyth,2025,6,36.026612,-80.341962,37.0,31.0
2025-06-07,Durham Armory,Durham,2025,6,36.0329550008979,-78.904037,36.0,33.5
2025-06-07,Frying Pan Mountain,Haywood,2025,6,35.379167,-82.7925,43.0,
2025-06-07,Garinger High School,Mecklenburg,2025,6,35.2401000008895,-80.785683,40.0,34.0
2025-06-07,Hattie Avenue,Forsyth,2025,6,36.11094,-80.224501,35.0,25.0
2025-06-07,Leggett,Edgecombe,2025,6,35.988278,-77.5843,41.0,48.0
2025-06-07,Linville Falls,Avery,2025,6,35.972347,-81.933072,35.0,
2025-06-07,Mendenhall School,Guilford,2025,6,36.1090060008986,-79.802314,37.0,32.0
2025-06-07,Millbrook School,Wake,2025,6,35.856111,-78.574167,35.0,38.0
2025-06-07,Pitt Agri. Center,Pitt,2025,6,35.6412760008938,-77.360126,38.0,54.0
2025-06-07,Rockwell,Rowan,2025,6,35.551868,-80.395039,36.0,32.0
2025-06-07,West Johnston Co.,Johnston,2025,6,35.59095,-78.4622,35.0,43.0
2025-06-08,Bryson City,Swain,2025,6,35.434767,-83.442133,41.0,26.0
2025-06-08,Castle Hayne,New Hanover,2025,6,34.364167,-77.838611,30.0,37.0
2025-06-08,Clemmons Middle,Forsyth,2025,6,36.026612,-80.341962,34.0,29.0
2025-06-08,Durham Armory,Durham,2025,6,36.0329550008979,-78.904037,31.0,35.0
2025-06-08,Frying Pan Mountain,Haywood,2025,6,35.379167,-82.7925,42.0,
2025-06-08,Garinger High School,Mecklenburg,2025,6,35.2401000008895,-80.785683,36.0,41.0
2025-06-08,Hattie Avenue,Forsyth,2025,6,36.11094,-80.224501,36.0,23.0
2025-06-08,Leggett,Edgecombe,2025,6,35.988278,-77.5843,35.0,49.0
2025-06-08,Linville Falls,Avery,2025,6,35.972347,-81.933072,42.0,
2025-06-08,Mendenhall School,Guilford,2025,6,36.1090060008986,-79.802314,35.0,34.0
2025-06-08,Millbrook School,Wake,2025,6,35.856111,-78.574167,32.0,39.0
2025-06-08,Pitt Agri. Center,Pitt,2025,6,35.6412760008938,-77.360126,31.0,31.0
2025-06-08,Rockwell,Rowan,2025,6,35.551868,-80.395039,32.0,31.0
2025-06-08,West Johnston Co.,Johnston,2025,6,35.59095,-78.4622,31.0,50.0
2025-06-09,Bryson City,Swain,2025,6,35.434767,-83.442133,34.0,24.0
2025-06-09,Castle Hayne,New Hanover,2025,6,34.364167,-77.838611,36.0,40.5
2025-06-09,Clemmons Middle,Forsyth,2025,6,36.026612,-80.341962,46.0,31.0
2025-06-09,Durham Armory,Durham,2025,6,36.0329550008979,-78.904037,44.0,34.0
2025-06-09,Frying Pan Mountain,Haywood,2025,6,35.379167,-82.7925,42.0,19.0
2025-06-09,Garinger High School,Mecklenburg,2025,6,35.2401000008895,-80.785683,46.0,34.0
2025-06-09,Hattie Avenue,Forsyth,2025,6,36.11094,-80.224501,49.0,23.0
2025-06-09,Leggett,Edgecombe,2025,6,35.988278,-77.5843,44.0,46.0
2025-06-09,Linville Falls,Avery,2025,6,35.972347,-81.933072,42.0,26.0
2025-06-09,Mendenhall School,Guilford,2025,6,36.1090060008986,-79.802314,51.0,27.0
2025-06-09,Millbrook School,Wake,2025,6,35.856111,-78.574167,44.0,36.0
2025-06-09,Pitt Agri. Center,Pitt,2025,6,35.6412760008938,-77.360126,43.0,48.0
2025-06-09,Rockwell,Rowan,2025,6,35.551868,-80.395039,47.0,26.0
2025-06-09,West Johnston Co.,Johnston,2025,6,35.59095,-78.4622,43.0,43.0
2025-06-10,Bryson City,Swain,2025,6,35.434767,-83.442133,35.0,23.0
2025-06-10,Castle Hayne,New Hanover,2025,6,34.364167,-77.838611,28.0,28.0
2025-06-10,Clemmons Middle,Forsyth,2025,6,36.026612,-80.341962,37.0,32.0
2025-06-10,Durham Armory,Durham,2025,6,36.0329550008979,-78.904037,33.0,33.5
2025-06-10,Frying Pan Mountain,Haywood,2025,6,35.379167,-82.7925,49.0,
2025-06-10,Garinger High School,Mecklenburg,2025,6,35.2401000008895,-80.785683,33.0,28.0
2025-06-10,Hattie Avenue,Forsyth,2025,6,36.11094,-80.224501,42.0,24.0
2025-06-10,Leggett,Edgecombe,2025,6,35.988278,-77.5843,36.0,30.0
2025-06-10,Linville Falls,Avery,2025,6,35.972347,-81.933072,40.0,
2025-06-10,Mendenhall School,Guilford,2025,6,36.1090060008986,-79.802314,41.0,33.0
2025-06-10,Millbrook School,Wake,2025,6,35.856111,-78.574167,33.0,34.0
2025-06-10,Pitt Agri. Center,Pitt,2025,6,35.6412760008938,-77.360126,26.0,25.0
2025-06-10,Rockwell,Rowan,2025,6,35.551868,-80.395039,38.0,29.0
2025-06-10,West Johnston Co.,Johnston,2025,6,35.59095,-78.4622,31.0,30.0
2025-06-11,Bryson City,Swain,2025,6,35.434767,-83.442133,44.0,57.0
2025-06-11,Castle Hayne,New Hanover,2025,6,34.364167,-77.838611,29.0,27.0
2025-06-11,Clemmons Middle,Forsyth,2025,6,36.026612,-80.341962,61.0,56.0
2025-06-11,Durham Armory,Durham,2025,6,36.0329550008979,-78.904037,41.0,51.0
2025-06-11,Frying Pan Mountain,Haywood,2025,6,35.379167,-82.7925,42.0,
2025-06-11,Garinger High School,Mecklenburg,2025,6,35.2401000008895,-80.785683,77.0,52.0
2025-06-11,Hattie Avenue,Forsyth,2025,6,36.11094,-80.224501,67.0,52.0
2025-06-11,Leggett,Edgecombe,2025,6,35.988278,-77.5843,42.0,42.0
2025-06-11,Linville Falls,Avery,2025,6,35.972347,-81.933072,44.0,
2025-06-11,Mendenhall School,Guilford,2025,6,36.1090060008986,-79.802314,43.0,54.0
2025-06-11,Millbrook School,Wake,2025,6,35.856111,-78.574167,43.0,48.0
2025-06-11,Old High School,Swain,2025,6,35.498711,-83.310242,39.0,62.0
2025-06-11,Pitt Agri. Center,Pitt,2025,6,35.6412760008938,-77.360126,32.0,39.0
2025-06-11,Rockwell,Rowan,2025,6,35.551868,-80.395039,44.0,42.0
2025-06-11,West Johnston Co.,Johnston,2025,6,35.59095,-78.4622,,46.0
2025-06-12,Bryson City,Swain,2025,6,35.434767,-83.442133,32.0,53.0
2025-06-12,Castle Hayne,New Hanover,2025,6,34.364167,-77.838611,24.0,23.5
2025-06-12,Clemmons Middle,Forsyth,2025,6,36.026612,-80.341962,51.0,62.0
2025-06-12,Durham Armory,Durham,2025,6,36.0329550008979,-78.904037,44.0,46.0
2025-06-12,Frying Pan Mountain,Haywood,2025,6,35.379167,-82.7925,31.0,31.0
2025-06-12,Garinger High School,Mecklenburg,2025,6,35.2401000008895,-80.785683,44.0,51.0
2025-06-12,Hattie Avenue,Forsyth,2025,6,36.11094,-80.224501,80.0,59.5
2025-06-12,Leggett,Edgecombe,2025,6,35.988278,-77.5843,46.0,51.0
2025-06-12,Linville Falls,Avery,2025,6,35.972347,-81.933072,39.0,41.0
2025-06-12,Mendenhall School,Guilford,2025,6,36.1090060008986,-79.802314,77.0,59.0
2025-06-12,Millbrook School,Wake,2025,6,35.856111,-78.574167,40.0,46.0
2025-06-12,Old High School,Swain,2025,6,35.498711,-83.310242,31.0,54.0
2025-06-12,Pitt Agri. Center,Pitt,2025,6,35.6412760008938,-77.360126,36.0,37.0
2025-06-12,Rockwell,Rowan,2025,6,35.551868,-80.395039,37.0,52.0
2025-06-12,West Johnston Co.,Johnston,2025,6,35.59095,-78.4622,40.0,44.0
2025-06-13,Bryson City,Swain,2025,6,35.434767,-83.442133,23.0,23.0
2025-06-13,Castle Hayne,New Hanover,2025,6,34.364167,-77.838611,16.0,39.0
2025-06-13,Clemmons Middle,Forsyth,2025,6,36.026612,-80.341962,34.0,25.0
2025-06-13,Durham Armory,Durham,2025,6,36.0329550008979,-78.904037,26.0,29.5
2025-06-13,Frying Pan Mountain,Haywood,2025,6,35.379167,-82.7925,23.0,
2025-06-13,Garinger High School,Mecklenburg,2025,6,35.2401000008895,-80.785683,29.0,18.0
2025-06-13,Hattie Avenue,Forsyth,2025,6,36.11094,-80.224501,35.0,19.0
2025-06-13,Leggett,Edgecombe,2025,6,35.988278,-77.5843,25.0,35.0
2025-06-13,Linville Falls,Avery,2025,6,35.972347,-81.933072,26.0,
2025-06-13,Mendenhall School,Guilford,2025,6,36.1090060008986,-79.802314,32.0,27.0
2025-06-13,Millbrook School,Wake,2025,6,35.856111,-78.574167,21.0,36.0
2025-06-13,Old High School,Swain,2025,6,35.498711,-83.310242,24.0,34.0
2025-06-13,Pitt Agri. Center,Pitt,2025,6,35.6412760008938,-77.360126,20.0,29.0
2025-06-13,Rockwell,Rowan,2025,6,35.551868,-80.395039,31.0,25.0
2025-06-13,West Johnston Co.,Johnston,2025,6,35.59095,-78.4622,24.0,36.0
2025-06-14,Bryson City,Swain,2025,6,35.434767,-83.442133,25.0,26.0
2025-06-14,Castle Hayne,New Hanover,2025,6,34.364167,-77.838611,18.0,30.5
2025-06-14,Clemmons Middle,Forsyth,2025,6,36.026612,-80.341962,31.0,22.0
2025-06-14,Durham Armory,Durham,2025,6,36.0329550008979,-78.904037,27.0,24.5
2025-06-14,Frying Pan Mountain,Haywood,2025,6,35.379167,-82.7925,31.0,
2025-06-14,Garinger High School,Mecklenburg,2025,6,35.2401000008895,-80.785683,28.0,23.0
2025-06-14,Hattie Avenue,Forsyth,2025,6,36.11094,-80.224501,33.0,17.0
2025-06-14,Leggett,Edgecombe,2025,6,35.988278,-77.5843,29.0,38.0
2025-06-14,Linville Falls,Avery,2025,6,35.972347,-81.933072,27.0,
2025-06-14,Mendenhall School,Guilford,2025,6,36.1090060008986,-79.802314,32.0,18.0
2025-06-14,Millbrook School,Wake,2025,6,35.856111,-78.574167,28.0,34.0
2025-06-14,Old High School,Swain,2025,6,35.498711,-83.310242,26.0,33.0
2025-06-14,Pitt Agri. Center,Pitt,2025,6,35.6412760008938,-77.360126,24.0,43.0
2025-06-14,Rockwell,Rowan,2025,6,35.551868,-80.395039,31.0,22.0
2025-06-14,West Johnston Co.,Johnston,2025,6,35.59095,-78.4622,29.0,34.0
2025-06-15,Bryson City,Swain,2025,6,35.434767,-83.442133,28.0,28.0
2025-06-15,Castle Hayne,New Hanover,2025,6,34.364167,-77.838611,24.0,27.5
2025-06-15,Clemmons Middle,Forsyth,2025,6,36.026612,-80.341962,31.0,28.0
2025-06-15,Durham Armory,Durham,2025,6,36.0329550008979,-78.904037,23.0,34.5
2025-06-15,Frying Pan Mountain,Haywood,2025,6,35.379167,-82.7925,31.0,18.0
2025-06-15,Garinger High School,Mecklenburg,2025,6,35.2401000008895,-80.785683,28.0,27.0
2025-06-15,Hattie Avenue,Forsyth,2025,6,36.11094,-80.224501,32.0,23.5
2025-06-15,Leggett,Edgecombe,2025,6,35.988278,-77.5843,28.0,39.0
2025-06-15,Linville Falls,Avery,2025,6,35.972347,-81.933072,26.0,18.0
2025-06-15,Mendenhall School,Guilford,2025,6,36.1090060008986,-79.802314,31.0,29.0
2025-06-15,Millbrook School,Wake,2025,6,35.856111,-78.574167,25.0,39.5
2025-06-15,Old High School,Swain,2025,6,35.498711,-83.310242,26.0,34.0
2025-06-15,Pitt Agri. Center,Pitt,2025,6,35.6412760008938,-77.360126,29.0,35.0
2025-06-15,Rockwell,Rowan,2025,6,35.551868,-80.395039,30.0,28.0
2025-06-15,West Johnston Co.,Johnston,2025,6,35.59095,-78.4622,28.0,35.0
2025-06-16,Bryson City,Swain,2025,6,35.434767,-83.442133,25.0,29.0
2025-06-16,Castle Hayne,New Hanover,2025,6,34.364167,-77.838611,26.0,32.0
2025-06-16,Clemmons Middle,Forsyth,2025,6,36.026612,-80.341962,32.0,31.0
2025-06-16,Durham Armory,Durham,2025,6,36.0329550008979,-78.904037,,23.5
2025-06-16,Frying Pan Mountain,Haywood,2025,6,35.379167,-82.7925,29.0,
2025-06-16,Garinger High School,Mecklenburg,2025,6,35.2401000008895,-80.785683,31.0,37.0
2025-06-16,Hattie Avenue,Forsyth,2025,6,36.11094,-80.224501,33.0,21.0
2025-06-16,Leggett,Edgecombe,2025,6,35.988278,-77.5843,27.0,33.0
2025-06-16,Linville Falls,Avery,2025,6,35.972347,-81.933072,27.0,
2025-06-16,Mendenhall School,Guilford,2025,6,36.1090060008986,-79.802314,34.0,28.0
2025-06-16,Millbrook School,Wake,2025,6,35.856111,-78.574167,31.0,39.0
2025-06-16,Old High School,Swain,2025,6,35.498711,-83.310242,27.0,41.0
2025-06-16,Pitt Agri. Center,Pitt,2025,6,35.6412760008938,-77.360126,24.0,32.0
2025-06-16,Rockwell,Rowan,2025,6,35.551868,-80.395039,39.0,41.0
2025-06-16,West Johnston Co.,Johnston,2025,6,35.59095,-78.4622,32.0,37.0
2025-06-17,Bryson City,Swain,2025,6,35.434767,-83.442133,25.0,21.0
2025-06-17,Castle Hayne,New Hanover,2025,6,34.364167,-77.838611,25.0,32.0
2025-06-17,Clemmons Middle,Forsyth,2025,6,36.026612,-80.341962,37.0,29.0
2025-06-17,Durham Armory,Durham,2025,6,36.0329550008979,-78.904037,32.0,32.0
2025-06-17,Frying Pan Mountain,Haywood,2025,6,35.379167,-82.7925,39.0,
2025-06-17,Garinger High School,Mecklenburg,2025,6,35.2401000008895,-80.785683,29.0,34.0
2025-06-17,Hattie Avenue,Forsyth,2025,6,36.11094,-80.224501,39.0,21.0
2025-06-17,Leggett,Edgecombe,2025,6,35.988278,-77.5843,34.0,47.0
2025-06-17,Linville Falls,Avery,2025,6,35.972347,-81.933072,28.0,
2025-06-17,Mendenhall School,Guilford,2025,6,36.1090060008986,-79.802314,40.0,35.0
2025-06-17,Millbrook School,Wake,2025,6,35.856111,-78.574167,32.0,39.0
2025-06-17,Old High School,Swain,2025,6,35.498711,-83.310242,24.0,29.0
2025-06-17,Pitt Agri. Center,Pitt,2025,6,35.6412760008938,-77.360126,31.0,39.0
2025-06-17,Rockwell,Rowan,2025,6,35.551868,-80.395039,33.0,34.0
2025-06-17,West Johnston Co.,Johnston,2025,6,35.59095,-78.4622,28.0,36.0
2025-06-18,Bryson City,Swain,2025,6,35.434767,-83.442133,23.0,26.0
2025-06-18,Castle Hayne,New Hanover,2025,6,34.364167,-77.838611,28.0,34.0
2025-06-18,Clemmons Middle,Forsyth,2025,6,36.026612,-80.341962,39.0,23.0
2025-06-18,Durham Armory,Durham,2025,6,36.0329550008979,-78.904037,32.0,34.5
2025-06-18,Frying Pan Mountain,Haywood,2025,6,35.379167,-82.7925,30.0,27.0
2025-06-18,Garinger High School,Mecklenburg,2025,6,35.2401000008895,-80.785683,30.0,29.5
2025-06-18,Hattie Avenue,Forsyth,2025,6,36.11094,-80.224501,39.0,21.5
2025-06-18,Leggett,Edgecombe,2025,6,35.988278,-77.5843,34.0,41.0
2025-06-18,Linville Falls,Avery,2025,6,35.972347,-81.933072,30.0,18.0
2025-06-18,Mendenhall School,Guilford,2025,6,36.1090060008986,-79.802314,38.0,22.0
2025-06-18,Millbrook School,Wake,2025,6,35.856111,-78.574167,31.0,36.0
2025-06-18,Old High School,Swain,2025,6,35.498711,-83.310242,21.0,30.5
2025-06-18,Pitt Agri. Center,Pitt,2025,6,35.6412760008938,-77.360126,31.0,38.0
2025-06-18,Rockwell,Rowan,2025,6,35.551868,-80.395039,36.0,30.0
2025-06-18,West Johnston Co.,Johnston,2025,6,35.59095,-78.4622,32.0,45.0
2025-06-19,Bryson City,Swain,2025,6,35.434767,-83.442133,43.0,24.0
2025-06-19,Castle Hayne,New Hanover,2025,6,34.364167,-77.838611,31.0,32.5
2025-06-19,Clemmons Middle,Forsyth,2025,6,36.026612,-80.341962,34.0,31.0
2025-06-19,Durham Armory,Durham,2025,6,36.0329550008979,-78.904037,31.0,31.5
2025-06-19,Frying Pan Mountain,Haywood,2025,6,35.379167,-82.7925,44.0,
2025-06-19,Garinger High School,Mecklenburg,2025,6,35.2401000008895,-80.785683,28.0,31.0
2025-06-19,Hattie Avenue,Forsyth,2025,6,36.11094,-80.224501,37.0,22.0
2025-06-19,Leggett,Edgecombe,2025,6,35.988278,-77.5843,39.0,48.0
2025-06-19,Linville Falls,Avery,2025,6,35.972347,-81.933072,31.0,
2025-06-19,Mendenhall School,Guilford,2025,6,36.1090060008986,-79.802314,34.0,31.0
2025-06-19,Millbrook School,Wake,2025,6,35.856111,-78.574167,31.0,33.0
2025-06-19,Old High School,Swain,2025,6,35.498711,-83.310242,32.0,32.0
2025-06-19,Pitt Agri. Center,Pitt,2025,6,35.6412760008938,-77.360126,32.0,42.0
2025-06-19,Rockwell,Rowan,2025,6,35.551868,-80.395039,31.0,31.0
2025-06-19,West Johnston Co.,Johnston,2025,6,35.59095,-78.4622,36.0,44.0
2025-06-20,Bryson City,Swain,2025,6,35.434767,-83.442133,37.0,27.0
2025-06-20,Castle Hayne,New Hanover,2025,6,34.364167,-77.838611,32.0,38.0
2025-06-20,Clemmons Middle,Forsyth,2025,6,36.026612,-80.341962,71.0,32.0
2025-06-20,Durham Armory,Durham,2025,6,36.0329550008979,-78.904037,47.0,33.0
2025-06-20,Frying Pan Mountain,Haywood,2025,6,35.379167,-82.7925,34.0,
2025-06-20,Garinger High School,Mecklenburg,2025,6,35.2401000008895,-80.785683,58.0,33.0
2025-06-20,Hattie Avenue,Forsyth,2025,6,36.11094,-80.224501,67.0,26.0
2025-06-20,Leggett,Edgecombe,2025,6,35.988278,-77.5843,42.0,26.0
2025-06-20,Linville Falls,Avery,2025,6,35.972347,-81.933072,44.0,
2025-06-20,Mendenhall School,Guilford,2025,6,36.1090060008986,-79.802314,44.0,23.0
2025-06-20,Millbrook School,Wake,2025,6,35.856111,-78.574167,44.0,33.0
2025-06-20,Old High School,Swain,2025,6,35.498711,-83.310242,31.0,34.0
2025-06-20,Pitt Agri. Center,Pitt,2025,6,35.6412760008938,-77.360126,38.0,24.0
2025-06-20,Rockwell,Rowan,2025,6,35.551868,-80.395039,47.0,27.0
2025-06-20,West Johnston Co.,Johnston,2025,6,35.59095,-78.4622,46.0,55.0
2025-06-21,Bryson City,Swain,2025,6,35.434767,-83.442133,39.0,42.0
2025-06-21,Castle Hayne,New Hanover,2025,6,34.364167,-77.838611,30.0,28.0
2025-06-21,Clemmons Middle,Forsyth,2025,6,36.026612,-80.341962,54.0,43.0
2025-06-21,Durham Armory,Durham,2025,6,36.0329550008979,-78.904037,54.0,46.5
2025-06-21,Frying Pan Mountain,Haywood,2025,6,35.379167,-82.7925,44.0,28.0
2025-06-21,Garinger High School,Mecklenburg,2025,6,35.2401000008895,-80.785683,67.0,52.0
2025-06-21,Hattie Avenue,Forsyth,2025,6,36.11094,-80.224501,74.0,42.5
2025-06-21,Leggett,Edgecombe,2025,6,35.988278,-77.5843,40.0,46.0
2025-06-21,Linville Falls,Avery,2025,6,35.972347,-81.933072,38.0,32.0
2025-06-21,Mendenhall School,Guilford,2025,6,36.1090060008986,-79.802314,50.0,41.0
2025-06-21,Millbrook School,Wake,2025,6,35.856111,-78.574167,46.0,52.5
2025-06-21,Old High School,Swain,2025,6,35.498711,-83.310242,41.0,41.0
2025-06-21,Pitt Agri. Center,Pitt,2025,6,35.6412760008938,-77.360126,34.0,43.0
2025-06-21,Rockwell,Rowan,2025,6,35.551868,-80.395039,46.0,55.0
2025-06-21,West Johnston Co.,Johnston,2025,6,35.59095,-78.4622,47.0,50.0
2025-06-22,Bryson City,Swain,2025,6,35.434767,-83.442133,36.0,45.0
2025-06-22,Castle Hayne,New Hanover,2025,6,34.364167,-77.838611,27.0,22.5
2025-06-22,Clemmons Middle,Forsyth,2025,6,36.026612,-80.341962,43.0,53.0
2025-06-22,Durham Armory,Durham,2025,6,36.0329550008979,-78.904037,48.0,52.0
2025-06-22,Frying Pan Mountain,Haywood,2025,6,35.379167,-82.7925,48.0,
2025-06-22,Garinger High School,Mecklenburg,2025,6,35.2401000008895,-80.785683,67.0,56.0
2025-06-22,Hattie Avenue,Forsyth,2025,6,36.11094,-80.224501,46.0,38.0
2025-06-22,Leggett,Edgecombe,2025,6,35.988278,-77.5843,44.0,55.0
2025-06-22,Linville Falls,Avery,2025,6,35.972347,-81.933072,37.0,
2025-06-22,Mendenhall School,Guilford,2025,6,36.1090060008986,-79.802314,46.0,56.0
2025-06-22,Millbrook School,Wake,2025,6,35.856111,-78.574167,47.0,57.0
2025-06-22,Old High School,Swain,2025,6,35.498711,-83.310242,34.0,46.0
2025-06-22,Pitt Agri. Center,Pitt,2025,6,35.6412760008938,-77.360126,36.0,46.0
2025-06-22,Rockwell,Rowan,2025,6,35.551868,-80.395039,44.0,54.0
2025-06-22,West Johnston Co.,Johnston,2025,6,35.59095,-78.4622,43.0,56.0
2025-06-23,Bryson City,Swain,2025,6,35.434767,-83.442133,32.0,45.0
2025-06-23,Castle Hayne,New Hanover,2025,6,34.364167,-77.838611,37.0,39.0
2025-06-23,Clemmons Middle,Forsyth,2025,6,36.026612,-80.341962,43.0,58.0
2025-06-23,Durham Armory,Durham,2025,6,36.0329550008979,-78.904037,42.0,57.5
2025-06-23,Frying Pan Mountain,Haywood,2025,6,35.379167,-82.7925,43.0,
2025-06-23,Garinger High School,Mecklenburg,2025,6,35.2401000008895,-80.785683,71.0,57.0
2025-06-23,Hattie Avenue,Forsyth,2025,6,36.11094,-80.224501,50.0,41.0
2025-06-23,Leggett,Edgecombe,2025,6,35.988278,-77.5843,44.0,58.0
2025-06-23,Linville Falls,Avery,2025,6,35.972347,-81.933072,35.0,
2025-06-23,Mendenhall School,Guilford,2025,6,36.1090060008986,-79.802314,36.0,57.0
2025-06-23,Millbrook School,Wake,2025,6,35.856111,-78.574167,45.0,64.0
2025-06-23,Old High School,Swain,2025,6,35.498711,-83.310242,31.0,52.0
2025-06-23,Pitt Agri. Center,Pitt,2025,6,35.6412760008938,-77.360126,43.0,54.0
2025-06-23,Rockwell,Rowan,2025,6,35.551868,-80.395039,44.0,55.0
2025-06-23,West Johnston Co.,Johnston,2025,6,35.59095,-78.4622,64.0,62.0
2025-06-24,Bryson City,Swain,2025,6,35.434767,-83.442133,31.0,47.0
2025-06-24,Castle Hayne,New Hanover,2025,6,34.364167,-77.838611,44.0,59.5
2025-06-24,Clemmons Middle,Forsyth,2025,6,36.026612,-80.341962,44.0,61.5
2025-06-24,Durham Armory,Durham,2025,6,36.0329550008979,-78.904037,42.0,62.0
2025-06-24,Frying Pan Mountain,Haywood,2025,6,35.379167,-82.7925,41.0,49.0
2025-06-24,Garinger High School,Mecklenburg,2025,6,35.2401000008895,-80.785683,46.0,61.0
2025-06-24,Hattie Avenue,Forsyth,2025,6,36.11094,-80.224501,44.0,62.0
2025-06-24,Leggett,Edgecombe,2025,6,35.988278,-77.5843,,67.0
2025-06-24,Linville Falls,Avery,2025,6,35.972347,-81.933072,34.0,52.0
2025-06-24,Mendenhall School,Guilford,2025,6,36.1090060008986,-79.802314,38.0,63.0
2025-06-24,Millbrook School,Wake,2025,6,35.856111,-78.574167,37.0,67.0
2025-06-24,Old High School,Swain,2025,6,35.498711,-83.310242,,54.0
2025-06-24,Pitt Agri. Center,Pitt,2025,6,35.6412760008938,-77.360126,44.0,67.0
2025-06-24,Rockwell,Rowan,2025,6,35.551868,-80.395039,44.0,61.0
2025-06-24,West Johnston Co.,Johnston,2025,6,35.59095,-78.4622,,68.0
2025-06-25,Bryson City,Swain,2025,6,35.434767,-83.442133,22.0,51.0
2025-06-25,Castle Hayne,New Hanover,2025,6,34.364167,-77.838611,41.0,63.0
2025-06-25,Clemmons Middle,Forsyth,2025,6,36.026612,-80.341962,42.0,62.0
2025-06-25,Durham Armory,Durham,2025,6,36.0329550008979,-78.904037,31.0,62.0
2025-06-25,Frying Pan Mountain,Haywood,2025,6,35.379167,-82.7925,43.0,
2025-06-25,Garinger High School,Mecklenburg,2025,6,35.2401000008895,-80.785683,74.0,61.0
2025-06-25,Hattie Avenue,Forsyth,2025,6,36.11094,-80.224501,41.0,62.0
2025-06-25,Leggett,Edgecombe,2025,6,35.988278,-77.5843,,58.0
2025-06-25,Linville Falls,Avery,2025,6,35.972347,-81.933072,29.0,
2025-06-25,Mendenhall School,Guilford,2025,6,36.1090060008986,-79.802314,33.0,63.0
2025-06-25,Millbrook School,Wake,2025,6,35.856111,-78.574167,47.0,67.0
2025-06-25,Old High School,Swain,2025,6,35.498711,-83.310242,21.0,53.0
2025-06-25,Pitt Agri. Center,Pitt,2025,6,35.6412760008938,-77.360126,43.0,70.0
2025-06-25,Rockwell,Rowan,2025,6,35.551868,-80.395039,41.0,60.0
2025-06-25,West Johnston Co.,Johnston,2025,6,35.59095,-78.4622,,62.0
2025-06-26,Bryson City,Swain,2025,6,35.434767,-83.442133,29.0,44.0
2025-06-26,Castle Hayne,New Hanover,2025,6,34.364167,-77.838611,47.0,52.0
2025-06-26,Clemmons Middle,Forsyth,2025,6,36.026612,-80.341962,49.0,53.0
2025-06-26,Durham Armory,Durham,2025,6,36.0329550008979,-78.904037,67.0,58.0
2025-06-26,Frying Pan Mountain,Haywood,2025,6,35.379167,-82.7925,44.0,
2025-06-26,Garinger High School,Mecklenburg,2025,6,35.2401000008895,-80.785683,67.0,52.0
2025-06-26,Hattie Avenue,Forsyth,2025,6,36.11094,-80.224501,71.0,53.0
2025-06-26,Leggett,Edgecombe,2025,6,35.988278,-77.5843,48.0,61.0
2025-06-26,Mendenhall School,Guilford,2025,6,36.1090060008986,-79.802314,54.0,52.0
2025-06-26,Millbrook School,Wake,2025,6,35.856111,-78.574167,64.0,62.0
2025-06-26,Old High School,Swain,2025,6,35.498711,-83.310242,24.0,55.0
2025-06-26,Pitt Agri. Center,Pitt,2025,6,35.6412760008938,-77.360126,50.0,58.0
2025-06-26,Rockwell,Rowan,2025,6,35.551868,-80.395039,51.0,52.0
2025-06-26,West Johnston Co.,Johnston,2025,6,35.59095,-78.4622,67.0,61.0
2025-06-27,Bryson City,Swain,2025,6,35.434767,-83.442133,29.0,44.0
2025-06-27,Castle Hayne,New Hanover,2025,6,34.364167,-77.838611,37.0,34.5
2025-06-27,Clemmons Middle,Forsyth,2025,6,36.026612,-80.341962,47.0,53.0
2025-06-27,Durham Armory,Durham,2025,6,36.0329550008979,-78.904037,54.0,50.5
2025-06-27,Frying Pan Mountain,Haywood,2025,6,35.379167,-82.7925,44.0,36.0
2025-06-27,Garinger High School,Mecklenburg,2025,6,35.2401000008895,-80.785683,58.0,51.0
2025-06-27,Hattie Avenue,Forsyth,2025,6,36.11094,-80.224501,50.0,53.0
2025-06-27,Leggett,Edgecombe,2025,6,35.988278,-77.5843,46.0,65.0
2025-06-27,Mendenhall School,Guilford,2025,6,36.1090060008986,-79.802314,41.0,46.0
2025-06-27,Millbrook School,Wake,2025,6,35.856111,-78.574167,58.0,57.0
2025-06-27,Old High School,Swain,2025,6,35.498711,-83.310242,30.0,52.0
2025-06-27,Pitt Agri. Center,Pitt,2025,6,35.6412760008938,-77.360126,43.0,56.0
2025-06-27,Rockwell,Rowan,2025,6,35.551868,-80.395039,58.0,54.0
2025-06-27,West Johnston Co.,Johnston,2025,6,35.59095,-78.4622,47.0,57.0
2025-06-28,Bryson City,Swain,2025,6,35.434767,-83.442133,31.0,29.0
2025-06-28,Castle Hayne,New Hanover,2025,6,34.364167,-77.838611,31.0,19.5
2025-06-28,Clemmons Middle,Forsyth,2025,6,36.026612,-80.341962,44.0,51.0
2025-06-28,Durham Armory,Durham,2025,6,36.0329550008979,-78.904037,37.0,46.5
2025-06-28,Frying Pan Mountain,Haywood,2025,6,35.379167,-82.7925,40.0,
2025-06-28,Garinger High School,Mecklenburg,2025,6,35.2401000008895,-80.785683,46.0,52.0
2025-06-28,Hattie Avenue,Forsyth,2025,6,36.11094,-80.224501,44.0,51.0
2025-06-28,Leggett,Edgecombe,2025,6,35.988278,-77.5843,44.0,56.0
2025-06-28,Mendenhall School,Guilford,2025,6,36.1090060008986,-79.802314,40.0,50.0
2025-06-28,Millbrook School,Wake,2025,6,35.856111,-78.574167,42.0,54.0
2025-06-28,Old High School,Swain,2025,6,35.498711,-83.310242,30.0,34.0
2025-06-28,Pitt Agri. Center,Pitt,2025,6,35.6412760008938,-77.360126,38.0,42.0
2025-06-28,Rockwell,Rowan,2025,6,35.551868,-80.395039,44.0,52.0
2025-06-28,West Johnston Co.,Johnston,2025,6,35.59095,-78.4622,39.0,52.0
2025-06-29,Bryson City,Swain,2025,6,35.434767,-83.442133,32.0,27.0
2025-06-29,Castle Hayne,New Hanover,2025,6,34.364167,-77.838611,34.0,33.5
2025-06-29,Clemmons Middle,Forsyth,2025,6,36.026612,-80.341962,42.0,39.0
2025-06-29,Durham Armory,Durham,2025,6,36.0329550008979,-78.904037,41.0,49.5
2025-06-29,Frying Pan Mountain,Haywood,2025,6,35.379167,-82.7925,37.0,
2025-06-29,Garinger High School,Mecklenburg,2025,6,35.2401000008895,-80.785683,50.0,39.0
2025-06-29,Hattie Avenue,Forsyth,2025,6,36.11094,-80.224501,46.0,41.0
2025-06-29,Leggett,Edgecombe,2025,6,35.988278,-77.5843,42.0,57.0
2025-06-29,Mendenhall School,Guilford,2025,6,36.1090060008986,-79.802314,38.0,46.0
2025-06-29,Millbrook School,Wake,2025,6,35.856111,-78.574167,40.0,54.0
2025-06-29,Old High School,Swain,2025,6,35.498711,-83.310242,31.0,35.0
2025-06-29,Pitt Agri. Center,Pitt,2025,6,35.6412760008938,-77.360126,33.0,49.0
2025-06-29,Rockwell,Rowan,2025,6,35.551868,-80.395039,47.0,44.0
2025-06-29,West Johnston Co.,Johnston,2025,6,35.59095,-78.4622,39.0,53.0
2025-06-30,Bryson City,Swain,2025,6,35.434767,-83.442133,31.0,31.0
2025-06-30,Castle Hayne,New Hanover,2025,6,34.364167,-77.838611,30.0,40.0
2025-06-30,Clemmons Middle,Forsyth,2025,6,36.026612,-80.341962,41.0,50.5
2025-06-30,Durham Armory,Durham,2025,6,36.0329550008979,-78.904037,39.0,55.5
2025-06-30,Frying Pan Mountain,Haywood,2025,6,35.379167,-82.7925,33.0,31.0
2025-06-30,Garinger High School,Mecklenburg,2025,6,35.2401000008895,-80.785683,42.0,49.0
2025-06-30,Hattie Avenue,Forsyth,2025,6,36.11094,-80.224501,44.0,53.0
2025-06-30,Leggett,Edgecombe,2025,6,35.988278,-77.5843,37.0,55.0
2025-06-30,Mendenhall School,Guilford,2025,6,36.1090060008986,-79.802314,38.0,53.0
2025-06-30,Millbrook School,Wake,2025,6,35.856111,-78.574167,37.0,52.5
2025-06-30,Old High School,Swain,2025,6,35.498711,-83.310242,31.0,36.0
2025-06-30,Pitt Agri. Center,Pitt,2025,6,35.6412760008938,-77.360126,31.0,48.0
2025-06-30,Rockwell,Rowan,2025,6,35.551868,-80.395039,37.0,52.0
2025-06-30,West Johnston Co.,Johnston,2025,6,35.59095,-78.4622,34.0,53.0
2025-07-01,Bryson City,Swain,2025,7,35.434767,-83.442133,27.0,30.0
2025-07-01,Castle Hayne,New Hanover,2025,7,34.364167,-77.838611,30.0,39.0
2025-07-01,Clemmons Middle,Forsyth,2025,7,36.026612,-80.341962,48.0,43.0
2025-07-01,Durham Armory,Durham,2025,7,36.0329550008979,-78.904037,38.0,42.0
2025-07-01,Frying Pan Mountain,Haywood,2025,7,35.379167,-82.7925,30.0,
2025-07-01,Garinger High School,Mecklenburg,2025,7,35.2401000008895,-80.785683,40.0,46.0
2025-07-01,Hattie Avenue,Forsyth,2025,7,36.11094,-80.224501,49.0,44.0
2025-07-01,Leggett,Edgecombe,2025,7,35.988278,-77.5843,36.0,45.0
2025-07-01,Linville Falls,Avery,2025,7,35.972347,-81.933072,31.0,
2025-07-01,Mendenhall School,Guilford,2025,7,36.1090060008986,-79.802314,40.0,54.0
2025-07-01,Millbrook School,Wake,2025,7,35.856111,-78.574167,37.0,47.0
2025-07-01,Old High School,Swain,2025,7,35.498711,-83.310242,25.0,31.0
2025-07-01,Pitt Agri. Center,Pitt,2025,7,35.6412760008938,-77.360126,31.0,43.0
2025-07-01,Rockwell,Rowan,2025,7,35.551868,-80.395039,41.0,49.0
2025-07-01,West Johnston Co.,Johnston,2025,7,35.59095,-78.4622,36.0,41.0
2025-07-02,Bryson City,Swain,2025,7,35.434767,-83.442133,43.0,29.0
2025-07-02,Castle Hayne,New Hanover,2025,7,34.364167,-77.838611,25.0,39.0
2025-07-02,Clemmons Middle,Forsyth,2025,7,36.026612,-80.341962,34.0,26.0
2025-07-02,Durham Armory,Durham,2025,7,36.0329550008979,-78.904037,26.0,25.5
2025-07-02,Frying Pan Mountain,Haywood,2025,7,35.379167,-82.7925,44.0,
2025-07-02,Garinger High School,Mecklenburg,2025,7,35.2401000008895,-80.785683,40.0,26.0
2025-07-02,Hattie Avenue,Forsyth,2025,7,36.11094,-80.224501,32.0,26.0
2025-07-02,Leggett,Edgecombe,2025,7,35.988278,-77.5843,27.0,47.0
2025-07-02,Linville Falls,Avery,2025,7,35.972347,-81.933072,42.0,
2025-07-02,Mendenhall School,Guilford,2025,7,36.1090060008986,-79.802314,30.0,29.0
2025-07-02,Millbrook School,Wake,2025,7,35.856111,-78.574167,25.0,32.0
2025-07-02,Old High School,Swain,2025,7,35.498711,-83.310242,41.0,25.0
2025-07-02,Pitt Agri. Center,Pitt,2025,7,35.6412760008938,-77.360126,27.0,42.0
2025-07-02,Rockwell,Rowan,2025,7,35.551868,-80.395039,34.0,29.0
2025-07-02,West Johnston Co.,Johnston,2025,7,35.59095,-78.4622,24.0,39.0
2025-07-03,Bryson City,Swain,2025,7,35.434767,-83.442133,41.0,53.0
2025-07-03,Castle Hayne,New Hanover,2025,7,34.364167,-77.838611,31.0,42.5
2025-07-03,Clemmons Middle,Forsyth,2025,7,36.026612,-80.341962,54.0,47.0
2025-07-03,Durham Armory,Durham,2025,7,36.0329550008979,-78.904037,44.0,32.5
2025-07-03,Frying Pan Mountain,Haywood,2025,7,35.379167,-82.7925,51.0,29.0
2025-07-03,Garinger High School,Mecklenburg,2025,7,35.2401000008895,-80.785683,51.0,40.0
2025-07-03,Hattie Avenue,Forsyth,2025,7,36.11094,-80.224501,49.0,52.0
2025-07-03,Leggett,Edgecombe,2025,7,35.988278,-77.5843,43.0,36.0
2025-07-03,Linville Falls,Avery,2025,7,35.972347,-81.933072,45.0,31.0
2025-07-03,Mendenhall School,Guilford,2025,7,36.1090060008986,-79.802314,44.0,38.0
2025-07-03,Millbrook School,Wake,2025,7,35.856111,-78.574167,44.0,42.5
2025-07-03,Old High School,Swain,2025,7,35.498711,-83.310242,38.0,43.0
2025-07-03,Pitt Agri. Center,Pitt,2025,7,35.6412760008938,-77.360126,35.0,39.0
2025-07-03,Rockwell,Rowan,2025,7,35.551868,-80.395039,71.0,33.0
2025-07-03,West Johnston Co.,Johnston,2025,7,35.59095,-78.4622,40.0,33.0
2025-07-04,Bryson City,Swain,2025,7,35.434767,-83.442133,37.0,58.0
2025-07-04,Castle Hayne,New Hanover,2025,7,34.364167,-77.838611,39.0,44.0
2025-07-04,Clemmons Middle,Forsyth,2025,7,36.026612,-80.341962,50.0,66.0
2025-07-04,Durham Armory,Durham,2025,7,36.0329550008979,-78.904037,48.0,60.5
2025-07-04,Frying Pan Mountain,Haywood,2025,7,35.379167,-82.7925,43.0,
2025-07-04,Garinger High School,Mecklenburg,2025,7,35.2401000008895,-80.785683,47.0,68.0
2025-07-04,Hattie Avenue,Forsyth,2025,7,36.11094,-80.224501,50.0,70.0
2025-07-04,Leggett,Edgecombe,2025,7,35.988278,-77.5843,50.0,54.0
2025-07-04,Linville Falls,Avery,2025,7,35.972347,-81.933072,45.0,
2025-07-04,Mendenhall School,Guilford,2025,7,36.1090060008986,-79.802314,43.0,58.0
2025-07-04,Millbrook School,Wake,2025,7,35.856111,-78.574167,47.0,64.0
2025-07-04,Old High School,Swain,2025,7,35.498711,-83.310242,35.0,47.0
2025-07-04,Pitt Agri. Center,Pitt,2025,7,35.6412760008938,-77.360126,45.0,56.0
2025-07-04,Rockwell,Rowan,2025,7,35.551868,-80.395039,44.0,58.0
2025-07-04,West Johnston Co.,Johnston,2025,7,35.59095,-78.4622,51.0,60.0
2025-07-05,Bryson City,Swain,2025,7,35.434767,-83.442133,40.0,57.0
2025-07-05,Castle Hayne,New Hanover,2025,7,34.364167,-77.838611,32.0,40.0
2025-07-05,Clemmons Middle,Forsyth,2025,7,36.026612,-80.341962,47.0,70.0
2025-07-05,Durham Armory,Durham,2025,7,36.0329550008979,-78.904037,47.0,61.5
2025-07-05,Frying Pan Mountain,Haywood,2025,7,35.379167,-82.7925,45.0,
2025-07-05,Garinger High School,Mecklenburg,2025,7,35.2401000008895,-80.785683,45.0,61.0
2025-07-05,Hattie Avenue,Forsyth,2025,7,36.11094,-80.224501,48.0,66.0
2025-07-05,Leggett,Edgecombe,2025,7,35.988278,-77.5843,44.0,53.0
2025-07-05,Linville Falls,Avery,2025,7,35.972347,-81.933072,41.0,
2025-07-05,Mendenhall School,Guilford,2025,7,36.1090060008986,-79.802314,42.0,61.0
2025-07-05,Millbrook School,Wake,2025,7,35.856111,-78.574167,46.0,58.0
2025-07-05,Old High School,Swain,2025,7,35.498711,-83.310242,36.0,54.0
2025-07-05,Pitt Agri. Center,Pitt,2025,7,35.6412760008938,-77.360126,38.0,47.0
2025-07-05,Rockwell,Rowan,2025,7,35.551868,-80.395039,44.0,60.0
2025-07-05,West Johnston Co.,Johnston,2025,7,35.59095,-78.4622,45.0,58.0
2025-07-06,Bryson City,Swain,2025,7,35.434767,-83.442133,35.0,54.0
2025-07-06,Castle Hayne,New Hanover,2025,7,34.364167,-77.838611,30.0,28.5
2025-07-06,Clemmons Middle,Forsyth,2025,7,36.026612,-80.341962,19.0,42.5
2025-07-06,Durham Armory,Durham,2025,7,36.0329550008979,-78.904037,21.0,20.5
2025-07-06,Frying Pan Mountain,Haywood,2025,7,35.379167,-82.7925,41.0,45.0
2025-07-06,Garinger High School,Mecklenburg,2025,7,35.2401000008895,-80.785683,27.0,36.0
2025-07-06,Hattie Avenue,Forsyth,2025,7,36.11094,-80.224501,19.0,46.5
2025-07-06,Leggett,Edgecombe,2025,7,35.988278,-77.5843,26.0,31.0
2025-07-06,Linville Falls,Avery,2025,7,35.972347,-81.933072,39.0,38.0
2025-07-06,Mendenhall School,Guilford,2025,7,36.1090060008986,-79.802314,17.0,41.0
2025-07-06,Millbrook School,Wake,2025,7,35.856111,-78.574167,22.0,24.5
2025-07-06,Old High School,Swain,2025,7,35.498711,-83.310242,32.0,54.0
2025-07-06,Pitt Agri. Center,Pitt,2025,7,35.6412760008938,-77.360126,23.0,20.0
2025-07-06,Rockwell,Rowan,2025,7,35.551868,-80.395039,20.0,41.0
2025-07-06,West Johnston Co.,Johnston,2025,7,35.59095,-78.4622,,18.0
2025-07-07,Bryson City,Swain,2025,7,35.434767,-83.442133,35.0,53.0
2025-07-07,Castle Hayne,New Hanover,2025,7,34.364167,-77.838611,32.0,30.0
2025-07-07,Clemmons Middle,Forsyth,2025,7,36.026612,-80.341962,41.0,51.0
2025-07-07,Durham Armory,Durham,2025,7,36.0329550008979,-78.904037,38.0,38.0
2025-07-07,Frying Pan Mountain,Haywood,2025,7,35.379167,-82.7925,36.0,
2025-07-07,Garinger High School,Mecklenburg,2025,7,35.2401000008895,-80.785683,54.0,48.0
2025-07-07,Hattie Avenue,Forsyth,2025,7,36.11094,-80.224501,41.0,51.0
2025-07-07,Leggett,Edgecombe,2025,7,35.988278,-77.5843,37.0,39.0
2025-07-07,Linville Falls,Avery,2025,7,35.972347,-81.933072,37.0,
2025-07-07,Mendenhall School,Guilford,2025,7,36.1090060008986,-79.802314,43.0,52.0
2025-07-07,Millbrook School,Wake,2025,7,35.856111,-78.574167,33.0,48.0
2025-07-07,Old High School,Swain,2025,7,35.498711,-83.310242,36.0,55.0
2025-07-07,Pitt Agri. Center,Pitt,2025,7,35.6412760008938,-77.360126,33.0,40.0
2025-07-07,Rockwell,Rowan,2025,7,35.551868,-80.395039,47.0,40.0
2025-07-07,West Johnston Co.,Johnston,2025,7,35.59095,-78.4622,,50.0
2025-07-08,Bryson City,Swain,2025,7,35.434767,-83.442133,31.0,52.0
2025-07-08,Castle Hayne,New Hanover,2025,7,34.364167,-77.838611,31.0,30.0
2025-07-08,Clemmons Middle,Forsyth,2025,7,36.026612,-80.341962,50.0,60.0
2025-07-08,Durham Armory,Durham,2025,7,36.0329550008979,-78.904037,41.0,55.5
2025-07-08,Frying Pan Mountain,Haywood,2025,7,35.379167,-82.7925,36.0,
2025-07-08,Garinger High School,Mecklenburg,2025,7,35.2401000008895,-80.785683,80.0,58.0
2025-07-08,Hattie Avenue,Forsyth,2025,7,36.11094,-80.224501,58.0,60.0
2025-07-08,Leggett,Edgecombe,2025,7,35.988278,-77.5843,36.0,55.0
2025-07-08,Linville Falls,Avery,2025,7,35.972347,-81.933072,35.0,
2025-07-08,Mendenhall School,Guilford,2025,7,36.1090060008986,-79.802314,48.0,60.0
2025-07-08,Millbrook School,Wake,2025,7,35.856111,-78.574167,41.0,57.0
2025-07-08,Old High School,Swain,2025,7,35.498711,-83.310242,29.0,55.0
2025-07-08,Pitt Agri. Center,Pitt,2025,7,35.6412760008938,-77.360126,27.0,45.0
2025-07-08,Rockwell,Rowan,2025,7,35.551868,-80.395039,74.0,57.0
2025-07-08,West Johnston Co.,Johnston,2025,7,35.59095,-78.4622,,55.0
2025-07-09,Bryson City,Swain,2025,7,35.434767,-83.442133,30.0,44.0
2025-07-09,Castle Hayne,New Hanover,2025,7,34.364167,-77.838611,20.0,27.5
2025-07-09,Clemmons Middle,Forsyth,2025,7,36.026612,-80.341962,49.0,53.0
2025-07-09,Durham Armory,Durham,2025,7,36.0329550008979,-78.904037,39.0,42.0
2025-07-09,Frying Pan Mountain,Haywood,2025,7,35.379167,-82.7925,35.0,42.0
2025-07-09,Garinger High School,Mecklenburg,2025,7,35.2401000008895,-80.785683,48.0,52.0
2025-07-09,Hattie Avenue,Forsyth,2025,7,36.11094,-80.224501,50.0,54.5
2025-07-09,Leggett,Edgecombe,2025,7,35.988278,-77.5843,31.0,38.0
2025-07-09,Linville Falls,Avery,2025,7,35.972347,-81.933072,32.0,39.0
2025-07-09,Mendenhall School,Guilford,2025,7,36.1090060008986,-79.802314,41.0,54.0
2025-07-09,Millbrook School,Wake,2025,7,35.856111,-78.574167,34.0,45.0
2025-07-09,Old High School,Swain,2025,7,35.498711,-83.310242,30.0,50.0
2025-07-09,Pitt Agri. Center,Pitt,2025,7,35.6412760008938,-77.360126,26.0,29.0
2025-07-09,Rockwell,Rowan,2025,7,35.551868,-80.395039,41.0,51.0
2025-07-09,West Johnston Co.,Johnston,2025,7,35.59095,-78.4622,,39.0
2025-07-10,Bryson City,Swain,2025,7,35.434767,-83.442133,27.0,27.0
2025-07-10,Castle Hayne,New Hanover,2025,7,34.364167,-77.838611,35.0,32.5
2025-07-10,Clemmons Middle,Forsyth,2025,7,36.026612,-80.341962,35.0,31.0
2025-07-10,Durham Armory,Durham,2025,7,36.0329550008979,-78.904037,37.0,27.0
2025-07-10,Frying Pan Mountain,Haywood,2025,7,35.379167,-82.7925,33.0,
2025-07-10,Garinger High School,Mecklenburg,2025,7,35.2401000008895,-80.785683,54.0,40.0
2025-07-10,Hattie Avenue,Forsyth,2025,7,36.11094,-80.224501,38.0,26.0
2025-07-10,Leggett,Edgecombe,2025,7,35.988278,-77.5843,38.0,38.0
2025-07-10,Linville Falls,Avery,2025,7,35.972347,-81.933072,29.0,
2025-07-10,Mendenhall School,Guilford,2025,7,36.1090060008986,-79.802314,41.0,31.0
2025-07-10,Millbrook School,Wake,2025,7,35.856111,-78.574167,39.0,33.0
2025-07-10,Old High School,Swain,2025,7,35.498711,-83.310242,23.0,28.0
2025-07-10,Pitt Agri. Center,Pitt,2025,7,35.6412760008938,-77.360126,33.0,32.0
2025-07-10,Rockwell,Rowan,2025,7,35.551868,-80.395039,41.0,37.0
2025-07-10,West Johnston Co.,Johnston,2025,7,35.59095,-78.4622,35.0,41.0
2025-07-11,Bryson City,Swain,2025,7,35.434767,-83.442133,28.0,22.0
2025-07-11,Castle Hayne,New Hanover,2025,7,34.364167,-77.838611,34.0,27.0
2025-07-11,Clemmons Middle,Forsyth,2025,7,36.026612,-80.341962,40.0,43.0
2025-07-11,Durham Armory,Durham,2025,7,36.0329550008979,-78.904037,37.0,28.0
2025-07-11,Frying Pan Mountain,Haywood,2025,7,35.379167,-82.7925,36.0,
2025-07-11,Garinger High School,Mecklenburg,2025,7,35.2401000008895,-80.785683,44.0,28.0
2025-07-11,Hattie Avenue,Forsyth,2025,7,36.11094,-80.224501,48.0,41.0
2025-07-11,Leggett,Edgecombe,2025,7,35.988278,-77.5843,42.0,48.0
2025-07-11,Linville Falls,Avery,2025,7,35.972347,-81.933072,25.0,
2025-07-11,Mendenhall School,Guilford,2025,7,36.1090060008986,-79.802314,44.0,44.0
2025-07-11,Millbrook School,Wake,2025,7,35.856111,-78.574167,46.0,47.0
2025-07-11,Old High School,Swain,2025,7,35.498711,-83.310242,21.0,29.0
2025-07-11,Pitt Agri. Center,Pitt,2025,7,35.6412760008938,-77.360126,33.0,36.0
2025-07-11,Rockwell,Rowan,2025,7,35.551868,-80.395039,42.0,42.0
2025-07-11,West Johnston Co.,Johnston,2025,7,35.59095,-78.4622,35.0,41.0
2025-07-12,Bryson City,Swain,2025,7,35.434767,-83.442133,28.0,29.0
2025-07-12,Castle Hayne,New Hanover,2025,7,34.364167,-77.838611,34.0,38.5
2025-07-12,Clemmons Middle,Forsyth,2025,7,36.026612,-80.341962,42.0,39.5
2025-07-12,Durham Armory,Durham,2025,7,36.0329550008979,-78.904037,44.0,38.5
2025-07-12,Frying Pan Mountain,Haywood,2025,7,35.379167,-82.7925,34.0,19.0
2025-07-12,Garinger High School,Mecklenburg,2025,7,35.2401000008895,-80.785683,48.0,26.5
2025-07-12,Hattie Avenue,Forsyth,2025,7,36.11094,-80.224501,47.0,46.5
2025-07-12,Leggett,Edgecombe,2025,7,35.988278,-77.5843,39.0,54.0
2025-07-12,Linville Falls,Avery,2025,7,35.972347,-81.933072,28.0,27.0
2025-07-12,Mendenhall School,Guilford,2025,7,36.1090060008986,-79.802314,43.0,46.0
2025-07-12,Millbrook School,Wake,2025,7,35.856111,-78.574167,41.0,53.5
2025-07-12,Old High School,Swain,2025,7,35.498711,-83.310242,25.0,28.0
2025-07-12,Pitt Agri. Center,Pitt,2025,7,35.6412760008938,-77.360126,35.0,52.0
2025-07-12,Rockwell,Rowan,2025,7,35.551868,-80.395039,43.0,37.0
2025-07-12,West Johnston Co.,Johnston,2025,7,35.59095,-78.4622,36.0,55.0
2025-07-13,Bryson City,Swain,2025,7,35.434767,-83.442133,22.0,33.0
2025-07-13,Castle Hayne,New Hanover,2025,7,34.364167,-77.838611,31.0,36.0
2025-07-13,Clemmons Middle,Forsyth,2025,7,36.026612,-80.341962,33.0,42.0
2025-07-13,Durham Armory,Durham,2025,7,36.0329550008979,-78.904037,35.0,34.5
2025-07-13,Frying Pan Mountain,Haywood,2025,7,35.379167,-82.7925,29.0,
2025-07-13,Garinger High School,Mecklenburg,2025,7,35.2401000008895,-80.785683,36.0,39.0
2025-07-13,Hattie Avenue,Forsyth,2025,7,36.11094,-80.224501,33.0,44.0
2025-07-13,Leggett,Edgecombe,2025,7,35.988278,-77.5843,36.0,49.0
2025-07-13,Linville Falls,Avery,2025,7,35.972347,-81.933072,24.0,
2025-07-13,Mendenhall School,Guilford,2025,7,36.1090060008986,-79.802314,31.0,38.0
2025-07-13,Millbrook School,Wake,2025,7,35.856111,-78.574167,31.0,51.0
2025-07-13,Old High School,Swain,2025,7,35.498711,-83.310242,18.0,39.0
2025-07-13,Pitt Agri. Center,Pitt,2025,7,35.6412760008938,-77.360126,30.0,43.0
2025-07-13,Rockwell,Rowan,2025,7,35.551868,-80.395039,37.0,36.0
2025-07-13,West Johnston Co.,Johnston,2025,7,35.59095,-78.4622,32.0,42.0
2025-07-14,Bryson City,Swain,2025,7,35.434767,-83.442133,23.0,21.0
2025-07-14,Castle Hayne,New Hanover,2025,7,34.364167,-77.838611,28.0,20.5
2025-07-14,Clemmons Middle,Forsyth,2025,7,36.026612,-80.341962,36.0,39.0
2025-07-14,Durham Armory,Durham,2025,7,36.0329550008979,-78.904037,36.0,32.0
2025-07-14,Frying Pan Mountain,Haywood,2025,7,35.379167,-82.7925,29.0,
2025-07-14,Garinger High School,Mecklenburg,2025,7,35.2401000008895,-80.785683,71.0,37.0
2025-07-14,Hattie Avenue,Forsyth,2025,7,36.11094,-80.224501,45.0,41.0
2025-07-14,Leggett,Edgecombe,2025,7,35.988278,-77.5843,34.0,41.0
2025-07-14,Linville Falls,Avery,2025,7,35.972347,-81.933072,28.0,
2025-07-14,Mendenhall School,Guilford,2025,7,36.1090060008986,-79.802314,39.0,37.0
2025-07-14,Millbrook School,Wake,2025,7,35.856111,-78.574167,40.0,49.0
2025-07-14,Old High School,Swain,2025,7,35.498711,-83.310242,20.0,29.0
2025-07-14,Pitt Agri. Center,Pitt,2025,7,35.6412760008938,-77.360126,29.0,30.0
2025-07-14,Rockwell,Rowan,2025,7,35.551868,-80.395039,35.0,34.0
2025-07-14,West Johnston Co.,Johnston,2025,7,35.59095,-78.4622,36.0,38.0
2025-07-15,Bryson City,Swain,2025,7,35.434767,-83.442133,26.0,28.0
2025-07-15,Castle Hayne,New Hanover,2025,7,34.364167,-77.838611,31.0,23.0
2025-07-15,Clemmons Middle,Forsyth,2025,7,36.026612,-80.341962,42.0,39.0
2025-07-15,Durham Armory,Durham,2025,7,36.0329550008979,-78.904037,30.0,20.5
2025-07-15,Frying Pan Mountain,Haywood,2025,7,35.379167,-82.7925,24.0,22.0
2025-07-15,Garinger High School,Mecklenburg,2025,7,35.2401000008895,-80.785683,37.0,35.5
2025-07-15,Hattie Avenue,Forsyth,2025,7,36.11094,-80.224501,43.0,39.0
2025-07-15,Leggett,Edgecombe,2025,7,35.988278,-77.5843,32.0,31.0
2025-07-15,Linville Falls,Avery,2025,7,35.972347,-81.933072,25.0,28.0
2025-07-15,Mendenhall School,Guilford,2025,7,36.1090060008986,-79.802314,34.0,33.0
2025-07-15,Millbrook School,Wake,2025,7,35.856111,-78.574167,31.0,34.0
2025-07-15,Old High School,Swain,2025,7,35.498711,-83.310242,22.0,33.0
2025-07-15,Pitt Agri. Center,Pitt,2025,7,35.6412760008938,-77.360126,31.0,24.0
2025-07-15,Rockwell,Rowan,2025,7,35.551868,-80.395039,34.0,41.0
2025-07-15,West Johnston Co.,Johnston,2025,7,35.59095,-78.4622,31.0,26.0
2025-07-16,Bryson City,Swain,2025,7,35.434767,-83.442133,31.0,25.0
2025-07-16,Castle Hayne,New Hanover,2025,7,34.364167,-77.838611,13.0,33.5
2025-07-16,Clemmons Middle,Forsyth,2025,7,36.026612,-80.341962,39.0,31.0
2025-07-16,Durham Armory,Durham,2025,7,36.0329550008979,-78.904037,33.0,29.0
2025-07-16,Frying Pan Mountain,Haywood,2025,7,35.379167,-82.7925,32.0,
2025-07-16,Garinger High School,Mecklenburg,2025,7,35.2401000008895,-80.785683,36.0,24.0
2025-07-16,Hattie Avenue,Forsyth,2025,7,36.11094,-80.224501,40.0,32.0
2025-07-16,Leggett,Edgecombe,2025,7,35.988278,-77.5843,32.0,46.0
2025-07-16,Linville Falls,Avery,2025,7,35.972347,-81.933072,34.0,
2025-07-16,Mendenhall School,Guilford,2025,7,36.1090060008986,-79.802314,40.0,37.0
2025-07-16,Millbrook School,Wake,2025,7,35.856111,-78.574167,33.0,38.0
2025-07-16,Old High School,Swain,2025,7,35.498711,-83.310242,26.0,28.0
2025-07-16,Pitt Agri. Center,Pitt,2025,7,35.6412760008938,-77.360126,24.0,37.0
2025-07-16,Rockwell,Rowan,2025,7,35.551868,-80.395039,40.0,35.0
2025-07-16,West Johnston Co.,Johnston,2025,7,35.59095,-78.4622,,28.0
2025-07-17,Bryson City,Swain,2025,7,35.434767,-83.442133,29.0,32.0
2025-07-17,Castle Hayne,New Hanover,2025,7,34.364167,-77.838611,19.0,24.5
2025-07-17,Clemmons Middle,Forsyth,2025,7,36.026612,-80.341962,35.0,39.0
2025-07-17,Durham Armory,Durham,2025,7,36.0329550008979,-78.904037,31.0,37.5
2025-07-17,Frying Pan Mountain,Haywood,2025,7,35.379167,-82.7925,35.0,
2025-07-17,Garinger High School,Mecklenburg,2025,7,35.2401000008895,-80.785683,33.0,36.0
2025-07-17,Hattie Avenue,Forsyth,2025,7,36.11094,-80.224501,36.0,38.0
2025-07-17,Leggett,Edgecombe,2025,7,35.988278,-77.5843,31.0,44.0
2025-07-17,Linville Falls,Avery,2025,7,35.972347,-81.933072,31.0,
2025-07-17,Mendenhall School,Guilford,2025,7,36.1090060008986,-79.802314,35.0,39.0
2025-07-17,Millbrook School,Wake,2025,7,35.856111,-78.574167,30.0,43.0
2025-07-17,Old High School,Swain,2025,7,35.498711,-83.310242,29.0,33.0
2025-07-17,Pitt Agri. Center,Pitt,2025,7,35.6412760008938,-77.360126,30.0,36.0
2025-07-17,Rockwell,Rowan,2025,7,35.551868,-80.395039,33.0,35.0
2025-07-17,West Johnston Co.,Johnston,2025,7,35.59095,-78.4622,27.0,47.0
2025-07-18,Bryson City,Swain,2025,7,35.434767,-83.442133,26.0,27.0
2025-07-18,Castle Hayne,New Hanover,2025,7,34.364167,-77.838611,24.0,26.5
2025-07-18,Clemmons Middle,Forsyth,2025,7,36.026612,-80.341962,34.0,37.0
2025-07-18,Durham Armory,Durham,2025,7,36.0329550008979,-78.904037,40.0,30.5
2025-07-18,Frying Pan Mountain,Haywood,2025,7,35.379167,-82.7925,32.0,19.0
2025-07-18,Garinger High School,Mecklenburg,2025,7,35.2401000008895,-80.785683,33.0,41.0
2025-07-18,Hattie Avenue,Forsyth,2025,7,36.11094,-80.224501,38.0,33.5
2025-07-18,Leggett,Edgecombe,2025,7,35.988278,-77.5843,44.0,47.0
2025-07-18,Linville Falls,Avery,2025,7,35.972347,-81.933072,28.0,20.0
2025-07-18,Mendenhall School,Guilford,2025,7,36.1090060008986,-79.802314,40.0,39.0
2025-07-18,Millbrook School,Wake,2025,7,35.856111,-78.574167,37.0,42.5
2025-07-18,Old High School,Swain,2025,7,35.498711,-83.310242,25.0,25.0
2025-07-18,Pitt Agri. Center,Pitt,2025,7,35.6412760008938,-77.360126,34.0,36.0
2025-07-18,Rockwell,Rowan,2025,7,35.551868,-80.395039,39.0,45.0
2025-07-18,West Johnston Co.,Johnston,2025,7,35.59095,-78.4622,35.0,39.0
2025-07-19,Bryson City,Swain,2025,7,35.434767,-83.442133,27.0,20.0
2025-07-19,Castle Hayne,New Hanover,2025,7,34.364167,-77.838611,28.0,30.5
2025-07-19,Clemmons Middle,Forsyth,2025,7,36.026612,-80.341962,31.0,23.0
2025-07-19,Durham Armory,Durham,2025,7,36.0329550008979,-78.904037,33.0,25.0
2025-07-19,Frying Pan Mountain,Haywood,2025,7,35.379167,-82.7925,28.0,
2025-07-19,Garinger High School,Mecklenburg,2025,7,35.2401000008895,-80.785683,42.0,26.0
2025-07-19,Hattie Avenue,Forsyth,2025,7,36.11094,-80.224501,32.0,23.0
2025-07-19,Leggett,Edgecombe,2025,7,35.988278,-77.5843,37.0,42.0
2025-07-19,Linville Falls,Avery,2025,7,35.972347,-81.933072,29.0,
2025-07-19,Mendenhall School,Guilford,2025,7,36.1090060008986,-79.802314,36.0,28.0
2025-07-19,Millbrook School,Wake,2025,7,35.856111,-78.574167,31.0,42.0
2025-07-19,Old High School,Swain,2025,7,35.498711,-83.310242,28.0,24.0
2025-07-19,Pitt Agri. Center,Pitt,2025,7,35.6412760008938,-77.360126,31.0,47.0
2025-07-19,Rockwell,Rowan,2025,7,35.551868,-80.395039,44.0,36.0
2025-07-19,West Johnston Co.,Johnston,2025,7,35.59095,-78.4622,34.0,43.0
2025-07-20,Bryson City,Swain,2025,7,35.434767,-83.442133,28.0,34.0
2025-07-20,Castle Hayne,New Hanover,2025,7,34.364167,-77.838611,31.0,38.0
2025-07-20,Clemmons Middle,Forsyth,2025,7,36.026612,-80.341962,31.0,37.0
2025-07-20,Durham Armory,Durham,2025,7,36.0329550008979,-78.904037,31.0,30.5
2025-07-20,Frying Pan Mountain,Haywood,2025,7,35.379167,-82.7925,29.0,
2025-07-20,Garinger High School,Mecklenburg,2025,7,35.2401000008895,-80.785683,36.0,36.0
2025-07-20,Hattie Avenue,Forsyth,2025,7,36.11094,-80.224501,30.0,36.0
2025-07-20,Leggett,Edgecombe,2025,7,35.988278,-77.5843,35.0,40.0
2025-07-20,Linville Falls,Avery,2025,7,35.972347,-81.933072,31.0,
2025-07-20,Mendenhall School,Guilford,2025,7,36.1090060008986,-79.802314,31.0,33.0
2025-07-20,Millbrook School,Wake,2025,7,35.856111,-78.574167,34.0,39.0
2025-07-20,Old High School,Swain,2025,7,35.498711,-83.310242,19.0,38.0
2025-07-20,Pitt Agri. Center,Pitt,2025,7,35.6412760008938,-77.360126,31.0,37.0
2025-07-20,Rockwell,Rowan,2025,7,35.551868,-80.395039,35.0,36.0
2025-07-20,West Johnston Co.,Johnston,2025,7,35.59095,-78.4622,33.0,43.0
2025-07-21,Bryson City,Swain,2025,7,35.434767,-83.442133,27.0,41.0
2025-07-21,Castle Hayne,New Hanover,2025,7,34.364167,-77.838611,31.0,47.5
2025-07-21,Clemmons Middle,Forsyth,2025,7,36.026612,-80.341962,31.0,41.0
2025-07-21,Durham Armory,Durham,2025,7,36.0329550008979,-78.904037,34.0,32.0
2025-07-21,Frying Pan Mountain,Haywood,2025,7,35.379167,-82.7925,31.0,39.0
2025-07-21,Garinger High School,Mecklenburg,2025,7,35.2401000008895,-80.785683,40.0,51.5
2025-07-21,Hattie Avenue,Forsyth,2025,7,36.11094,-80.224501,32.0,45.5
2025-07-21,Leggett,Edgecombe,2025,7,35.988278,-77.5843,38.0,53.0
2025-07-21,Linville Falls,Avery,2025,7,35.972347,-81.933072,30.0,47.0
2025-07-21,Mendenhall School,Guilford,2025,7,36.1090060008986,-79.802314,32.0,36.0
2025-07-21,Millbrook School,Wake,2025,7,35.856111,-78.574167,36.0,45.5
2025-07-21,Old High School,Swain,2025,7,35.498711,-83.310242,,45.0
2025-07-21,Pitt Agri. Center,Pitt,2025,7,35.6412760008938,-77.360126,35.0,48.0
2025-07-21,Rockwell,Rowan,2025,7,35.551868,-80.395039,34.0,53.0
2025-07-21,West Johnston Co.,Johnston,2025,7,35.59095,-78.4622,44.0,49.0
2025-07-22,Bryson City,Swain,2025,7,35.434767,-83.442133,23.0,37.0
2025-07-22,Castle Hayne,New Hanover,2025,7,34.364167,-77.838611,29.0,46.0
2025-07-22,Clemmons Middle,Forsyth,2025,7,36.026612,-80.341962,44.0,49.0
2025-07-22,Durham Armory,Durham,2025,7,36.0329550008979,-78.904037,44.0,45.0
2025-07-22,Frying Pan Mountain,Haywood,2025,7,35.379167,-82.7925,30.0,
2025-07-22,Garinger High School,Mecklenburg,2025,7,35.2401000008895,-80.785683,32.0,39.0
2025-07-22,Hattie Avenue,Forsyth,2025,7,36.11094,-80.224501,44.0,52.0
2025-07-22,Leggett,Edgecombe,2025,7,35.988278,-77.5843,44.0,42.0
2025-07-22,Linville Falls,Avery,2025,7,35.972347,-81.933072,31.0,
2025-07-22,Mendenhall School,Guilford,2025,7,36.1090060008986,-79.802314,36.0,45.0
2025-07-22,Millbrook School,Wake,2025,7,35.856111,-78.574167,44.0,52.0
2025-07-22,Old High School,Swain,2025,7,35.498711,-83.310242,18.0,41.0
2025-07-22,Pitt Agri. Center,Pitt,2025,7,35.6412760008938,-77.360126,41.0,33.0
2025-07-22,Rockwell,Rowan,2025,7,35.551868,-80.395039,37.0,37.0
2025-07-22,West Johnston Co.,Johnston,2025,7,35.59095,-78.4622,44.0,44.0
2025-07-23,Bryson City,Swain,2025,7,35.434767,-83.442133,31.0,41.0
2025-07-23,Castle Hayne,New Hanover,2025,7,34.364167,-77.838611,31.0,35.0
2025-07-23,Clemmons Middle,Forsyth,2025,7,36.026612,-80.341962,67.0,59.0
2025-07-23,Durham Armory,Durham,2025,7,36.0329550008979,-78.904037,41.0,55.0
2025-07-23,Frying Pan Mountain,Haywood,2025,7,35.379167,-82.7925,39.0,
2025-07-23,Garinger High School,Mecklenburg,2025,7,35.2401000008895,-80.785683,49.0,52.0
2025-07-23,Hattie Avenue,Forsyth,2025,7,36.11094,-80.224501,51.0,59.0
2025-07-23,Leggett,Edgecombe,2025,7,35.988278,-77.5843,,44.0
2025-07-23,Linville Falls,Avery,2025,7,35.972347,-81.933072,39.0,
2025-07-23,Mendenhall School,Guilford,2025,7,36.1090060008986,-79.802314,42.0,53.0
2025-07-23,Millbrook School,Wake,2025,7,35.856111,-78.574167,41.0,55.0
2025-07-23,Old High School,Swain,2025,7,35.498711,-83.310242,32.0,49.0
2025-07-23,Pitt Agri. Center,Pitt,2025,7,35.6412760008938,-77.360126,35.0,55.0
2025-07-23,Rockwell,Rowan,2025,7,35.551868,-80.395039,48.0,53.0
2025-07-23,West Johnston Co.,Johnston,2025,7,35.59095,-78.4622,39.0,48.0
2025-07-24,Bryson City,Swain,2025,7,35.434767,-83.442133,37.0,53.0
2025-07-24,Castle Hayne,New Hanover,2025,7,34.364167,-77.838611,25.0,22.5
2025-07-24,Clemmons Middle,Forsyth,2025,7,36.026612,-80.341962,42.0,55.5
2025-07-24,Durham Armory,Durham,2025,7,36.0329550008979,-78.904037,39.0,36.0
2025-07-24,Frying Pan Mountain,Haywood,2025,7,35.379167,-82.7925,32.0,39.0
2025-07-24,Garinger High School,Mecklenburg,2025,7,35.2401000008895,-80.785683,44.0,51.5
2025-07-24,Hattie Avenue,Forsyth,2025,7,36.11094,-80.224501,50.0,55.5
2025-07-24,Leggett,Edgecombe,2025,7,35.988278,-77.5843,,40.0
2025-07-24,Linville Falls,Avery,2025,7,35.972347,-81.933072,41.0,44.0
2025-07-24,Mendenhall School,Guilford,2025,7,36.1090060008986,-79.802314,42.0,51.0
2025-07-24,Millbrook School,Wake,2025,7,35.856111,-78.574167,38.0,50.0
2025-07-24,Old High School,Swain,2025,7,35.498711,-83.310242,37.0,56.0
2025-07-24,Pitt Agri. Center,Pitt,2025,7,35.6412760008938,-77.360126,31.0,36.0
2025-07-24,Rockwell,Rowan,2025,7,35.551868,-80.395039,35.0,53.0
2025-07-24,West Johnston Co.,Johnston,2025,7,35.59095,-78.4622,39.0,56.0
2025-07-25,Bryson City,Swain,2025,7,35.434767,-83.442133,30.0,34.0
2025-07-25,Castle Hayne,New Hanover,2025,7,34.364167,-77.838611,30.0,36.0
2025-07-25,Clemmons Middle,Forsyth,2025,7,36.026612,-80.341962,44.0,53.0
2025-07-25,Durham Armory,Durham,2025,7,36.0329550008979,-78.904037,45.0,46.5
2025-07-25,Frying Pan Mountain,Haywood,2025,7,35.379167,-82.7925,31.0,
2025-07-25,Garinger High School,Mecklenburg,2025,7,35.2401000008895,-80.785683,45.0,28.0
2025-07-25,Hattie Avenue,Forsyth,2025,7,36.11094,-80.224501,43.0,56.0
2025-07-25,Leggett,Edgecombe,2025,7,35.988278,-77.5843,44.0,52.0
2025-07-25,Linville Falls,Avery,2025,7,35.972347,-81.933072,31.0,
2025-07-25,Mendenhall School,Guilford,2025,7,36.1090060008986,-79.802314,49.0,53.0
2025-07-25,Millbrook School,Wake,2025,7,35.856111,-78.574167,42.0,52.0
2025-07-25,Old High School,Swain,2025,7,35.498711,-83.310242,29.0,41.0
2025-07-25,Pitt Agri. Center,Pitt,2025,7,35.6412760008938,-77.360126,40.0,50.0
2025-07-25,Rockwell,Rowan,2025,7,35.551868,-80.395039,44.0,40.0
2025-07-25,West Johnston Co.,Johnston,2025,7,35.59095,-78.4622,39.0,59.0
2025-07-26,Bryson City,Swain,2025,7,35.434767,-83.442133,30.0,24.0
2025-07-26,Castle Hayne,New Hanover,2025,7,34.364167,-77.838611,31.0,52.0
2025-07-26,Clemmons Middle,Forsyth,2025,7,36.026612,-80.341962,51.0,54.0
2025-07-26,Durham Armory,Durham,2025,7,36.0329550008979,-78.904037,38.0,43.0
2025-07-26,Frying Pan Mountain,Haywood,2025,7,35.379167,-82.7925,30.0,
2025-07-26,Garinger High School,Mecklenburg,2025,7,35.2401000008895,-80.785683,64.0,39.0
2025-07-26,Hattie Avenue,Forsyth,2025,7,36.11094,-80.224501,44.0,55.0
2025-07-26,Leggett,Edgecombe,2025,7,35.988278,-77.5843,38.0,58.0
2025-07-26,Linville Falls,Avery,2025,7,35.972347,-81.933072,31.0,
2025-07-26,Mendenhall School,Guilford,2025,7,36.1090060008986,-79.802314,34.0,53.0
2025-07-26,Millbrook School,Wake,2025,7,35.856111,-78.574167,38.0,58.0
2025-07-26,Old High School,Swain,2025,7,35.498711,-83.310242,31.0,28.0
2025-07-26,Pitt Agri. Center,Pitt,2025,7,35.6412760008938,-77.360126,48.0,59.0
2025-07-26,Rockwell,Rowan,2025,7,35.551868,-80.395039,43.0,38.0
2025-07-26,West Johnston Co.,Johnston,2025,7,35.59095,-78.4622,46.0,57.0
2025-07-27,Bryson City,Swain,2025,7,35.434767,-83.442133,24.0,25.0
2025-07-27,Castle Hayne,New Hanover,2025,7,34.364167,-77.838611,31.0,51.0
2025-07-27,Clemmons Middle,Forsyth,2025,7,36.026612,-80.341962,31.0,32.0
2025-07-27,Durham Armory,Durham,2025,7,36.0329550008979,-78.904037,33.0,33.5
2025-07-27,Frying Pan Mountain,Haywood,2025,7,35.379167,-82.7925,27.0,15.0
2025-07-27,Garinger High School,Mecklenburg,2025,7,35.2401000008895,-80.785683,44.0,46.0
2025-07-27,Hattie Avenue,Forsyth,2025,7,36.11094,-80.224501,31.0,34.0
2025-07-27,Leggett,Edgecombe,2025,7,35.988278,-77.5843,32.0,54.0
2025-07-27,Linville Falls,Avery,2025,7,35.972347,-81.933072,25.0,22.0
2025-07-27,Mendenhall School,Guilford,2025,7,36.1090060008986,-79.802314,31.0,36.0
2025-07-27,Millbrook School,Wake,2025,7,35.856111,-78.574167,35.0,54.5
2025-07-27,Old High School,Swain,2025,7,35.498711,-83.310242,19.0,27.0
2025-07-27,Pitt Agri. Center,Pitt,2025,7,35.6412760008938,-77.360126,32.0,54.0
2025-07-27,Rockwell,Rowan,2025,7,35.551868,-80.395039,35.0,33.0
2025-07-27,West Johnston Co.,Johnston,2025,7,35.59095,-78.4622,44.0,53.0
2025-07-28,Bryson City,Swain,2025,7,35.434767,-83.442133,28.0,16.0
2025-07-28,Castle Hayne,New Hanover,2025,7,34.364167,-77.838611,34.0,38.0
2025-07-28,Clemmons Middle,Forsyth,2025,7,36.026612,-80.341962,41.0,28.0
2025-07-28,Durham Armory,Durham,2025,7,36.0329550008979,-78.904037,36.0,22.0
2025-07-28,Frying Pan Mountain,Haywood,2025,7,35.379167,-82.7925,32.0,
2025-07-28,Garinger High School,Mecklenburg,2025,7,35.2401000008895,-80.785683,44.0,26.0
2025-07-28,Hattie Avenue,Forsyth,2025,7,36.11094,-80.224501,43.0,28.0
2025-07-28,Leggett,Edgecombe,2025,7,35.988278,-77.5843,35.0,47.0
2025-07-28,Linville Falls,Avery,2025,7,35.972347,-81.933072,29.0,
2025-07-28,Mendenhall School,Guilford,2025,7,36.1090060008986,-79.802314,34.0,27.0
2025-07-28,Millbrook School,Wake,2025,7,35.856111,-78.574167,36.0,42.0
2025-07-28,Old High School,Swain,2025,7,35.498711,-83.310242,26.0,22.0
2025-07-28,Pitt Agri. Center,Pitt,2025,7,35.6412760008938,-77.360126,33.0,31.0
2025-07-28,Rockwell,Rowan,2025,7,35.551868,-80.395039,46.0,22.0
2025-07-28,West Johnston Co.,Johnston,2025,7,35.59095,-78.4622,43.0,34.0
2025-07-29,Bryson City,Swain,2025,7,35.434767,-83.442133,29.0,20.0
2025-07-29,Castle Hayne,New Hanover,2025,7,34.364167,-77.838611,29.0,25.0
2025-07-29,Clemmons Middle,Forsyth,2025,7,36.026612,-80.341962,45.0,34.0
2025-07-29,Durham Armory,Durham,2025,7,36.0329550008979,-78.904037,,36.0
2025-07-29,Frying Pan Mountain,Haywood,2025,7,35.379167,-82.7925,31.0,
2025-07-29,Garinger High School,Mecklenburg,2025,7,35.2401000008895,-80.785683,42.0,23.0
2025-07-29,Hattie Avenue,Forsyth,2025,7,36.11094,-80.224501,47.0,33.0
2025-07-29,Leggett,Edgecombe,2025,7,35.988278,-77.5843,38.0,52.0
2025-07-29,Linville Falls,Avery,2025,7,35.972347,-81.933072,24.0,
2025-07-29,Mendenhall School,Guilford,2025,7,36.1090060008986,-79.802314,36.0,41.0
2025-07-29,Millbrook School,Wake,2025,7,35.856111,-78.574167,42.0,43.0
2025-07-29,Old High School,Swain,2025,7,35.498711,-83.310242,27.0,29.0
2025-07-29,Pitt Agri. Center,Pitt,2025,7,35.6412760008938,-77.360126,34.0,39.0
2025-07-29,Rockwell,Rowan,2025,7,35.551868,-80.395039,30.0,38.0
2025-07-29,West Johnston Co.,Johnston,2025,7,35.59095,-78.4622,42.0,39.0
2025-07-30,Bryson City,Swain,2025,7,35.434767,-83.442133,30.0,18.0
2025-07-30,Castle Hayne,New Hanover,2025,7,34.364167,-77.838611,23.0,29.5
2025-07-30,Clemmons Middle,Forsyth,2025,7,36.026612,-80.341962,49.0,48.0
2025-07-30,Durham Armory,Durham,2025,7,36.0329550008979,-78.904037,54.0,26.5
2025-07-30,Frying Pan Mountain,Haywood,2025,7,35.379167,-82.7925,34.0,22.0
2025-07-30,Garinger High School,Mecklenburg,2025,7,35.2401000008895,-80.785683,46.0,41.5
2025-07-30,Hattie Avenue,Forsyth,2025,7,36.11094,-80.224501,54.0,45.5
2025-07-30,Leggett,Edgecombe,2025,7,35.988278,-77.5843,40.0,46.0
2025-07-30,Linville Falls,Avery,2025,7,35.972347,-81.933072,32.0,30.0
2025-07-30,Mendenhall School,Guilford,2025,7,36.1090060008986,-79.802314,41.0,44.0
2025-07-30,Millbrook School,Wake,2025,7,35.856111,-78.574167,44.0,38.5
2025-07-30,Old High School,Swain,2025,7,35.498711,-83.310242,24.0,33.0
2025-07-30,Pitt Agri. Center,Pitt,2025,7,35.6412760008938,-77.360126,36.0,38.0
2025-07-30,Rockwell,Rowan,2025,7,35.551868,-80.395039,41.0,44.0
2025-07-30,West Johnston Co.,Johnston,2025,7,35.59095,-78.4622,38.0,38.0
2025-07-31,Castle Hayne,New Hanover,2025,7,34.364167,-77.838611,30.0,35.0
2025-07-31,Clemmons Middle,Forsyth,2025,7,36.026612,-80.341962,44.0,27.0
2025-07-31,Durham Armory,Durham,2025,7,36.0329550008979,-78.904037,36.0,27.0
2025-07-31,Frying Pan Mountain,Haywood,2025,7,35.379167,-82.7925,33.0,
2025-07-31,Garinger High School,Mecklenburg,2025,7,35.2401000008895,-80.785683,45.0,26.0
2025-07-31,Hattie Avenue,Forsyth,2025,7,36.11094,-80.224501,46.0,29.0
2025-07-31,Leggett,Edgecombe,2025,7,35.988278,-77.5843,38.0,51.0
2025-07-31,Linville Falls,Avery,2025,7,35.972347,-81.933072,25.0,
2025-07-31,Mendenhall School,Guilford,2025,7,36.1090060008986,-79.802314,47.0,39.0
2025-07-31,Millbrook School,Wake,2025,7,35.856111,-78.574167,41.0,52.0
2025-07-31,Old High School,Swain,2025,7,35.498711,-83.310242,23.0,31.0
2025-07-31,Pitt Agri. Center,Pitt,2025,7,35.6412760008938,-77.360126,37.0,40.0
2025-07-31,Rockwell,Rowan,2025,7,35.551868,-80.395039,44.0,28.0
2025-07-31,West Johnston Co.,Johnston,2025,7,35.59095,-78.4622,41.0,44.0
2025-08-01,Bryson City,Swain,2025,8,35.434767,-83.442133,32.0,
2025-08-01,Castle Hayne,New Hanover,2025,8,34.364167,-77.838611,33.0,27.5
2025-08-01,Clemmons Middle,Forsyth,2025,8,36.026612,-80.341962,39.0,28.0
2025-08-01,Durham Armory,Durham,2025,8,36.0329550008979,-78.904037,31.0,25.0
2025-08-01,Frying Pan Mountain,Haywood,2025,8,35.379167,-82.7925,37.0,
2025-08-01,Garinger High School,Mecklenburg,2025,8,35.2401000008895,-80.785683,37.0,31.0
2025-08-01,Hattie Avenue,Forsyth,2025,8,36.11094,-80.224501,36.0,29.0
2025-08-01,Leggett,Edgecombe,2025,8,35.988278,-77.5843,25.0,39.0
2025-08-01,Linville Falls,Avery,2025,8,35.972347,-81.933072,33.0,
2025-08-01,Mendenhall School,Guilford,2025,8,36.1090060008986,-79.802314,31.0,28.0
2025-08-01,Millbrook School,Wake,2025,8,35.856111,-78.574167,31.0,42.0
2025-08-01,Old High School,Swain,2025,8,35.498711,-83.310242,26.0,33.0
2025-08-01,Pitt Agri. Center,Pitt,2025,8,35.6412760008938,-77.360126,27.0,44.0
2025-08-01,Rockwell,Rowan,2025,8,35.551868,-80.395039,32.0,23.0
2025-08-01,West Johnston Co.,Johnston,2025,8,35.59095,-78.4622,31.0,44.0
2025-08-02,Bryson City,Swain,2025,8,35.434767,-83.442133,21.0,16.0
2025-08-02,Castle Hayne,New Hanover,2025,8,34.364167,-77.838611,26.0,30.5
2025-08-02,Clemmons Middle,Forsyth,2025,8,36.026612,-80.341962,34.0,28.0
2025-08-02,Durham Armory,Durham,2025,8,36.0329550008979,-78.904037,31.0,19.0
2025-08-02,Frying Pan Mountain,Haywood,2025,8,35.379167,-82.7925,26.0,1.0
2025-08-02,Garinger High School,Mecklenburg,2025,8,35.2401000008895,-80.785683,24.0,18.0
2025-08-02,Hattie Avenue,Forsyth,2025,8,36.11094,-80.224501,35.0,27.0
2025-08-02,Leggett,Edgecombe,2025,8,35.988278,-77.5843,30.0,28.0
2025-08-02,Linville Falls,Avery,2025,8,35.972347,-81.933072,31.0,2.0
2025-08-02,Mendenhall School,Guilford,2025,8,36.1090060008986,-79.802314,27.0,28.0
2025-08-02,Millbrook School,Wake,2025,8,35.856111,-78.574167,29.0,29.0
2025-08-02,Old High School,Swain,2025,8,35.498711,-83.310242,20.0,21.0
2025-08-02,Pitt Agri. Center,Pitt,2025,8,35.6412760008938,-77.360126,29.0,19.0
2025-08-02,Rockwell,Rowan,2025,8,35.551868,-80.395039,27.0,26.0
2025-08-02,West Johnston Co.,Johnston,2025,8,35.59095,-78.4622,30.0,18.0
2025-08-03,Bryson City,Swain,2025,8,35.434767,-83.442133,25.0,22.0
2025-08-03,Castle Hayne,New Hanover,2025,8,34.364167,-77.838611,29.0,41.0
2025-08-03,Clemmons Middle,Forsyth,2025,8,36.026612,-80.341962,33.0,46.0
2025-08-03,Durham Armory,Durham,2025,8,36.0329550008979,-78.904037,41.0,32.0
2025-08-03,Frying Pan Mountain,Haywood,2025,8,35.379167,-82.7925,34.0,
2025-08-03,Garinger High School,Mecklenburg,2025,8,35.2401000008895,-80.785683,33.0,38.0
2025-08-03,Hattie Avenue,Forsyth,2025,8,36.11094,-80.224501,32.0,48.0
2025-08-03,Leggett,Edgecombe,2025,8,35.988278,-77.5843,37.0,33.0
2025-08-03,Linville Falls,Avery,2025,8,35.972347,-81.933072,33.0,
2025-08-03,Mendenhall School,Guilford,2025,8,36.1090060008986,-79.802314,33.0,38.0
2025-08-03,Millbrook School,Wake,2025,8,35.856111,-78.574167,38.0,34.0
2025-08-03,Old High School,Swain,2025,8,35.498711,-83.310242,24.0,25.0
2025-08-03,Pitt Agri. Center,Pitt,2025,8,35.6412760008938,-77.360126,35.0,29.0
2025-08-03,Rockwell,Rowan,2025,8,35.551868,-80.395039,32.0,39.0
2025-08-03,West Johnston Co.,Johnston,2025,8,35.59095,-78.4622,37.0,34.0
2025-08-04,Bryson City,Swain,2025,8,35.434767,-83.442133,23.0,25.0
2025-08-04,Castle Hayne,New Hanover,2025,8,34.364167,-77.838611,29.0,35.5
2025-08-04,Clemmons Middle,Forsyth,2025,8,36.026612,-80.341962,44.0,48.0
2025-08-04,Durham Armory,Durham,2025,8,36.0329550008979,-78.904037,44.0,34.5
2025-08-04,Frying Pan Mountain,Haywood,2025,8,35.379167,-82.7925,35.0,
2025-08-04,Garinger High School,Mecklenburg,2025,8,35.2401000008895,-80.785683,36.0,45.0
2025-08-04,Hattie Avenue,Forsyth,2025,8,36.11094,-80.224501,42.0,47.0
2025-08-04,Leggett,Edgecombe,2025,8,35.988278,-77.5843,41.0,31.0
2025-08-04,Linville Falls,Avery,2025,8,35.972347,-81.933072,35.0,
2025-08-04,Mendenhall School,Guilford,2025,8,36.1090060008986,-79.802314,37.0,46.0
2025-08-04,Millbrook School,Wake,2025,8,35.856111,-78.574167,41.0,38.0
2025-08-04,Old High School,Swain,2025,8,35.498711,-83.310242,22.0,26.0
2025-08-04,Pitt Agri. Center,Pitt,2025,8,35.6412760008938,-77.360126,37.0,22.0
2025-08-04,Rockwell,Rowan,2025,8,35.551868,-80.395039,37.0,45.0
2025-08-04,West Johnston Co.,Johnston,2025,8,35.59095,-78.4622,42.0,39.0
2025-08-05,Bryson City,Swain,2025,8,35.434767,-83.442133,24.0,13.0
2025-08-05,Castle Hayne,New Hanover,2025,8,34.364167,-77.838611,27.0,27.0
2025-08-05,Clemmons Middle,Forsyth,2025,8,36.026612,-80.341962,34.0,40.0
2025-08-05,Durham Armory,Durham,2025,8,36.0329550008979,-78.904037,36.0,24.5
2025-08-05,Frying Pan Mountain,Haywood,2025,8,35.379167,-82.7925,29.0,2.0
2025-08-05,Garinger High School,Mecklenburg,2025,8,35.2401000008895,-80.785683,33.0,26.0
2025-08-05,Hattie Avenue,Forsyth,2025,8,36.11094,-80.224501,36.0,41.0
2025-08-05,Leggett,Edgecombe,2025,8,35.988278,-77.5843,28.0,32.0
2025-08-05,Linville Falls,Avery,2025,8,35.972347,-81.933072,33.0,16.0
2025-08-05,Mendenhall School,Guilford,2025,8,36.1090060008986,-79.802314,31.0,32.0
2025-08-05,Millbrook School,Wake,2025,8,35.856111,-78.574167,29.0,38.0
2025-08-05,Old High School,Swain,2025,8,35.498711,-83.310242,26.0,17.0
2025-08-05,Pitt Agri. Center,Pitt,2025,8,35.6412760008938,-77.360126,30.0,26.0
2025-08-05,Rockwell,Rowan,2025,8,35.551868,-80.395039,32.0,23.0
2025-08-05,West Johnston Co.,Johnston,2025,8,35.59095,-78.4622,30.0,36.0
2025-08-06,Bryson City,Swain,2025,8,35.434767,-83.442133,26.0,21.0
2025-08-06,Castle Hayne,New Hanover,2025,8,34.364167,-77.838611,25.0,14.0
2025-08-06,Clemmons Middle,Forsyth,2025,8,36.026612,-80.341962,28.0,36.0
2025-08-06,Durham Armory,Durham,2025,8,36.0329550008979,-78.904037,30.0,10.0
2025-08-06,Frying Pan Mountain,Haywood,2025,8,35.379167,-82.7925,26.0,
2025-08-06,Garinger High School,Mecklenburg,2025,8,35.2401000008895,-80.785683,24.0,21.0
2025-08-06,Hattie Avenue,Forsyth,2025,8,36.11094,-80.224501,30.0,37.0
2025-08-06,Leggett,Edgecombe,2025,8,35.988278,-77.5843,26.0,35.0
2025-08-06,Linville Falls,Avery,2025,8,35.972347,-81.933072,26.0,
2025-08-06,Mendenhall School,Guilford,2025,8,36.1090060008986,-79.802314,26.0,20.0
2025-08-06,Millbrook School,Wake,2025,8,35.856111,-78.574167,31.0,28.0
2025-08-06,Old High School,Swain,2025,8,35.498711,-83.310242,22.0,25.5
2025-08-06,Pitt Agri. Center,Pitt,2025,8,35.6412760008938,-77.360126,26.0,33.0
2025-08-06,Rockwell,Rowan,2025,8,35.551868,-80.395039,26.0,16.0
2025-08-06,West Johnston Co.,Johnston,2025,8,35.59095,-78.4622,29.0,26.0
2025-08-07,Bryson City,Swain,2025,8,35.434767,-83.442133,26.0,24.0
2025-08-07,Castle Hayne,New Hanover,2025,8,34.364167,-77.838611,26.0,49.0
2025-08-07,Clemmons Middle,Forsyth,2025,8,36.026612,-80.341962,27.0,64.0
2025-08-07,Durham Armory,Durham,2025,8,36.0329550008979,-78.904037,31.0,61.0
2025-08-07,Frying Pan Mountain,Haywood,2025,8,35.379167,-82.7925,29.0,
2025-08-07,Garinger High School,Mecklenburg,2025,8,35.2401000008895,-80.785683,29.0,44.0
2025-08-07,Hattie Avenue,Forsyth,2025,8,36.11094,-80.224501,26.0,66.0
2025-08-07,Leggett,Edgecombe,2025,8,35.988278,-77.5843,31.0,68.0
2025-08-07,Linville Falls,Avery,2025,8,35.972347,-81.933072,31.0,
2025-08-07,Mendenhall School,Guilford,2025,8,36.1090060008986,-79.802314,21.0,60.0
2025-08-07,Millbrook School,Wake,2025,8,35.856111,-78.574167,28.0,67.0
2025-08-07,Old High School,Swain,2025,8,35.498711,-83.310242,24.0,28.0
2025-08-07,Pitt Agri. Center,Pitt,2025,8,35.6412760008938,-77.360126,31.0,68.0
2025-08-07,Rockwell,Rowan,2025,8,35.551868,-80.395039,28.0,52.0
2025-08-07,West Johnston Co.,Johnston,2025,8,35.59095,-78.4622,27.0,62.0
2025-08-08,Bryson City,Swain,2025,8,35.434767,-83.442133,30.0,36.0
2025-08-08,Castle Hayne,New Hanover,2025,8,34.364167,-77.838611,23.0,62.5
2025-08-08,Clemmons Middle,Forsyth,2025,8,36.026612,-80.341962,39.0,85.0
2025-08-08,Durham Armory,Durham,2025,8,36.0329550008979,-78.904037,37.0,69.5
2025-08-08,Frying Pan Mountain,Haywood,2025,8,35.379167,-82.7925,30.0,19.0
2025-08-08,Garinger High School,Mecklenburg,2025,8,35.2401000008895,-80.785683,34.0,74.5
2025-08-08,Hattie Avenue,Forsyth,2025,8,36.11094,-80.224501,39.0,81.5
2025-08-08,Leggett,Edgecombe,2025,8,35.988278,-77.5843,28.0,63.0
2025-08-08,Linville Falls,Avery,2025,8,35.972347,-81.933072,34.0,65.0
2025-08-08,Mendenhall School,Guilford,2025,8,36.1090060008986,-79.802314,33.0,72.0
2025-08-08,Millbrook School,Wake,2025,8,35.856111,-78.574167,30.0,70.0
2025-08-08,Old High School,Swain,2025,8,35.498711,-83.310242,24.0,37.0
2025-08-08,Pitt Agri. Center,Pitt,2025,8,35.6412760008938,-77.360126,28.0,61.0
2025-08-08,Rockwell,Rowan,2025,8,35.551868,-80.395039,37.0,81.0
2025-08-08,West Johnston Co.,Johnston,2025,8,35.59095,-78.4622,27.0,68.0
2025-08-09,Bryson City,Swain,2025,8,35.434767,-83.442133,28.0,58.0
2025-08-09,Castle Hayne,New Hanover,2025,8,34.364167,-77.838611,24.0,29.0
2025-08-09,Clemmons Middle,Forsyth,2025,8,36.026612,-80.341962,37.0,61.0
2025-08-09,Durham Armory,Durham,2025,8,36.0329550008979,-78.904037,37.0,40.5
2025-08-09,Frying Pan Mountain,Haywood,2025,8,35.379167,-82.7925,30.0,
2025-08-09,Garinger High School,Mecklenburg,2025,8,35.2401000008895,-80.785683,32.0,57.0
2025-08-09,Hattie Avenue,Forsyth,2025,8,36.11094,-80.224501,36.0,60.0
2025-08-09,Leggett,Edgecombe,2025,8,35.988278,-77.5843,28.0,33.0
2025-08-09,Linville Falls,Avery,2025,8,35.972347,-81.933072,32.0,
2025-08-09,Mendenhall School,Guilford,2025,8,36.1090060008986,-79.802314,31.0,48.0
2025-08-09,Millbrook School,Wake,2025,8,35.856111,-78.574167,32.0,44.0
2025-08-09,Old High School,Swain,2025,8,35.498711,-83.310242,29.0,54.0
2025-08-09,Pitt Agri. Center,Pitt,2025,8,35.6412760008938,-77.360126,27.0,27.0
2025-08-09,Rockwell,Rowan,2025,8,35.551868,-80.395039,34.0,57.0
2025-08-09,West Johnston Co.,Johnston,2025,8,35.59095,-78.4622,31.0,39.0
2025-08-10,Bryson City,Swain,2025,8,35.434767,-83.442133,22.0,45.0
2025-08-10,Castle Hayne,New Hanover,2025,8,34.364167,-77.838611,23.0,13.5
2025-08-10,Clemmons Middle,Forsyth,2025,8,36.026612,-80.341962,39.0,51.0
2025-08-10,Durham Armory,Durham,2025,8,36.0329550008979,-78.904037,33.0,29.5
2025-08-10,Frying Pan Mountain,Haywood,2025,8,35.379167,-82.7925,25.0,
2025-08-10,Garinger High School,Mecklenburg,2025,8,35.2401000008895,-80.785683,26.0,31.0
2025-08-10,Hattie Avenue,Forsyth,2025,8,36.11094,-80.224501,36.0,48.0
2025-08-10,Leggett,Edgecombe,2025,8,35.988278,-77.5843,24.0,31.0
2025-08-10,Linville Falls,Avery,2025,8,35.972347,-81.933072,28.0,
2025-08-10,Mendenhall School,Guilford,2025,8,36.1090060008986,-79.802314,32.0,42.0
2025-08-10,Millbrook School,Wake,2025,8,35.856111,-78.574167,28.0,35.0
2025-08-10,Old High School,Swain,2025,8,35.498711,-83.310242,22.0,40.0
2025-08-10,Pitt Agri. Center,Pitt,2025,8,35.6412760008938,-77.360126,24.0,15.0
2025-08-10,Rockwell,Rowan,2025,8,35.551868,-80.395039,26.0,47.0
2025-08-10,West Johnston Co.,Johnston,2025,8,35.59095,-78.4622,27.0,29.0
2025-08-11,Bryson City,Swain,2025,8,35.434767,-83.442133,20.0,24.0
2025-08-11,Castle Hayne,New Hanover,2025,8,34.364167,-77.838611,15.0,9.5
2025-08-11,Clemmons Middle,Forsyth,2025,8,36.026612,-80.341962,24.0,26.0
2025-08-11,Durham Armory,Durham,2025,8,36.0329550008979,-78.904037,25.0,9.5
2025-08-11,Frying Pan Mountain,Haywood,2025,8,35.379167,-82.7925,19.0,2.0
2025-08-11,Garinger High School,Mecklenburg,2025,8,35.2401000008895,-80.785683,17.0,8.5
2025-08-11,Hattie Avenue,Forsyth,2025,8,36.11094,-80.224501,22.0,30.0
2025-08-11,Leggett,Edgecombe,2025,8,35.988278,-77.5843,19.0,22.0
2025-08-11,Linville Falls,Avery,2025,8,35.972347,-81.933072,21.0,10.0
2025-08-11,Mendenhall School,Guilford,2025,8,36.1090060008986,-79.802314,19.0,26.0
2025-08-11,Millbrook School,Wake,2025,8,35.856111,-78.574167,19.0,22.0
2025-08-11,Old High School,Swain,2025,8,35.498711,-83.310242,16.0,21.0
2025-08-11,Pitt Agri. Center,Pitt,2025,8,35.6412760008938,-77.360126,17.0,11.0
2025-08-11,Rockwell,Rowan,2025,8,35.551868,-80.395039,15.0,13.0
2025-08-11,West Johnston Co.,Johnston,2025,8,35.59095,-78.4622,21.0,24.0
2025-08-12,Bryson City,Swain,2025,8,35.434767,-83.442133,16.0,16.0
2025-08-12,Castle Hayne,New Hanover,2025,8,34.364167,-77.838611,10.0,11.0
2025-08-12,Clemmons Middle,Forsyth,2025,8,36.026612,-80.341962,21.0,18.0
2025-08-12,Durham Armory,Durham,2025,8,36.0329550008979,-78.904037,19.0,9.0
2025-08-12,Frying Pan Mountain,Haywood,2025,8,35.379167,-82.7925,23.0,
2025-08-12,Garinger High School,Mecklenburg,2025,8,35.2401000008895,-80.785683,22.0,20.0
2025-08-12,Hattie Avenue,Forsyth,2025,8,36.11094,-80.224501,21.0,21.0
2025-08-12,Leggett,Edgecombe,2025,8,35.988278,-77.5843,19.0,16.0
2025-08-12,Linville Falls,Avery,2025,8,35.972347,-81.933072,19.0,
2025-08-12,Mendenhall School,Guilford,2025,8,36.1090060008986,-79.802314,23.0,17.0
2025-08-12,Millbrook School,Wake,2025,8,35.856111,-78.574167,15.0,22.0
2025-08-12,Old High School,Swain,2025,8,35.498711,-83.310242,19.0,36.5
2025-08-12,Pitt Agri. Center,Pitt,2025,8,35.6412760008938,-77.360126,15.0,8.0
2025-08-12,Rockwell,Rowan,2025,8,35.551868,-80.395039,21.0,23.0
2025-08-12,West Johnston Co.,Johnston,2025,8,35.59095,-78.4622,19.0,17.0
2025-08-13,Bryson City,Swain,2025,8,35.434767,-83.442133,18.0,13.0
2025-08-13,Castle Hayne,New Hanover,2025,8,34.364167,-77.838611,13.0,18.0
2025-08-13,Clemmons Middle,Forsyth,2025,8,36.026612,-80.341962,24.0,26.0
2025-08-13,Durham Armory,Durham,2025,8,36.0329550008979,-78.904037,24.0,11.0
2025-08-13,Frying Pan Mountain,Haywood,2025,8,35.379167,-82.7925,23.0,
2025-08-13,Garinger High School,Mecklenburg,2025,8,35.2401000008895,-80.785683,21.0,27.0
2025-08-13,Hattie Avenue,Forsyth,2025,8,36.11094,-80.224501,24.0,29.0
2025-08-13,Leggett,Edgecombe,2025,8,35.988278,-77.5843,24.0,28.0
2025-08-13,Linville Falls,Avery,2025,8,35.972347,-81.933072,22.0,
2025-08-13,Mendenhall School,Guilford,2025,8,36.1090060008986,-79.802314,24.0,38.0
2025-08-13,Millbrook School,Wake,2025,8,35.856111,-78.574167,22.0,28.0
2025-08-13,Old High School,Swain,2025,8,35.498711,-83.310242,18.0,18.0
2025-08-13,Pitt Agri. Center,Pitt,2025,8,35.6412760008938,-77.360126,23.0,23.0
2025-08-13,Rockwell,Rowan,2025,8,35.551868,-80.395039,25.0,29.0
2025-08-13,West Johnston Co.,Johnston,2025,8,35.59095,-78.4622,36.0,21.0
2025-08-14,Bryson City,Swain,2025,8,35.434767,-83.442133,23.0,17.0
2025-08-14,Castle Hayne,New Hanover,2025,8,34.364167,-77.838611,21.0,17.0
2025-08-14,Clemmons Middle,Forsyth,2025,8,36.026612,-80.341962,27.0,20.0
2025-08-14,Durham Armory,Durham,2025,8,36.0329550008979,-78.904037,29.0,12.5
2025-08-14,Frying Pan Mountain,Haywood,2025,8,35.379167,-82.7925,35.0,
2025-08-14,Garinger High School,Mecklenburg,2025,8,35.2401000008895,-80.785683,31.0,23.5
2025-08-14,Hattie Avenue,Forsyth,2025,8,36.11094,-80.224501,30.0,28.0
2025-08-14,Leggett,Edgecombe,2025,8,35.988278,-77.5843,22.0,42.0
2025-08-14,Linville Falls,Avery,2025,8,35.972347,-81.933072,27.0,19.0
2025-08-14,Mendenhall School,Guilford,2025,8,36.1090060008986,-79.802314,37.0,23.0
2025-08-14,Millbrook School,Wake,2025,8,35.856111,-78.574167,27.0,35.0
2025-08-14,Old High School,Swain,2025,8,35.498711,-83.310242,17.0,23.0
2025-08-14,Pitt Agri. Center,Pitt,2025,8,35.6412760008938,-77.360126,23.0,31.0
2025-08-14,Rockwell,Rowan,2025,8,35.551868,-80.395039,27.0,30.0
2025-08-14,West Johnston Co.,Johnston,2025,8,35.59095,-78.4622,31.0,38.0
2025-08-15,Bryson City,Swain,2025,8,35.434767,-83.442133,30.0,29.0
2025-08-15,Castle Hayne,New Hanover,2025,8,34.364167,-77.838611,20.0,25.0
2025-08-15,Clemmons Middle,Forsyth,2025,8,36.026612,-80.341962,46.0,37.0
2025-08-15,Durham Armory,Durham,2025,8,36.0329550008979,-78.904037,39.0,25.5
2025-08-15,Frying Pan Mountain,Haywood,2025,8,35.379167,-82.7925,43.0,
2025-08-15,Garinger High School,Mecklenburg,2025,8,35.2401000008895,-80.785683,42.0,36.0
2025-08-15,Hattie Avenue,Forsyth,2025,8,36.11094,-80.224501,44.0,42.0
2025-08-15,Leggett,Edgecombe,2025,8,35.988278,-77.5843,30.0,29.0
2025-08-15,Linville Falls,Avery,2025,8,35.972347,-81.933072,29.0,
2025-08-15,Mendenhall School,Guilford,2025,8,36.1090060008986,-79.802314,38.0,33.0
2025-08-15,Millbrook School,Wake,2025,8,35.856111,-78.574167,36.0,43.0
2025-08-15,Old High School,Swain,2025,8,35.498711,-83.310242,26.0,36.0
2025-08-15,Pitt Agri. Center,Pitt,2025,8,35.6412760008938,-77.360126,24.0,24.0
2025-08-15,Rockwell,Rowan,2025,8,35.551868,-80.395039,44.0,37.0
2025-08-15,West Johnston Co.,Johnston,2025,8,35.59095,-78.4622,43.0,39.0
2025-08-16,Bryson City,Swain,2025,8,35.434767,-83.442133,24.0,38.0
2025-08-16,Castle Hayne,New Hanover,2025,8,34.364167,-77.838611,20.0,28.5
2025-08-16,Clemmons Middle,Forsyth,2025,8,36.026612,-80.341962,45.0,51.0
2025-08-16,Durham Armory,Durham,2025,8,36.0329550008979,-78.904037,32.0,27.0
2025-08-16,Frying Pan Mountain,Haywood,2025,8,35.379167,-82.7925,39.0,
2025-08-16,Garinger High School,Mecklenburg,2025,8,35.2401000008895,-80.785683,43.0,51.0
2025-08-16,Hattie Avenue,Forsyth,2025,8,36.11094,-80.224501,45.0,52.0
2025-08-16,Leggett,Edgecombe,2025,8,35.988278,-77.5843,34.0,42.0
2025-08-16,Linville Falls,Avery,2025,8,35.972347,-81.933072,26.0,
2025-08-16,Mendenhall School,Guilford,2025,8,36.1090060008986,-79.802314,36.0,46.0
2025-08-16,Millbrook School,Wake,2025,8,35.856111,-78.574167,30.0,51.0
2025-08-16,Old High School,Swain,2025,8,35.498711,-83.310242,24.0,41.0
2025-08-16,Pitt Agri. Center,Pitt,2025,8,35.6412760008938,-77.360126,31.0,32.0
2025-08-16,Rockwell,Rowan,2025,8,35.551868,-80.395039,38.0,51.0
2025-08-16,West Johnston Co.,Johnston,2025,8,35.59095,-78.4622,32.0,46.0
2025-08-17,Bryson City,Swain,2025,8,35.434767,-83.442133,29.0,45.0
2025-08-17,Castle Hayne,New Hanover,2025,8,34.364167,-77.838611,32.0,40.5
2025-08-17,Clemmons Middle,Forsyth,2025,8,36.026612,-80.341962,37.0,52.5
2025-08-17,Durham Armory,Durham,2025,8,36.0329550008979,-78.904037,39.0,33.5
2025-08-17,Frying Pan Mountain,Haywood,2025,8,35.379167,-82.7925,42.0,38.0
2025-08-17,Garinger High School,Mecklenburg,2025,8,35.2401000008895,-80.785683,45.0,51.5
2025-08-17,Hattie Avenue,Forsyth,2025,8,36.11094,-80.224501,37.0,53.5
2025-08-17,Leggett,Edgecombe,2025,8,35.988278,-77.5843,35.0,46.0
2025-08-17,Linville Falls,Avery,2025,8,35.972347,-81.933072,38.0,51.0
2025-08-17,Mendenhall School,Guilford,2025,8,36.1090060008986,-79.802314,37.0,49.0
2025-08-17,Millbrook School,Wake,2025,8,35.856111,-78.574167,39.0,51.5
2025-08-17,Old High School,Swain,2025,8,35.498711,-83.310242,29.0,46.0
2025-08-17,Pitt Agri. Center,Pitt,2025,8,35.6412760008938,-77.360126,35.0,46.0
2025-08-17,Rockwell,Rowan,2025,8,35.551868,-80.395039,40.0,44.0
2025-08-17,West Johnston Co.,Johnston,2025,8,35.59095,-78.4622,40.0,55.0
2025-08-18,Bryson City,Swain,2025,8,35.434767,-83.442133,30.0,47.0
2025-08-18,Castle Hayne,New Hanover,2025,8,34.364167,-77.838611,35.0,45.0
2025-08-18,Clemmons Middle,Forsyth,2025,8,36.026612,-80.341962,46.0,47.0
2025-08-18,Durham Armory,Durham,2025,8,36.0329550008979,-78.904037,36.0,29.5
2025-08-18,Frying Pan Mountain,Haywood,2025,8,35.379167,-82.7925,38.0,
2025-08-18,Garinger High School,Mecklenburg,2025,8,35.2401000008895,-80.785683,43.0,52.0
2025-08-18,Hattie Avenue,Forsyth,2025,8,36.11094,-80.224501,46.0,51.0
2025-08-18,Leggett,Edgecombe,2025,8,35.988278,-77.5843,38.0,52.0
2025-08-18,Linville Falls,Avery,2025,8,35.972347,-81.933072,32.0,
2025-08-18,Mendenhall School,Guilford,2025,8,36.1090060008986,-79.802314,36.0,48.0
2025-08-18,Millbrook School,Wake,2025,8,35.856111,-78.574167,38.0,53.0
2025-08-18,Old High School,Swain,2025,8,35.498711,-83.310242,30.0,43.0
2025-08-18,Pitt Agri. Center,Pitt,2025,8,35.6412760008938,-77.360126,32.0,53.0
2025-08-18,Rockwell,Rowan,2025,8,35.551868,-80.395039,44.0,49.0
2025-08-18,West Johnston Co.,Johnston,2025,8,35.59095,-78.4622,39.0,52.0
2025-08-19,Bryson City,Swain,2025,8,35.434767,-83.442133,29.0,37.0
2025-08-19,Castle Hayne,New Hanover,2025,8,34.364167,-77.838611,25.0,46.0
2025-08-19,Clemmons Middle,Forsyth,2025,8,36.026612,-80.341962,,36.0
2025-08-19,Durham Armory,Durham,2025,8,36.0329550008979,-78.904037,22.0,10.5
2025-08-19,Frying Pan Mountain,Haywood,2025,8,35.379167,-82.7925,36.0,
2025-08-19,Garinger High School,Mecklenburg,2025,8,35.2401000008895,-80.785683,41.0,42.0
2025-08-19,Hattie Avenue,Forsyth,2025,8,36.11094,-80.224501,35.0,37.0
2025-08-19,Leggett,Edgecombe,2025,8,35.988278,-77.5843,22.0,20.0
2025-08-19,Linville Falls,Avery,2025,8,35.972347,-81.933072,29.0,
2025-08-19,Mendenhall School,Guilford,2025,8,36.1090060008986,-79.802314,25.0,26.0
2025-08-19,Millbrook School,Wake,2025,8,35.856111,-78.574167,22.0,28.0
2025-08-19,Old High School,Swain,2025,8,35.498711,-83.310242,31.0,38.0
2025-08-19,Pitt Agri. Center,Pitt,2025,8,35.6412760008938,-77.360126,20.0,22.0
2025-08-19,Rockwell,Rowan,2025,8,35.551868,-80.395039,36.0,39.0
2025-08-19,West Johnston Co.,Johnston,2025,8,35.59095,-78.4622,25.0,26.0
2025-08-20,Bryson City,Swain,2025,8,35.434767,-83.442133,26.0,27.0
2025-08-20,Castle Hayne,New Hanover,2025,8,34.364167,-77.838611,16.0,23.5
2025-08-20,Clemmons Middle,Forsyth,2025,8,36.026612,-80.341962,36.0,44.0
2025-08-20,Durham Armory,Durham,2025,8,36.0329550008979,-78.904037,29.0,12.5
2025-08-20,Frying Pan Mountain,Haywood,2025,8,35.379167,-82.7925,36.0,29.0
2025-08-20,Garinger High School,Mecklenburg,2025,8,35.2401000008895,-80.785683,41.0,43.0
2025-08-20,Hattie Avenue,Forsyth,2025,8,36.11094,-80.224501,32.0,43.0
2025-08-20,Leggett,Edgecombe,2025,8,35.988278,-77.5843,20.0,23.0
2025-08-20,Linville Falls,Avery,2025,8,35.972347,-81.933072,31.0,38.0
2025-08-20,Mendenhall School,Guilford,2025,8,36.1090060008986,-79.802314,25.0,32.0
2025-08-20,Millbrook School,Wake,2025,8,35.856111,-78.574167,24.0,30.5
2025-08-20,Old High School,Swain,2025,8,35.498711,-83.310242,29.0,30.0
2025-08-20,Pitt Agri. Center,Pitt,2025,8,35.6412760008938,-77.360126,19.0,22.0
2025-08-20,Rockwell,Rowan,2025,8,35.551868,-80.395039,35.0,35.0
2025-08-20,West Johnston Co.,Johnston,2025,8,35.59095,-78.4622,24.0,28.0
2025-08-21,Bryson City,Swain,2025,8,35.434767,-83.442133,29.0,29.0
2025-08-21,Castle Hayne,New Hanover,2025,8,34.364167,-77.838611,23.0,26.0
2025-08-21,Clemmons Middle,Forsyth,2025,8,36.026612,-80.341962,35.0,35.0
2025-08-21,Durham Armory,Durham,2025,8,36.0329550008979,-78.904037,28.0,14.0
2025-08-21,Frying Pan Mountain,Haywood,2025,8,35.379167,-82.7925,32.0,
2025-08-21,Garinger High School,Mecklenburg,2025,8,35.2401000008895,-80.785683,39.0,42.0
2025-08-21,Hattie Avenue,Forsyth,2025,8,36.11094,-80.224501,38.0,35.0
2025-08-21,Leggett,Edgecombe,2025,8,35.988278,-77.5843,25.0,23.0
2025-08-21,Linville Falls,Avery,2025,8,35.972347,-81.933072,24.0,
2025-08-21,Mendenhall School,Guilford,2025,8,36.1090060008986,-79.802314,31.0,25.0
2025-08-21,Millbrook School,Wake,2025,8,35.856111,-78.574167,24.0,31.0
2025-08-21,Old High School,Swain,2025,8,35.498711,-83.310242,23.0,33.0
2025-08-21,Pitt Agri. Center,Pitt,2025,8,35.6412760008938,-77.360126,23.0,23.0
2025-08-21,Rockwell,Rowan,2025,8,35.551868,-80.395039,36.0,36.0
2025-08-21,West Johnston Co.,Johnston,2025,8,35.59095,-78.4622,25.0,31.0
2025-08-22,Bryson City,Swain,2025,8,35.434767,-83.442133,29.0,32.0
2025-08-22,Castle Hayne,New Hanover,2025,8,34.364167,-77.838611,29.0,17.5
2025-08-22,Clemmons Middle,Forsyth,2025,8,36.026612,-80.341962,31.0,24.0
2025-08-22,Durham Armory,Durham,2025,8,36.0329550008979,-78.904037,33.0,10.5
2025-08-22,Frying Pan Mountain,Haywood,2025,8,35.379167,-82.7925,27.0,
2025-08-22,Garinger High School,Mecklenburg,2025,8,35.2401000008895,-80.785683,25.0,16.0
2025-08-22,Hattie Avenue,Forsyth,2025,8,36.11094,-80.224501,32.0,23.0
2025-08-22,Leggett,Edgecombe,2025,8,35.988278,-77.5843,34.0,26.0
2025-08-22,Linville Falls,Avery,2025,8,35.972347,-81.933072,31.0,
2025-08-22,Mendenhall School,Guilford,2025,8,36.1090060008986,-79.802314,27.0,19.0
2025-08-22,Millbrook School,Wake,2025,8,35.856111,-78.574167,28.0,30.0
2025-08-22,Old High School,Swain,2025,8,35.498711,-83.310242,32.0,34.0
2025-08-22,Pitt Agri. Center,Pitt,2025,8,35.6412760008938,-77.360126,34.0,16.0
2025-08-22,Rockwell,Rowan,2025,8,35.551868,-80.395039,27.0,26.0
2025-08-22,West Johnston Co.,Johnston,2025,8,35.59095,-78.4622,30.0,25.0
2025-08-23,Bryson City,Swain,2025,8,35.434767,-83.442133,22.0,30.0
2025-08-23,Castle Hayne,New Hanover,2025,8,34.364167,-77.838611,32.0,18.5
2025-08-23,Clemmons Middle,Forsyth,2025,8,36.026612,-80.341962,31.0,33.0
2025-08-23,Durham Armory,Durham,2025,8,36.0329550008979,-78.904037,40.0,26.0
2025-08-23,Frying Pan Mountain,Haywood,2025,8,35.379167,-82.7925,34.0,12.0
2025-08-23,Garinger High School,Mecklenburg,2025,8,35.2401000008895,-80.785683,31.0,34.5
2025-08-23,Hattie Avenue,Forsyth,2025,8,36.11094,-80.224501,35.0,36.0
2025-08-23,Leggett,Edgecombe,2025,8,35.988278,-77.5843,32.0,29.0
2025-08-23,Linville Falls,Avery,2025,8,35.972347,-81.933072,30.0,28.0
2025-08-23,Mendenhall School,Guilford,2025,8,36.1090060008986,-79.802314,32.0,32.0
2025-08-23,Millbrook School,Wake,2025,8,35.856111,-78.574167,34.0,38.5
2025-08-23,Old High School,Swain,2025,8,35.498711,-83.310242,,25.5
2025-08-23,Pitt Agri. Center,Pitt,2025,8,35.6412760008938,-77.360126,31.0,29.0
2025-08-23,Rockwell,Rowan,2025,8,35.551868,-80.395039,29.0,32.0
2025-08-23,West Johnston Co.,Johnston,2025,8,35.59095,-78.4622,33.0,38.0
2025-08-24,Bryson City,Swain,2025,8,35.434767,-83.442133,29.0,31.0
2025-08-24,Castle Hayne,New Hanover,2025,8,34.364167,-77.838611,24.0,20.0
2025-08-24,Clemmons Middle,Forsyth,2025,8,36.026612,-80.341962,34.0,33.0
2025-08-24,Durham Armory,Durham,2025,8,36.0329550008979,-78.904037,35.0,21.5
2025-08-24,Frying Pan Mountain,Haywood,2025,8,35.379167,-82.7925,31.0,
2025-08-24,Garinger High School,Mecklenburg,2025,8,35.2401000008895,-80.785683,46.0,36.0
2025-08-24,Hattie Avenue,Forsyth,2025,8,36.11094,-80.224501,39.0,39.0
2025-08-24,Leggett,Edgecombe,2025,8,35.988278,-77.5843,27.0,32.0
2025-08-24,Linville Falls,Avery,2025,8,35.972347,-81.933072,30.0,
2025-08-24,Mendenhall School,Guilford,2025,8,36.1090060008986,-79.802314,40.0,44.0
2025-08-24,Millbrook School,Wake,2025,8,35.856111,-78.574167,28.0,41.0
2025-08-24,Old High School,Swain,2025,8,35.498711,-83.310242,,28.0
2025-08-24,Pitt Agri. Center,Pitt,2025,8,35.6412760008938,-77.360126,27.0,27.0
2025-08-24,Rockwell,Rowan,2025,8,35.551868,-80.395039,39.0,35.0
2025-08-24,West Johnston Co.,Johnston,2025,8,35.59095,-78.4622,26.0,38.0
2025-08-25,Bryson City,Swain,2025,8,35.434767,-83.442133,31.0,18.0
2025-08-25,Castle Hayne,New Hanover,2025,8,34.364167,-77.838611,31.0,28.5
2025-08-25,Clemmons Middle,Forsyth,2025,8,36.026612,-80.341962,35.0,27.0
2025-08-25,Durham Armory,Durham,2025,8,36.0329550008979,-78.904037,39.0,27.5
2025-08-25,Frying Pan Mountain,Haywood,2025,8,35.379167,-82.7925,31.0,
2025-08-25,Garinger High School,Mecklenburg,2025,8,35.2401000008895,-80.785683,45.0,32.0
2025-08-25,Hattie Avenue,Forsyth,2025,8,36.11094,-80.224501,37.0,30.0
2025-08-25,Leggett,Edgecombe,2025,8,35.988278,-77.5843,33.0,34.0
2025-08-25,Linville Falls,Avery,2025,8,35.972347,-81.933072,34.0,
2025-08-25,Mendenhall School,Guilford,2025,8,36.1090060008986,-79.802314,37.0,24.0
2025-08-25,Millbrook School,Wake,2025,8,35.856111,-78.574167,38.0,43.0
2025-08-25,Old High School,Swain,2025,8,35.498711,-83.310242,31.0,26.0
2025-08-25,Pitt Agri. Center,Pitt,2025,8,35.6412760008938,-77.360126,36.0,41.0
2025-08-25,Rockwell,Rowan,2025,8,35.551868,-80.395039,37.0,26.0
2025-08-25,West Johnston Co.,Johnston,2025,8,35.59095,-78.4622,43.0,41.0
2025-08-26,Bryson City,Swain,2025,8,35.434767,-83.442133,32.0,22.0
2025-08-26,Castle Hayne,New Hanover,2025,8,34.364167,-77.838611,35.0,38.0
2025-08-26,Clemmons Middle,Forsyth,2025,8,36.026612,-80.341962,37.0,23.0
2025-08-26,Durham Armory,Durham,2025,8,36.0329550008979,-78.904037,38.0,26.0
2025-08-26,Frying Pan Mountain,Haywood,2025,8,35.379167,-82.7925,34.0,17.0
2025-08-26,Garinger High School,Mecklenburg,2025,8,35.2401000008895,-80.785683,41.0,34.0
2025-08-26,Hattie Avenue,Forsyth,2025,8,36.11094,-80.224501,39.0,29.0
2025-08-26,Leggett,Edgecombe,2025,8,35.988278,-77.5843,32.0,31.0
2025-08-26,Linville Falls,Avery,2025,8,35.972347,-81.933072,37.0,24.0
2025-08-26,Mendenhall School,Guilford,2025,8,36.1090060008986,-79.802314,36.0,23.0
2025-08-26,Millbrook School,Wake,2025,8,35.856111,-78.574167,36.0,31.5
2025-08-26,Old High School,Swain,2025,8,35.498711,-83.310242,31.0,17.0
2025-08-26,Pitt Agri. Center,Pitt,2025,8,35.6412760008938,-77.360126,33.0,32.0
2025-08-26,Rockwell,Rowan,2025,8,35.551868,-80.395039,39.0,25.0
2025-08-26,West Johnston Co.,Johnston,2025,8,35.59095,-78.4622,33.0,31.0
2025-08-27,Bryson City,Swain,2025,8,35.434767,-83.442133,33.0,20.0
2025-08-27,Castle Hayne,New Hanover,2025,8,34.364167,-77.838611,38.0,33.0
2025-08-27,Clemmons Middle,Forsyth,2025,8,36.026612,-80.341962,40.0,24.0
2025-08-27,Durham Armory,Durham,2025,8,36.0329550008979,-78.904037,42.0,27.5
2025-08-27,Frying Pan Mountain,Haywood,2025,8,35.379167,-82.7925,34.0,
2025-08-27,Garinger High School,Mecklenburg,2025,8,35.2401000008895,-80.785683,45.0,29.0
2025-08-27,Hattie Avenue,Forsyth,2025,8,36.11094,-80.224501,43.0,29.0
2025-08-27,Leggett,Edgecombe,2025,8,35.988278,-77.5843,39.0,38.0
2025-08-27,Linville Falls,Avery,2025,8,35.972347,-81.933072,37.0,
2025-08-27,Mendenhall School,Guilford,2025,8,36.1090060008986,-79.802314,36.0,24.0
2025-08-27,Millbrook School,Wake,2025,8,35.856111,-78.574167,39.0,26.0
2025-08-27,Old High School,Swain,2025,8,35.498711,-83.310242,30.0,15.0
2025-08-27,Pitt Agri. Center,Pitt,2025,8,35.6412760008938,-77.360126,39.0,33.0
2025-08-27,Rockwell,Rowan,2025,8,35.551868,-80.395039,41.0,24.0
2025-08-27,West Johnston Co.,Johnston,2025,8,35.59095,-78.4622,40.0,39.0
2025-08-28,Bryson City,Swain,2025,8,35.434767,-83.442133,33.0,23.0
2025-08-28,Castle Hayne,New Hanover,2025,8,34.364167,-77.838611,40.0,33.0
2025-08-28,Clemmons Middle,Forsyth,2025,8,36.026612,-80.341962,47.0,43.0
2025-08-28,Durham Armory,Durham,2025,8,36.0329550008979,-78.904037,48.0,34.5
2025-08-28,Frying Pan Mountain,Haywood,2025,8,35.379167,-82.7925,45.0,
2025-08-28,Garinger High School,Mecklenburg,2025,8,35.2401000008895,-80.785683,45.0,46.0
2025-08-28,Hattie Avenue,Forsyth,2025,8,36.11094,-80.224501,54.0,42.0
2025-08-28,Leggett,Edgecombe,2025,8,35.988278,-77.5843,42.0,34.0
2025-08-28,Linville Falls,Avery,2025,8,35.972347,-81.933072,41.0,
2025-08-28,Mendenhall School,Guilford,2025,8,36.1090060008986,-79.802314,45.0,39.0
2025-08-28,Millbrook School,Wake,2025,8,35.856111,-78.574167,44.0,42.0
2025-08-28,Old High School,Swain,2025,8,35.498711,-83.310242,33.0,18.0
2025-08-28,Pitt Agri. Center,Pitt,2025,8,35.6412760008938,-77.360126,40.0,39.0
2025-08-28,Rockwell,Rowan,2025,8,35.551868,-80.395039,44.0,46.0
2025-08-28,West Johnston Co.,Johnston,2025,8,35.59095,-78.4622,42.0,36.0
2025-08-29,Bryson City,Swain,2025,8,35.434767,-83.442133,35.0,32.0
2025-08-29,Castle Hayne,New Hanover,2025,8,34.364167,-77.838611,45.0,42.0
2025-08-29,Clemmons Middle,Forsyth,2025,8,36.026612,-80.341962,42.0,38.5
2025-08-29,Durham Armory,Durham,2025,8,36.0329550008979,-78.904037,44.0,36.0
2025-08-29,Frying Pan Mountain,Haywood,2025,8,35.379167,-82.7925,44.0,21.0
2025-08-29,Garinger High School,Mecklenburg,2025,8,35.2401000008895,-80.785683,49.0,48.5
2025-08-29,Hattie Avenue,Forsyth,2025,8,36.11094,-80.224501,44.0,45.0
2025-08-29,Leggett,Edgecombe,2025,8,35.988278,-77.5843,41.0,41.0
2025-08-29,Linville Falls,Avery,2025,8,35.972347,-81.933072,39.0,23.0
2025-08-29,Mendenhall School,Guilford,2025,8,36.1090060008986,-79.802314,44.0,38.0
2025-08-29,Millbrook School,Wake,2025,8,35.856111,-78.574167,43.0,44.0
2025-08-29,Old High School,Swain,2025,8,35.498711,-83.310242,29.0,23.5
2025-08-29,Pitt Agri. Center,Pitt,2025,8,35.6412760008938,-77.360126,43.0,41.0
2025-08-29,Rockwell,Rowan,2025,8,35.551868,-80.395039,46.0,40.0
2025-08-29,West Johnston Co.,Johnston,2025,8,35.59095,-78.4622,46.0,48.0
2025-08-30,Bryson City,Swain,2025,8,35.434767,-83.442133,33.0,41.0
2025-08-30,Castle Hayne,New Hanover,2025,8,34.364167,-77.838611,37.0,41.5
2025-08-30,Clemmons Middle,Forsyth,2025,8,36.026612,-80.341962,44.0,36.0
2025-08-30,Durham Armory,Durham,2025,8,36.0329550008979,-78.904037,42.0,33.0
2025-08-30,Frying Pan Mountain,Haywood,2025,8,35.379167,-82.7925,41.0,
2025-08-30,Garinger High School,Mecklenburg,2025,8,35.2401000008895,-80.785683,44.0,52.0
2025-08-30,Hattie Avenue,Forsyth,2025,8,36.11094,-80.224501,43.0,39.0
2025-08-30,Leggett,Edgecombe,2025,8,35.988278,-77.5843,38.0,31.0
2025-08-30,Linville Falls,Avery,2025,8,35.972347,-81.933072,32.0,
2025-08-30,Mendenhall School,Guilford,2025,8,36.1090060008986,-79.802314,39.0,36.0
2025-08-30,Millbrook School,Wake,2025,8,35.856111,-78.574167,39.0,43.0
2025-08-30,Old High School,Swain,2025,8,35.498711,-83.310242,28.0,23.0
2025-08-30,Pitt Agri. Center,Pitt,2025,8,35.6412760008938,-77.360126,38.0,43.0
2025-08-30,Rockwell,Rowan,2025,8,35.551868,-80.395039,42.0,42.0
2025-08-30,West Johnston Co.,Johnston,2025,8,35.59095,-78.4622,42.0,45.0
2025-08-31,Bryson City,Swain,2025,8,35.434767,-83.442133,32.0,36.0
2025-08-31,Castle Hayne,New Hanover,2025,8,34.364167,-77.838611,37.0,23.5
2025-08-31,Clemmons Middle,Forsyth,2025,8,36.026612,-80.341962,41.0,34.0
2025-08-31,Durham Armory,Durham,2025,8,36.0329550008979,-78.904037,40.0,26.5
2025-08-31,Frying Pan Mountain,Haywood,2025,8,35.379167,-82.7925,31.0,
2025-08-31,Garinger High School,Mecklenburg,2025,8,35.2401000008895,-80.785683,37.0,40.0
2025-08-31,Hattie Avenue,Forsyth,2025,8,36.11094,-80.224501,43.0,34.0
2025-08-31,Leggett,Edgecombe,2025,8,35.988278,-77.5843,40.0,27.0
2025-08-31,Linville Falls,Avery,2025,8,35.972347,-81.933072,31.0,
2025-08-31,Mendenhall School,Guilford,2025,8,36.1090060008986,-79.802314,36.0,27.0
2025-08-31,Millbrook School,Wake,2025,8,35.856111,-78.574167,38.0,28.0
2025-08-31,Old High School,Swain,2025,8,35.498711,-83.310242,31.0,27.0
2025-08-31,Pitt Agri. Center,Pitt,2025,8,35.6412760008938,-77.360126,42.0,16.0
2025-08-31,Rockwell,Rowan,2025,8,35.551868,-80.395039,37.0,28.0
2025-08-31,West Johnston Co.,Johnston,2025,8,35.59095,-78.4622,38.0,23.0
2025-09-01,Bryson City,Swain,2025,9,35.434767,-83.442133,31.0,38.0
2025-09-01,Castle Hayne,New Hanover,2025,9,34.364167,-77.838611,31.0,19.5
2025-09-01,Clemmons Middle,Forsyth,2025,9,36.026612,-80.341962,40.0,26.5
2025-09-01,Durham Armory,Durham,2025,9,36.0329550008979,-78.904037,37.0,23.0
2025-09-01,Frying Pan Mountain,Haywood,2025,9,35.379167,-82.7925,39.0,22.0
2025-09-01,Garinger High School,Mecklenburg,2025,9,35.2401000008895,-80.785683,39.0,30.5
2025-09-01,Hattie Avenue,Forsyth,2025,9,36.11094,-80.224501,40.0,25.5
2025-09-01,Leggett,Edgecombe,2025,9,35.988278,-77.5843,34.0,21.0
2025-09-01,Linville Falls,Avery,2025,9,35.972347,-81.933072,36.0,21.0
2025-09-01,Mendenhall School,Guilford,2025,9,36.1090060008986,-79.802314,34.0,22.0
2025-09-01,Millbrook School,Wake,2025,9,35.856111,-78.574167,31.0,23.5
2025-09-01,Old High School,Swain,2025,9,35.498711,-83.310242,24.0,26.0
2025-09-01,Pitt Agri. Center,Pitt,2025,9,35.6412760008938,-77.360126,32.0,18.0
2025-09-01,Rockwell,Rowan,2025,9,35.551868,-80.395039,38.0,24.0
2025-09-01,West Johnston Co.,Johnston,2025,9,35.59095,-78.4622,33.0,31.0
2025-09-02,Bryson City,Swain,2025,9,35.434767,-83.442133,29.0,31.0
2025-09-02,Castle Hayne,New Hanover,2025,9,34.364167,-77.838611,30.0,20.0
2025-09-02,Clemmons Middle,Forsyth,2025,9,36.026612,-80.341962,44.0,24.0
2025-09-02,Durham Armory,Durham,2025,9,36.0329550008979,-78.904037,39.0,25.5
2025-09-02,Frying Pan Mountain,Haywood,2025,9,35.379167,-82.7925,35.0,
2025-09-02,Garinger High School,Mecklenburg,2025,9,35.2401000008895,-80.785683,43.0,34.0
2025-09-02,Hattie Avenue,Forsyth,2025,9,36.11094,-80.224501,44.0,23.0
2025-09-02,Leggett,Edgecombe,2025,9,35.988278,-77.5843,31.0,21.0
2025-09-02,Linville Falls,Avery,2025,9,35.972347,-81.933072,31.0,
2025-09-02,Mendenhall School,Guilford,2025,9,36.1090060008986,-79.802314,36.0,22.0
2025-09-02,Millbrook School,Wake,2025,9,35.856111,-78.574167,35.0,23.0
2025-09-02,Old High School,Swain,2025,9,35.498711,-83.310242,24.0,23.0
2025-09-02,Pitt Agri. Center,Pitt,2025,9,35.6412760008938,-77.360126,31.0,14.0
2025-09-02,Rockwell,Rowan,2025,9,35.551868,-80.395039,42.0,27.0
2025-09-02,West Johnston Co.,Johnston,2025,9,35.59095,-78.4622,35.0,21.0
2025-09-03,Bryson City,Swain,2025,9,35.434767,-83.442133,30.0,30.0
2025-09-03,Castle Hayne,New Hanover,2025,9,34.364167,-77.838611,39.0,27.5
2025-09-03,Clemmons Middle,Forsyth,2025,9,36.026612,-80.341962,45.0,35.0
2025-09-03,Durham Armory,Durham,2025,9,36.0329550008979,-78.904037,47.0,30.5
2025-09-03,Frying Pan Mountain,Haywood,2025,9,35.379167,-82.7925,36.0,
2025-09-03,Garinger High School,Mecklenburg,2025,9,35.2401000008895,-80.785683,47.0,50.0
2025-09-03,Hattie Avenue,Forsyth,2025,9,36.11094,-80.224501,45.0,37.0
2025-09-03,Leggett,Edgecombe,2025,9,35.988278,-77.5843,42.0,29.0
2025-09-03,Linville Falls,Avery,2025,9,35.972347,-81.933072,29.0,
2025-09-03,Mendenhall School,Guilford,2025,9,36.1090060008986,-79.802314,46.0,33.0
2025-09-03,Millbrook School,Wake,2025,9,35.856111,-78.574167,44.0,34.0
2025-09-03,Old High School,Swain,2025,9,35.498711,-83.310242,27.0,22.0
2025-09-03,Pitt Agri. Center,Pitt,2025,9,35.6412760008938,-77.360126,39.0,23.0
2025-09-03,Rockwell,Rowan,2025,9,35.551868,-80.395039,50.0,51.0
2025-09-03,West Johnston Co.,Johnston,2025,9,35.59095,-78.4622,42.0,38.0
2025-09-04,Bryson City,Swain,2025,9,35.434767,-83.442133,29.0,30.0
2025-09-04,Castle Hayne,New Hanover,2025,9,34.364167,-77.838611,44.0,28.5
2025-09-04,Clemmons Middle,Forsyth,2025,9,36.026612,-80.341962,38.0,45.5
2025-09-04,Durham Armory,Durham,2025,9,36.0329550008979,-78.904037,45.0,42.0
2025-09-04,Frying Pan Mountain,Haywood,2025,9,35.379167,-82.7925,36.0,31.0
2025-09-04,Garinger High School,Mecklenburg,2025,9,35.2401000008895,-80.785683,38.0,50.0
2025-09-04,Hattie Avenue,Forsyth,2025,9,36.11094,-80.224501,41.0,51.0
2025-09-04,Leggett,Edgecombe,2025,9,35.988278,-77.5843,44.0,50.0
2025-09-04,Linville Falls,Avery,2025,9,35.972347,-81.933072,27.0,26.0
2025-09-04,Mendenhall School,Guilford,2025,9,36.1090060008986,-79.802314,43.0,52.0
2025-09-04,Millbrook School,Wake,2025,9,35.856111,-78.574167,44.0,50.0
2025-09-04,Old High School,Swain,2025,9,35.498711,-83.310242,28.0,31.0
2025-09-04,Pitt Agri. Center,Pitt,2025,9,35.6412760008938,-77.360126,42.0,31.0
2025-09-04,Rockwell,Rowan,2025,9,35.551868,-80.395039,43.0,51.0
2025-09-04,West Johnston Co.,Johnston,2025,9,35.59095,-78.4622,47.0,52.0
2025-09-05,Bryson City,Swain,2025,9,35.434767,-83.442133,27.0,50.0
2025-09-05,Castle Hayne,New Hanover,2025,9,34.364167,-77.838611,38.0,20.0
2025-09-05,Clemmons Middle,Forsyth,2025,9,36.026612,-80.341962,41.0,51.0
2025-09-05,Durham Armory,Durham,2025,9,36.0329550008979,-78.904037,44.0,47.0
2025-09-05,Frying Pan Mountain,Haywood,2025,9,35.379167,-82.7925,41.0,
2025-09-05,Garinger High School,Mecklenburg,2025,9,35.2401000008895,-80.785683,42.0,54.0
2025-09-05,Hattie Avenue,Forsyth,2025,9,36.11094,-80.224501,46.0,55.0
2025-09-05,Leggett,Edgecombe,2025,9,35.988278,-77.5843,44.0,50.0
2025-09-05,Linville Falls,Avery,2025,9,35.972347,-81.933072,31.0,
2025-09-05,Mendenhall School,Guilford,2025,9,36.1090060008986,-79.802314,47.0,54.0
2025-09-05,Millbrook School,Wake,2025,9,35.856111,-78.574167,43.0,54.0
2025-09-05,Old High School,Swain,2025,9,35.498711,-83.310242,24.0,43.0
2025-09-05,Pitt Agri. Center,Pitt,2025,9,35.6412760008938,-77.360126,42.0,39.0
2025-09-05,Rockwell,Rowan,2025,9,35.551868,-80.395039,49.0,52.0
2025-09-05,West Johnston Co.,Johnston,2025,9,35.59095,-78.4622,43.0,52.0
2025-09-06,Bryson City,Swain,2025,9,35.434767,-83.442133,28.0,27.0
2025-09-06,Castle Hayne,New Hanover,2025,9,34.364167,-77.838611,31.0,10.5
2025-09-06,Clemmons Middle,Forsyth,2025,9,36.026612,-80.341962,34.0,59.0
2025-09-06,Durham Armory,Durham,2025,9,36.0329550008979,-78.904037,39.0,47.0
2025-09-06,Frying Pan Mountain,Haywood,2025,9,35.379167,-82.7925,44.0,
2025-09-06,Garinger High School,Mecklenburg,2025,9,35.2401000008895,-80.785683,36.0,54.0
2025-09-06,Hattie Avenue,Forsyth,2025,9,36.11094,-80.224501,36.0,61.0
2025-09-06,Leggett,Edgecombe,2025,9,35.988278,-77.5843,41.0,53.0
2025-09-06,Linville Falls,Avery,2025,9,35.972347,-81.933072,34.0,
2025-09-06,Mendenhall School,Guilford,2025,9,36.1090060008986,-79.802314,37.0,56.0
2025-09-06,Millbrook School,Wake,2025,9,35.856111,-78.574167,41.0,55.0
2025-09-06,Old High School,Swain,2025,9,35.498711,-83.310242,26.0,34.0
2025-09-06,Pitt Agri. Center,Pitt,2025,9,35.6412760008938,-77.360126,36.0,35.0
2025-09-06,Rockwell,Rowan,2025,9,35.551868,-80.395039,37.0,57.0
2025-09-06,West Johnston Co.,Johnston,2025,9,35.59095,-78.4622,40.0,51.0
2025-09-07,Bryson City,Swain,2025,9,35.434767,-83.442133,29.0,18.0
2025-09-07,Castle Hayne,New Hanover,2025,9,34.364167,-77.838611,27.0,30.0
2025-09-07,Clemmons Middle,Forsyth,2025,9,36.026612,-80.341962,25.0,39.0
2025-09-07,Durham Armory,Durham,2025,9,36.0329550008979,-78.904037,25.0,33.5
2025-09-07,Frying Pan Mountain,Haywood,2025,9,35.379167,-82.7925,33.0,14.0
2025-09-07,Garinger High School,Mecklenburg,2025,9,35.2401000008895,-80.785683,27.0,36.0
2025-09-07,Hattie Avenue,Forsyth,2025,9,36.11094,-80.224501,27.0,39.5
2025-09-07,Leggett,Edgecombe,2025,9,35.988278,-77.5843,26.0,52.0
2025-09-07,Linville Falls,Avery,2025,9,35.972347,-81.933072,30.0,19.0
2025-09-07,Mendenhall School,Guilford,2025,9,36.1090060008986,-79.802314,21.0,24.0
2025-09-07,Millbrook School,Wake,2025,9,35.856111,-78.574167,22.0,42.5
2025-09-07,Old High School,Swain,2025,9,35.498711,-83.310242,28.0,21.0
2025-09-07,Pitt Agri. Center,Pitt,2025,9,35.6412760008938,-77.360126,24.0,46.0
2025-09-07,Rockwell,Rowan,2025,9,35.551868,-80.395039,24.0,32.0
2025-09-07,West Johnston Co.,Johnston,2025,9,35.59095,-78.4622,21.0,42.0
2025-09-08,Bryson City,Swain,2025,9,35.434767,-83.442133,31.0,21.0
2025-09-08,Castle Hayne,New Hanover,2025,9,34.364167,-77.838611,33.0,32.0
2025-09-08,Clemmons Middle,Forsyth,2025,9,36.026612,-80.341962,40.0,26.0
2025-09-08,Durham Armory,Durham,2025,9,36.0329550008979,-78.904037,40.0,23.5
2025-09-08,Frying Pan Mountain,Haywood,2025,9,35.379167,-82.7925,38.0,
2025-09-08,Garinger High School,Mecklenburg,2025,9,35.2401000008895,-80.785683,40.0,28.0
2025-09-08,Hattie Avenue,Forsyth,2025,9,36.11094,-80.224501,41.0,24.0
2025-09-08,Leggett,Edgecombe,2025,9,35.988278,-77.5843,40.0,28.0
2025-09-08,Linville Falls,Avery,2025,9,35.972347,-81.933072,34.0,
2025-09-08,Mendenhall School,Guilford,2025,9,36.1090060008986,-79.802314,35.0,22.0
2025-09-08,Millbrook School,Wake,2025,9,35.856111,-78.574167,38.0,27.0
2025-09-08,Old High School,Swain,2025,9,35.498711,-83.310242,30.0,20.0
2025-09-08,Pitt Agri. Center,Pitt,2025,9,35.6412760008938,-77.360126,41.0,37.0
2025-09-08,Rockwell,Rowan,2025,9,35.551868,-80.395039,39.0,26.0
2025-09-08,West Johnston Co.,Johnston,2025,9,35.59095,-78.4622,38.0,24.0
2025-09-09,Bryson City,Swain,2025,9,35.434767,-83.442133,32.0,28.0
2025-09-09,Castle Hayne,New Hanover,2025,9,34.364167,-77.838611,28.0,27.0
2025-09-09,Clemmons Middle,Forsyth,2025,9,36.026612,-80.341962,45.0,23.0
2025-09-09,Durham Armory,Durham,2025,9,36.0329550008979,-78.904037,37.0,25.5
2025-09-09,Frying Pan Mountain,Haywood,2025,9,35.379167,-82.7925,39.0,
2025-09-09,Garinger High School,Mecklenburg,2025,9,35.2401000008895,-80.785683,48.0,29.0
2025-09-09,Hattie Avenue,Forsyth,2025,9,36.11094,-80.224501,46.0,22.0
2025-09-09,Leggett,Edgecombe,2025,9,35.988278,-77.5843,29.0,31.0
2025-09-09,Linville Falls,Avery,2025,9,35.972347,-81.933072,34.0,
2025-09-09,Mendenhall School,Guilford,2025,9,36.1090060008986,-79.802314,39.0,24.0
2025-09-09,Millbrook School,Wake,2025,9,35.856111,-78.574167,32.0,33.0
2025-09-09,Old High School,Swain,2025,9,35.498711,-83.310242,31.0,22.0
2025-09-09,Pitt Agri. Center,Pitt,2025,9,35.6412760008938,-77.360126,30.0,25.0
2025-09-09,Rockwell,Rowan,2025,9,35.551868,-80.395039,45.0,24.0
2025-09-09,West Johnston Co.,Johnston,2025,9,35.59095,-78.4622,31.0,29.0
2025-09-10,Bryson City,Swain,2025,9,35.434767,-83.442133,36.0,28.0
2025-09-10,Castle Hayne,New Hanover,2025,9,34.364167,-77.838611,19.0,16.0
2025-09-10,Clemmons Middle,Forsyth,2025,9,36.026612,-80.341962,40.0,35.0
2025-09-10,Durham Armory,Durham,2025,9,36.0329550008979,-78.904037,29.0,24.0
2025-09-10,Frying Pan Mountain,Haywood,2025,9,35.379167,-82.7925,42.0,22.0
2025-09-10,Garinger High School,Mecklenburg,2025,9,35.2401000008895,-80.785683,43.0,35.5
2025-09-10,Hattie Avenue,Forsyth,2025,9,36.11094,-80.224501,41.0,27.0
2025-09-10,Leggett,Edgecombe,2025,9,35.988278,-77.5843,20.0,20.0
2025-09-10,Linville Falls,Avery,2025,9,35.972347,-81.933072,39.0,19.0
2025-09-10,Mendenhall School,Guilford,2025,9,36.1090060008986,-79.802314,38.0,28.0
2025-09-10,Millbrook School,Wake,2025,9,35.856111,-78.574167,20.0,18.5
2025-09-10,Old High School,Swain,2025,9,35.498711,-83.310242,32.0,26.5
2025-09-10,Pitt Agri. Center,Pitt,2025,9,35.6412760008938,-77.360126,18.0,18.0
2025-09-10,Rockwell,Rowan,2025,9,35.551868,-80.395039,40.0,25.0
2025-09-10,West Johnston Co.,Johnston,2025,9,35.59095,-78.4622,20.0,14.0
2025-09-11,Bryson City,Swain,2025,9,35.434767,-83.442133,35.0,34.0
2025-09-11,Castle Hayne,New Hanover,2025,9,34.364167,-77.838611,17.0,21.0
2025-09-11,Clemmons Middle,Forsyth,2025,9,36.026612,-80.341962,44.0,29.0
2025-09-11,Durham Armory,Durham,2025,9,36.0329550008979,-78.904037,34.0,26.0
2025-09-11,Frying Pan Mountain,Haywood,2025,9,35.379167,-82.7925,47.0,
2025-09-11,Garinger High School,Mecklenburg,2025,9,35.2401000008895,-80.785683,47.0,40.0
2025-09-11,Hattie Avenue,Forsyth,2025,9,36.11094,-80.224501,46.0,31.0
2025-09-11,Leggett,Edgecombe,2025,9,35.988278,-77.5843,21.0,28.0
2025-09-11,Linville Falls,Avery,2025,9,35.972347,-81.933072,43.0,
2025-09-11,Mendenhall School,Guilford,2025,9,36.1090060008986,-79.802314,35.0,26.0
2025-09-11,Millbrook School,Wake,2025,9,35.856111,-78.574167,28.0,31.0
2025-09-11,Old High School,Swain,2025,9,35.498711,-83.310242,,28.0
2025-09-11,Pitt Agri. Center,Pitt,2025,9,35.6412760008938,-77.360126,20.0,17.0
2025-09-11,Rockwell,Rowan,2025,9,35.551868,-80.395039,47.0,26.0
2025-09-11,West Johnston Co.,Johnston,2025,9,35.59095,-78.4622,24.0,25.0
2025-09-12,Bryson City,Swain,2025,9,35.434767,-83.442133,35.0,39.0
2025-09-12,Castle Hayne,New Hanover,2025,9,34.364167,-77.838611,43.0,35.0
2025-09-12,Clemmons Middle,Forsyth,2025,9,36.026612,-80.341962,49.0,34.0
2025-09-12,Durham Armory,Durham,2025,9,36.0329550008979,-78.904037,47.0,50.0
2025-09-12,Frying Pan Mountain,Haywood,2025,9,35.379167,-82.7925,49.0,
2025-09-12,Garinger High School,Mecklenburg,2025,9,35.2401000008895,-80.785683,48.0,50.0
2025-09-12,Hattie Avenue,Forsyth,2025,9,36.11094,-80.224501,50.0,39.0
2025-09-12,Leggett,Edgecombe,2025,9,35.988278,-77.5843,46.0,37.0
2025-09-12,Linville Falls,Avery,2025,9,35.972347,-81.933072,40.0,
2025-09-12,Mendenhall School,Guilford,2025,9,36.1090060008986,-79.802314,42.0,39.0
2025-09-12,Millbrook School,Wake,2025,9,35.856111,-78.574167,44.0,33.0
2025-09-12,Old High School,Swain,2025,9,35.498711,-83.310242,,32.0
2025-09-12,Pitt Agri. Center,Pitt,2025,9,35.6412760008938,-77.360126,44.0,32.0
2025-09-12,Rockwell,Rowan,2025,9,35.551868,-80.395039,46.0,41.0
2025-09-12,West Johnston Co.,Johnston,2025,9,35.59095,-78.4622,41.0,33.0
2025-09-13,Bryson City,Swain,2025,9,35.434767,-83.442133,37.0,34.0
2025-09-13,Castle Hayne,New Hanover,2025,9,34.364167,-77.838611,31.0,36.0
2025-09-13,Clemmons Middle,Forsyth,2025,9,36.026612,-80.341962,45.0,37.0
2025-09-13,Durham Armory,Durham,2025,9,36.0329550008979,-78.904037,44.0,42.0
2025-09-13,Frying Pan Mountain,Haywood,2025,9,35.379167,-82.7925,48.0,30.0
2025-09-13,Garinger High School,Mecklenburg,2025,9,35.2401000008895,-80.785683,44.0,52.5
2025-09-13,Hattie Avenue,Forsyth,2025,9,36.11094,-80.224501,46.0,43.0
2025-09-13,Leggett,Edgecombe,2025,9,35.988278,-77.5843,43.0,32.0
2025-09-13,Linville Falls,Avery,2025,9,35.972347,-81.933072,41.0,31.0
2025-09-13,Mendenhall School,Guilford,2025,9,36.1090060008986,-79.802314,43.0,42.0
2025-09-13,Millbrook School,Wake,2025,9,35.856111,-78.574167,42.0,39.0
2025-09-13,Old High School,Swain,2025,9,35.498711,-83.310242,,28.0
2025-09-13,Pitt Agri. Center,Pitt,2025,9,35.6412760008938,-77.360126,39.0,31.0
2025-09-13,Rockwell,Rowan,2025,9,35.551868,-80.395039,43.0,43.0
2025-09-13,West Johnston Co.,Johnston,2025,9,35.59095,-78.4622,42.0,42.0
2025-09-14,Bryson City,Swain,2025,9,35.434767,-83.442133,31.0,42.0
2025-09-14,Castle Hayne,New Hanover,2025,9,34.364167,-77.838611,36.0,34.0
2025-09-14,Clemmons Middle,Forsyth,2025,9,36.026612,-80.341962,49.0,47.0
2025-09-14,Durham Armory,Durham,2025,9,36.0329550008979,-78.904037,43.0,51.0
2025-09-14,Frying Pan Mountain,Haywood,2025,9,35.379167,-82.7925,47.0,
2025-09-14,Garinger High School,Mecklenburg,2025,9,35.2401000008895,-80.785683,48.0,53.0
2025-09-14,Hattie Avenue,Forsyth,2025,9,36.11094,-80.224501,61.0,51.0
2025-09-14,Leggett,Edgecombe,2025,9,35.988278,-77.5843,42.0,48.0
2025-09-14,Linville Falls,Avery,2025,9,35.972347,-81.933072,41.0,
2025-09-14,Mendenhall School,Guilford,2025,9,36.1090060008986,-79.802314,44.0,46.0
2025-09-14,Millbrook School,Wake,2025,9,35.856111,-78.574167,39.0,49.0
2025-09-14,Old High School,Swain,2025,9,35.498711,-83.310242,,31.0
2025-09-14,Pitt Agri. Center,Pitt,2025,9,35.6412760008938,-77.360126,41.0,39.0
2025-09-14,Rockwell,Rowan,2025,9,35.551868,-80.395039,48.0,44.0
2025-09-14,West Johnston Co.,Johnston,2025,9,35.59095,-78.4622,41.0,49.0
2025-09-15,Bryson City,Swain,2025,9,35.434767,-83.442133,36.0,40.0
2025-09-15,Castle Hayne,New Hanover,2025,9,34.364167,-77.838611,36.0,45.0
2025-09-15,Clemmons Middle,Forsyth,2025,9,36.026612,-80.341962,44.0,51.0
2025-09-15,Durham Armory,Durham,2025,9,36.0329550008979,-78.904037,44.0,52.0
2025-09-15,Frying Pan Mountain,Haywood,2025,9,35.379167,-82.7925,45.0,
2025-09-15,Garinger High School,Mecklenburg,2025,9,35.2401000008895,-80.785683,48.0,52.0
2025-09-15,Hattie Avenue,Forsyth,2025,9,36.11094,-80.224501,46.0,54.0
2025-09-15,Leggett,Edgecombe,2025,9,35.988278,-77.5843,40.0,44.0
2025-09-15,Linville Falls,Avery,2025,9,35.972347,-81.933072,40.0,
2025-09-15,Mendenhall School,Guilford,2025,9,36.1090060008986,-79.802314,37.0,47.0
2025-09-15,Millbrook School,Wake,2025,9,35.856111,-78.574167,42.0,51.0
2025-09-15,Old High School,Swain,2025,9,35.498711,-83.310242,28.0,39.0
2025-09-15,Pitt Agri. Center,Pitt,2025,9,35.6412760008938,-77.360126,37.0,31.0
2025-09-15,Rockwell,Rowan,2025,9,35.551868,-80.395039,44.0,49.0
2025-09-15,West Johnston Co.,Johnston,2025,9,35.59095,-78.4622,41.0,43.0
2025-09-16,Bryson City,Swain,2025,9,35.434767,-83.442133,41.0,48.0
2025-09-16,Castle Hayne,New Hanover,2025,9,34.364167,-77.838611,31.0,41.0
2025-09-16,Clemmons Middle,Forsyth,2025,9,36.026612,-80.341962,41.0,39.0
2025-09-16,Durham Armory,Durham,2025,9,36.0329550008979,-78.904037,40.0,40.0
2025-09-16,Frying Pan Mountain,Haywood,2025,9,35.379167,-82.7925,44.0,38.0
2025-09-16,Garinger High School,Mecklenburg,2025,9,35.2401000008895,-80.785683,45.0,40.0
2025-09-16,Hattie Avenue,Forsyth,2025,9,36.11094,-80.224501,43.0,41.0
2025-09-16,Leggett,Edgecombe,2025,9,35.988278,-77.5843,31.0,40.0
2025-09-16,Linville Falls,Avery,2025,9,35.972347,-81.933072,31.0,36.0
2025-09-16,Mendenhall School,Guilford,2025,9,36.1090060008986,-79.802314,38.0,33.0
2025-09-16,Millbrook School,Wake,2025,9,35.856111,-78.574167,35.0,36.5
2025-09-16,Old High School,Swain,2025,9,35.498711,-83.310242,34.0,41.0
2025-09-16,Pitt Agri. Center,Pitt,2025,9,35.6412760008938,-77.360126,29.0,18.0
2025-09-16,Rockwell,Rowan,2025,9,35.551868,-80.395039,44.0,34.0
2025-09-16,West Johnston Co.,Johnston,2025,9,35.59095,-78.4622,37.0,29.0
2025-09-17,Bryson City,Swain,2025,9,35.434767,-83.442133,40.0,39.0
2025-09-17,Castle Hayne,New Hanover,2025,9,34.364167,-77.838611,39.0,40.0
2025-09-17,Clemmons Middle,Forsyth,2025,9,36.026612,-80.341962,39.0,39.0
2025-09-17,Durham Armory,Durham,2025,9,36.0329550008979,-78.904037,30.0,29.0
2025-09-17,Frying Pan Mountain,Haywood,2025,9,35.379167,-82.7925,44.0,
2025-09-17,Garinger High School,Mecklenburg,2025,9,35.2401000008895,-80.785683,46.0,47.0
2025-09-17,Hattie Avenue,Forsyth,2025,9,36.11094,-80.224501,42.0,41.0
2025-09-17,Leggett,Edgecombe,2025,9,35.988278,-77.5843,25.0,17.0
2025-09-17,Linville Falls,Avery,2025,9,35.972347,-81.933072,38.0,
2025-09-17,Mendenhall School,Guilford,2025,9,36.1090060008986,-79.802314,32.0,33.0
2025-09-17,Millbrook School,Wake,2025,9,35.856111,-78.574167,27.0,25.0
2025-09-17,Old High School,Swain,2025,9,35.498711,-83.310242,35.0,38.0
2025-09-17,Pitt Agri. Center,Pitt,2025,9,35.6412760008938,-77.360126,27.0,17.0
2025-09-17,Rockwell,Rowan,2025,9,35.551868,-80.395039,44.0,47.0
2025-09-17,West Johnston Co.,Johnston,2025,9,35.59095,-78.4622,35.0,28.0
2025-09-18,Bryson City,Swain,2025,9,35.434767,-83.442133,38.0,38.0
2025-09-18,Castle Hayne,New Hanover,2025,9,34.364167,-77.838611,33.0,21.0
2025-09-18,Clemmons Middle,Forsyth,2025,9,36.026612,-80.341962,41.0,27.0
2025-09-18,Durham Armory,Durham,2025,9,36.0329550008979,-78.904037,35.0,26.0
2025-09-18,Frying Pan Mountain,Haywood,2025,9,35.379167,-82.7925,44.0,
2025-09-18,Garinger High School,Mecklenburg,2025,9,35.2401000008895,-80.785683,64.0,52.0
2025-09-18,Hattie Avenue,Forsyth,2025,9,36.11094,-80.224501,45.0,30.0
2025-09-18,Leggett,Edgecombe,2025,9,35.988278,-77.5843,26.0,
2025-09-18,Linville Falls,Avery,2025,9,35.972347,-81.933072,37.0,
2025-09-18,Mendenhall School,Guilford,2025,9,36.1090060008986,-79.802314,41.0,16.0
2025-09-18,Millbrook School,Wake,2025,9,35.856111,-78.574167,33.0,22.0
2025-09-18,Old High School,Swain,2025,9,35.498711,-83.310242,38.0,33.0
2025-09-18,Pitt Agri. Center,Pitt,2025,9,35.6412760008938,-77.360126,25.0,19.0
2025-09-18,Rockwell,Rowan,2025,9,35.551868,-80.395039,45.0,39.0
2025-09-18,West Johnston Co.,Johnston,2025,9,35.59095,-78.4622,41.0,23.0
2025-09-19,Bryson City,Swain,2025,9,35.434767,-83.442133,36.0,32.0
2025-09-19,Castle Hayne,New Hanover,2025,9,34.364167,-77.838611,42.0,37.5
2025-09-19,Clemmons Middle,Forsyth,2025,9,36.026612,-80.341962,77.0,47.0
2025-09-19,Durham Armory,Durham,2025,9,36.0329550008979,-78.904037,67.0,51.0
2025-09-19,Frying Pan Mountain,Haywood,2025,9,35.379167,-82.7925,51.0,32.0
2025-09-19,Garinger High School,Mecklenburg,2025,9,35.2401000008895,-80.785683,67.0,57.0
2025-09-19,Hattie Avenue,Forsyth,2025,9,36.11094,-80.224501,87.0,51.5
2025-09-19,Leggett,Edgecombe,2025,9,35.988278,-77.5843,47.0,
2025-09-19,Linville Falls,Avery,2025,9,35.972347,-81.933072,34.0,34.0
2025-09-19,Mendenhall School,Guilford,2025,9,36.1090060008986,-79.802314,74.0,46.0
2025-09-19,Millbrook School,Wake,2025,9,35.856111,-78.574167,67.0,48.5
2025-09-19,Old High School,Swain,2025,9,35.498711,-83.310242,34.0,33.0
2025-09-19,Pitt Agri. Center,Pitt,2025,9,35.6412760008938,-77.360126,45.0,16.0
2025-09-19,Rockwell,Rowan,2025,9,35.551868,-80.395039,58.0,53.0
2025-09-19,West Johnston Co.,Johnston,2025,9,35.59095,-78.4622,49.0,54.0
2025-09-20,Bryson City,Swain,2025,9,35.434767,-83.442133,32.0,32.0
2025-09-20,Castle Hayne,New Hanover,2025,9,34.364167,-77.838611,39.0,32.5
2025-09-20,Clemmons Middle,Forsyth,2025,9,36.026612,-80.341962,61.0,55.0
2025-09-20,Durham Armory,Durham,2025,9,36.0329550008979,-78.904037,50.0,57.0
2025-09-20,Frying Pan Mountain,Haywood,2025,9,35.379167,-82.7925,50.0,
2025-09-20,Garinger High School,Mecklenburg,2025,9,35.2401000008895,-80.785683,77.0,59.0
2025-09-20,Hattie Avenue,Forsyth,2025,9,36.11094,-80.224501,61.0,55.0
2025-09-20,Leggett,Edgecombe,2025,9,35.988278,-77.5843,49.0,
2025-09-20,Linville Falls,Avery,2025,9,35.972347,-81.933072,44.0,
2025-09-20,Mendenhall School,Guilford,2025,9,36.1090060008986,-79.802314,47.0,52.0
2025-09-20,Millbrook School,Wake,2025,9,35.856111,-78.574167,47.0,54.0
2025-09-20,Old High School,Swain,2025,9,35.498711,-83.310242,28.0,31.0
2025-09-20,Pitt Agri. Center,Pitt,2025,9,35.6412760008938,-77.360126,49.0,7.0
2025-09-20,Rockwell,Rowan,2025,9,35.551868,-80.395039,58.0,56.0
2025-09-20,West Johnston Co.,Johnston,2025,9,35.59095,-78.4622,49.0,52.0
2025-09-21,Bryson City,Swain,2025,9,35.434767,-83.442133,34.0,43.0
2025-09-21,Castle Hayne,New Hanover,2025,9,34.364167,-77.838611,40.0,46.5
2025-09-21,Clemmons Middle,Forsyth,2025,9,36.026612,-80.341962,47.0,55.0
2025-09-21,Durham Armory,Durham,2025,9,36.0329550008979,-78.904037,47.0,56.0
2025-09-21,Frying Pan Mountain,Haywood,2025,9,35.379167,-82.7925,37.0,
2025-09-21,Garinger High School,Mecklenburg,2025,9,35.2401000008895,-80.785683,48.0,57.0
2025-09-21,Hattie Avenue,Forsyth,2025,9,36.11094,-80.224501,49.0,57.0
2025-09-21,Leggett,Edgecombe,2025,9,35.988278,-77.5843,40.0,3.0
2025-09-21,Linville Falls,Avery,2025,9,35.972347,-81.933072,43.0,
2025-09-21,Mendenhall School,Guilford,2025,9,36.1090060008986,-79.802314,41.0,53.0
2025-09-21,Millbrook School,Wake,2025,9,35.856111,-78.574167,43.0,54.0
2025-09-21,Old High School,Swain,2025,9,35.498711,-83.310242,36.0,36.0
2025-09-21,Pitt Agri. Center,Pitt,2025,9,35.6412760008938,-77.360126,37.0,6.0
2025-09-21,Rockwell,Rowan,2025,9,35.551868,-80.395039,44.0,54.0
2025-09-21,West Johnston Co.,Johnston,2025,9,35.59095,-78.4622,43.0,54.0
2025-09-22,Bryson City,Swain,2025,9,35.434767,-83.442133,34.0,52.0
2025-09-22,Castle Hayne,New Hanover,2025,9,34.364167,-77.838611,23.0,32.5
2025-09-22,Clemmons Middle,Forsyth,2025,9,36.026612,-80.341962,44.0,53.5
2025-09-22,Durham Armory,Durham,2025,9,36.0329550008979,-78.904037,46.0,50.0
2025-09-22,Frying Pan Mountain,Haywood,2025,9,35.379167,-82.7925,38.0,38.0
2025-09-22,Garinger High School,Mecklenburg,2025,9,35.2401000008895,-80.785683,45.0,55.0
2025-09-22,Hattie Avenue,Forsyth,2025,9,36.11094,-80.224501,49.0,55.5
2025-09-22,Leggett,Edgecombe,2025,9,35.988278,-77.5843,36.0,
2025-09-22,Linville Falls,Avery,2025,9,35.972347,-81.933072,43.0,47.0
2025-09-22,Mendenhall School,Guilford,2025,9,36.1090060008986,-79.802314,45.0,48.0
2025-09-22,Millbrook School,Wake,2025,9,35.856111,-78.574167,42.0,38.0
2025-09-22,Old High School,Swain,2025,9,35.498711,-83.310242,33.0,47.0
2025-09-22,Pitt Agri. Center,Pitt,2025,9,35.6412760008938,-77.360126,35.0,6.0
2025-09-22,Rockwell,Rowan,2025,9,35.551868,-80.395039,40.0,52.0
2025-09-22,West Johnston Co.,Johnston,2025,9,35.59095,-78.4622,41.0,34.0
2025-09-23,Bryson City,Swain,2025,9,35.434767,-83.442133,31.0,52.0
2025-09-23,Castle Hayne,New Hanover,2025,9,34.364167,-77.838611,29.0,17.5
2025-09-23,Clemmons Middle,Forsyth,2025,9,36.026612,-80.341962,54.0,56.0
2025-09-23,Durham Armory,Durham,2025,9,36.0329550008979,-78.904037,48.0,55.0
2025-09-23,Frying Pan Mountain,Haywood,2025,9,35.379167,-82.7925,36.0,
2025-09-23,Garinger High School,Mecklenburg,2025,9,35.2401000008895,-80.785683,49.0,55.0
2025-09-23,Hattie Avenue,Forsyth,2025,9,36.11094,-80.224501,64.0,58.0
2025-09-23,Leggett,Edgecombe,2025,9,35.988278,-77.5843,41.0,
2025-09-23,Linville Falls,Avery,2025,9,35.972347,-81.933072,33.0,
2025-09-23,Mendenhall School,Guilford,2025,9,36.1090060008986,-79.802314,51.0,52.0
2025-09-23,Millbrook School,Wake,2025,9,35.856111,-78.574167,48.0,46.0
2025-09-23,Old High School,Swain,2025,9,35.498711,-83.310242,33.0,49.5
2025-09-23,Pitt Agri. Center,Pitt,2025,9,35.6412760008938,-77.360126,35.0,8.0
2025-09-23,Rockwell,Rowan,2025,9,35.551868,-80.395039,80.0,55.0
2025-09-23,West Johnston Co.,Johnston,2025,9,35.59095,-78.4622,45.0,43.0
2025-09-24,Bryson City,Swain,2025,9,35.434767,-83.442133,22.0,51.0
2025-09-24,Castle Hayne,New Hanover,2025,9,34.364167,-77.838611,26.0,10.5
2025-09-24,Clemmons Middle,Forsyth,2025,9,36.026612,-80.341962,48.0,56.0
2025-09-24,Durham Armory,Durham,2025,9,36.0329550008979,-78.904037,45.0,57.0
2025-09-24,Frying Pan Mountain,Haywood,2025,9,35.379167,-82.7925,37.0,
2025-09-24,Garinger High School,Mecklenburg,2025,9,35.2401000008895,-80.785683,42.0,56.0
2025-09-24,Hattie Avenue,Forsyth,2025,9,36.11094,-80.224501,54.0,59.0
2025-09-24,Leggett,Edgecombe,2025,9,35.988278,-77.5843,41.0,
2025-09-24,Linville Falls,Avery,2025,9,35.972347,-81.933072,31.0,
2025-09-24,Mendenhall School,Guilford,2025,9,36.1090060008986,-79.802314,58.0,54.0
2025-09-24,Millbrook School,Wake,2025,9,35.856111,-78.574167,43.0,44.0
2025-09-24,Old High School,Swain,2025,9,35.498711,-83.310242,,44.0
2025-09-24,Pitt Agri. Center,Pitt,2025,9,35.6412760008938,-77.360126,32.0,19.0
2025-09-24,Rockwell,Rowan,2025,9,35.551868,-80.395039,46.0,57.0
2025-09-24,West Johnston Co.,Johnston,2025,9,35.59095,-78.4622,44.0,43.0
2025-09-25,Bryson City,Swain,2025,9,35.434767,-83.442133,25.0,14.0
2025-09-25,Castle Hayne,New Hanover,2025,9,34.364167,-77.838611,31.0,16.0
2025-09-25,Clemmons Middle,Forsyth,2025,9,36.026612,-80.341962,31.0,41.0
2025-09-25,Durham Armory,Durham,2025,9,36.0329550008979,-78.904037,34.0,42.0
2025-09-25,Frying Pan Mountain,Haywood,2025,9,35.379167,-82.7925,32.0,11.0
2025-09-25,Garinger High School,Mecklenburg,2025,9,35.2401000008895,-80.785683,33.0,40.5
2025-09-25,Hattie Avenue,Forsyth,2025,9,36.11094,-80.224501,32.0,43.5
2025-09-25,Leggett,Edgecombe,2025,9,35.988278,-77.5843,35.0,
2025-09-25,Linville Falls,Avery,2025,9,35.972347,-81.933072,27.0,19.0
2025-09-25,Mendenhall School,Guilford,2025,9,36.1090060008986,-79.802314,33.0,52.0
2025-09-25,Millbrook School,Wake,2025,9,35.856111,-78.574167,34.0,40.0
2025-09-25,Old High School,Swain,2025,9,35.498711,-83.310242,24.0,19.0
2025-09-25,Pitt Agri. Center,Pitt,2025,9,35.6412760008938,-77.360126,32.0,36.0
2025-09-25,Rockwell,Rowan,2025,9,35.551868,-80.395039,34.0,47.0
2025-09-25,West Johnston Co.,Johnston,2025,9,35.59095,-78.4622,,50.0
2025-09-26,Bryson City,Swain,2025,9,35.434767,-83.442133,26.0,16.0
2025-09-26,Castle Hayne,New Hanover,2025,9,34.364167,-77.838611,27.0,22.5
2025-09-26,Clemmons Middle,Forsyth,2025,9,36.026612,-80.341962,34.0,31.0
2025-09-26,Durham Armory,Durham,2025,9,36.0329550008979,-78.904037,34.0,28.0
2025-09-26,Frying Pan Mountain,Haywood,2025,9,35.379167,-82.7925,30.0,
2025-09-26,Garinger High School,Mecklenburg,2025,9,35.2401000008895,-80.785683,31.0,26.0
2025-09-26,Hattie Avenue,Forsyth,2025,9,36.11094,-80.224501,37.0,26.0
2025-09-26,Leggett,Edgecombe,2025,9,35.988278,-77.5843,41.0,22.0
2025-09-26,Linville Falls,Avery,2025,9,35.972347,-81.933072,29.0,
2025-09-26,Mendenhall School,Guilford,2025,9,36.1090060008986,-79.802314,28.0,27.0
2025-09-26,Millbrook School,Wake,2025,9,35.856111,-78.574167,37.0,41.0
2025-09-26,Old High School,Swain,2025,9,35.498711,-83.310242,28.0,25.0
2025-09-26,Pitt Agri. Center,Pitt,2025,9,35.6412760008938,-77.360126,35.0,35.0
2025-09-26,Rockwell,Rowan,2025,9,35.551868,-80.395039,28.0,28.0
2025-09-26,West Johnston Co.,Johnston,2025,9,35.59095,-78.4622,31.0,51.0
2025-09-27,Bryson City,Swain,2025,9,35.434767,-83.442133,27.0,13.0
2025-09-27,Castle Hayne,New Hanover,2025,9,34.364167,-77.838611,14.0,22.5
2025-09-27,Clemmons Middle,Forsyth,2025,9,36.026612,-80.341962,33.0,17.0
2025-09-27,Durham Armory,Durham,2025,9,36.0329550008979,-78.904037,29.0,23.0
2025-09-27,Frying Pan Mountain,Haywood,2025,9,35.379167,-82.7925,35.0,
2025-09-27,Garinger High School,Mecklenburg,2025,9,35.2401000008895,-80.785683,34.0,28.0
2025-09-27,Hattie Avenue,Forsyth,2025,9,36.11094,-80.224501,39.0,17.0
2025-09-27,Leggett,Edgecombe,2025,9,35.988278,-77.5843,20.0,48.0
2025-09-27,Linville Falls,Avery,2025,9,35.972347,-81.933072,29.0,
2025-09-27,Mendenhall School,Guilford,2025,9,36.1090060008986,-79.802314,36.0,8.0
2025-09-27,Millbrook School,Wake,2025,9,35.856111,-78.574167,30.0,27.0
2025-09-27,Old High School,Swain,2025,9,35.498711,-83.310242,27.0,26.0
2025-09-27,Pitt Agri. Center,Pitt,2025,9,35.6412760008938,-77.360126,20.0,33.0
2025-09-27,Rockwell,Rowan,2025,9,35.551868,-80.395039,26.0,37.0
2025-09-27,West Johnston Co.,Johnston,2025,9,35.59095,-78.4622,24.0,32.0
2025-09-28,Bryson City,Swain,2025,9,35.434767,-83.442133,31.0,22.0
2025-09-28,Castle Hayne,New Hanover,2025,9,34.364167,-77.838611,21.0,32.5
2025-09-28,Clemmons Middle,Forsyth,2025,9,36.026612,-80.341962,40.0,26.0
2025-09-28,Durham Armory,Durham,2025,9,36.0329550008979,-78.904037,37.0,29.0
2025-09-28,Frying Pan Mountain,Haywood,2025,9,35.379167,-82.7925,38.0,14.0
2025-09-28,Garinger High School,Mecklenburg,2025,9,35.2401000008895,-80.785683,36.0,28.5
2025-09-28,Hattie Avenue,Forsyth,2025,9,36.11094,-80.224501,41.0,28.5
2025-09-28,Leggett,Edgecombe,2025,9,35.988278,-77.5843,31.0,24.0
2025-09-28,Linville Falls,Avery,2025,9,35.972347,-81.933072,29.0,21.0
2025-09-28,Mendenhall School,Guilford,2025,9,36.1090060008986,-79.802314,32.0,21.0
2025-09-28,Millbrook School,Wake,2025,9,35.856111,-78.574167,35.0,33.5
2025-09-28,Old High School,Swain,2025,9,35.498711,-83.310242,30.0,28.5
2025-09-28,Pitt Agri. Center,Pitt,2025,9,35.6412760008938,-77.360126,27.0,24.0
2025-09-28,Rockwell,Rowan,2025,9,35.551868,-80.395039,33.0,21.0
2025-09-28,West Johnston Co.,Johnston,2025,9,35.59095,-78.4622,33.0,27.0
2025-09-29,Bryson City,Swain,2025,9,35.434767,-83.442133,37.0,22.0
2025-09-29,Castle Hayne,New Hanover,2025,9,34.364167,-77.838611,18.0,18.5
2025-09-29,Clemmons Middle,Forsyth,2025,9,36.026612,-80.341962,37.0,37.0
2025-09-29,Durham Armory,Durham,2025,9,36.0329550008979,-78.904037,28.0,36.0
2025-09-29,Frying Pan Mountain,Haywood,2025,9,35.379167,-82.7925,36.0,
2025-09-29,Garinger High School,Mecklenburg,2025,9,35.2401000008895,-80.785683,29.0,30.0
2025-09-29,Hattie Avenue,Forsyth,2025,9,36.11094,-80.224501,39.0,38.0
2025-09-29,Leggett,Edgecombe,2025,9,35.988278,-77.5843,31.0,30.0
2025-09-29,Linville Falls,Avery,2025,9,35.972347,-81.933072,35.0,
2025-09-29,Mendenhall School,Guilford,2025,9,36.1090060008986,-79.802314,29.0,33.0
2025-09-29,Millbrook School,Wake,2025,9,35.856111,-78.574167,23.0,41.0
2025-09-29,Old High School,Swain,2025,9,35.498711,-83.310242,31.0,22.0
2025-09-29,Pitt Agri. Center,Pitt,2025,9,35.6412760008938,-77.360126,25.0,27.0
2025-09-29,Rockwell,Rowan,2025,9,35.551868,-80.395039,29.0,32.0
2025-09-29,West Johnston Co.,Johnston,2025,9,35.59095,-78.4622,24.0,33.0
2025-09-30,Bryson City,Swain,2025,9,35.434767,-83.442133,19.0,8.0
2025-09-30,Castle Hayne,New Hanover,2025,9,34.364167,-77.838611,28.0,31.5
2025-09-30,Clemmons Middle,Forsyth,2025,9,36.026612,-80.341962,37.0,39.0
2025-09-30,Durham Armory,Durham,2025,9,36.0329550008979,-78.904037,,53.0
2025-09-30,Frying Pan Mountain,Haywood,2025,9,35.379167,-82.7925,39.0,
2025-09-30,Garinger High School,Mecklenburg,2025,9,35.2401000008895,-80.785683,40.0,39.0
2025-09-30,Hattie Avenue,Forsyth,2025,9,36.11094,-80.224501,39.0,41.0
2025-09-30,Leggett,Edgecombe,2025,9,35.988278,-77.5843,33.0,44.0
2025-09-30,Linville Falls,Avery,2025,9,35.972347,-81.933072,29.0,
2025-09-30,Mendenhall School,Guilford,2025,9,36.1090060008986,-79.802314,33.0,35.0
2025-09-30,Millbrook School,Wake,2025,9,35.856111,-78.574167,29.0,55.0
2025-09-30,Old High School,Swain,2025,9,35.498711,-83.310242,19.0,17.0
2025-09-30,Pitt Agri. Center,Pitt,2025,9,35.6412760008938,-77.360126,36.0,33.0
2025-09-30,Rockwell,Rowan,2025,9,35.551868,-80.395039,40.0,39.0
2025-09-30,West Johnston Co.,Johnston,2025,9,35.59095,-78.4622,31.0,52.0
2025-10-01,Bryson City,Swain,2025,10,35.434767,-83.442133,25.0,13.0
2025-10-01,Castle Hayne,New Hanover,2025,10,34.364167,-77.838611,31.0,51.5
2025-10-01,Clemmons Middle,Forsyth,2025,10,36.026612,-80.341962,41.0,52.0
2025-10-01,Durham Armory,Durham,2025,10,36.0329550008979,-78.904037,,50.0
2025-10-01,Frying Pan Mountain,Haywood,2025,10,35.379167,-82.7925,45.0,
2025-10-01,Garinger High School,Mecklenburg,2025,10,35.2401000008895,-80.785683,44.0,45.0
2025-10-01,Hattie Avenue,Forsyth,2025,10,36.11094,-80.224501,41.0,47.0
2025-10-01,Leggett,Edgecombe,2025,10,35.988278,-77.5843,31.0,37.0
2025-10-01,Linville Falls,Avery,2025,10,35.972347,-81.933072,41.0,
2025-10-01,Mendenhall School,Guilford,2025,10,36.1090060008986,-79.802314,33.0,36.0
2025-10-01,Millbrook School,Wake,2025,10,35.856111,-78.574167,31.0,46.5
2025-10-01,Old High School,Swain,2025,10,35.498711,-83.310242,25.0,21.0
2025-10-01,Pitt Agri. Center,Pitt,2025,10,35.6412760008938,-77.360126,32.0,40.0
2025-10-01,Rockwell,Rowan,2025,10,35.551868,-80.395039,41.0,
2025-10-01,West Johnston Co.,Johnston,2025,10,35.59095,-78.4622,31.0,39.0
2025-10-02,Bryson City,Swain,2025,10,35.434767,-83.442133,30.0,32.0
2025-10-02,Castle Hayne,New Hanover,2025,10,34.364167,-77.838611,25.0,29.0
2025-10-02,Clemmons Middle,Forsyth,2025,10,36.026612,-80.341962,38.0,33.0
2025-10-02,Durham Armory,Durham,2025,10,36.0329550008979,-78.904037,31.0,31.0
2025-10-02,Frying Pan Mountain,Haywood,2025,10,35.379167,-82.7925,40.0,
2025-10-02,Garinger High School,Mecklenburg,2025,10,35.2401000008895,-80.785683,35.0,37.0
2025-10-02,Hattie Avenue,Forsyth,2025,10,36.11094,-80.224501,38.0,34.0
2025-10-02,Leggett,Edgecombe,2025,10,35.988278,-77.5843,30.0,18.0
2025-10-02,Linville Falls,Avery,2025,10,35.972347,-81.933072,38.0,
2025-10-02,Mendenhall School,Guilford,2025,10,36.1090060008986,-79.802314,30.0,
2025-10-02,Millbrook School,Wake,2025,10,35.856111,-78.574167,31.0,31.0
2025-10-02,Old High School,Swain,2025,10,35.498711,-83.310242,32.0,31.0
2025-10-02,Pitt Agri. Center,Pitt,2025,10,35.6412760008938,-77.360126,29.0,26.0
2025-10-02,Rockwell,Rowan,2025,10,35.551868,-80.395039,32.0,
2025-10-02,West Johnston Co.,Johnston,2025,10,35.59095,-78.4622,30.0,23.0
2025-10-03,Bryson City,Swain,2025,10,35.434767,-83.442133,31.0,32.0
2025-10-03,Castle Hayne,New Hanover,2025,10,34.364167,-77.838611,27.0,27.5
2025-10-03,Clemmons Middle,Forsyth,2025,10,36.026612,-80.341962,36.0,24.0
2025-10-03,Durham Armory,Durham,2025,10,36.0329550008979,-78.904037,33.0,32.0
2025-10-03,Frying Pan Mountain,Haywood,2025,10,35.379167,-82.7925,44.0,
2025-10-03,Garinger High School,Mecklenburg,2025,10,35.2401000008895,-80.785683,35.0,32.0
2025-10-03,Hattie Avenue,Forsyth,2025,10,36.11094,-80.224501,35.0,28.0
2025-10-03,Leggett,Edgecombe,2025,10,35.988278,-77.5843,33.0,22.0
2025-10-03,Linville Falls,Avery,2025,10,35.972347,-81.933072,29.0,
2025-10-03,Mendenhall School,Guilford,2025,10,36.1090060008986,-79.802314,31.0,
2025-10-03,Millbrook School,Wake,2025,10,35.856111,-78.574167,31.0,31.0
2025-10-03,Old High School,Swain,2025,10,35.498711,-83.310242,31.0,24.0
2025-10-03,Pitt Agri. Center,Pitt,2025,10,35.6412760008938,-77.360126,32.0,23.0
2025-10-03,Rockwell,Rowan,2025,10,35.551868,-80.395039,33.0,
2025-10-03,West Johnston Co.,Johnston,2025,10,35.59095,-78.4622,33.0,
2025-10-04,Bryson City,Swain,2025,10,35.434767,-83.442133,27.0,39.0
2025-10-04,Castle Hayne,New Hanover,2025,10,34.364167,-77.838611,28.0,19.0
2025-10-04,Clemmons Middle,Forsyth,2025,10,36.026612,-80.341962,41.0,39.0
2025-10-04,Durham Armory,Durham,2025,10,36.0329550008979,-78.904037,42.0,36.0
2025-10-04,Frying Pan Mountain,Haywood,2025,10,35.379167,-82.7925,36.0,
2025-10-04,Garinger High School,Mecklenburg,2025,10,35.2401000008895,-80.785683,34.0,48.5
2025-10-04,Hattie Avenue,Forsyth,2025,10,36.11094,-80.224501,46.0,43.5
2025-10-04,Leggett,Edgecombe,2025,10,35.988278,-77.5843,32.0,23.0
2025-10-04,Linville Falls,Avery,2025,10,35.972347,-81.933072,34.0,
2025-10-04,Mendenhall School,Guilford,2025,10,36.1090060008986,-79.802314,41.0,
2025-10-04,Millbrook School,Wake,2025,10,35.856111,-78.574167,35.0,37.0
2025-10-04,Old High School,Swain,2025,10,35.498711,-83.310242,24.0,23.5
2025-10-04,Pitt Agri. Center,Pitt,2025,10,35.6412760008938,-77.360126,31.0,25.0
2025-10-04,Rockwell,Rowan,2025,10,35.551868,-80.395039,33.0,
2025-10-04,West Johnston Co.,Johnston,2025,10,35.59095,-78.4622,33.0,
2025-10-05,Bryson City,Swain,2025,10,35.434767,-83.442133,28.0,22.0
2025-10-05,Castle Hayne,New Hanover,2025,10,34.364167,-77.838611,34.0,15.0
2025-10-05,Clemmons Middle,Forsyth,2025,10,36.026612,-80.341962,31.0,38.0
2025-10-05,Durham Armory,Durham,2025,10,36.0329550008979,-78.904037,31.0,35.0
2025-10-05,Frying Pan Mountain,Haywood,2025,10,35.379167,-82.7925,28.0,
2025-10-05,Garinger High School,Mecklenburg,2025,10,35.2401000008895,-80.785683,30.0,35.0
2025-10-05,Hattie Avenue,Forsyth,2025,10,36.11094,-80.224501,34.0,30.0
2025-10-05,Leggett,Edgecombe,2025,10,35.988278,-77.5843,31.0,18.0
2025-10-05,Linville Falls,Avery,2025,10,35.972347,-81.933072,29.0,
2025-10-05,Mendenhall School,Guilford,2025,10,36.1090060008986,-79.802314,31.0,
2025-10-05,Millbrook School,Wake,2025,10,35.856111,-78.574167,31.0,30.0
2025-10-05,Old High School,Swain,2025,10,35.498711,-83.310242,27.0,14.0
2025-10-05,Pitt Agri. Center,Pitt,2025,10,35.6412760008938,-77.360126,31.0,22.0
2025-10-05,Rockwell,Rowan,2025,10,35.551868,-80.395039,29.0,
2025-10-05,West Johnston Co.,Johnston,2025,10,35.59095,-78.4622,31.0,
2025-10-06,Bryson City,Swain,2025,10,35.434767,-83.442133,28.0,13.0
2025-10-06,Castle Hayne,New Hanover,2025,10,34.364167,-77.838611,31.0,14.0
2025-10-06,Clemmons Middle,Forsyth,2025,10,36.026612,-80.341962,38.0,33.0
2025-10-06,Durham Armory,Durham,2025,10,36.0329550008979,-78.904037,42.0,29.0
2025-10-06,Frying Pan Mountain,Haywood,2025,10,35.379167,-82.7925,26.0,
2025-10-06,Garinger High School,Mecklenburg,2025,10,35.2401000008895,-80.785683,27.0,34.0
2025-10-06,Hattie Avenue,Forsyth,2025,10,36.11094,-80.224501,43.0,28.0
2025-10-06,Leggett,Edgecombe,2025,10,35.988278,-77.5843,34.0,17.0
2025-10-06,Linville Falls,Avery,2025,10,35.972347,-81.933072,33.0,
2025-10-06,Mendenhall School,Guilford,2025,10,36.1090060008986,-79.802314,34.0,
2025-10-06,Millbrook School,Wake,2025,10,35.856111,-78.574167,35.0,27.0
2025-10-06,Old High School,Swain,2025,10,35.498711,-83.310242,27.0,13.0
2025-10-06,Pitt Agri. Center,Pitt,2025,10,35.6412760008938,-77.360126,33.0,14.0
2025-10-06,Rockwell,Rowan,2025,10,35.551868,-80.395039,27.0,
2025-10-06,West Johnston Co.,Johnston,2025,10,35.59095,-78.4622,35.0,
2025-10-07,Bryson City,Swain,2025,10,35.434767,-83.442133,23.0,18.0
2025-10-07,Castle Hayne,New Hanover,2025,10,34.364167,-77.838611,31.0,12.0
2025-10-07,Clemmons Middle,Forsyth,2025,10,36.026612,-80.341962,32.0,26.0
2025-10-07,Durham Armory,Durham,2025,10,36.0329550008979,-78.904037,35.0,27.0
2025-10-07,Frying Pan Mountain,Haywood,2025,10,35.379167,-82.7925,24.0,
2025-10-07,Garinger High School,Mecklenburg,2025,10,35.2401000008895,-80.785683,31.0,21.0
2025-10-07,Hattie Avenue,Forsyth,2025,10,36.11094,-80.224501,33.0,29.0
2025-10-07,Leggett,Edgecombe,2025,10,35.988278,-77.5843,31.0,14.0
2025-10-07,Linville Falls,Avery,2025,10,35.972347,-81.933072,30.0,
2025-10-07,Mendenhall School,Guilford,2025,10,36.1090060008986,-79.802314,31.0,19.0
2025-10-07,Millbrook School,Wake,2025,10,35.856111,-78.574167,31.0,27.5
2025-10-07,Old High School,Swain,2025,10,35.498711,-83.310242,22.0,17.0
2025-10-07,Pitt Agri. Center,Pitt,2025,10,35.6412760008938,-77.360126,29.0,18.0
2025-10-07,Rockwell,Rowan,2025,10,35.551868,-80.395039,30.0,
2025-10-07,West Johnston Co.,Johnston,2025,10,35.59095,-78.4622,31.0,
2025-10-08,Bryson City,Swain,2025,10,35.434767,-83.442133,26.0,22.0
2025-10-08,Castle Hayne,New Hanover,2025,10,34.364167,-77.838611,25.0,22.5
2025-10-08,Clemmons Middle,Forsyth,2025,10,36.026612,-80.341962,31.0,18.0
2025-10-08,Durham Armory,Durham,2025,10,36.0329550008979,-78.904037,31.0,23.0
2025-10-08,Frying Pan Mountain,Haywood,2025,10,35.379167,-82.7925,32.0,
2025-10-08,Garinger High School,Mecklenburg,2025,10,35.2401000008895,-80.785683,28.0,19.0
2025-10-08,Hattie Avenue,Forsyth,2025,10,36.11094,-80.224501,32.0,20.0
2025-10-08,Leggett,Edgecombe,2025,10,35.988278,-77.5843,25.0,19.0
2025-10-08,Linville Falls,Avery,2025,10,35.972347,-81.933072,31.0,
2025-10-08,Mendenhall School,Guilford,2025,10,36.1090060008986,-79.802314,30.0,15.0
2025-10-08,Millbrook School,Wake,2025,10,35.856111,-78.574167,30.0,23.0
2025-10-08,Old High School,Swain,2025,10,35.498711,-83.310242,28.0,23.0
2025-10-08,Pitt Agri. Center,Pitt,2025,10,35.6412760008938,-77.360126,24.0,25.0
2025-10-08,Rockwell,Rowan,2025,10,35.551868,-80.395039,29.0,18.0
2025-10-08,West Johnston Co.,Johnston,2025,10,35.59095,-78.4622,28.0,19.0
2025-10-09,Bryson City,Swain,2025,10,35.434767,-83.442133,29.0,27.0
2025-10-09,Castle Hayne,New Hanover,2025,10,34.364167,-77.838611,31.0,27.5
2025-10-09,Clemmons Middle,Forsyth,2025,10,36.026612,-80.341962,38.0,21.0
2025-10-09,Durham Armory,Durham,2025,10,36.0329550008979,-78.904037,38.0,21.0
2025-10-09,Frying Pan Mountain,Haywood,2025,10,35.379167,-82.7925,37.0,
2025-10-09,Garinger High School,Mecklenburg,2025,10,35.2401000008895,-80.785683,40.0,23.0
2025-10-09,Hattie Avenue,Forsyth,2025,10,36.11094,-80.224501,38.0,20.0
2025-10-09,Leggett,Edgecombe,2025,10,35.988278,-77.5843,34.0,19.0
2025-10-09,Linville Falls,Avery,2025,10,35.972347,-81.933072,35.0,
2025-10-09,Mendenhall School,Guilford,2025,10,36.1090060008986,-79.802314,34.0,17.0
2025-10-09,Millbrook School,Wake,2025,10,35.856111,-78.574167,35.0,19.0
2025-10-09,Old High School,Swain,2025,10,35.498711,-83.310242,30.0,18.0
2025-10-09,Pitt Agri. Center,Pitt,2025,10,35.6412760008938,-77.360126,35.0,21.0
2025-10-09,Rockwell,Rowan,2025,10,35.551868,-80.395039,39.0,15.0
2025-10-09,West Johnston Co.,Johnston,2025,10,35.59095,-78.4622,35.0,22.0
2025-10-10,Bryson City,Swain,2025,10,35.434767,-83.442133,34.0,28.0
2025-10-10,Castle Hayne,New Hanover,2025,10,34.364167,-77.838611,31.0,28.0
2025-10-10,Clemmons Middle,Forsyth,2025,10,36.026612,-80.341962,34.0,22.0
2025-10-10,Durham Armory,Durham,2025,10,36.0329550008979,-78.904037,35.0,24.0
2025-10-10,Frying Pan Mountain,Haywood,2025,10,35.379167,-82.7925,38.0,
2025-10-10,Garinger High School,Mecklenburg,2025,10,35.2401000008895,-80.785683,31.0,26.5
2025-10-10,Hattie Avenue,Forsyth,2025,10,36.11094,-80.224501,33.0,27.0
2025-10-10,Leggett,Edgecombe,2025,10,35.988278,-77.5843,33.0,19.0
2025-10-10,Linville Falls,Avery,2025,10,35.972347,-81.933072,35.0,
2025-10-10,Mendenhall School,Guilford,2025,10,36.1090060008986,-79.802314,30.0,19.0
2025-10-10,Millbrook School,Wake,2025,10,35.856111,-78.574167,34.0,26.0
2025-10-10,Old High School,Swain,2025,10,35.498711,-83.310242,34.0,23.0
2025-10-10,Pitt Agri. Center,Pitt,2025,10,35.6412760008938,-77.360126,33.0,21.0
2025-10-10,Rockwell,Rowan,2025,10,35.551868,-80.395039,31.0,17.0
2025-10-10,West Johnston Co.,Johnston,2025,10,35.59095,-78.4622,34.0,23.0
2025-10-11,Bryson City,Swain,2025,10,35.434767,-83.442133,30.0,35.0
2025-10-11,Castle Hayne,New Hanover,2025,10,34.364167,-77.838611,30.0,15.5
2025-10-11,Clemmons Middle,Forsyth,2025,10,36.026612,-80.341962,31.0,24.0
2025-10-11,Durham Armory,Durham,2025,10,36.0329550008979,-78.904037,29.0,27.0
2025-10-11,Frying Pan Mountain,Haywood,2025,10,35.379167,-82.7925,39.0,
2025-10-11,Garinger High School,Mecklenburg,2025,10,35.2401000008895,-80.785683,30.0,22.0
2025-10-11,Hattie Avenue,Forsyth,2025,10,36.11094,-80.224501,31.0,24.0
2025-10-11,Leggett,Edgecombe,2025,10,35.988278,-77.5843,27.0,22.0
2025-10-11,Linville Falls,Avery,2025,10,35.972347,-81.933072,38.0,
2025-10-11,Mendenhall School,Guilford,2025,10,36.1090060008986,-79.802314,27.0,15.0
2025-10-11,Millbrook School,Wake,2025,10,35.856111,-78.574167,23.0,30.0
2025-10-11,Old High School,Swain,2025,10,35.498711,-83.310242,33.0,35.0
2025-10-11,Pitt Agri. Center,Pitt,2025,10,35.6412760008938,-77.360126,29.0,27.0
2025-10-11,Rockwell,Rowan,2025,10,35.551868,-80.395039,29.0,24.0
2025-10-11,West Johnston Co.,Johnston,2025,10,35.59095,-78.4622,24.0,22.0
2025-10-12,Bryson City,Swain,2025,10,35.434767,-83.442133,33.0,32.0
2025-10-12,Castle Hayne,New Hanover,2025,10,34.364167,-77.838611,28.0,6.0
2025-10-12,Clemmons Middle,Forsyth,2025,10,36.026612,-80.341962,28.0,12.0
2025-10-12,Durham Armory,Durham,2025,10,36.0329550008979,-78.904037,29.0,11.0
2025-10-12,Frying Pan Mountain,Haywood,2025,10,35.379167,-82.7925,37.0,
2025-10-12,Garinger High School,Mecklenburg,2025,10,35.2401000008895,-80.785683,28.0,9.0
2025-10-12,Hattie Avenue,Forsyth,2025,10,36.11094,-80.224501,28.0,13.0
2025-10-12,Leggett,Edgecombe,2025,10,35.988278,-77.5843,30.0,8.0
2025-10-12,Linville Falls,Avery,2025,10,35.972347,-81.933072,31.0,
2025-10-12,Mendenhall School,Guilford,2025,10,36.1090060008986,-79.802314,24.0,8.0
2025-10-12,Millbrook School,Wake,2025,10,35.856111,-78.574167,25.0,11.0
2025-10-12,Old High School,Swain,2025,10,35.498711,-83.310242,36.0,18.0
2025-10-12,Pitt Agri. Center,Pitt,2025,10,35.6412760008938,-77.360126,30.0,8.0
2025-10-12,Rockwell,Rowan,2025,10,35.551868,-80.395039,26.0,14.0
2025-10-12,West Johnston Co.,Johnston,2025,10,35.59095,-78.4622,29.0,4.0
2025-10-13,Bryson City,Swain,2025,10,35.434767,-83.442133,33.0,29.0
2025-10-13,Castle Hayne,New Hanover,2025,10,34.364167,-77.838611,19.0,22.0
2025-10-13,Clemmons Middle,Forsyth,2025,10,36.026612,-80.341962,32.0,9.0
2025-10-13,Durham Armory,Durham,2025,10,36.0329550008979,-78.904037,29.0,12.0
2025-10-13,Frying Pan Mountain,Haywood,2025,10,35.379167,-82.7925,39.0,
2025-10-13,Garinger High School,Mecklenburg,2025,10,35.2401000008895,-80.785683,35.0,10.5
2025-10-13,Hattie Avenue,Forsyth,2025,10,36.11094,-80.224501,32.0,13.0
2025-10-13,Leggett,Edgecombe,2025,10,35.988278,-77.5843,24.0,7.0
2025-10-13,Linville Falls,Avery,2025,10,35.972347,-81.933072,37.0,
2025-10-13,Mendenhall School,Guilford,2025,10,36.1090060008986,-79.802314,31.0,11.0
2025-10-13,Millbrook School,Wake,2025,10,35.856111,-78.574167,25.0,11.5
2025-10-13,Old High School,Swain,2025,10,35.498711,-83.310242,35.0,11.0
2025-10-13,Pitt Agri. Center,Pitt,2025,10,35.6412760008938,-77.360126,21.0,8.0
2025-10-13,Rockwell,Rowan,2025,10,35.551868,-80.395039,32.0,9.0
2025-10-13,West Johnston Co.,Johnston,2025,10,35.59095,-78.4622,25.0,
2025-10-14,Bryson City,Swain,2025,10,35.434767,-83.442133,34.0,15.0
2025-10-14,Castle Hayne,New Hanover,2025,10,34.364167,-77.838611,19.0,25.0
2025-10-14,Clemmons Middle,Forsyth,2025,10,36.026612,-80.341962,36.0,16.0
2025-10-14,Durham Armory,Durham,2025,10,36.0329550008979,-78.904037,26.0,11.5
2025-10-14,Frying Pan Mountain,Haywood,2025,10,35.379167,-82.7925,43.0,
2025-10-14,Garinger High School,Mecklenburg,2025,10,35.2401000008895,-80.785683,38.0,14.0
2025-10-14,Hattie Avenue,Forsyth,2025,10,36.11094,-80.224501,35.0,19.0
2025-10-14,Leggett,Edgecombe,2025,10,35.988278,-77.5843,20.0,8.0
2025-10-14,Linville Falls,Avery,2025,10,35.972347,-81.933072,38.0,
2025-10-14,Mendenhall School,Guilford,2025,10,36.1090060008986,-79.802314,30.0,14.0
2025-10-14,Millbrook School,Wake,2025,10,35.856111,-78.574167,22.0,16.0
2025-10-14,Old High School,Swain,2025,10,35.498711,-83.310242,37.0,12.0
2025-10-14,Pitt Agri. Center,Pitt,2025,10,35.6412760008938,-77.360126,19.0,9.0
2025-10-14,Rockwell,Rowan,2025,10,35.551868,-80.395039,37.0,16.0
2025-10-14,West Johnston Co.,Johnston,2025,10,35.59095,-78.4622,22.0,
2025-10-15,Bryson City,Swain,2025,10,35.434767,-83.442133,31.0,34.0
2025-10-15,Castle Hayne,New Hanover,2025,10,34.364167,-77.838611,19.0,29.0
2025-10-15,Clemmons Middle,Forsyth,2025,10,36.026612,-80.341962,38.0,23.0
2025-10-15,Durham Armory,Durham,2025,10,36.0329550008979,-78.904037,39.0,20.0
2025-10-15,Frying Pan Mountain,Haywood,2025,10,35.379167,-82.7925,44.0,
2025-10-15,Garinger High School,Mecklenburg,2025,10,35.2401000008895,-80.785683,44.0,28.0
2025-10-15,Hattie Avenue,Forsyth,2025,10,36.11094,-80.224501,39.0,22.0
2025-10-15,Leggett,Edgecombe,2025,10,35.988278,-77.5843,34.0,21.0
2025-10-15,Linville Falls,Avery,2025,10,35.972347,-81.933072,44.0,
2025-10-15,Mendenhall School,Guilford,2025,10,36.1090060008986,-79.802314,36.0,16.0
2025-10-15,Millbrook School,Wake,2025,10,35.856111,-78.574167,37.0,26.0
2025-10-15,Old High School,Swain,2025,10,35.498711,-83.310242,33.0,13.0
2025-10-15,Pitt Agri. Center,Pitt,2025,10,35.6412760008938,-77.360126,29.0,19.0
2025-10-15,Rockwell,Rowan,2025,10,35.551868,-80.395039,39.0,14.0
2025-10-15,West Johnston Co.,Johnston,2025,10,35.59095,-78.4622,35.0,
2025-10-16,Bryson City,Swain,2025,10,35.434767,-83.442133,35.0,27.0
2025-10-16,Castle Hayne,New Hanover,2025,10,34.364167,-77.838611,34.0,29.0
2025-10-16,Clemmons Middle,Forsyth,2025,10,36.026612,-80.341962,38.0,21.5
2025-10-16,Durham Armory,Durham,2025,10,36.0329550008979,-78.904037,35.0,21.5
2025-10-16,Frying Pan Mountain,Haywood,2025,10,35.379167,-82.7925,43.0,
2025-10-16,Garinger High School,Mecklenburg,2025,10,35.2401000008895,-80.785683,39.0,26.5
2025-10-16,Hattie Avenue,Forsyth,2025,10,36.11094,-80.224501,37.0,29.5
2025-10-16,Leggett,Edgecombe,2025,10,35.988278,-77.5843,37.0,18.0
2025-10-16,Linville Falls,Avery,2025,10,35.972347,-81.933072,40.0,
2025-10-16,Mendenhall School,Guilford,2025,10,36.1090060008986,-79.802314,34.0,14.0
2025-10-16,Millbrook School,Wake,2025,10,35.856111,-78.574167,33.0,29.5
2025-10-16,Old High School,Swain,2025,10,35.498711,-83.310242,,19.0
2025-10-16,Pitt Agri. Center,Pitt,2025,10,35.6412760008938,-77.360126,35.0,21.0
2025-10-16,Rockwell,Rowan,2025,10,35.551868,-80.395039,38.0,19.0
2025-10-16,West Johnston Co.,Johnston,2025,10,35.59095,-78.4622,34.0,
2025-10-17,Bryson City,Swain,2025,10,35.434767,-83.442133,35.0,37.0
2025-10-17,Castle Hayne,New Hanover,2025,10,34.364167,-77.838611,35.0,27.0
2025-10-17,Clemmons Middle,Forsyth,2025,10,36.026612,-80.341962,42.0,33.0
2025-10-17,Durham Armory,Durham,2025,10,36.0329550008979,-78.904037,38.0,19.5
2025-10-17,Frying Pan Mountain,Haywood,2025,10,35.379167,-82.7925,43.0,
2025-10-17,Garinger High School,Mecklenburg,2025,10,35.2401000008895,-80.785683,44.0,48.0
2025-10-17,Hattie Avenue,Forsyth,2025,10,36.11094,-80.224501,43.0,23.0
2025-10-17,Leggett,Edgecombe,2025,10,35.988278,-77.5843,33.0,17.0
2025-10-17,Linville Falls,Avery,2025,10,35.972347,-81.933072,40.0,
2025-10-17,Mendenhall School,Guilford,2025,10,36.1090060008986,-79.802314,41.0,33.0
2025-10-17,Millbrook School,Wake,2025,10,35.856111,-78.574167,33.0,31.0
2025-10-17,Old High School,Swain,2025,10,35.498711,-83.310242,,17.0
2025-10-17,Pitt Agri. Center,Pitt,2025,10,35.6412760008938,-77.360126,32.0,21.0
2025-10-17,Rockwell,Rowan,2025,10,35.551868,-80.395039,43.0,40.0
2025-10-17,West Johnston Co.,Johnston,2025,10,35.59095,-78.4622,36.0,13.0
2025-10-18,Bryson City,Swain,2025,10,35.434767,-83.442133,36.0,60.0
2025-10-18,Castle Hayne,New Hanover,2025,10,34.364167,-77.838611,42.0,41.0
2025-10-18,Clemmons Middle,Forsyth,2025,10,36.026612,-80.341962,47.0,55.0
2025-10-18,Durham Armory,Durham,2025,10,36.0329550008979,-78.904037,43.0,48.5
2025-10-18,Frying Pan Mountain,Haywood,2025,10,35.379167,-82.7925,43.0,
2025-10-18,Garinger High School,Mecklenburg,2025,10,35.2401000008895,-80.785683,42.0,52.0
2025-10-18,Hattie Avenue,Forsyth,2025,10,36.11094,-80.224501,50.0,55.0
2025-10-18,Leggett,Edgecombe,2025,10,35.988278,-77.5843,44.0,38.0
2025-10-18,Linville Falls,Avery,2025,10,35.972347,-81.933072,46.0,
2025-10-18,Mendenhall School,Guilford,2025,10,36.1090060008986,-79.802314,48.0,52.0
2025-10-18,Millbrook School,Wake,2025,10,35.856111,-78.574167,41.0,51.0
2025-10-18,Old High School,Swain,2025,10,35.498711,-83.310242,,47.0
2025-10-18,Pitt Agri. Center,Pitt,2025,10,35.6412760008938,-77.360126,43.0,
2025-10-18,Rockwell,Rowan,2025,10,35.551868,-80.395039,47.0,52.0
2025-10-18,West Johnston Co.,Johnston,2025,10,35.59095,-78.4622,39.0,55.0
2025-10-19,Bryson City,Swain,2025,10,35.434767,-83.442133,33.0,29.0
2025-10-19,Castle Hayne,New Hanover,2025,10,34.364167,-77.838611,39.0,27.0
2025-10-19,Clemmons Middle,Forsyth,2025,10,36.026612,-80.341962,38.0,28.0
2025-10-19,Durham Armory,Durham,2025,10,36.0329550008979,-78.904037,42.0,33.0
2025-10-19,Frying Pan Mountain,Haywood,2025,10,35.379167,-82.7925,37.0,
2025-10-19,Garinger High School,Mecklenburg,2025,10,35.2401000008895,-80.785683,37.0,30.5
2025-10-19,Hattie Avenue,Forsyth,2025,10,36.11094,-80.224501,39.0,29.5
2025-10-19,Leggett,Edgecombe,2025,10,35.988278,-77.5843,40.0,29.0
2025-10-19,Mendenhall School,Guilford,2025,10,36.1090060008986,-79.802314,37.0,33.0
2025-10-19,Millbrook School,Wake,2025,10,35.856111,-78.574167,39.0,32.5
2025-10-19,Old High School,Swain,2025,10,35.498711,-83.310242,,21.0
2025-10-19,Pitt Agri. Center,Pitt,2025,10,35.6412760008938,-77.360126,38.0,
2025-10-19,Rockwell,Rowan,2025,10,35.551868,-80.395039,37.0,25.0
2025-10-19,West Johnston Co.,Johnston,2025,10,35.59095,-78.4622,41.0,28.0
2025-10-20,Bryson City,Swain,2025,10,35.434767,-83.442133,29.0,15.0
2025-10-20,Castle Hayne,New Hanover,2025,10,34.364167,-77.838611,31.0,23.5
2025-10-20,Clemmons Middle,Forsyth,2025,10,36.026612,-80.341962,32.0,17.0
2025-10-20,Durham Armory,Durham,2025,10,36.0329550008979,-78.904037,34.0,14.0
2025-10-20,Frying Pan Mountain,Haywood,2025,10,35.379167,-82.7925,48.0,
2025-10-20,Garinger High School,Mecklenburg,2025,10,35.2401000008895,-80.785683,33.0,25.0
2025-10-20,Hattie Avenue,Forsyth,2025,10,36.11094,-80.224501,32.0,20.0
2025-10-20,Leggett,Edgecombe,2025,10,35.988278,-77.5843,33.0,10.0
2025-10-20,Linville Falls,Avery,2025,10,35.972347,-81.933072,34.0,
2025-10-20,Mendenhall School,Guilford,2025,10,36.1090060008986,-79.802314,31.0,11.0
2025-10-20,Millbrook School,Wake,2025,10,35.856111,-78.574167,33.0,21.0
2025-10-20,Old High School,Swain,2025,10,35.498711,-83.310242,,12.0
2025-10-20,Pitt Agri. Center,Pitt,2025,10,35.6412760008938,-77.360126,32.0,
2025-10-20,Rockwell,Rowan,2025,10,35.551868,-80.395039,33.0,19.0
2025-10-20,West Johnston Co.,Johnston,2025,10,35.59095,-78.4622,34.0,15.0
2025-10-21,Bryson City,Swain,2025,10,35.434767,-83.442133,24.0,28.0
2025-10-21,Castle Hayne,New Hanover,2025,10,34.364167,-77.838611,38.0,35.5
2025-10-21,Clemmons Middle,Forsyth,2025,10,36.026612,-80.341962,44.0,35.0
2025-10-21,Durham Armory,Durham,2025,10,36.0329550008979,-78.904037,44.0,43.0
2025-10-21,Frying Pan Mountain,Haywood,2025,10,35.379167,-82.7925,45.0,
2025-10-21,Garinger High School,Mecklenburg,2025,10,35.2401000008895,-80.785683,42.0,50.0
2025-10-21,Hattie Avenue,Forsyth,2025,10,36.11094,-80.224501,44.0,41.0
2025-10-21,Leggett,Edgecombe,2025,10,35.988278,-77.5843,42.0,35.0
2025-10-21,Linville Falls,Avery,2025,10,35.972347,-81.933072,42.0,
2025-10-21,Mendenhall School,Guilford,2025,10,36.1090060008986,-79.802314,45.0,41.0
2025-10-21,Millbrook School,Wake,2025,10,35.856111,-78.574167,43.0,43.0
2025-10-21,Old High School,Swain,2025,10,35.498711,-83.310242,28.0,21.0
2025-10-21,Pitt Agri. Center,Pitt,2025,10,35.6412760008938,-77.360126,38.0,37.0
2025-10-21,Rockwell,Rowan,2025,10,35.551868,-80.395039,44.0,43.0
2025-10-21,West Johnston Co.,Johnston,2025,10,35.59095,-78.4622,44.0,41.0
2025-10-22,Bryson City,Swain,2025,10,35.434767,-83.442133,34.0,16.0
2025-10-22,Castle Hayne,New Hanover,2025,10,34.364167,-77.838611,38.0,44.5
2025-10-22,Clemmons Middle,Forsyth,2025,10,36.026612,-80.341962,37.0,19.0
2025-10-22,Durham Armory,Durham,2025,10,36.0329550008979,-78.904037,41.0,26.5
2025-10-22,Frying Pan Mountain,Haywood,2025,10,35.379167,-82.7925,39.0,
2025-10-22,Garinger High School,Mecklenburg,2025,10,35.2401000008895,-80.785683,38.0,29.0
2025-10-22,Hattie Avenue,Forsyth,2025,10,36.11094,-80.224501,36.0,20.5
2025-10-22,Leggett,Edgecombe,2025,10,35.988278,-77.5843,40.0,34.0
2025-10-22,Linville Falls,Avery,2025,10,35.972347,-81.933072,38.0,
2025-10-22,Mendenhall School,Guilford,2025,10,36.1090060008986,-79.802314,36.0,22.0
2025-10-22,Millbrook School,Wake,2025,10,35.856111,-78.574167,38.0,34.0
2025-10-22,Old High School,Swain,2025,10,35.498711,-83.310242,32.0,14.5
2025-10-22,Pitt Agri. Center,Pitt,2025,10,35.6412760008938,-77.360126,40.0,34.0
2025-10-22,Rockwell,Rowan,2025,10,35.551868,-80.395039,38.0,19.0
2025-10-22,West Johnston Co.,Johnston,2025,10,35.59095,-78.4622,42.0,53.0
2025-10-23,Bryson City,Swain,2025,10,35.434767,-83.442133,39.0,32.0
2025-10-23,Castle Hayne,New Hanover,2025,10,34.364167,-77.838611,34.0,36.5
2025-10-23,Clemmons Middle,Forsyth,2025,10,36.026612,-80.341962,38.0,23.0
2025-10-23,Durham Armory,Durham,2025,10,36.0329550008979,-78.904037,38.0,20.0
2025-10-23,Frying Pan Mountain,Haywood,2025,10,35.379167,-82.7925,41.0,
2025-10-23,Garinger High School,Mecklenburg,2025,10,35.2401000008895,-80.785683,38.0,28.0
2025-10-23,Hattie Avenue,Forsyth,2025,10,36.11094,-80.224501,37.0,26.0
2025-10-23,Leggett,Edgecombe,2025,10,35.988278,-77.5843,37.0,34.0
2025-10-23,Linville Falls,Avery,2025,10,35.972347,-81.933072,40.0,
2025-10-23,Mendenhall School,Guilford,2025,10,36.1090060008986,-79.802314,36.0,16.0
2025-10-23,Millbrook School,Wake,2025,10,35.856111,-78.574167,37.0,22.0
2025-10-23,Old High School,Swain,2025,10,35.498711,-83.310242,37.0,15.0
2025-10-23,Pitt Agri. Center,Pitt,2025,10,35.6412760008938,-77.360126,37.0,28.0
2025-10-23,Rockwell,Rowan,2025,10,35.551868,-80.395039,38.0,18.0
2025-10-23,West Johnston Co.,Johnston,2025,10,35.59095,-78.4622,38.0,29.0
2025-10-24,Bryson City,Swain,2025,10,35.434767,-83.442133,31.0,23.0
2025-10-24,Castle Hayne,New Hanover,2025,10,34.364167,-77.838611,33.0,32.5
2025-10-24,Clemmons Middle,Forsyth,2025,10,36.026612,-80.341962,36.0,23.0
2025-10-24,Durham Armory,Durham,2025,10,36.0329550008979,-78.904037,37.0,22.5
2025-10-24,Frying Pan Mountain,Haywood,2025,10,35.379167,-82.7925,37.0,
2025-10-24,Garinger High School,Mecklenburg,2025,10,35.2401000008895,-80.785683,38.0,
2025-10-24,Hattie Avenue,Forsyth,2025,10,36.11094,-80.224501,37.0,23.0
2025-10-24,Leggett,Edgecombe,2025,10,35.988278,-77.5843,36.0,25.0
2025-10-24,Linville Falls,Avery,2025,10,35.972347,-81.933072,38.0,
2025-10-24,Mendenhall School,Guilford,2025,10,36.1090060008986,-79.802314,35.0,24.0
2025-10-24,Millbrook School,Wake,2025,10,35.856111,-78.574167,36.0,27.0
2025-10-24,Old High School,Swain,2025,10,35.498711,-83.310242,30.0,13.0
2025-10-24,Pitt Agri. Center,Pitt,2025,10,35.6412760008938,-77.360126,35.0,22.0
2025-10-24,Rockwell,Rowan,2025,10,35.551868,-80.395039,36.0,22.0
2025-10-24,West Johnston Co.,Johnston,2025,10,35.59095,-78.4622,37.0,23.0
2025-10-25,Bryson City,Swain,2025,10,35.434767,-83.442133,34.0,42.0
2025-10-25,Castle Hayne,New Hanover,2025,10,34.364167,-77.838611,31.0,31.0
2025-10-25,Clemmons Middle,Forsyth,2025,10,36.026612,-80.341962,34.0,22.0
2025-10-25,Durham Armory,Durham,2025,10,36.0329550008979,-78.904037,34.0,24.5
2025-10-25,Frying Pan Mountain,Haywood,2025,10,35.379167,-82.7925,39.0,
2025-10-25,Garinger High School,Mecklenburg,2025,10,35.2401000008895,-80.785683,30.0,49.0
2025-10-25,Hattie Avenue,Forsyth,2025,10,36.11094,-80.224501,36.0,36.0
2025-10-25,Leggett,Edgecombe,2025,10,35.988278,-77.5843,31.0,23.0
2025-10-25,Linville Falls,Avery,2025,10,35.972347,-81.933072,34.0,
2025-10-25,Mendenhall School,Guilford,2025,10,36.1090060008986,-79.802314,33.0,31.0
2025-10-25,Millbrook School,Wake,2025,10,35.856111,-78.574167,34.0,25.5
2025-10-25,Old High School,Swain,2025,10,35.498711,-83.310242,35.0,16.0
2025-10-25,Pitt Agri. Center,Pitt,2025,10,35.6412760008938,-77.360126,31.0,22.0
2025-10-25,Rockwell,Rowan,2025,10,35.551868,-80.395039,31.0,21.0
2025-10-25,West Johnston Co.,Johnston,2025,10,35.59095,-78.4622,31.0,22.0
2025-10-26,Bryson City,Swain,2025,10,35.434767,-83.442133,25.0,39.0
2025-10-26,Castle Hayne,New Hanover,2025,10,34.364167,-77.838611,25.0,28.0
2025-10-26,Clemmons Middle,Forsyth,2025,10,36.026612,-80.341962,33.0,34.0
2025-10-26,Durham Armory,Durham,2025,10,36.0329550008979,-78.904037,32.0,28.5
2025-10-26,Frying Pan Mountain,Haywood,2025,10,35.379167,-82.7925,36.0,
2025-10-26,Garinger High School,Mecklenburg,2025,10,35.2401000008895,-80.785683,33.0,
2025-10-26,Hattie Avenue,Forsyth,2025,10,36.11094,-80.224501,32.0,35.0
2025-10-26,Leggett,Edgecombe,2025,10,35.988278,-77.5843,29.0,19.0
2025-10-26,Linville Falls,Avery,2025,10,35.972347,-81.933072,35.0,
2025-10-26,Mendenhall School,Guilford,2025,10,36.1090060008986,-79.802314,30.0,31.0
2025-10-26,Millbrook School,Wake,2025,10,35.856111,-78.574167,31.0,24.0
2025-10-26,Old High School,Swain,2025,10,35.498711,-83.310242,28.0,23.0
2025-10-26,Pitt Agri. Center,Pitt,2025,10,35.6412760008938,-77.360126,29.0,17.0
2025-10-26,Rockwell,Rowan,2025,10,35.551868,-80.395039,34.0,37.0
2025-10-26,West Johnston Co.,Johnston,2025,10,35.59095,-78.4622,31.0,19.0
2025-10-27,Bryson City,Swain,2025,10,35.434767,-83.442133,25.0,12.0
2025-10-27,Castle Hayne,New Hanover,2025,10,34.364167,-77.838611,31.0,18.5
2025-10-27,Clemmons Middle,Forsyth,2025,10,36.026612,-80.341962,30.0,30.0
2025-10-27,Durham Armory,Durham,2025,10,36.0329550008979,-78.904037,31.0,24.0
2025-10-27,Frying Pan Mountain,Haywood,2025,10,35.379167,-82.7925,36.0,
2025-10-27,Garinger High School,Mecklenburg,2025,10,35.2401000008895,-80.785683,28.0,
2025-10-27,Hattie Avenue,Forsyth,2025,10,36.11094,-80.224501,31.0,30.0
2025-10-27,Leggett,Edgecombe,2025,10,35.988278,-77.5843,31.0,17.0
2025-10-27,Linville Falls,Avery,2025,10,35.972347,-81.933072,32.0,
2025-10-27,Mendenhall School,Guilford,2025,10,36.1090060008986,-79.802314,26.0,28.0
2025-10-27,Millbrook School,Wake,2025,10,35.856111,-78.574167,31.0,23.0
2025-10-27,Old High School,Swain,2025,10,35.498711,-83.310242,23.0,13.0
2025-10-27,Pitt Agri. Center,Pitt,2025,10,35.6412760008938,-77.360126,30.0,14.0
2025-10-27,Rockwell,Rowan,2025,10,35.551868,-80.395039,29.0,26.0
2025-10-27,West Johnston Co.,Johnston,2025,10,35.59095,-78.4622,35.0,18.0
2025-10-28,Bryson City,Swain,2025,10,35.434767,-83.442133,24.0,12.0
2025-10-28,Castle Hayne,New Hanover,2025,10,34.364167,-77.838611,24.0,11.0
2025-10-28,Clemmons Middle,Forsyth,2025,10,36.026612,-80.341962,28.0,18.0
2025-10-28,Durham Armory,Durham,2025,10,36.0329550008979,-78.904037,26.0,15.0
2025-10-28,Frying Pan Mountain,Haywood,2025,10,35.379167,-82.7925,38.0,
2025-10-28,Garinger High School,Mecklenburg,2025,10,35.2401000008895,-80.785683,27.0,17.0
2025-10-28,Hattie Avenue,Forsyth,2025,10,36.11094,-80.224501,27.0,19.0
2025-10-28,Leggett,Edgecombe,2025,10,35.988278,-77.5843,25.0,16.0
2025-10-28,Linville Falls,Avery,2025,10,35.972347,-81.933072,34.0,
2025-10-28,Mendenhall School,Guilford,2025,10,36.1090060008986,-79.802314,22.0,14.0
2025-10-28,Millbrook School,Wake,2025,10,35.856111,-78.574167,23.0,16.5
2025-10-28,Old High School,Swain,2025,10,35.498711,-83.310242,26.0,13.0
2025-10-28,Pitt Agri. Center,Pitt,2025,10,35.6412760008938,-77.360126,23.0,9.0
2025-10-28,Rockwell,Rowan,2025,10,35.551868,-80.395039,27.0,11.0
2025-10-28,West Johnston Co.,Johnston,2025,10,35.59095,-78.4622,29.0,11.0
2025-10-29,Bryson City,Swain,2025,10,35.434767,-83.442133,18.0,9.0
2025-10-29,Castle Hayne,New Hanover,2025,10,34.364167,-77.838611,18.0,13.5
2025-10-29,Clemmons Middle,Forsyth,2025,10,36.026612,-80.341962,13.0,19.0
2025-10-29,Durham Armory,Durham,2025,10,36.0329550008979,-78.904037,14.0,16.5
2025-10-29,Frying Pan Mountain,Haywood,2025,10,35.379167,-82.7925,24.0,
2025-10-29,Garinger High School,Mecklenburg,2025,10,35.2401000008895,-80.785683,12.0,17.0
2025-10-29,Hattie Avenue,Forsyth,2025,10,36.11094,-80.224501,15.0,18.0
2025-10-29,Leggett,Edgecombe,2025,10,35.988278,-77.5843,19.0,12.0
2025-10-29,Linville Falls,Avery,2025,10,35.972347,-81.933072,18.0,
2025-10-29,Mendenhall School,Guilford,2025,10,36.1090060008986,-79.802314,11.0,12.0
2025-10-29,Millbrook School,Wake,2025,10,35.856111,-78.574167,14.0,20.0
2025-10-29,Old High School,Swain,2025,10,35.498711,-83.310242,28.0,9.0
2025-10-29,Pitt Agri. Center,Pitt,2025,10,35.6412760008938,-77.360126,19.0,11.0
2025-10-29,Rockwell,Rowan,2025,10,35.551868,-80.395039,13.0,17.0
2025-10-29,West Johnston Co.,Johnston,2025,10,35.59095,-78.4622,16.0,15.0
2025-10-30,Bryson City,Swain,2025,10,35.434767,-83.442133,19.0,9.0
2025-10-30,Castle Hayne,New Hanover,2025,10,34.364167,-77.838611,27.0,22.5
2025-10-30,Clemmons Middle,Forsyth,2025,10,36.026612,-80.341962,26.0,10.0
2025-10-30,Durham Armory,Durham,2025,10,36.0329550008979,-78.904037,27.0,13.5
2025-10-30,Frying Pan Mountain,Haywood,2025,10,35.379167,-82.7925,30.0,
2025-10-30,Garinger High School,Mecklenburg,2025,10,35.2401000008895,-80.785683,22.0,7.0
2025-10-30,Hattie Avenue,Forsyth,2025,10,36.11094,-80.224501,25.0,10.0
2025-10-30,Leggett,Edgecombe,2025,10,35.988278,-77.5843,29.0,18.0
2025-10-30,Linville Falls,Avery,2025,10,35.972347,-81.933072,29.0,
2025-10-30,Mendenhall School,Guilford,2025,10,36.1090060008986,-79.802314,25.0,6.0
2025-10-30,Millbrook School,Wake,2025,10,35.856111,-78.574167,21.0,22.0
2025-10-30,Old High School,Swain,2025,10,35.498711,-83.310242,16.0,9.0
2025-10-30,Pitt Agri. Center,Pitt,2025,10,35.6412760008938,-77.360126,28.0,12.0
2025-10-30,Rockwell,Rowan,2025,10,35.551868,-80.395039,26.0,5.0
2025-10-30,West Johnston Co.,Johnston,2025,10,35.59095,-78.4622,24.0,19.0
2025-10-31,Bryson City,Swain,2025,10,35.434767,-83.442133,32.0,28.0
2025-10-31,Castle Hayne,New Hanover,2025,10,34.364167,-77.838611,31.0,27.5
2025-10-31,Clemmons Middle,Forsyth,2025,10,36.026612,-80.341962,33.0,19.0
2025-10-31,Durham Armory,Durham,2025,10,36.0329550008979,-78.904037,36.0,19.0
2025-10-31,Frying Pan Mountain,Haywood,2025,10,35.379167,-82.7925,34.0,
2025-10-31,Garinger High School,Mecklenburg,2025,10,35.2401000008895,-80.785683,31.0,27.0
2025-10-31,Hattie Avenue,Forsyth,2025,10,36.11094,-80.224501,32.0,22.0
2025-10-31,Leggett,Edgecombe,2025,10,35.988278,-77.5843,34.0,18.0
2025-10-31,Linville Falls,Avery,2025,10,35.972347,-81.933072,33.0,
2025-10-31,Mendenhall School,Guilford,2025,10,36.1090060008986,-79.802314,31.0,20.0
2025-10-31,Millbrook School,Wake,2025,10,35.856111,-78.574167,34.0,20.0
2025-10-31,Old High School,Swain,2025,10,35.498711,-83.310242,31.0,18.0
2025-10-31,Pitt Agri. Center,Pitt,2025,10,35.6412760008938,-77.360126,35.0,19.0
2025-10-31,Rockwell,Rowan,2025,10,35.551868,-80.395039,34.0,19.0
2025-10-31,West Johnston Co.,Johnston,2025,10,35.59095,-78.4622,34.0,19.0
2025-11-01,Bryson City,Swain,2025,11,35.434767,-83.442133,25.0,33.0
2025-11-01,Castle Hayne,New Hanover,2025,11,34.364167,-77.838611,32.0,39.0
2025-11-01,Clemmons Middle,Forsyth,2025,11,36.026612,-80.341962,35.0,32.0
2025-11-01,Durham Armory,Durham,2025,11,36.0329550008979,-78.904037,35.0,42.0
2025-11-01,Frying Pan Mountain,Haywood,2025,11,35.379167,-82.7925,36.0,
2025-11-01,Garinger High School,Mecklenburg,2025,11,35.2401000008895,-80.785683,36.0,66.0
2025-11-01,Hattie Avenue,Forsyth,2025,11,36.11094,-80.224501,35.0,46.0
2025-11-01,Leggett,Edgecombe,2025,11,35.988278,-77.5843,33.0,38.0
2025-11-01,Linville Falls,Avery,2025,11,35.972347,-81.933072,34.0,
2025-11-01,Mendenhall School,Guilford,2025,11,36.1090060008986,-79.802314,32.0,62.0
2025-11-01,Millbrook School,Wake,2025,11,35.856111,-78.574167,33.0,46.0
2025-11-01,Old High School,Swain,2025,11,35.498711,-83.310242,,17.0
2025-11-01,Pitt Agri. Center,Pitt,2025,11,35.6412760008938,-77.360126,33.0,37.0
2025-11-01,Rockwell,Rowan,2025,11,35.551868,-80.395039,34.0,51.0
2025-11-01,West Johnston Co.,Johnston,2025,11,35.59095,-78.4622,34.0,47.0
2025-11-02,Bryson City,Swain,2025,11,35.434767,-83.442133,31.0,31.0
2025-11-02,Castle Hayne,New Hanover,2025,11,34.364167,-77.838611,35.0,35.0
2025-11-02,Clemmons Middle,Forsyth,2025,11,36.026612,-80.341962,37.0,50.0
2025-11-02,Durham Armory,Durham,2025,11,36.0329550008979,-78.904037,37.0,51.0
2025-11-02,Frying Pan Mountain,Haywood,2025,11,35.379167,-82.7925,38.0,
2025-11-02,Garinger High School,Mecklenburg,2025,11,35.2401000008895,-80.785683,33.0,66.0
2025-11-02,Hattie Avenue,Forsyth,2025,11,36.11094,-80.224501,39.0,56.0
2025-11-02,Leggett,Edgecombe,2025,11,35.988278,-77.5843,37.0,33.0
2025-11-02,Linville Falls,Avery,2025,11,35.972347,-81.933072,37.0,
2025-11-02,Mendenhall School,Guilford,2025,11,36.1090060008986,-79.802314,34.0,55.0
2025-11-02,Millbrook School,Wake,2025,11,35.856111,-78.574167,34.0,57.0
2025-11-02,Old High School,Swain,2025,11,35.498711,-83.310242,32.0,19.0
2025-11-02,Pitt Agri. Center,Pitt,2025,11,35.6412760008938,-77.360126,35.0,43.0
2025-11-02,Rockwell,Rowan,2025,11,35.551868,-80.395039,33.0,55.0
2025-11-02,West Johnston Co.,Johnston,2025,11,35.59095,-78.4622,33.0,63.0
2025-11-03,Bryson City,Swain,2025,11,35.434767,-83.442133,,15.0
2025-11-03,Castle Hayne,New Hanover,2025,11,34.364167,-77.838611,,29.0
2025-11-03,Clemmons Middle,Forsyth,2025,11,36.026612,-80.341962,,39.0
2025-11-03,Durham Armory,Durham,2025,11,36.0329550008979,-78.904037,,32.0
2025-11-03,Garinger High School,Mecklenburg,2025,11,35.2401000008895,-80.785683,33.0,45.0
2025-11-03,Hattie Avenue,Forsyth,2025,11,36.11094,-80.224501,35.0,39.0
2025-11-03,Leggett,Edgecombe,2025,11,35.988278,-77.5843,,21.0
2025-11-03,Mendenhall School,Guilford,2025,11,36.1090060008986,-79.802314,,28.0
2025-11-03,Millbrook School,Wake,2025,11,35.856111,-78.574167,33.0,32.5
2025-11-03,Old High School,Swain,2025,11,35.498711,-83.310242,,25.5
2025-11-03,Pitt Agri. Center,Pitt,2025,11,35.6412760008938,-77.360126,,21.0
2025-11-03,Rockwell,Rowan,2025,11,35.551868,-80.395039,36.0,32.0
2025-11-03,West Johnston Co.,Johnston,2025,11,35.59095,-78.4622,,29.0
2025-11-04,Bryson City,Swain,2025,11,35.434767,-83.442133,,31.0
2025-11-04,Castle Hayne,New Hanover,2025,11,34.364167,-77.838611,,41.0
2025-11-04,Clemmons Middle,Forsyth,2025,11,36.026612,-80.341962,,36.0
2025-11-04,Durham Armory,Durham,2025,11,36.0329550008979,-78.904037,,25.0
2025-11-04,Garinger High School,Mecklenburg,2025,11,35.2401000008895,-80.785683,36.0,39.0
2025-11-04,Hattie Avenue,Forsyth,2025,11,36.11094,-80.224501,,27.0
2025-11-04,Leggett,Edgecombe,2025,11,35.988278,-77.5843,,23.0
2025-11-04,Mendenhall School,Guilford,2025,11,36.1090060008986,-79.802314,,28.0
2025-11-04,Millbrook School,Wake,2025,11,35.856111,-78.574167,33.0,33.0
2025-11-04,Old High School,Swain,2025,11,35.498711,-83.310242,,17.0
2025-11-04,Pitt Agri. Center,Pitt,2025,11,35.6412760008938,-77.360126,,26.0
2025-11-04,Rockwell,Rowan,2025,11,35.551868,-80.395039,36.0,27.0
2025-11-04,West Johnston Co.,Johnston,2025,11,35.59095,-78.4622,,32.0
2025-11-05,Bryson City,Swain,2025,11,35.434767,-83.442133,,31.0
2025-11-05,Castle Hayne,New Hanover,2025,11,34.364167,-77.838611,,39.5
2025-11-05,Clemmons Middle,Forsyth,2025,11,36.026612,-80.341962,,53.0
2025-11-05,Durham Armory,Durham,2025,11,36.0329550008979,-78.904037,,51.0
2025-11-05,Garinger High School,Mecklenburg,2025,11,35.2401000008895,-80.785683,40.0,54.0
2025-11-05,Hattie Avenue,Forsyth,2025,11,36.11094,-80.224501,,54.0
2025-11-05,Leggett,Edgecombe,2025,11,35.988278,-77.5843,,42.0
2025-11-05,Mendenhall School,Guilford,2025,11,36.1090060008986,-79.802314,,53.0
2025-11-05,Millbrook School,Wake,2025,11,35.856111,-78.574167,36.0,53.0
2025-11-05,Old High School,Swain,2025,11,35.498711,-83.310242,,23.0
2025-11-05,Pitt Agri. Center,Pitt,2025,11,35.6412760008938,-77.360126,,43.0
2025-11-05,Rockwell,Rowan,2025,11,35.551868,-80.395039,42.0,52.0
2025-11-05,West Johnston Co.,Johnston,2025,11,35.59095,-78.4622,,46.0
2025-11-06,Bryson City,Swain,2025,11,35.434767,-83.442133,,41.0
2025-11-06,Castle Hayne,New Hanover,2025,11,34.364167,-77.838611,,53.5
2025-11-06,Clemmons Middle,Forsyth,2025,11,36.026612,-80.341962,,39.0
2025-11-06,Durham Armory,Durham,2025,11,36.0329550008979,-78.904037,,52.0
2025-11-06,Garinger High School,Mecklenburg,2025,11,35.2401000008895,-80.785683,43.0,51.0
2025-11-06,Hattie Avenue,Forsyth,2025,11,36.11094,-80.224501,,39.0
2025-11-06,Leggett,Edgecombe,2025,11,35.988278,-77.5843,,40.0
2025-11-06,Mendenhall School,Guilford,2025,11,36.1090060008986,-79.802314,,41.0
2025-11-06,Millbrook School,Wake,2025,11,35.856111,-78.574167,39.0,54.0
2025-11-06,Old High School,Swain,2025,11,35.498711,-83.310242,,29.0
2025-11-06,Pitt Agri. Center,Pitt,2025,11,35.6412760008938,-77.360126,,34.0
2025-11-06,Rockwell,Rowan,2025,11,35.551868,-80.395039,42.0,38.0
2025-11-06,West Johnston Co.,Johnston,2025,11,35.59095,-78.4622,,47.0
2025-11-07,Bryson City,Swain,2025,11,35.434767,-83.442133,,55.0
2025-11-07,Castle Hayne,New Hanover,2025,11,34.364167,-77.838611,,33.0
2025-11-07,Clemmons Middle,Forsyth,2025,11,36.026612,-80.341962,,55.0
2025-11-07,Durham Armory,Durham,2025,11,36.0329550008979,-78.904037,,50.0
2025-11-07,Garinger High School,Mecklenburg,2025,11,35.2401000008895,-80.785683,37.0,56.0
2025-11-07,Hattie Avenue,Forsyth,2025,11,36.11094,-80.224501,,58.0
2025-11-07,Leggett,Edgecombe,2025,11,35.988278,-77.5843,,31.0
2025-11-07,Mendenhall School,Guilford,2025,11,36.1090060008986,-79.802314,,54.0
2025-11-07,Millbrook School,Wake,2025,11,35.856111,-78.574167,34.0,44.0
2025-11-07,Old High School,Swain,2025,11,35.498711,-83.310242,,47.0
2025-11-07,Pitt Agri. Center,Pitt,2025,11,35.6412760008938,-77.360126,,34.0
2025-11-07,Rockwell,Rowan,2025,11,35.551868,-80.395039,40.0,54.0
2025-11-07,West Johnston Co.,Johnston,2025,11,35.59095,-78.4622,,54.0
2025-11-08,Bryson City,Swain,2025,11,35.434767,-83.442133,,38.0
2025-11-08,Castle Hayne,New Hanover,2025,11,34.364167,-77.838611,,53.5
2025-11-08,Clemmons Middle,Forsyth,2025,11,36.026612,-80.341962,,62.0
2025-11-08,Durham Armory,Durham,2025,11,36.0329550008979,-78.904037,,61.0
2025-11-08,Garinger High School,Mecklenburg,2025,11,35.2401000008895,-80.785683,36.0,45.0
2025-11-08,Hattie Avenue,Forsyth,2025,11,36.11094,-80.224501,,63.0
2025-11-08,Leggett,Edgecombe,2025,11,35.988278,-77.5843,,56.0
2025-11-08,Mendenhall School,Guilford,2025,11,36.1090060008986,-79.802314,,56.0
2025-11-08,Millbrook School,Wake,2025,11,35.856111,-78.574167,37.0,65.0
2025-11-08,Old High School,Swain,2025,11,35.498711,-83.310242,,28.0
2025-11-08,Pitt Agri. Center,Pitt,2025,11,35.6412760008938,-77.360126,,54.0
2025-11-08,Rockwell,Rowan,2025,11,35.551868,-80.395039,35.0,58.0
2025-11-08,West Johnston Co.,Johnston,2025,11,35.59095,-78.4622,,56.0
2025-11-09,Bryson City,Swain,2025,11,35.434767,-83.442133,,32.0
2025-11-09,Castle Hayne,New Hanover,2025,11,34.364167,-77.838611,,45.0
2025-11-09,Clemmons Middle,Forsyth,2025,11,36.026612,-80.341962,,55.5
2025-11-09,Durham Armory,Durham,2025,11,36.0329550008979,-78.904037,,58.0
2025-11-09,Garinger High School,Mecklenburg,2025,11,35.2401000008895,-80.785683,37.0,50.0
2025-11-09,Hattie Avenue,Forsyth,2025,11,36.11094,-80.224501,,55.5
2025-11-09,Leggett,Edgecombe,2025,11,35.988278,-77.5843,,58.0
2025-11-09,Mendenhall School,Guilford,2025,11,36.1090060008986,-79.802314,,57.0
2025-11-09,Millbrook School,Wake,2025,11,35.856111,-78.574167,29.0,58.0
2025-11-09,Old High School,Swain,2025,11,35.498711,-83.310242,,28.0
2025-11-09,Pitt Agri. Center,Pitt,2025,11,35.6412760008938,-77.360126,,53.0
2025-11-09,Rockwell,Rowan,2025,11,35.551868,-80.395039,38.0,50.0
2025-11-09,West Johnston Co.,Johnston,2025,11,35.59095,-78.4622,,56.0
2025-11-10,Bryson City,Swain,2025,11,35.434767,-83.442133,,9.0
2025-11-10,Castle Hayne,New Hanover,2025,11,34.364167,-77.838611,,30.0
2025-11-10,Clemmons Middle,Forsyth,2025,11,36.026612,-80.341962,,10.0
2025-11-10,Durham Armory,Durham,2025,11,36.0329550008979,-78.904037,,5.0
2025-11-10,Garinger High School,Mecklenburg,2025,11,35.2401000008895,-80.785683,26.0,4.0
2025-11-10,Hattie Avenue,Forsyth,2025,11,36.11094,-80.224501,,11.0
2025-11-10,Leggett,Edgecombe,2025,11,35.988278,-77.5843,,8.0
2025-11-10,Mendenhall School,Guilford,2025,11,36.1090060008986,-79.802314,,7.0
2025-11-10,Millbrook School,Wake,2025,11,35.856111,-78.574167,26.0,9.0
2025-11-10,Old High School,Swain,2025,11,35.498711,-83.310242,,9.0
2025-11-10,Pitt Agri. Center,Pitt,2025,11,35.6412760008938,-77.360126,,8.0
2025-11-10,Rockwell,Rowan,2025,11,35.551868,-80.395039,27.0,0.0
2025-11-10,West Johnston Co.,Johnston,2025,11,35.59095,-78.4622,,1.0
2025-11-11,Bryson City,Swain,2025,11,35.434767,-83.442133,,25.0
2025-11-11,Castle Hayne,New Hanover,2025,11,34.364167,-77.838611,,26.5
2025-11-11,Clemmons Middle,Forsyth,2025,11,36.026612,-80.341962,,16.0
2025-11-11,Durham Armory,Durham,2025,11,36.0329550008979,-78.904037,,13.0
2025-11-11,Garinger High School,Mecklenburg,2025,11,35.2401000008895,-80.785683,30.0,16.0
2025-11-11,Hattie Avenue,Forsyth,2025,11,36.11094,-80.224501,,15.0
2025-11-11,Leggett,Edgecombe,2025,11,35.988278,-77.5843,,14.0
2025-11-11,Mendenhall School,Guilford,2025,11,36.1090060008986,-79.802314,,9.0
2025-11-11,Millbrook School,Wake,2025,11,35.856111,-78.574167,29.0,14.0
2025-11-11,Old High School,Swain,2025,11,35.498711,-83.310242,,10.0
2025-11-11,Pitt Agri. Center,Pitt,2025,11,35.6412760008938,-77.360126,,16.0
2025-11-11,Rockwell,Rowan,2025,11,35.551868,-80.395039,31.0,9.0
2025-11-11,West Johnston Co.,Johnston,2025,11,35.59095,-78.4622,,11.0
2025-11-12,Bryson City,Swain,2025,11,35.434767,-83.442133,,36.0
2025-11-12,Castle Hayne,New Hanover,2025,11,34.364167,-77.838611,,45.5
2025-11-12,Clemmons Middle,Forsyth,2025,11,36.026612,-80.341962,,28.0
2025-11-12,Durham Armory,Durham,2025,11,36.0329550008979,-78.904037,,42.5
2025-11-12,Garinger High School,Mecklenburg,2025,11,35.2401000008895,-80.785683,36.0,47.5
2025-11-12,Hattie Avenue,Forsyth,2025,11,36.11094,-80.224501,,28.5
2025-11-12,Leggett,Edgecombe,2025,11,35.988278,-77.5843,,51.0
2025-11-12,Mendenhall School,Guilford,2025,11,36.1090060008986,-79.802314,,41.0
2025-11-12,Millbrook School,Wake,2025,11,35.856111,-78.574167,33.0,36.5
2025-11-12,Old High School,Swain,2025,11,35.498711,-83.310242,,17.0
2025-11-12,Pitt Agri. Center,Pitt,2025,11,35.6412760008938,-77.360126,,42.0
2025-11-12,Rockwell,Rowan,2025,11,35.551868,-80.395039,37.0,47.0
2025-11-12,West Johnston Co.,Johnston,2025,11,35.59095,-78.4622,,49.0
2025-11-13,Bryson City,Swain,2025,11,35.434767,-83.442133,,34.0
2025-11-13,Castle Hayne,New Hanover,2025,11,34.364167,-77.838611,,52.0
2025-11-13,Clemmons Middle,Forsyth,2025,11,36.026612,-80.341962,,31.0
2025-11-13,Durham Armory,Durham,2025,11,36.0329550008979,-78.904037,,41.5
2025-11-13,Garinger High School,Mecklenburg,2025,11,35.2401000008895,-80.785683,37.0,55.0
2025-11-13,Hattie Avenue,Forsyth,2025,11,36.11094,-80.224501,,24.0
2025-11-13,Leggett,Edgecombe,2025,11,35.988278,-77.5843,,46.0
2025-11-13,Mendenhall School,Guilford,2025,11,36.1090060008986,-79.802314,,44.0
2025-11-13,Millbrook School,Wake,2025,11,35.856111,-78.574167,36.0,37.0
2025-11-13,Old High School,Swain,2025,11,35.498711,-83.310242,,22.0
2025-11-13,Pitt Agri. Center,Pitt,2025,11,35.6412760008938,-77.360126,,35.0
2025-11-13,Rockwell,Rowan,2025,11,35.551868,-80.395039,39.0,52.0
2025-11-13,West Johnston Co.,Johnston,2025,11,35.59095,-78.4622,,52.0
2025-11-14,Bryson City,Swain,2025,11,35.434767,-83.442133,,54.0
2025-11-14,Castle Hayne,New Hanover,2025,11,34.364167,-77.838611,,42.5
2025-11-14,Clemmons Middle,Forsyth,2025,11,36.026612,-80.341962,,29.0
2025-11-14,Durham Armory,Durham,2025,11,36.0329550008979,-78.904037,,27.5
2025-11-14,Garinger High School,Mecklenburg,2025,11,35.2401000008895,-80.785683,39.0,48.0
2025-11-14,Hattie Avenue,Forsyth,2025,11,36.11094,-80.224501,,25.0
2025-11-14,Leggett,Edgecombe,2025,11,35.988278,-77.5843,,36.0
2025-11-14,Mendenhall School,Guilford,2025,11,36.1090060008986,-79.802314,,26.0
2025-11-14,Millbrook School,Wake,2025,11,35.856111,-78.574167,34.0,29.0
2025-11-14,Old High School,Swain,2025,11,35.498711,-83.310242,,21.0
2025-11-14,Pitt Agri. Center,Pitt,2025,11,35.6412760008938,-77.360126,,40.0
2025-11-14,Rockwell,Rowan,2025,11,35.551868,-80.395039,40.0,47.0
2025-11-14,West Johnston Co.,Johnston,2025,11,35.59095,-78.4622,,49.0
2025-11-15,Bryson City,Swain,2025,11,35.434767,-83.442133,,57.0
2025-11-15,Castle Hayne,New Hanover,2025,11,34.364167,-77.838611,,55.0
2025-11-15,Clemmons Middle,Forsyth,2025,11,36.026612,-80.341962,,54.5
2025-11-15,Durham Armory,Durham,2025,11,36.0329550008979,-78.904037,,51.0
2025-11-15,Garinger High School,Mecklenburg,2025,11,35.2401000008895,-80.785683,42.0,54.5
2025-11-15,Hattie Avenue,Forsyth,2025,11,36.11094,-80.224501,,54.5
2025-11-15,Leggett,Edgecombe,2025,11,35.988278,-77.5843,,52.0
2025-11-15,Mendenhall School,Guilford,2025,11,36.1090060008986,-79.802314,,54.0
2025-11-15,Millbrook School,Wake,2025,11,35.856111,-78.574167,40.0,53.0
2025-11-15,Old High School,Swain,2025,11,35.498711,-83.310242,,32.5
2025-11-15,Pitt Agri. Center,Pitt,2025,11,35.6412760008938,-77.360126,,53.0
2025-11-15,Rockwell,Rowan,2025,11,35.551868,-80.395039,42.0,53.0
2025-11-15,West Johnston Co.,Johnston,2025,11,35.59095,-78.4622,,54.0
2025-11-16,Bryson City,Swain,2025,11,35.434767,-83.442133,,29.0
2025-11-16,Castle Hayne,New Hanover,2025,11,34.364167,-77.838611,,58.5
2025-11-16,Clemmons Middle,Forsyth,2025,11,36.026612,-80.341962,,36.0
2025-11-16,Durham Armory,Durham,2025,11,36.0329550008979,-78.904037,,40.5
2025-11-16,Garinger High School,Mecklenburg,2025,11,35.2401000008895,-80.785683,36.0,43.0
2025-11-16,Hattie Avenue,Forsyth,2025,11,36.11094,-80.224501,,37.0
2025-11-16,Leggett,Edgecombe,2025,11,35.988278,-77.5843,,39.0
2025-11-16,Mendenhall School,Guilford,2025,11,36.1090060008986,-79.802314,,30.0
2025-11-16,Millbrook School,Wake,2025,11,35.856111,-78.574167,38.0,50.0
2025-11-16,Old High School,Swain,2025,11,35.498711,-83.310242,,25.0
2025-11-16,Pitt Agri. Center,Pitt,2025,11,35.6412760008938,-77.360126,,44.0
2025-11-16,Rockwell,Rowan,2025,11,35.551868,-80.395039,37.0,38.0
2025-11-16,West Johnston Co.,Johnston,2025,11,35.59095,-78.4622,,46.0
2025-11-17,Bryson City,Swain,2025,11,35.434767,-83.442133,,13.0
2025-11-17,Castle Hayne,New Hanover,2025,11,34.364167,-77.838611,,28.0
2025-11-17,Clemmons Middle,Forsyth,2025,11,36.026612,-80.341962,,17.0
2025-11-17,Durham Armory,Durham,2025,11,36.0329550008979,-78.904037,,19.0
2025-11-17,Garinger High School,Mecklenburg,2025,11,35.2401000008895,-80.785683,35.0,29.0
2025-11-17,Hattie Avenue,Forsyth,2025,11,36.11094,-80.224501,,16.0
2025-11-17,Leggett,Edgecombe,2025,11,35.988278,-77.5843,,16.0
2025-11-17,Mendenhall School,Guilford,2025,11,36.1090060008986,-79.802314,,19.0
2025-11-17,Millbrook School,Wake,2025,11,35.856111,-78.574167,36.0,20.5
2025-11-17,Old High School,Swain,2025,11,35.498711,-83.310242,,11.0
2025-11-17,Pitt Agri. Center,Pitt,2025,11,35.6412760008938,-77.360126,,21.0
2025-11-17,Rockwell,Rowan,2025,11,35.551868,-80.395039,38.0,11.0
2025-11-17,West Johnston Co.,Johnston,2025,11,35.59095,-78.4622,,27.0
2025-11-18,Bryson City,Swain,2025,11,35.434767,-83.442133,,36.0
2025-11-18,Castle Hayne,New Hanover,2025,11,34.364167,-77.838611,,36.0
2025-11-18,Clemmons Middle,Forsyth,2025,11,36.026612,-80.341962,,33.0
2025-11-18,Durham Armory,Durham,2025,11,36.0329550008979,-78.904037,,33.0
2025-11-18,Garinger High School,Mecklenburg,2025,11,35.2401000008895,-80.785683,41.0,43.0
2025-11-18,Hattie Avenue,Forsyth,2025,11,36.11094,-80.224501,,31.5
2025-11-18,Leggett,Edgecombe,2025,11,35.988278,-77.5843,,34.0
2025-11-18,Mendenhall School,Guilford,2025,11,36.1090060008986,-79.802314,,32.0
2025-11-18,Millbrook School,Wake,2025,11,35.856111,-78.574167,34.0,42.0
2025-11-18,Old High School,Swain,2025,11,35.498711,-83.310242,,15.0
2025-11-18,Pitt Agri. Center,Pitt,2025,11,35.6412760008938,-77.360126,,52.0
2025-11-18,Rockwell,Rowan,2025,11,35.551868,-80.395039,40.0,38.0
2025-11-18,West Johnston Co.,Johnston,2025,11,35.59095,-78.4622,,46.0
2025-11-19,Bryson City,Swain,2025,11,35.434767,-83.442133,,47.0
2025-11-19,Castle Hayne,New Hanover,2025,11,34.364167,-77.838611,,46.5
2025-11-19,Clemmons Middle,Forsyth,2025,11,36.026612,-80.341962,,52.0
2025-11-19,Durham Armory,Durham,2025,11,36.0329550008979,-78.904037,,51.5
2025-11-19,Garinger High School,Mecklenburg,2025,11,35.2401000008895,-80.785683,39.0,55.0
2025-11-19,Hattie Avenue,Forsyth,2025,11,36.11094,-80.224501,,52.0
2025-11-19,Leggett,Edgecombe,2025,11,35.988278,-77.5843,,43.0
2025-11-19,Mendenhall School,Guilford,2025,11,36.1090060008986,-79.802314,,52.0
2025-11-19,Millbrook School,Wake,2025,11,35.856111,-78.574167,36.0,46.0
2025-11-19,Old High School,Swain,2025,11,35.498711,-83.310242,,28.0
2025-11-19,Pitt Agri. Center,Pitt,2025,11,35.6412760008938,-77.360126,,47.0
2025-11-19,Rockwell,Rowan,2025,11,35.551868,-80.395039,39.0,53.0
2025-11-19,West Johnston Co.,Johnston,2025,11,35.59095,-78.4622,,53.0
2025-11-20,Bryson City,Swain,2025,11,35.434767,-83.442133,,51.0
2025-11-20,Castle Hayne,New Hanover,2025,11,34.364167,-77.838611,,53.0
2025-11-20,Clemmons Middle,Forsyth,2025,11,36.026612,-80.341962,,55.0
2025-11-20,Durham Armory,Durham,2025,11,36.0329550008979,-78.904037,,48.5
2025-11-20,Garinger High School,Mecklenburg,2025,11,35.2401000008895,-80.785683,37.0,63.0
2025-11-20,Hattie Avenue,Forsyth,2025,11,36.11094,-80.224501,,53.0
2025-11-20,Leggett,Edgecombe,2025,11,35.988278,-77.5843,,43.0
2025-11-20,Mendenhall School,Guilford,2025,11,36.1090060008986,-79.802314,,47.0
2025-11-20,Millbrook School,Wake,2025,11,35.856111,-78.574167,25.0,54.0
2025-11-20,Old High School,Swain,2025,11,35.498711,-83.310242,,37.0
2025-11-20,Pitt Agri. Center,Pitt,2025,11,35.6412760008938,-77.360126,,53.0
2025-11-20,Rockwell,Rowan,2025,11,35.551868,-80.395039,34.0,58.0
2025-11-20,West Johnston Co.,Johnston,2025,11,35.59095,-78.4622,,52.0
2025-11-21,Bryson City,Swain,2025,11,35.434767,-83.442133,,54.0
2025-11-21,Castle Hayne,New Hanover,2025,11,34.364167,-77.838611,,57.0
2025-11-21,Clemmons Middle,Forsyth,2025,11,36.026612,-80.341962,,81.0
2025-11-21,Durham Armory,Durham,2025,11,36.0329550008979,-78.904037,,71.0
2025-11-21,Garinger High School,Mecklenburg,2025,11,35.2401000008895,-80.785683,25.0,81.0
2025-11-21,Hattie Avenue,Forsyth,2025,11,36.11094,-80.224501,,84.5
2025-11-21,Leggett,Edgecombe,2025,11,35.988278,-77.5843,,61.0
2025-11-21,Mendenhall School,Guilford,2025,11,36.1090060008986,-79.802314,,76.0
2025-11-21,Millbrook School,Wake,2025,11,35.856111,-78.574167,12.0,72.0
2025-11-21,Old High School,Swain,2025,11,35.498711,-83.310242,,46.5
2025-11-21,Pitt Agri. Center,Pitt,2025,11,35.6412760008938,-77.360126,,62.0
2025-11-21,Rockwell,Rowan,2025,11,35.551868,-80.395039,20.0,88.0
2025-11-21,West Johnston Co.,Johnston,2025,11,35.59095,-78.4622,,65.0
2025-11-22,Bryson City,Swain,2025,11,35.434767,-83.442133,,46.0
2025-11-22,Castle Hayne,New Hanover,2025,11,34.364167,-77.838611,,59.0
2025-11-22,Clemmons Middle,Forsyth,2025,11,36.026612,-80.341962,,58.0
2025-11-22,Durham Armory,Durham,2025,11,36.0329550008979,-78.904037,,62.0
2025-11-22,Garinger High School,Mecklenburg,2025,11,35.2401000008895,-80.785683,30.0,37.0
2025-11-22,Hattie Avenue,Forsyth,2025,11,36.11094,-80.224501,,63.0
2025-11-22,Leggett,Edgecombe,2025,11,35.988278,-77.5843,,58.0
2025-11-22,Mendenhall School,Guilford,2025,11,36.1090060008986,-79.802314,,59.0
2025-11-22,Millbrook School,Wake,2025,11,35.856111,-78.574167,27.0,65.0
2025-11-22,Old High School,Swain,2025,11,35.498711,-83.310242,,25.0
2025-11-22,Pitt Agri. Center,Pitt,2025,11,35.6412760008938,-77.360126,,55.0
2025-11-22,Rockwell,Rowan,2025,11,35.551868,-80.395039,31.0,44.0
2025-11-22,West Johnston Co.,Johnston,2025,11,35.59095,-78.4622,,56.0
2025-11-23,Bryson City,Swain,2025,11,35.434767,-83.442133,,34.0
2025-11-23,Castle Hayne,New Hanover,2025,11,34.364167,-77.838611,,53.5
2025-11-23,Clemmons Middle,Forsyth,2025,11,36.026612,-80.341962,,30.0
2025-11-23,Durham Armory,Durham,2025,11,36.0329550008979,-78.904037,,34.5
2025-11-23,Garinger High School,Mecklenburg,2025,11,35.2401000008895,-80.785683,33.0,46.0
2025-11-23,Hattie Avenue,Forsyth,2025,11,36.11094,-80.224501,,29.0
2025-11-23,Leggett,Edgecombe,2025,11,35.988278,-77.5843,,31.0
2025-11-23,Mendenhall School,Guilford,2025,11,36.1090060008986,-79.802314,,29.0
2025-11-23,Millbrook School,Wake,2025,11,35.856111,-78.574167,30.0,43.0
2025-11-23,Old High School,Swain,2025,11,35.498711,-83.310242,,12.0
2025-11-23,Pitt Agri. Center,Pitt,2025,11,35.6412760008938,-77.360126,,25.0
2025-11-23,Rockwell,Rowan,2025,11,35.551868,-80.395039,32.0,37.0
2025-11-23,West Johnston Co.,Johnston,2025,11,35.59095,-78.4622,,40.0
2025-11-24,Bryson City,Swain,2025,11,35.434767,-83.442133,,55.0
2025-11-24,Castle Hayne,New Hanover,2025,11,34.364167,-77.838611,,54.5
2025-11-24,Clemmons Middle,Forsyth,2025,11,36.026612,-80.341962,,31.0
2025-11-24,Durham Armory,Durham,2025,11,36.0329550008979,-78.904037,,37.0
2025-11-24,Garinger High School,Mecklenburg,2025,11,35.2401000008895,-80.785683,34.0,40.5
2025-11-24,Hattie Avenue,Forsyth,2025,11,36.11094,-80.224501,,32.0
2025-11-24,Leggett,Edgecombe,2025,11,35.988278,-77.5843,,36.0
2025-11-24,Mendenhall School,Guilford,2025,11,36.1090060008986,-79.802314,,21.0
2025-11-24,Millbrook School,Wake,2025,11,35.856111,-78.574167,34.0,46.0
2025-11-24,Old High School,Swain,2025,11,35.498711,-83.310242,,18.0
2025-11-24,Pitt Agri. Center,Pitt,2025,11,35.6412760008938,-77.360126,,41.0
2025-11-24,Rockwell,Rowan,2025,11,35.551868,-80.395039,34.0,45.0
2025-11-24,West Johnston Co.,Johnston,2025,11,35.59095,-78.4622,,41.0
2025-11-25,Bryson City,Swain,2025,11,35.434767,-83.442133,,54.0
2025-11-25,Castle Hayne,New Hanover,2025,11,34.364167,-77.838611,,24.0
2025-11-25,Clemmons Middle,Forsyth,2025,11,36.026612,-80.341962,,56.0
2025-11-25,Durham Armory,Durham,2025,11,36.0329550008979,-78.904037,,46.0
2025-11-25,Garinger High School,Mecklenburg,2025,11,35.2401000008895,-80.785683,31.0,33.0
2025-11-25,Hattie Avenue,Forsyth,2025,11,36.11094,-80.224501,,56.0
2025-11-25,Leggett,Edgecombe,2025,11,35.988278,-77.5843,,36.0
2025-11-25,Mendenhall School,Guilford,2025,11,36.1090060008986,-79.802314,,45.0
2025-11-25,Millbrook School,Wake,2025,11,35.856111,-78.574167,32.0,39.0
2025-11-25,Old High School,Swain,2025,11,35.498711,-83.310242,,28.0
2025-11-25,Pitt Agri. Center,Pitt,2025,11,35.6412760008938,-77.360126,,28.0
2025-11-25,Rockwell,Rowan,2025,11,35.551868,-80.395039,28.0,49.0
2025-11-25,West Johnston Co.,Johnston,2025,11,35.59095,-78.4622,,47.0
2025-11-26,Bryson City,Swain,2025,11,35.434767,-83.442133,,18.0
2025-11-26,Castle Hayne,New Hanover,2025,11,34.364167,-77.838611,,36.0
2025-11-26,Clemmons Middle,Forsyth,2025,11,36.026612,-80.341962,,54.0
2025-11-26,Durham Armory,Durham,2025,11,36.0329550008979,-78.904037,,38.5
2025-11-26,Garinger High School,Mecklenburg,2025,11,35.2401000008895,-80.785683,33.0,37.0
2025-11-26,Hattie Avenue,Forsyth,2025,11,36.11094,-80.224501,,54.0
2025-11-26,Leggett,Edgecombe,2025,11,35.988278,-77.5843,,34.0
2025-11-26,Mendenhall School,Guilford,2025,11,36.1090060008986,-79.802314,,39.0
2025-11-26,Millbrook School,Wake,2025,11,35.856111,-78.574167,32.0,36.0
2025-11-26,Old High School,Swain,2025,11,35.498711,-83.310242,,16.0
2025-11-26,Pitt Agri. Center,Pitt,2025,11,35.6412760008938,-77.360126,,24.0
2025-11-26,Rockwell,Rowan,2025,11,35.551868,-80.395039,34.0,33.0
2025-11-26,West Johnston Co.,Johnston,2025,11,35.59095,-78.4622,,33.0
2025-11-27,Bryson City,Swain,2025,11,35.434767,-83.442133,,11.0
2025-11-27,Castle Hayne,New Hanover,2025,11,34.364167,-77.838611,,29.5
2025-11-27,Clemmons Middle,Forsyth,2025,11,36.026612,-80.341962,,17.0
2025-11-27,Durham Armory,Durham,2025,11,36.0329550008979,-78.904037,,14.0
2025-11-27,Garinger High School,Mecklenburg,2025,11,35.2401000008895,-80.785683,33.0,13.5
2025-11-27,Hattie Avenue,Forsyth,2025,11,36.11094,-80.224501,,16.5
2025-11-27,Leggett,Edgecombe,2025,11,35.988278,-77.5843,,18.0
2025-11-27,Mendenhall School,Guilford,2025,11,36.1090060008986,-79.802314,,20.0
2025-11-27,Millbrook School,Wake,2025,11,35.856111,-78.574167,32.0,15.0
2025-11-27,Old High School,Swain,2025,11,35.498711,-83.310242,,10.0
2025-11-27,Pitt Agri. Center,Pitt,2025,11,35.6412760008938,-77.360126,,10.0
2025-11-27,Rockwell,Rowan,2025,11,35.551868,-80.395039,33.0,7.0
2025-11-27,West Johnston Co.,Johnston,2025,11,35.59095,-78.4622,,11.0
2025-11-28,Bryson City,Swain,2025,11,35.434767,-83.442133,,28.0
2025-11-28,Castle Hayne,New Hanover,2025,11,34.364167,-77.838611,,28.5
2025-11-28,Clemmons Middle,Forsyth,2025,11,36.026612,-80.341962,,29.0
2025-11-28,Durham Armory,Durham,2025,11,36.0329550008979,-78.904037,,19.0
2025-11-28,Garinger High School,Mecklenburg,2025,11,35.2401000008895,-80.785683,31.0,24.0
2025-11-28,Hattie Avenue,Forsyth,2025,11,36.11094,-80.224501,,22.0
2025-11-28,Leggett,Edgecombe,2025,11,35.988278,-77.5843,,19.0
2025-11-28,Mendenhall School,Guilford,2025,11,36.1090060008986,-79.802314,,19.0
2025-11-28,Millbrook School,Wake,2025,11,35.856111,-78.574167,31.0,19.0
2025-11-28,Old High School,Swain,2025,11,35.498711,-83.310242,,15.0
2025-11-28,Pitt Agri. Center,Pitt,2025,11,35.6412760008938,-77.360126,,19.0
2025-11-28,Rockwell,Rowan,2025,11,35.551868,-80.395039,31.0,17.0
2025-11-28,West Johnston Co.,Johnston,2025,11,35.59095,-78.4622,,23.0
2025-11-29,Bryson City,Swain,2025,11,35.434767,-83.442133,,41.0
2025-11-29,Castle Hayne,New Hanover,2025,11,34.364167,-77.838611,,32.0
2025-11-29,Clemmons Middle,Forsyth,2025,11,36.026612,-80.341962,,35.0
2025-11-29,Durham Armory,Durham,2025,11,36.0329550008979,-78.904037,,28.0
2025-11-29,Garinger High School,Mecklenburg,2025,11,35.2401000008895,-80.785683,31.0,38.0
2025-11-29,Hattie Avenue,Forsyth,2025,11,36.11094,-80.224501,,39.0
2025-11-29,Leggett,Edgecombe,2025,11,35.988278,-77.5843,,24.0
2025-11-29,Mendenhall School,Guilford,2025,11,36.1090060008986,-79.802314,,26.0
2025-11-29,Millbrook School,Wake,2025,11,35.856111,-78.574167,30.0,37.0
2025-11-29,Old High School,Swain,2025,11,35.498711,-83.310242,,17.0
2025-11-29,Pitt Agri. Center,Pitt,2025,11,35.6412760008938,-77.360126,,24.0
2025-11-29,Rockwell,Rowan,2025,11,35.551868,-80.395039,31.0,27.0
2025-11-29,West Johnston Co.,Johnston,2025,11,35.59095,-78.4622,,36.0
2025-11-30,Bryson City,Swain,2025,11,35.434767,-83.442133,,33.0
2025-11-30,Castle Hayne,New Hanover,2025,11,34.364167,-77.838611,,19.5
2025-11-30,Clemmons Middle,Forsyth,2025,11,36.026612,-80.341962,,55.0
2025-11-30,Durham Armory,Durham,2025,11,36.0329550008979,-78.904037,,45.0
2025-11-30,Garinger High School,Mecklenburg,2025,11,35.2401000008895,-80.785683,20.0,47.0
2025-11-30,Hattie Avenue,Forsyth,2025,11,36.11094,-80.224501,,53.0
2025-11-30,Leggett,Edgecombe,2025,11,35.988278,-77.5843,,34.0
2025-11-30,Mendenhall School,Guilford,2025,11,36.1090060008986,-79.802314,,47.0
2025-11-30,Millbrook School,Wake,2025,11,35.856111,-78.574167,26.0,39.0
2025-11-30,Old High School,Swain,2025,11,35.498711,-83.310242,,22.0
2025-11-30,Pitt Agri. Center,Pitt,2025,11,35.6412760008938,-77.360126,,36.0
2025-11-30,Rockwell,Rowan,2025,11,35.551868,-80.395039,25.0,51.0
2025-11-30,West Johnston Co.,Johnston,2025,11,35.59095,-78.4622,,41.0
2025-12-01,Bryson City,Swain,2025,12,35.434767,-83.442133,,28.0
2025-12-01,Castle Hayne,New Hanover,2025,12,34.364167,-77.838611,,38.5
2025-12-01,Clemmons Middle,Forsyth,2025,12,36.026612,-80.341962,,38.0
2025-12-01,Durham Armory,Durham,2025,12,36.0329550008979,-78.904037,,29.0
2025-12-01,Garinger High School,Mecklenburg,2025,12,35.2401000008895,-80.785683,25.0,36.0
2025-12-01,Hattie Avenue,Forsyth,2025,12,36.11094,-80.224501,,42.0
2025-12-01,Leggett,Edgecombe,2025,12,35.988278,-77.5843,,28.0
2025-12-01,Mendenhall School,Guilford,2025,12,36.1090060008986,-79.802314,,28.0
2025-12-01,Millbrook School,Wake,2025,12,35.856111,-78.574167,27.0,37.0
2025-12-01,Old High School,Swain,2025,12,35.498711,-83.310242,,19.0
2025-12-01,Pitt Agri. Center,Pitt,2025,12,35.6412760008938,-77.360126,,27.0
2025-12-01,Rockwell,Rowan,2025,12,35.551868,-80.395039,26.0,31.0
2025-12-01,West Johnston Co.,Johnston,2025,12,35.59095,-78.4622,,22.0
2025-12-02,Bryson City,Swain,2025,12,35.434767,-83.442133,,19.0
2025-12-02,Castle Hayne,New Hanover,2025,12,34.364167,-77.838611,,28.5
2025-12-02,Clemmons Middle,Forsyth,2025,12,36.026612,-80.341962,,41.0
2025-12-02,Durham Armory,Durham,2025,12,36.0329550008979,-78.904037,,27.0
2025-12-02,Garinger High School,Mecklenburg,2025,12,35.2401000008895,-80.785683,13.0,37.0
2025-12-02,Hattie Avenue,Forsyth,2025,12,36.11094,-80.224501,,37.0
2025-12-02,Leggett,Edgecombe,2025,12,35.988278,-77.5843,,22.0
2025-12-02,Mendenhall School,Guilford,2025,12,36.1090060008986,-79.802314,,33.0
2025-12-02,Millbrook School,Wake,2025,12,35.856111,-78.574167,,29.0
2025-12-02,Old High School,Swain,2025,12,35.498711,-83.310242,,7.0
2025-12-02,Pitt Agri. Center,Pitt,2025,12,35.6412760008938,-77.360126,,23.0
2025-12-02,Rockwell,Rowan,2025,12,35.551868,-80.395039,24.0,29.0
2025-12-02,West Johnston Co.,Johnston,2025,12,35.59095,-78.4622,,31.0
2025-12-03,Bryson City,Swain,2025,12,35.434767,-83.442133,,25.0
2025-12-03,Castle Hayne,New Hanover,2025,12,34.364167,-77.838611,,47.5
2025-12-03,Clemmons Middle,Forsyth,2025,12,36.026612,-80.341962,,37.0
2025-12-03,Durham Armory,Durham,2025,12,36.0329550008979,-78.904037,,34.0
2025-12-03,Garinger High School,Mecklenburg,2025,12,35.2401000008895,-80.785683,26.0,37.5
2025-12-03,Hattie Avenue,Forsyth,2025,12,36.11094,-80.224501,,35.5
2025-12-03,Leggett,Edgecombe,2025,12,35.988278,-77.5843,,31.0
2025-12-03,Mendenhall School,Guilford,2025,12,36.1090060008986,-79.802314,,42.0
2025-12-03,Millbrook School,Wake,2025,12,35.856111,-78.574167,,41.0
2025-12-03,Old High School,Swain,2025,12,35.498711,-83.310242,,13.0
2025-12-03,Pitt Agri. Center,Pitt,2025,12,35.6412760008938,-77.360126,,34.0
2025-12-03,Rockwell,Rowan,2025,12,35.551868,-80.395039,,31.0
2025-12-03,West Johnston Co.,Johnston,2025,12,35.59095,-78.4622,,32.0
2025-12-04,Bryson City,Swain,2025,12,35.434767,-83.442133,,53.0
2025-12-04,Castle Hayne,New Hanover,2025,12,34.364167,-77.838611,,56.5
2025-12-04,Clemmons Middle,Forsyth,2025,12,36.026612,-80.341962,,55.0
2025-12-04,Durham Armory,Durham,2025,12,36.0329550008979,-78.904037,,47.0
2025-12-04,Garinger High School,Mecklenburg,2025,12,35.2401000008895,-80.785683,12.0,60.0
2025-12-04,Hattie Avenue,Forsyth,2025,12,36.11094,-80.224501,,54.0
2025-12-04,Leggett,Edgecombe,2025,12,35.988278,-77.5843,,52.0
2025-12-04,Mendenhall School,Guilford,2025,12,36.1090060008986,-79.802314,,50.0
2025-12-04,Millbrook School,Wake,2025,12,35.856111,-78.574167,19.0,54.0
2025-12-04,Old High School,Swain,2025,12,35.498711,-83.310242,,23.0
2025-12-04,Pitt Agri. Center,Pitt,2025,12,35.6412760008938,-77.360126,,56.0
2025-12-04,Rockwell,Rowan,2025,12,35.551868,-80.395039,,60.0
2025-12-04,West Johnston Co.,Johnston,2025,12,35.59095,-78.4622,,58.0
2025-12-05,Bryson City,Swain,2025,12,35.434767,-83.442133,,21.0
2025-12-05,Castle Hayne,New Hanover,2025,12,34.364167,-77.838611,,42.0
2025-12-05,Clemmons Middle,Forsyth,2025,12,36.026612,-80.341962,,44.0
2025-12-05,Durham Armory,Durham,2025,12,36.0329550008979,-78.904037,,34.0
2025-12-05,Garinger High School,Mecklenburg,2025,12,35.2401000008895,-80.785683,12.0,43.0
2025-12-05,Hattie Avenue,Forsyth,2025,12,36.11094,-80.224501,,37.0
2025-12-05,Leggett,Edgecombe,2025,12,35.988278,-77.5843,,26.0
2025-12-05,Mendenhall School,Guilford,2025,12,36.1090060008986,-79.802314,,33.0
2025-12-05,Millbrook School,Wake,2025,12,35.856111,-78.574167,17.0,35.0
2025-12-05,Old High School,Swain,2025,12,35.498711,-83.310242,,11.0
2025-12-05,Pitt Agri. Center,Pitt,2025,12,35.6412760008938,-77.360126,,26.0
2025-12-05,Rockwell,Rowan,2025,12,35.551868,-80.395039,15.0,47.0
2025-12-05,West Johnston Co.,Johnston,2025,12,35.59095,-78.4622,,33.0
2025-12-06,Bryson City,Swain,2025,12,35.434767,-83.442133,,56.0
2025-12-06,Castle Hayne,New Hanover,2025,12,34.364167,-77.838611,,36.5
2025-12-06,Clemmons Middle,Forsyth,2025,12,36.026612,-80.341962,,59.0
2025-12-06,Durham Armory,Durham,2025,12,36.0329550008979,-78.904037,,48.5
2025-12-06,Garinger High School,Mecklenburg,2025,12,35.2401000008895,-80.785683,6.0,58.5
2025-12-06,Hattie Avenue,Forsyth,2025,12,36.11094,-80.224501,,53.5
2025-12-06,Leggett,Edgecombe,2025,12,35.988278,-77.5843,,37.0
2025-12-06,Mendenhall School,Guilford,2025,12,36.1090060008986,-79.802314,,52.0
2025-12-06,Millbrook School,Wake,2025,12,35.856111,-78.574167,9.0,53.0
2025-12-06,Old High School,Swain,2025,12,35.498711,-83.310242,,15.0
2025-12-06,Pitt Agri. Center,Pitt,2025,12,35.6412760008938,-77.360126,,33.0
2025-12-06,Rockwell,Rowan,2025,12,35.551868,-80.395039,8.0,51.0
2025-12-06,West Johnston Co.,Johnston,2025,12,35.59095,-78.4622,,44.0
2025-12-07,Bryson City,Swain,2025,12,35.434767,-83.442133,,42.0
2025-12-07,Castle Hayne,New Hanover,2025,12,34.364167,-77.838611,,63.0
2025-12-07,Clemmons Middle,Forsyth,2025,12,36.026612,-80.341962,,56.0
2025-12-07,Durham Armory,Durham,2025,12,36.0329550008979,-78.904037,,58.0
2025-12-07,Garinger High School,Mecklenburg,2025,12,35.2401000008895,-80.785683,7.0,51.0
2025-12-07,Hattie Avenue,Forsyth,2025,12,36.11094,-80.224501,,56.0
2025-12-07,Leggett,Edgecombe,2025,12,35.988278,-77.5843,,53.0
2025-12-07,Mendenhall School,Guilford,2025,12,36.1090060008986,-79.802314,,52.0
2025-12-07,Millbrook School,Wake,2025,12,35.856111,-78.574167,10.0,61.0
2025-12-07,Old High School,Swain,2025,12,35.498711,-83.310242,,14.0
2025-12-07,Pitt Agri. Center,Pitt,2025,12,35.6412760008938,-77.360126,,53.0
2025-12-07,Rockwell,Rowan,2025,12,35.551868,-80.395039,6.0,56.0
2025-12-07,West Johnston Co.,Johnston,2025,12,35.59095,-78.4622,,59.0
2025-12-08,Bryson City,Swain,2025,12,35.434767,-83.442133,,52.0
2025-12-08,Castle Hayne,New Hanover,2025,12,34.364167,-77.838611,,52.5
2025-12-08,Clemmons Middle,Forsyth,2025,12,36.026612,-80.341962,,56.0
2025-12-08,Durham Armory,Durham,2025,12,36.0329550008979,-78.904037,,51.0
2025-12-08,Garinger High School,Mecklenburg,2025,12,35.2401000008895,-80.785683,19.0,46.0
2025-12-08,Hattie Avenue,Forsyth,2025,12,36.11094,-80.224501,,55.0
2025-12-08,Leggett,Edgecombe,2025,12,35.988278,-77.5843,,33.0
2025-12-08,Mendenhall School,Guilford,2025,12,36.1090060008986,-79.802314,,53.0
2025-12-08,Millbrook School,Wake,2025,12,35.856111,-78.574167,26.0,54.0
2025-12-08,Old High School,Swain,2025,12,35.498711,-83.310242,,17.0
2025-12-08,Pitt Agri. Center,Pitt,2025,12,35.6412760008938,-77.360126,,37.0
2025-12-08,Rockwell,Rowan,2025,12,35.551868,-80.395039,23.0,47.0
2025-12-08,West Johnston Co.,Johnston,2025,12,35.59095,-78.4622,,44.0
2025-12-09,Bryson City,Swain,2025,12,35.434767,-83.442133,,32.0
2025-12-09,Castle Hayne,New Hanover,2025,12,34.364167,-77.838611,,30.0
2025-12-09,Clemmons Middle,Forsyth,2025,12,36.026612,-80.341962,,40.0
2025-12-09,Durham Armory,Durham,2025,12,36.0329550008979,-78.904037,,33.0
2025-12-09,Garinger High School,Mecklenburg,2025,12,35.2401000008895,-80.785683,20.0,41.0
2025-12-09,Hattie Avenue,Forsyth,2025,12,36.11094,-80.224501,,38.0
2025-12-09,Leggett,Edgecombe,2025,12,35.988278,-77.5843,,23.0
2025-12-09,Mendenhall School,Guilford,2025,12,36.1090060008986,-79.802314,,39.0
2025-12-09,Millbrook School,Wake,2025,12,35.856111,-78.574167,26.0,36.0
2025-12-09,Old High School,Swain,2025,12,35.498711,-83.310242,,16.0
2025-12-09,Pitt Agri. Center,Pitt,2025,12,35.6412760008938,-77.360126,,24.0
2025-12-09,Rockwell,Rowan,2025,12,35.551868,-80.395039,25.0,37.0
2025-12-09,West Johnston Co.,Johnston,2025,12,35.59095,-78.4622,,28.0
2025-12-10,Bryson City,Swain,2025,12,35.434767,-83.442133,,37.0
2025-12-10,Castle Hayne,New Hanover,2025,12,34.364167,-77.838611,,42.5
2025-12-10,Clemmons Middle,Forsyth,2025,12,36.026612,-80.341962,,53.0
2025-12-10,Durham Armory,Durham,2025,12,36.0329550008979,-78.904037,,48.5
2025-12-10,Garinger High School,Mecklenburg,2025,12,35.2401000008895,-80.785683,30.0,39.0
2025-12-10,Hattie Avenue,Forsyth,2025,12,36.11094,-80.224501,,53.0
2025-12-10,Leggett,Edgecombe,2025,12,35.988278,-77.5843,,42.0
2025-12-10,Mendenhall School,Guilford,2025,12,36.1090060008986,-79.802314,,45.0
2025-12-10,Millbrook School,Wake,2025,12,35.856111,-78.574167,27.0,52.0
2025-12-10,Old High School,Swain,2025,12,35.498711,-83.310242,,22.0
2025-12-10,Pitt Agri. Center,Pitt,2025,12,35.6412760008938,-77.360126,,46.0
2025-12-10,Rockwell,Rowan,2025,12,35.551868,-80.395039,31.0,41.0
2025-12-10,West Johnston Co.,Johnston,2025,12,35.59095,-78.4622,,43.0
2025-12-11,Bryson City,Swain,2025,12,35.434767,-83.442133,,18.0
2025-12-11,Castle Hayne,New Hanover,2025,12,34.364167,-77.838611,,31.0
2025-12-11,Clemmons Middle,Forsyth,2025,12,36.026612,-80.341962,,18.0
2025-12-11,Durham Armory,Durham,2025,12,36.0329550008979,-78.904037,,13.5
2025-12-11,Garinger High School,Mecklenburg,2025,12,35.2401000008895,-80.785683,27.0,15.0
2025-12-11,Hattie Avenue,Forsyth,2025,12,36.11094,-80.224501,,18.0
2025-12-11,Leggett,Edgecombe,2025,12,35.988278,-77.5843,,13.0
2025-12-11,Mendenhall School,Guilford,2025,12,36.1090060008986,-79.802314,,18.0
2025-12-11,Millbrook School,Wake,2025,12,35.856111,-78.574167,26.0,16.5
2025-12-11,Old High School,Swain,2025,12,35.498711,-83.310242,,13.0
2025-12-11,Pitt Agri. Center,Pitt,2025,12,35.6412760008938,-77.360126,,20.0
2025-12-11,Rockwell,Rowan,2025,12,35.551868,-80.395039,28.0,12.0
2025-12-11,West Johnston Co.,Johnston,2025,12,35.59095,-78.4622,,17.0
2025-12-12,Bryson City,Swain,2025,12,35.434767,-83.442133,,51.0
2025-12-12,Castle Hayne,New Hanover,2025,12,34.364167,-77.838611,,31.5
2025-12-12,Clemmons Middle,Forsyth,2025,12,36.026612,-80.341962,,50.0
2025-12-12,Durham Armory,Durham,2025,12,36.0329550008979,-78.904037,,39.0
2025-12-12,Garinger High School,Mecklenburg,2025,12,35.2401000008895,-80.785683,27.0,33.0
2025-12-12,Hattie Avenue,Forsyth,2025,12,36.11094,-80.224501,,39.0
2025-12-12,Leggett,Edgecombe,2025,12,35.988278,-77.5843,,23.0
2025-12-12,Mendenhall School,Guilford,2025,12,36.1090060008986,-79.802314,,36.0
2025-12-12,Millbrook School,Wake,2025,12,35.856111,-78.574167,22.0,40.0
2025-12-12,Old High School,Swain,2025,12,35.498711,-83.310242,,22.0
2025-12-12,Pitt Agri. Center,Pitt,2025,12,35.6412760008938,-77.360126,,26.0
2025-12-12,Rockwell,Rowan,2025,12,35.551868,-80.395039,24.0,63.0
2025-12-12,West Johnston Co.,Johnston,2025,12,35.59095,-78.4622,,34.0
2025-12-13,Bryson City,Swain,2025,12,35.434767,-83.442133,,66.0
2025-12-13,Castle Hayne,New Hanover,2025,12,34.364167,-77.838611,,44.0
2025-12-13,Clemmons Middle,Forsyth,2025,12,36.026612,-80.341962,,68.0
2025-12-13,Durham Armory,Durham,2025,12,36.0329550008979,-78.904037,,59.5
2025-12-13,Garinger High School,Mecklenburg,2025,12,35.2401000008895,-80.785683,31.0,59.0
2025-12-13,Hattie Avenue,Forsyth,2025,12,36.11094,-80.224501,,64.0
2025-12-13,Leggett,Edgecombe,2025,12,35.988278,-77.5843,,52.0
2025-12-13,Mendenhall School,Guilford,2025,12,36.1090060008986,-79.802314,,59.0
2025-12-13,Millbrook School,Wake,2025,12,35.856111,-78.574167,25.0,64.5
2025-12-13,Old High School,Swain,2025,12,35.498711,-83.310242,,27.0
2025-12-13,Pitt Agri. Center,Pitt,2025,12,35.6412760008938,-77.360126,,56.0
2025-12-13,Rockwell,Rowan,2025,12,35.551868,-80.395039,28.0,62.0
2025-12-13,West Johnston Co.,Johnston,2025,12,35.59095,-78.4622,,58.0
2025-12-14,Bryson City,Swain,2025,12,35.434767,-83.442133,,29.0
2025-12-14,Castle Hayne,New Hanover,2025,12,34.364167,-77.838611,,34.0
2025-12-14,Clemmons Middle,Forsyth,2025,12,36.026612,-80.341962,,48.0
2025-12-14,Durham Armory,Durham,2025,12,36.0329550008979,-78.904037,,40.5
2025-12-14,Garinger High School,Mecklenburg,2025,12,35.2401000008895,-80.785683,33.0,32.0
2025-12-14,Hattie Avenue,Forsyth,2025,12,36.11094,-80.224501,,39.0
2025-12-14,Leggett,Edgecombe,2025,12,35.988278,-77.5843,,41.0
2025-12-14,Mendenhall School,Guilford,2025,12,36.1090060008986,-79.802314,,40.0
2025-12-14,Millbrook School,Wake,2025,12,35.856111,-78.574167,33.0,51.0
2025-12-14,Old High School,Swain,2025,12,35.498711,-83.310242,,11.0
2025-12-14,Pitt Agri. Center,Pitt,2025,12,35.6412760008938,-77.360126,,33.0
2025-12-14,Rockwell,Rowan,2025,12,35.551868,-80.395039,35.0,44.0
2025-12-14,West Johnston Co.,Johnston,2025,12,35.59095,-78.4622,,31.0
2025-12-15,Bryson City,Swain,2025,12,35.434767,-83.442133,,45.0
2025-12-15,Castle Hayne,New Hanover,2025,12,34.364167,-77.838611,,28.5
2025-12-15,Clemmons Middle,Forsyth,2025,12,36.026612,-80.341962,,27.5
2025-12-15,Durham Armory,Durham,2025,12,36.0329550008979,-78.904037,,20.0
2025-12-15,Garinger High School,Mecklenburg,2025,12,35.2401000008895,-80.785683,27.0,29.5
2025-12-15,Hattie Avenue,Forsyth,2025,12,36.11094,-80.224501,,22.5
2025-12-15,Leggett,Edgecombe,2025,12,35.988278,-77.5843,,11.0
2025-12-15,Mendenhall School,Guilford,2025,12,36.1090060008986,-79.802314,,20.0
2025-12-15,Millbrook School,Wake,2025,12,35.856111,-78.574167,27.0,32.0
2025-12-15,Old High School,Swain,2025,12,35.498711,-83.310242,,10.5
2025-12-15,Pitt Agri. Center,Pitt,2025,12,35.6412760008938,-77.360126,,19.0
2025-12-15,Rockwell,Rowan,2025,12,35.551868,-80.395039,29.0,16.0
2025-12-15,West Johnston Co.,Johnston,2025,12,35.59095,-78.4622,,24.0
2025-12-16,Bryson City,Swain,2025,12,35.434767,-83.442133,,55.0
2025-12-16,Castle Hayne,New Hanover,2025,12,34.364167,-77.838611,,44.5
2025-12-16,Clemmons Middle,Forsyth,2025,12,36.026612,-80.341962,,55.0
2025-12-16,Durham Armory,Durham,2025,12,36.0329550008979,-78.904037,,44.5
2025-12-16,Garinger High School,Mecklenburg,2025,12,35.2401000008895,-80.785683,26.0,54.0
2025-12-16,Hattie Avenue,Forsyth,2025,12,36.11094,-80.224501,,52.0
2025-12-16,Leggett,Edgecombe,2025,12,35.988278,-77.5843,,42.0
2025-12-16,Mendenhall School,Guilford,2025,12,36.1090060008986,-79.802314,,46.0
2025-12-16,Millbrook School,Wake,2025,12,35.856111,-78.574167,26.0,50.5
2025-12-16,Pitt Agri. Center,Pitt,2025,12,35.6412760008938,-77.360126,,48.0
2025-12-16,Rockwell,Rowan,2025,12,35.551868,-80.395039,26.0,56.0
2025-12-16,West Johnston Co.,Johnston,2025,12,35.59095,-78.4622,,34.0
2025-12-17,Bryson City,Swain,2025,12,35.434767,-83.442133,,65.0
2025-12-17,Castle Hayne,New Hanover,2025,12,34.364167,-77.838611,,54.5
2025-12-17,Clemmons Middle,Forsyth,2025,12,36.026612,-80.341962,,69.0
2025-12-17,Durham Armory,Durham,2025,12,36.0329550008979,-78.904037,,59.0
2025-12-17,Garinger High School,Mecklenburg,2025,12,35.2401000008895,-80.785683,30.0,59.0
2025-12-17,Hattie Avenue,Forsyth,2025,12,36.11094,-80.224501,,78.0
2025-12-17,Leggett,Edgecombe,2025,12,35.988278,-77.5843,,51.0
2025-12-17,Mendenhall School,Guilford,2025,12,36.1090060008986,-79.802314,,61.0
2025-12-17,Millbrook School,Wake,2025,12,35.856111,-78.574167,27.0,67.0
2025-12-17,Pitt Agri. Center,Pitt,2025,12,35.6412760008938,-77.360126,,53.0
2025-12-17,Rockwell,Rowan,2025,12,35.551868,-80.395039,30.0,61.0
2025-12-17,West Johnston Co.,Johnston,2025,12,35.59095,-78.4622,,56.0
2025-12-18,Bryson City,Swain,2025,12,35.434767,-83.442133,,57.0
2025-12-18,Castle Hayne,New Hanover,2025,12,34.364167,-77.838611,,34.0
2025-12-18,Clemmons Middle,Forsyth,2025,12,36.026612,-80.341962,,76.0
2025-12-18,Durham Armory,Durham,2025,12,36.0329550008979,-78.904037,,60.5
2025-12-18,Garinger High School,Mecklenburg,2025,12,35.2401000008895,-80.785683,26.0,52.0
2025-12-18,Hattie Avenue,Forsyth,2025,12,36.11094,-80.224501,,69.5
2025-12-18,Leggett,Edgecombe,2025,12,35.988278,-77.5843,,54.0
2025-12-18,Mendenhall School,Guilford,2025,12,36.1090060008986,-79.802314,,63.0
2025-12-18,Millbrook School,Wake,2025,12,35.856111,-78.574167,26.0,61.0
2025-12-18,Pitt Agri. Center,Pitt,2025,12,35.6412760008938,-77.360126,,53.0
2025-12-18,Rockwell,Rowan,2025,12,35.551868,-80.395039,29.0,59.0
2025-12-18,West Johnston Co.,Johnston,2025,12,35.59095,-78.4622,,55.0
2025-12-19,Bryson City,Swain,2025,12,35.434767,-83.442133,,10.0
2025-12-19,Castle Hayne,New Hanover,2025,12,34.364167,-77.838611,,20.0
2025-12-19,Clemmons Middle,Forsyth,2025,12,36.026612,-80.341962,,14.0
2025-12-19,Durham Armory,Durham,2025,12,36.0329550008979,-78.904037,,11.0
2025-12-19,Garinger High School,Mecklenburg,2025,12,35.2401000008895,-80.785683,32.0,14.0
2025-12-19,Hattie Avenue,Forsyth,2025,12,36.11094,-80.224501,,14.0
2025-12-19,Leggett,Edgecombe,2025,12,35.988278,-77.5843,,7.0
2025-12-19,Mendenhall School,Guilford,2025,12,36.1090060008986,-79.802314,,7.0
2025-12-19,Millbrook School,Wake,2025,12,35.856111,-78.574167,35.0,14.0
2025-12-19,Pitt Agri. Center,Pitt,2025,12,35.6412760008938,-77.360126,,11.0
2025-12-19,Rockwell,Rowan,2025,12,35.551868,-80.395039,35.0,8.0
2025-12-19,West Johnston Co.,Johnston,2025,12,35.59095,-78.4622,,7.0
2025-12-20,Bryson City,Swain,2025,12,35.434767,-83.442133,,60.0
2025-12-20,Castle Hayne,New Hanover,2025,12,34.364167,-77.838611,,29.0
2025-12-20,Clemmons Middle,Forsyth,2025,12,36.026612,-80.341962,,27.0
2025-12-20,Durham Armory,Durham,2025,12,36.0329550008979,-78.904037,,31.0
2025-12-20,Garinger High School,Mecklenburg,2025,12,35.2401000008895,-80.785683,33.0,27.0
2025-12-20,Hattie Avenue,Forsyth,2025,12,36.11094,-80.224501,,23.0
2025-12-20,Leggett,Edgecombe,2025,12,35.988278,-77.5843,,23.0
2025-12-20,Mendenhall School,Guilford,2025,12,36.1090060008986,-79.802314,,26.0
2025-12-20,Millbrook School,Wake,2025,12,35.856111,-78.574167,30.0,30.0
2025-12-20,Pitt Agri. Center,Pitt,2025,12,35.6412760008938,-77.360126,,21.0
2025-12-20,Rockwell,Rowan,2025,12,35.551868,-80.395039,33.0,32.0
2025-12-20,West Johnston Co.,Johnston,2025,12,35.59095,-78.4622,,26.0
2025-12-21,Bryson City,Swain,2025,12,35.434767,-83.442133,,64.0
2025-12-21,Castle Hayne,New Hanover,2025,12,34.364167,-77.838611,,36.5
2025-12-21,Clemmons Middle,Forsyth,2025,12,36.026612,-80.341962,,42.0
2025-12-21,Durham Armory,Durham,2025,12,36.0329550008979,-78.904037,,29.0
2025-12-21,Garinger High School,Mecklenburg,2025,12,35.2401000008895,-80.785683,31.0,36.5
2025-12-21,Hattie Avenue,Forsyth,2025,12,36.11094,-80.224501,,31.0
2025-12-21,Leggett,Edgecombe,2025,12,35.988278,-77.5843,,23.0
2025-12-21,Mendenhall School,Guilford,2025,12,36.1090060008986,-79.802314,,34.0
2025-12-21,Millbrook School,Wake,2025,12,35.856111,-78.574167,33.0,31.0
2025-12-21,Old High School,Swain,2025,12,35.498711,-83.310242,,16.0
2025-12-21,Pitt Agri. Center,Pitt,2025,12,35.6412760008938,-77.360126,,26.0
2025-12-21,Rockwell,Rowan,2025,12,35.551868,-80.395039,32.0,47.0
2025-12-21,West Johnston Co.,Johnston,2025,12,35.59095,-78.4622,,30.0
2025-12-22,Bryson City,Swain,2025,12,35.434767,-83.442133,,76.0
2025-12-22,Castle Hayne,New Hanover,2025,12,34.364167,-77.838611,,23.0
2025-12-22,Clemmons Middle,Forsyth,2025,12,36.026612,-80.341962,,27.0
2025-12-22,Durham Armory,Durham,2025,12,36.0329550008979,-78.904037,,22.5
2025-12-22,Garinger High School,Mecklenburg,2025,12,35.2401000008895,-80.785683,34.0,23.0
2025-12-22,Hattie Avenue,Forsyth,2025,12,36.11094,-80.224501,,20.0
2025-12-22,Leggett,Edgecombe,2025,12,35.988278,-77.5843,,19.0
2025-12-22,Mendenhall School,Guilford,2025,12,36.1090060008986,-79.802314,,18.0
2025-12-22,Millbrook School,Wake,2025,12,35.856111,-78.574167,32.0,21.0
2025-12-22,Pitt Agri. Center,Pitt,2025,12,35.6412760008938,-77.360126,,18.0
2025-12-22,Rockwell,Rowan,2025,12,35.551868,-80.395039,33.0,28.0
2025-12-22,West Johnston Co.,Johnston,2025,12,35.59095,-78.4622,,21.0
2025-12-23,Bryson City,Swain,2025,12,35.434767,-83.442133,,71.0
2025-12-23,Castle Hayne,New Hanover,2025,12,34.364167,-77.838611,,36.0
2025-12-23,Clemmons Middle,Forsyth,2025,12,36.026612,-80.341962,,39.0
2025-12-23,Durham Armory,Durham,2025,12,36.0329550008979,-78.904037,,45.0
2025-12-23,Garinger High School,Mecklenburg,2025,12,35.2401000008895,-80.785683,37.0,33.0
2025-12-23,Hattie Avenue,Forsyth,2025,12,36.11094,-80.224501,,37.0
2025-12-23,Leggett,Edgecombe,2025,12,35.988278,-77.5843,,33.0
2025-12-23,Mendenhall School,Guilford,2025,12,36.1090060008986,-79.802314,,37.0
2025-12-23,Millbrook School,Wake,2025,12,35.856111,-78.574167,31.0,36.0
2025-12-23,Pitt Agri. Center,Pitt,2025,12,35.6412760008938,-77.360126,,31.0
2025-12-23,Rockwell,Rowan,2025,12,35.551868,-80.395039,38.0,49.0
2025-12-23,West Johnston Co.,Johnston,2025,12,35.59095,-78.4622,,50.0
2025-12-24,Bryson City,Swain,2025,12,35.434767,-83.442133,,68.0
2025-12-24,Castle Hayne,New Hanover,2025,12,34.364167,-77.838611,,53.0
2025-12-24,Clemmons Middle,Forsyth,2025,12,36.026612,-80.341962,,55.0
2025-12-24,Durham Armory,Durham,2025,12,36.0329550008979,-78.904037,,56.0
2025-12-24,Garinger High School,Mecklenburg,2025,12,35.2401000008895,-80.785683,30.0,59.0
2025-12-24,Hattie Avenue,Forsyth,2025,12,36.11094,-80.224501,,52.5
2025-12-24,Leggett,Edgecombe,2025,12,35.988278,-77.5843,,39.0
2025-12-24,Mendenhall School,Guilford,2025,12,36.1090060008986,-79.802314,,56.0
2025-12-24,Millbrook School,Wake,2025,12,35.856111,-78.574167,33.0,46.5
2025-12-24,Old High School,Swain,2025,12,35.498711,-83.310242,,48.0
2025-12-24,Pitt Agri. Center,Pitt,2025,12,35.6412760008938,-77.360126,,36.0
2025-12-24,Rockwell,Rowan,2025,12,35.551868,-80.395039,31.0,53.0
2025-12-24,West Johnston Co.,Johnston,2025,12,35.59095,-78.4622,,41.0
2025-12-25,Bryson City,Swain,2025,12,35.434767,-83.442133,,52.0
2025-12-25,Castle Hayne,New Hanover,2025,12,34.364167,-77.838611,,40.5
2025-12-25,Clemmons Middle,Forsyth,2025,12,36.026612,-80.341962,,55.0
2025-12-25,Durham Armory,Durham,2025,12,36.0329550008979,-78.904037,,61.5
2025-12-25,Garinger High School,Mecklenburg,2025,12,35.2401000008895,-80.785683,30.0,54.0
2025-12-25,Hattie Avenue,Forsyth,2025,12,36.11094,-80.224501,,54.0
2025-12-25,Leggett,Edgecombe,2025,12,35.988278,-77.5843,,38.0
2025-12-25,Mendenhall School,Guilford,2025,12,36.1090060008986,-79.802314,,63.0
2025-12-25,Millbrook School,Wake,2025,12,35.856111,-78.574167,26.0,58.0
2025-12-25,Pitt Agri. Center,Pitt,2025,12,35.6412760008938,-77.360126,,52.0
2025-12-25,Rockwell,Rowan,2025,12,35.551868,-80.395039,31.0,52.0
2025-12-25,West Johnston Co.,Johnston,2025,12,35.59095,-78.4622,,55.0
2025-12-26,Bryson City,Swain,2025,12,35.434767,-83.442133,,41.0
2025-12-26,Castle Hayne,New Hanover,2025,12,34.364167,-77.838611,,41.5
2025-12-26,Clemmons Middle,Forsyth,2025,12,36.026612,-80.341962,,45.0
2025-12-26,Durham Armory,Durham,2025,12,36.0329550008979,-78.904037,,31.5
2025-12-26,Garinger High School,Mecklenburg,2025,12,35.2401000008895,-80.785683,24.0,54.0
2025-12-26,Hattie Avenue,Forsyth,2025,12,36.11094,-80.224501,,43.0
2025-12-26,Leggett,Edgecombe,2025,12,35.988278,-77.5843,,22.0
2025-12-26,Mendenhall School,Guilford,2025,12,36.1090060008986,-79.802314,,35.0
2025-12-26,Millbrook School,Wake,2025,12,35.856111,-78.574167,30.0,38.0
2025-12-26,Pitt Agri. Center,Pitt,2025,12,35.6412760008938,-77.360126,,25.0
2025-12-26,Rockwell,Rowan,2025,12,35.551868,-80.395039,27.0,41.0
2025-12-26,West Johnston Co.,Johnston,2025,12,35.59095,-78.4622,,34.0
2025-12-27,Bryson City,Swain,2025,12,35.434767,-83.442133,,39.0
2025-12-27,Castle Hayne,New Hanover,2025,12,34.364167,-77.838611,,52.5
2025-12-27,Clemmons Middle,Forsyth,2025,12,36.026612,-80.341962,,51.0
2025-12-27,Durham Armory,Durham,2025,12,36.0329550008979,-78.904037,,45.5
2025-12-27,Garinger High School,Mecklenburg,2025,12,35.2401000008895,-80.785683,27.0,57.5
2025-12-27,Hattie Avenue,Forsyth,2025,12,36.11094,-80.224501,,50.0
2025-12-27,Leggett,Edgecombe,2025,12,35.988278,-77.5843,,28.0
2025-12-27,Mendenhall School,Guilford,2025,12,36.1090060008986,-79.802314,,51.0
2025-12-27,Millbrook School,Wake,2025,12,35.856111,-78.574167,24.0,51.5
2025-12-27,Old High School,Swain,2025,12,35.498711,-83.310242,,34.0
2025-12-27,Pitt Agri. Center,Pitt,2025,12,35.6412760008938,-77.360126,,30.0
2025-12-27,Rockwell,Rowan,2025,12,35.551868,-80.395039,31.0,51.0
2025-12-27,West Johnston Co.,Johnston,2025,12,35.59095,-78.4622,,41.0
2025-12-28,Bryson City,Swain,2025,12,35.434767,-83.442133,,56.0
2025-12-28,Castle Hayne,New Hanover,2025,12,34.364167,-77.838611,,27.5
2025-12-28,Clemmons Middle,Forsyth,2025,12,36.026612,-80.341962,,37.0
2025-12-28,Durham Armory,Durham,2025,12,36.0329550008979,-78.904037,,27.0
2025-12-28,Garinger High School,Mecklenburg,2025,12,35.2401000008895,-80.785683,17.0,45.0
2025-12-28,Hattie Avenue,Forsyth,2025,12,36.11094,-80.224501,,39.0
2025-12-28,Leggett,Edgecombe,2025,12,35.988278,-77.5843,,35.0
2025-12-28,Mendenhall School,Guilford,2025,12,36.1090060008986,-79.802314,,27.0
2025-12-28,Millbrook School,Wake,2025,12,35.856111,-78.574167,22.0,34.0
2025-12-28,Pitt Agri. Center,Pitt,2025,12,35.6412760008938,-77.360126,,31.0
2025-12-28,Rockwell,Rowan,2025,12,35.551868,-80.395039,19.0,39.0
2025-12-28,West Johnston Co.,Johnston,2025,12,35.59095,-78.4622,,34.0
2025-12-29,Bryson City,Swain,2025,12,35.434767,-83.442133,,12.0
2025-12-29,Castle Hayne,New Hanover,2025,12,34.364167,-77.838611,,32.0
2025-12-29,Clemmons Middle,Forsyth,2025,12,36.026612,-80.341962,,27.0
2025-12-29,Durham Armory,Durham,2025,12,36.0329550008979,-78.904037,,27.5
2025-12-29,Garinger High School,Mecklenburg,2025,12,35.2401000008895,-80.785683,30.0,24.0
2025-12-29,Hattie Avenue,Forsyth,2025,12,36.11094,-80.224501,,26.0
2025-12-29,Leggett,Edgecombe,2025,12,35.988278,-77.5843,,27.0
2025-12-29,Mendenhall School,Guilford,2025,12,36.1090060008986,-79.802314,,20.0
2025-12-29,Millbrook School,Wake,2025,12,35.856111,-78.574167,30.0,32.0
2025-12-29,Pitt Agri. Center,Pitt,2025,12,35.6412760008938,-77.360126,,69.0
2025-12-29,Rockwell,Rowan,2025,12,35.551868,-80.395039,31.0,22.0
2025-12-29,West Johnston Co.,Johnston,2025,12,35.59095,-78.4622,,21.0
2025-12-30,Bryson City,Swain,2025,12,35.434767,-83.442133,,12.0
2025-12-30,Castle Hayne,New Hanover,2025,12,34.364167,-77.838611,,30.0
2025-12-30,Clemmons Middle,Forsyth,2025,12,36.026612,-80.341962,,20.0
2025-12-30,Durham Armory,Durham,2025,12,36.0329550008979,-78.904037,,15.5
2025-12-30,Garinger High School,Mecklenburg,2025,12,35.2401000008895,-80.785683,27.0,17.5
2025-12-30,Hattie Avenue,Forsyth,2025,12,36.11094,-80.224501,,18.5
2025-12-30,Leggett,Edgecombe,2025,12,35.988278,-77.5843,,16.0
2025-12-30,Mendenhall School,Guilford,2025,12,36.1090060008986,-79.802314,,18.0
2025-12-30,Millbrook School,Wake,2025,12,35.856111,-78.574167,27.0,17.5
2025-12-30,Pitt Agri. Center,Pitt,2025,12,35.6412760008938,-77.360126,,11.0
2025-12-30,Rockwell,Rowan,2025,12,35.551868,-80.395039,30.0,9.0
2025-12-30,West Johnston Co.,Johnston,2025,12,35.59095,-78.4622,,21.0
2025-12-31,Bryson City,Swain,2025,12,35.434767,-83.442133,,22.0
2025-12-31,Castle Hayne,New Hanover,2025,12,34.364167,-77.838611,,35.0
2025-12-31,Clemmons Middle,Forsyth,2025,12,36.026612,-80.341962,,17.0
2025-12-31,Durham Armory,Durham,2025,12,36.0329550008979,-78.904037,,30.5
2025-12-31,Garinger High School,Mecklenburg,2025,12,35.2401000008895,-80.785683,34.0,31.0
2025-12-31,Hattie Avenue,Forsyth,2025,12,36.11094,-80.224501,,18.0
2025-12-31,Leggett,Edgecombe,2025,12,35.988278,-77.5843,,22.0
2025-12-31,Mendenhall School,Guilford,2025,12,36.1090060008986,-79.802314,,18.0
2025-12-31,Millbrook School,Wake,2025,12,35.856111,-78.574167,32.0,24.0
2025-12-31,Pitt Agri. Center,Pitt,2025,12,35.6412760008938,-77.360126,,23.0
2025-12-31,Rockwell,Rowan,2025,12,35.551868,-80.395039,35.0,21.0
2025-12-31,West Johnston Co.,Johnston,2025,12,35.59095,-78.4622,,25.0
