Date,Local Site Name,County,Site Latitude,Site Longitude,Year,Month,Ozone,PM2.5
2024-01-01,Bryson City,Swain,35.434767,-83.442133,2024,1,,43.0
2024-01-01,Castle Hayne,New Hanover,34.364167,-77.838611,2024,1,,44.5
2024-01-01,Clemmons Middle,Forsyth,36.026612,-80.341962,2024,1,,47.5
2024-01-01,Durham Armory,Durham,36.0329550008979,-78.904037,2024,1,,61.0
2024-01-01,Frying Pan Mountain,Haywood,35.379167,-82.7925,2024,1,,14.0
2024-01-01,Garinger High School,Mecklenburg,35.2401000008895,-80.785683,2024,1,28.0,42.0
2024-01-01,Hattie Avenue,Forsyth,36.11094,-80.224501,2024,1,,48.0
2024-01-01,Leggett,Edgecombe,35.988278,-77.5843,2024,1,,38.0
2024-01-01,Linville Falls,Avery,35.972347,-81.933072,2024,1,,14.0
2024-01-01,Mendenhall School,Guilford,36.1090060008986,-79.802314,2024,1,,53.0
2024-01-01,Millbrook School,Wake,35.856111,-78.574167,2024,1,25.0,61.5
2024-01-01,Old High School,Swain,35.498711,-83.310242,2024,1,,23.0
2024-01-01,Pitt Agri. Center,Pitt,35.6412760008938,-77.360126,2024,1,,46.0
2024-01-01,Rockwell,Rowan,35.551868,-80.395039,2024,1,27.0,36.0
2024-01-01,West Johnston Co.,Johnston,35.59095,-78.4622,2024,1,,46.0
2024-01-02,Bryson City,Swain,35.434767,-83.442133,2024,1,,21.0
2024-01-02,Castle Hayne,New Hanover,34.364167,-77.838611,2024,1,,20.5
2024-01-02,Clemmons Middle,Forsyth,36.026612,-80.341962,2024,1,,37.0
2024-01-02,Durham Armory,Durham,36.0329550008979,-78.904037,2024,1,,49.0
2024-01-02,Garinger High School,Mecklenburg,35.2401000008895,-80.785683,2024,1,23.0,32.0
2024-01-02,Hattie Avenue,Forsyth,36.11094,-80.224501,2024,1,,33.0
2024-01-02,Leggett,Edgecombe,35.988278,-77.5843,2024,1,,18.0
2024-01-02,Mendenhall School,Guilford,36.1090060008986,-79.802314,2024,1,,33.0
2024-01-02,Millbrook School,Wake,35.856111,-78.574167,2024,1,23.0,32.0
2024-01-02,Pitt Agri. Center,Pitt,35.6412760008938,-77.360126,2024,1,,12.0
2024-01-02,Rockwell,Rowan,35.551868,-80.395039,2024,1,26.0,24.0
2024-01-02,West Johnston Co.,Johnston,35.59095,-78.4622,2024,1,,19.0
2024-01-03,Bryson City,Swain,35.434767,-83.442133,2024,1,,34.0
2024-01-03,Castle Hayne,New Hanover,34.364167,-77.838611,2024,1,,42.0
2024-01-03,Clemmons Middle,Forsyth,36.026612,-80.341962,2024,1,,58.0
2024-01-03,Durham Armory,Durham,36.0329550008979,-78.904037,2024,1,,59.0
2024-01-03,Garinger High School,Mecklenburg,35.2401000008895,-80.785683,2024,1,21.0,52.0
2024-01-03,Hattie Avenue,Forsyth,36.11094,-80.224501,2024,1,,56.0
2024-01-03,Leggett,Edgecombe,35.988278,-77.5843,2024,1,,41.0
2024-01-03,Mendenhall School,Guilford,36.1090060008986,-79.802314,2024,1,,55.0
2024-01-03,Millbrook School,Wake,35.856111,-78.574167,2024,1,21.0,54.0
2024-01-03,Pitt Agri. Center,Pitt,35.6412760008938,-77.360126,2024,1,,52.0
2024-01-03,Rockwell,Rowan,35.551868,-80.395039,2024,1,24.0,55.0
2024-01-03,West Johnston Co.,Johnston,35.59095,-78.4622,2024,1,,54.0
2024-01-04,Bryson City,Swain,35.434767,-83.442133,2024,1,,31.0
2024-01-04,Castle Hayne,New Hanover,34.364167,-77.838611,2024,1,,50.5
2024-01-04,Clemmons Middle,Forsyth,36.026612,-80.341962,2024,1,,32.0
2024-01-04,Durham Armory,Durham,36.0329550008979,-78.904037,2024,1,,55.0
2024-01-04,Frying Pan Mountain,Haywood,35.379167,-82.7925,2024,1,,16.0
2024-01-04,Garinger High School,Mecklenburg,35.2401000008895,-80.785683,2024,1,29.0,33.0
2024-01-04,Hattie Avenue,Forsyth,36.11094,-80.224501,2024,1,,28.0
2024-01-04,Leggett,Edgecombe,35.988278,-77.5843,2024,1,,38.0
2024-01-04,Linville Falls,Avery,35.972347,-81.933072,2024,1,,13.0
2024-01-04,Mendenhall School,Guilford,36.1090060008986,-79.802314,2024,1,,31.0
2024-01-04,Millbrook School,Wake,35.856111,-78.574167,2024,1,28.0,36.5
2024-01-04,Old High School,Swain,35.498711,-83.310242,2024,1,,27.0
2024-01-04,Pitt Agri. Center,Pitt,35.6412760008938,-77.360126,2024,1,,39.0
2024-01-04,Rockwell,Rowan,35.551868,-80.395039,2024,1,28.0,33.0
2024-01-04,West Johnston Co.,Johnston,35.59095,-78.4622,2024,1,,40.0
2024-01-05,Bryson City,Swain,35.434767,-83.442133,2024,1,,45.0
2024-01-05,Castle Hayne,New Hanover,34.364167,-77.838611,2024,1,,34.5
2024-01-05,Clemmons Middle,Forsyth,36.026612,-80.341962,2024,1,,54.0
2024-01-05,Durham Armory,Durham,36.0329550008979,-78.904037,2024,1,,58.0
2024-01-05,Garinger High School,Mecklenburg,35.2401000008895,-80.785683,2024,1,25.0,35.0
2024-01-05,Hattie Avenue,Forsyth,36.11094,-80.224501,2024,1,,46.0
2024-01-05,Leggett,Edgecombe,35.988278,-77.5843,2024,1,,21.0
2024-01-05,Mendenhall School,Guilford,36.1090060008986,-79.802314,2024,1,,51.0
2024-01-05,Millbrook School,Wake,35.856111,-78.574167,2024,1,30.0,34.0
2024-01-05,Pitt Agri. Center,Pitt,35.6412760008938,-77.360126,2024,1,,25.0
2024-01-05,Rockwell,Rowan,35.551868,-80.395039,2024,1,25.0,43.0
2024-01-05,West Johnston Co.,Johnston,35.59095,-78.4622,2024,1,,24.0
2024-01-06,Bryson City,Swain,35.434767,-83.442133,2024,1,,16.0
2024-01-06,Castle Hayne,New Hanover,34.364167,-77.838611,2024,1,,29.0
2024-01-06,Clemmons Middle,Forsyth,36.026612,-80.341962,2024,1,,48.0
2024-01-06,Durham Armory,Durham,36.0329550008979,-78.904037,2024,1,,54.0
2024-01-06,Garinger High School,Mecklenburg,35.2401000008895,-80.785683,2024,1,21.0,23.0
2024-01-06,Hattie Avenue,Forsyth,36.11094,-80.224501,2024,1,,51.0
2024-01-06,Leggett,Edgecombe,35.988278,-77.5843,2024,1,,25.0
2024-01-06,Mendenhall School,Guilford,36.1090060008986,-79.802314,2024,1,,48.0
2024-01-06,Millbrook School,Wake,35.856111,-78.574167,2024,1,24.0,34.0
2024-01-06,Pitt Agri. Center,Pitt,35.6412760008938,-77.360126,2024,1,,18.0
2024-01-06,Rockwell,Rowan,35.551868,-80.395039,2024,1,22.0,39.0
2024-01-06,West Johnston Co.,Johnston,35.59095,-78.4622,2024,1,,20.0
2024-01-07,Bryson City,Swain,35.434767,-83.442133,2024,1,,8.0
2024-01-07,Castle Hayne,New Hanover,34.364167,-77.838611,2024,1,,22.0
2024-01-07,Clemmons Middle,Forsyth,36.026612,-80.341962,2024,1,,23.5
2024-01-07,Durham Armory,Durham,36.0329550008979,-78.904037,2024,1,,42.0
2024-01-07,Frying Pan Mountain,Haywood,35.379167,-82.7925,2024,1,,6.0
2024-01-07,Garinger High School,Mecklenburg,35.2401000008895,-80.785683,2024,1,31.0,15.0
2024-01-07,Hattie Avenue,Forsyth,36.11094,-80.224501,2024,1,,23.0
2024-01-07,Leggett,Edgecombe,35.988278,-77.5843,2024,1,,11.0
2024-01-07,Linville Falls,Avery,35.972347,-81.933072,2024,1,,5.0
2024-01-07,Mendenhall School,Guilford,36.1090060008986,-79.802314,2024,1,,24.0
2024-01-07,Millbrook School,Wake,35.856111,-78.574167,2024,1,30.0,18.5
2024-01-07,Old High School,Swain,35.498711,-83.310242,2024,1,,13.0
2024-01-07,Pitt Agri. Center,Pitt,35.6412760008938,-77.360126,2024,1,,8.0
2024-01-07,Rockwell,Rowan,35.551868,-80.395039,2024,1,32.0,11.0
2024-01-07,West Johnston Co.,Johnston,35.59095,-78.4622,2024,1,,13.0
2024-01-08,Bryson City,Swain,35.434767,-83.442133,2024,1,,17.0
2024-01-08,Castle Hayne,New Hanover,34.364167,-77.838611,2024,1,,23.0
2024-01-08,Clemmons Middle,Forsyth,36.026612,-80.341962,2024,1,,27.0
2024-01-08,Durham Armory,Durham,36.0329550008979,-78.904037,2024,1,,49.0
2024-01-08,Garinger High School,Mecklenburg,35.2401000008895,-80.785683,2024,1,29.0,24.0
2024-01-08,Hattie Avenue,Forsyth,36.11094,-80.224501,2024,1,,26.0
2024-01-08,Leggett,Edgecombe,35.988278,-77.5843,2024,1,,19.0
2024-01-08,Mendenhall School,Guilford,36.1090060008986,-79.802314,2024,1,,27.0
2024-01-08,Millbrook School,Wake,35.856111,-78.574167,2024,1,30.0,23.0
2024-01-08,Old High School,Swain,35.498711,-83.310242,2024,1,,12.0
2024-01-08,Pitt Agri. Center,Pitt,35.6412760008938,-77.360126,2024,1,,11.0
2024-01-08,Rockwell,Rowan,35.551868,-80.395039,2024,1,30.0,27.0
2024-01-08,West Johnston Co.,Johnston,35.59095,-78.4622,2024,1,,23.0
2024-01-09,Bryson City,Swain,35.434767,-83.442133,2024,1,,8.0
2024-01-09,Castle Hayne,New Hanover,34.364167,-77.838611,2024,1,,38.5
2024-01-09,Clemmons Middle,Forsyth,36.026612,-80.341962,2024,1,,25.0
2024-01-09,Durham Armory,Durham,36.0329550008979,-78.904037,2024,1,,36.0
2024-01-09,Garinger High School,Mecklenburg,35.2401000008895,-80.785683,2024,1,34.0,13.0
2024-01-09,Hattie Avenue,Forsyth,36.11094,-80.224501,2024,1,,22.0
2024-01-09,Leggett,Edgecombe,35.988278,-77.5843,2024,1,,38.0
2024-01-09,Mendenhall School,Guilford,36.1090060008986,-79.802314,2024,1,,27.0
2024-01-09,Millbrook School,Wake,35.856111,-78.574167,2024,1,,25.0
2024-01-09,Pitt Agri. Center,Pitt,35.6412760008938,-77.360126,2024,1,,27.0
2024-01-09,Rockwell,Rowan,35.551868,-80.395039,2024,1,34.0,16.0
2024-01-09,West Johnston Co.,Johnston,35.59095,-78.4622,2024,1,,24.0
2024-01-10,Bryson City,Swain,35.434767,-83.442133,2024,1,,20.0
2024-01-10,Castle Hayne,New Hanover,34.364167,-77.838611,2024,1,,28.5
2024-01-10,Clemmons Middle,Forsyth,36.026612,-80.341962,2024,1,,21.0
2024-01-10,Durham Armory,Durham,36.0329550008979,-78.904037,2024,1,,44.0
2024-01-10,Garinger High School,Mecklenburg,35.2401000008895,-80.785683,2024,1,23.0,11.0
2024-01-10,Hattie Avenue,Forsyth,36.11094,-80.224501,2024,1,,19.0
2024-01-10,Leggett,Edgecombe,35.988278,-77.5843,2024,1,,3.0
2024-01-10,Linville Falls,Avery,35.972347,-81.933072,2024,1,,6.0
2024-01-10,Mendenhall School,Guilford,36.1090060008986,-79.802314,2024,1,,24.0
2024-01-10,Millbrook School,Wake,35.856111,-78.574167,2024,1,21.0,22.0
2024-01-10,Pitt Agri. Center,Pitt,35.6412760008938,-77.360126,2024,1,,2.0
2024-01-10,Rockwell,Rowan,35.551868,-80.395039,2024,1,,8.0
2024-01-10,West Johnston Co.,Johnston,35.59095,-78.4622,2024,1,,16.0
2024-01-11,Bryson City,Swain,35.434767,-83.442133,2024,1,,32.0
2024-01-11,Castle Hayne,New Hanover,34.364167,-77.838611,2024,1,,29.5
2024-01-11,Clemmons Middle,Forsyth,36.026612,-80.341962,2024,1,,37.0
2024-01-11,Durham Armory,Durham,36.0329550008979,-78.904037,2024,1,,58.0
2024-01-11,Garinger High School,Mecklenburg,35.2401000008895,-80.785683,2024,1,28.0,45.0
2024-01-11,Hattie Avenue,Forsyth,36.11094,-80.224501,2024,1,,49.0
2024-01-11,Leggett,Edgecombe,35.988278,-77.5843,2024,1,,33.0
2024-01-11,Mendenhall School,Guilford,36.1090060008986,-79.802314,2024,1,,46.0
2024-01-11,Millbrook School,Wake,35.856111,-78.574167,2024,1,23.0,54.0
2024-01-11,Old High School,Swain,35.498711,-83.310242,2024,1,,12.0
2024-01-11,Pitt Agri. Center,Pitt,35.6412760008938,-77.360126,2024,1,,30.0
2024-01-11,Rockwell,Rowan,35.551868,-80.395039,2024,1,,58.0
2024-01-11,West Johnston Co.,Johnston,35.59095,-78.4622,2024,1,,37.0
2024-01-12,Bryson City,Swain,35.434767,-83.442133,2024,1,,33.0
2024-01-12,Castle Hayne,New Hanover,34.364167,-77.838611,2024,1,,42.0
2024-01-12,Clemmons Middle,Forsyth,36.026612,-80.341962,2024,1,,53.0
2024-01-12,Durham Armory,Durham,36.0329550008979,-78.904037,2024,1,,58.0
2024-01-12,Garinger High School,Mecklenburg,35.2401000008895,-80.785683,2024,1,29.0,52.0
2024-01-12,Hattie Avenue,Forsyth,36.11094,-80.224501,2024,1,,49.0
2024-01-12,Leggett,Edgecombe,35.988278,-77.5843,2024,1,,45.0
2024-01-12,Mendenhall School,Guilford,36.1090060008986,-79.802314,2024,1,,55.0
2024-01-12,Millbrook School,Wake,35.856111,-78.574167,2024,1,34.0,57.0
2024-01-12,Pitt Agri. Center,Pitt,35.6412760008938,-77.360126,2024,1,,40.0
2024-01-12,Rockwell,Rowan,35.551868,-80.395039,2024,1,31.0,55.0
2024-01-12,West Johnston Co.,Johnston,35.59095,-78.4622,2024,1,,44.0
2024-01-13,Bryson City,Swain,35.434767,-83.442133,2024,1,,13.0
2024-01-13,Castle Hayne,New Hanover,34.364167,-77.838611,2024,1,,29.0
2024-01-13,Clemmons Middle,Forsyth,36.026612,-80.341962,2024,1,,23.0
2024-01-13,Durham Armory,Durham,36.0329550008979,-78.904037,2024,1,,44.0
2024-01-13,Frying Pan Mountain,Haywood,35.379167,-82.7925,2024,1,,6.0
2024-01-13,Garinger High School,Mecklenburg,35.2401000008895,-80.785683,2024,1,31.0,28.0
2024-01-13,Hattie Avenue,Forsyth,36.11094,-80.224501,2024,1,,24.0
2024-01-13,Leggett,Edgecombe,35.988278,-77.5843,2024,1,,0.0
2024-01-13,Linville Falls,Avery,35.972347,-81.933072,2024,1,,11.0
2024-01-13,Mendenhall School,Guilford,36.1090060008986,-79.802314,2024,1,,22.0
2024-01-13,Millbrook School,Wake,35.856111,-78.574167,2024,1,32.0,21.0
2024-01-13,Pitt Agri. Center,Pitt,35.6412760008938,-77.360126,2024,1,,11.0
2024-01-13,Rockwell,Rowan,35.551868,-80.395039,2024,1,32.0,18.0
2024-01-13,West Johnston Co.,Johnston,35.59095,-78.4622,2024,1,,19.0
2024-01-14,Bryson City,Swain,35.434767,-83.442133,2024,1,,36.0
2024-01-14,Castle Hayne,New Hanover,34.364167,-77.838611,2024,1,,25.0
2024-01-14,Clemmons Middle,Forsyth,36.026612,-80.341962,2024,1,,26.0
2024-01-14,Durham Armory,Durham,36.0329550008979,-78.904037,2024,1,,53.0
2024-01-14,Garinger High School,Mecklenburg,35.2401000008895,-80.785683,2024,1,38.0,23.0
2024-01-14,Hattie Avenue,Forsyth,36.11094,-80.224501,2024,1,,25.0
2024-01-14,Leggett,Edgecombe,35.988278,-77.5843,2024,1,,27.0
2024-01-14,Mendenhall School,Guilford,36.1090060008986,-79.802314,2024,1,,32.0
2024-01-14,Millbrook School,Wake,35.856111,-78.574167,2024,1,33.0,28.0
2024-01-14,Old High School,Swain,35.498711,-83.310242,2024,1,,26.0
2024-01-14,Pitt Agri. Center,Pitt,35.6412760008938,-77.360126,2024,1,,18.0
2024-01-14,Rockwell,Rowan,35.551868,-80.395039,2024,1,36.0,28.0
2024-01-14,West Johnston Co.,Johnston,35.59095,-78.4622,2024,1,,27.0
2024-01-15,Bryson City,Swain,35.434767,-83.442133,2024,1,,43.0
2024-01-15,Castle Hayne,New Hanover,34.364167,-77.838611,2024,1,,22.0
2024-01-15,Clemmons Middle,Forsyth,36.026612,-80.341962,2024,1,,34.0
2024-01-15,Durham Armory,Durham,36.0329550008979,-78.904037,2024,1,,52.0
2024-01-15,Garinger High School,Mecklenburg,35.2401000008895,-80.785683,2024,1,25.0,44.0
2024-01-15,Hattie Avenue,Forsyth,36.11094,-80.224501,2024,1,,33.0
2024-01-15,Leggett,Edgecombe,35.988278,-77.5843,2024,1,,22.0
2024-01-15,Mendenhall School,Guilford,36.1090060008986,-79.802314,2024,1,,39.0
2024-01-15,Millbrook School,Wake,35.856111,-78.574167,2024,1,23.0,28.0
2024-01-15,Pitt Agri. Center,Pitt,35.6412760008938,-77.360126,2024,1,,24.0
2024-01-15,Rockwell,Rowan,35.551868,-80.395039,2024,1,19.0,43.0
2024-01-15,West Johnston Co.,Johnston,35.59095,-78.4622,2024,1,,30.0
2024-01-16,Bryson City,Swain,35.434767,-83.442133,2024,1,,14.0
2024-01-16,Castle Hayne,New Hanover,34.364167,-77.838611,2024,1,,34.5
2024-01-16,Clemmons Middle,Forsyth,36.026612,-80.341962,2024,1,,33.0
2024-01-16,Durham Armory,Durham,36.0329550008979,-78.904037,2024,1,,54.0
2024-01-16,Frying Pan Mountain,Haywood,35.379167,-82.7925,2024,1,,10.0
2024-01-16,Garinger High School,Mecklenburg,35.2401000008895,-80.785683,2024,1,31.0,47.0
2024-01-16,Hattie Avenue,Forsyth,36.11094,-80.224501,2024,1,,29.5
2024-01-16,Leggett,Edgecombe,35.988278,-77.5843,2024,1,,31.0
2024-01-16,Linville Falls,Avery,35.972347,-81.933072,2024,1,,17.0
2024-01-16,Mendenhall School,Guilford,36.1090060008986,-79.802314,2024,1,,39.0
2024-01-16,Millbrook School,Wake,35.856111,-78.574167,2024,1,29.0,38.0
2024-01-16,Pitt Agri. Center,Pitt,35.6412760008938,-77.360126,2024,1,,29.0
2024-01-16,Rockwell,Rowan,35.551868,-80.395039,2024,1,30.0,34.0
2024-01-16,West Johnston Co.,Johnston,35.59095,-78.4622,2024,1,,32.0
2024-01-17,Bryson City,Swain,35.434767,-83.442133,2024,1,,12.0
2024-01-17,Castle Hayne,New Hanover,34.364167,-77.838611,2024,1,,36.0
2024-01-17,Clemmons Middle,Forsyth,36.026612,-80.341962,2024,1,,40.0
2024-01-17,Durham Armory,Durham,36.0329550008979,-78.904037,2024,1,,55.0
2024-01-17,Garinger High School,Mecklenburg,35.2401000008895,-80.785683,2024,1,30.0,31.0
2024-01-17,Hattie Avenue,Forsyth,36.11094,-80.224501,2024,1,,26.0
2024-01-17,Leggett,Edgecombe,35.988278,-77.5843,2024,1,,19.0
2024-01-17,Millbrook School,Wake,35.856111,-78.574167,2024,1,31.0,29.0
2024-01-17,Old High School,Swain,35.498711,-83.310242,2024,1,,13.0
2024-01-17,Pitt Agri. Center,Pitt,35.6412760008938,-77.360126,2024,1,,20.0
2024-01-17,Rockwell,Rowan,35.551868,-80.395039,2024,1,31.0,24.0
2024-01-17,West Johnston Co.,Johnston,35.59095,-78.4622,2024,1,,22.0
2024-01-18,Bryson City,Swain,35.434767,-83.442133,2024,1,,32.0
2024-01-18,Castle Hayne,New Hanover,34.364167,-77.838611,2024,1,,40.5
2024-01-18,Clemmons Middle,Forsyth,36.026612,-80.341962,2024,1,,54.0
2024-01-18,Durham Armory,Durham,36.0329550008979,-78.904037,2024,1,,56.0
2024-01-18,Garinger High School,Mecklenburg,35.2401000008895,-80.785683,2024,1,33.0,39.0
2024-01-18,Hattie Avenue,Forsyth,36.11094,-80.224501,2024,1,,41.0
2024-01-18,Leggett,Edgecombe,35.988278,-77.5843,2024,1,,39.0
2024-01-18,Millbrook School,Wake,35.856111,-78.574167,2024,1,32.0,47.0
2024-01-18,Pitt Agri. Center,Pitt,35.6412760008938,-77.360126,2024,1,,38.0
2024-01-18,Rockwell,Rowan,35.551868,-80.395039,2024,1,32.0,42.0
2024-01-18,West Johnston Co.,Johnston,35.59095,-78.4622,2024,1,,44.0
2024-01-19,Bryson City,Swain,35.434767,-83.442133,2024,1,,22.0
2024-01-19,Castle Hayne,New Hanover,34.364167,-77.838611,2024,1,,37.0
2024-01-19,Clemmons Middle,Forsyth,36.026612,-80.341962,2024,1,,31.5
2024-01-19,Durham Armory,Durham,36.0329550008979,-78.904037,2024,1,,60.0
2024-01-19,Frying Pan Mountain,Haywood,35.379167,-82.7925,2024,1,,15.0
2024-01-19,Garinger High School,Mecklenburg,35.2401000008895,-80.785683,2024,1,33.0,34.5
2024-01-19,Hattie Avenue,Forsyth,36.11094,-80.224501,2024,1,,33.5
2024-01-19,Leggett,Edgecombe,35.988278,-77.5843,2024,1,,27.0
2024-01-19,Linville Falls,Avery,35.972347,-81.933072,2024,1,,23.0
2024-01-19,Millbrook School,Wake,35.856111,-78.574167,2024,1,33.0,41.5
2024-01-19,Pitt Agri. Center,Pitt,35.6412760008938,-77.360126,2024,1,,34.0
2024-01-19,Rockwell,Rowan,35.551868,-80.395039,2024,1,33.0,31.0
2024-01-19,West Johnston Co.,Johnston,35.59095,-78.4622,2024,1,,43.0
2024-01-20,Bryson City,Swain,35.434767,-83.442133,2024,1,,12.0
2024-01-20,Castle Hayne,New Hanover,34.364167,-77.838611,2024,1,,43.5
2024-01-20,Clemmons Middle,Forsyth,36.026612,-80.341962,2024,1,,31.0
2024-01-20,Durham Armory,Durham,36.0329550008979,-78.904037,2024,1,,55.0
2024-01-20,Garinger High School,Mecklenburg,35.2401000008895,-80.785683,2024,1,32.0,27.0
2024-01-20,Hattie Avenue,Forsyth,36.11094,-80.224501,2024,1,,29.0
2024-01-20,Leggett,Edgecombe,35.988278,-77.5843,2024,1,,19.0
2024-01-20,Millbrook School,Wake,35.856111,-78.574167,2024,1,31.0,26.5
2024-01-20,Pitt Agri. Center,Pitt,35.6412760008938,-77.360126,2024,1,,25.0
2024-01-20,Rockwell,Rowan,35.551868,-80.395039,2024,1,31.0,23.0
2024-01-20,West Johnston Co.,Johnston,35.59095,-78.4622,2024,1,,23.0
2024-01-21,Bryson City,Swain,35.434767,-83.442133,2024,1,,30.0
2024-01-21,Castle Hayne,New Hanover,34.364167,-77.838611,2024,1,,27.5
2024-01-21,Clemmons Middle,Forsyth,36.026612,-80.341962,2024,1,,34.0
2024-01-21,Durham Armory,Durham,36.0329550008979,-78.904037,2024,1,,55.0
2024-01-21,Garinger High School,Mecklenburg,35.2401000008895,-80.785683,2024,1,31.0,35.0
2024-01-21,Hattie Avenue,Forsyth,36.11094,-80.224501,2024,1,,28.0
2024-01-21,Millbrook School,Wake,35.856111,-78.574167,2024,1,33.0,33.0
2024-01-21,Pitt Agri. Center,Pitt,35.6412760008938,-77.360126,2024,1,,18.0
2024-01-21,Rockwell,Rowan,35.551868,-80.395039,2024,1,32.0,25.0
2024-01-21,West Johnston Co.,Johnston,35.59095,-78.4622,2024,1,,29.0
2024-01-22,Bryson City,Swain,35.434767,-83.442133,2024,1,,34.0
2024-01-22,Castle Hayne,New Hanover,34.364167,-77.838611,2024,1,,33.5
2024-01-22,Clemmons Middle,Forsyth,36.026612,-80.341962,2024,1,,59.0
2024-01-22,Durham Armory,Durham,36.0329550008979,-78.904037,2024,1,,68.0
2024-01-22,Frying Pan Mountain,Haywood,35.379167,-82.7925,2024,1,,4.0
2024-01-22,Garinger High School,Mecklenburg,35.2401000008895,-80.785683,2024,1,33.0,62.5
2024-01-22,Hattie Avenue,Forsyth,36.11094,-80.224501,2024,1,,59.0
2024-01-22,Linville Falls,Avery,35.972347,-81.933072,2024,1,,16.0
2024-01-22,Millbrook School,Wake,35.856111,-78.574167,2024,1,32.0,62.0
2024-01-22,Old High School,Swain,35.498711,-83.310242,2024,1,,11.0
2024-01-22,Pitt Agri. Center,Pitt,35.6412760008938,-77.360126,2024,1,,46.0
2024-01-22,Rockwell,Rowan,35.551868,-80.395039,2024,1,34.0,64.0
2024-01-22,West Johnston Co.,Johnston,35.59095,-78.4622,2024,1,,46.0
2024-01-23,Bryson City,Swain,35.434767,-83.442133,2024,1,,48.0
2024-01-23,Castle Hayne,New Hanover,34.364167,-77.838611,2024,1,,23.5
2024-01-23,Clemmons Middle,Forsyth,36.026612,-80.341962,2024,1,,80.0
2024-01-23,Durham Armory,Durham,36.0329550008979,-78.904037,2024,1,,75.0
2024-01-23,Garinger High School,Mecklenburg,35.2401000008895,-80.785683,2024,1,,61.0
2024-01-23,Hattie Avenue,Forsyth,36.11094,-80.224501,2024,1,,63.0
2024-01-23,Mendenhall School,Guilford,36.1090060008986,-79.802314,2024,1,,60.0
2024-01-23,Millbrook School,Wake,35.856111,-78.574167,2024,1,10.0,63.0
2024-01-23,Pitt Agri. Center,Pitt,35.6412760008938,-77.360126,2024,1,,51.0
2024-01-23,Rockwell,Rowan,35.551868,-80.395039,2024,1,15.0,66.0
2024-01-23,West Johnston Co.,Johnston,35.59095,-78.4622,2024,1,,55.0
2024-01-24,Bryson City,Swain,35.434767,-83.442133,2024,1,,32.0
2024-01-24,Castle Hayne,New Hanover,34.364167,-77.838611,2024,1,,18.0
2024-01-24,Clemmons Middle,Forsyth,36.026612,-80.341962,2024,1,,61.0
2024-01-24,Durham Armory,Durham,36.0329550008979,-78.904037,2024,1,,62.0
2024-01-24,Garinger High School,Mecklenburg,35.2401000008895,-80.785683,2024,1,26.0,54.0
2024-01-24,Hattie Avenue,Forsyth,36.11094,-80.224501,2024,1,,55.0
2024-01-24,Mendenhall School,Guilford,36.1090060008986,-79.802314,2024,1,,55.0
2024-01-24,Millbrook School,Wake,35.856111,-78.574167,2024,1,32.0,57.0
2024-01-24,Pitt Agri. Center,Pitt,35.6412760008938,-77.360126,2024,1,,28.0
2024-01-24,Rockwell,Rowan,35.551868,-80.395039,2024,1,26.0,59.0
2024-01-24,West Johnston Co.,Johnston,35.59095,-78.4622,2024,1,,38.0
2024-01-25,Bryson City,Swain,35.434767,-83.442133,2024,1,,10.0
2024-01-25,Castle Hayne,New Hanover,34.364167,-77.838611,2024,1,,15.5
2024-01-25,Clemmons Middle,Forsyth,36.026612,-80.341962,2024,1,,14.0
2024-01-25,Durham Armory,Durham,36.0329550008979,-78.904037,2024,1,,17.0
2024-01-25,Frying Pan Mountain,Haywood,35.379167,-82.7925,2024,1,,2.0
2024-01-25,Garinger High School,Mecklenburg,35.2401000008895,-80.785683,2024,1,22.0,10.5
2024-01-25,Hattie Avenue,Forsyth,36.11094,-80.224501,2024,1,,15.5
2024-01-25,Leggett,Edgecombe,35.988278,-77.5843,2024,1,,17.0
2024-01-25,Linville Falls,Avery,35.972347,-81.933072,2024,1,,5.0
2024-01-25,Mendenhall School,Guilford,36.1090060008986,-79.802314,2024,1,,17.0
2024-01-25,Millbrook School,Wake,35.856111,-78.574167,2024,1,23.0,19.5
2024-01-25,Old High School,Swain,35.498711,-83.310242,2024,1,,9.0
2024-01-25,Pitt Agri. Center,Pitt,35.6412760008938,-77.360126,2024,1,,18.0
2024-01-25,Rockwell,Rowan,35.551868,-80.395039,2024,1,22.0,11.0
2024-01-25,West Johnston Co.,Johnston,35.59095,-78.4622,2024,1,,6.0
2024-01-26,Bryson City,Swain,35.434767,-83.442133,2024,1,,12.0
2024-01-26,Castle Hayne,New Hanover,34.364167,-77.838611,2024,1,,23.0
2024-01-26,Clemmons Middle,Forsyth,36.026612,-80.341962,2024,1,,48.0
2024-01-26,Durham Armory,Durham,36.0329550008979,-78.904037,2024,1,,28.0
2024-01-26,Garinger High School,Mecklenburg,35.2401000008895,-80.785683,2024,1,27.0,24.0
2024-01-26,Hattie Avenue,Forsyth,36.11094,-80.224501,2024,1,,36.0
2024-01-26,Leggett,Edgecombe,35.988278,-77.5843,2024,1,,18.0
2024-01-26,Mendenhall School,Guilford,36.1090060008986,-79.802314,2024,1,,29.0
2024-01-26,Millbrook School,Wake,35.856111,-78.574167,2024,1,22.0,35.0
2024-01-26,Pitt Agri. Center,Pitt,35.6412760008938,-77.360126,2024,1,,31.0
2024-01-26,Rockwell,Rowan,35.551868,-80.395039,2024,1,26.0,25.0
2024-01-26,West Johnston Co.,Johnston,35.59095,-78.4622,2024,1,,27.0
2024-01-27,Bryson City,Swain,35.434767,-83.442133,2024,1,,17.0
2024-01-27,Castle Hayne,New Hanover,34.364167,-77.838611,2024,1,,30.5
2024-01-27,Clemmons Middle,Forsyth,36.026612,-80.341962,2024,1,,37.0
2024-01-27,Durham Armory,Durham,36.0329550008979,-78.904037,2024,1,,42.0
2024-01-27,Garinger High School,Mecklenburg,35.2401000008895,-80.785683,2024,1,24.0,34.0
2024-01-27,Hattie Avenue,Forsyth,36.11094,-80.224501,2024,1,,24.0
2024-01-27,Leggett,Edgecombe,35.988278,-77.5843,2024,1,,19.0
2024-01-27,Mendenhall School,Guilford,36.1090060008986,-79.802314,2024,1,,24.0
2024-01-27,Millbrook School,Wake,35.856111,-78.574167,2024,1,26.0,35.0
2024-01-27,Pitt Agri. Center,Pitt,35.6412760008938,-77.360126,2024,1,,27.0
2024-01-27,Rockwell,Rowan,35.551868,-80.395039,2024,1,25.0,43.0
2024-01-27,West Johnston Co.,Johnston,35.59095,-78.4622,2024,1,,44.0
2024-01-28,Bryson City,Swain,35.434767,-83.442133,2024,1,,0.0
2024-01-28,Castle Hayne,New Hanover,34.364167,-77.838611,2024,1,,15.0
2024-01-28,Clemmons Middle,Forsyth,36.026612,-80.341962,2024,1,,8.0
2024-01-28,Durham Armory,Durham,36.0329550008979,-78.904037,2024,1,,30.0
2024-01-28,Frying Pan Mountain,Haywood,35.379167,-82.7925,2024,1,,0.0
2024-01-28,Garinger High School,Mecklenburg,35.2401000008895,-80.785683,2024,1,23.0,8.5
2024-01-28,Hattie Avenue,Forsyth,36.11094,-80.224501,2024,1,,5.5
2024-01-28,Leggett,Edgecombe,35.988278,-77.5843,2024,1,,14.0
2024-01-28,Linville Falls,Avery,35.972347,-81.933072,2024,1,,2.0
2024-01-28,Mendenhall School,Guilford,36.1090060008986,-79.802314,2024,1,,8.0
2024-01-28,Millbrook School,Wake,35.856111,-78.574167,2024,1,24.0,16.0
2024-01-28,Old High School,Swain,35.498711,-83.310242,2024,1,,4.0
2024-01-28,Pitt Agri. Center,Pitt,35.6412760008938,-77.360126,2024,1,,16.0
2024-01-28,Rockwell,Rowan,35.551868,-80.395039,2024,1,24.0,4.0
2024-01-28,West Johnston Co.,Johnston,35.59095,-78.4622,2024,1,,8.0
2024-01-29,Bryson City,Swain,35.434767,-83.442133,2024,1,,4.0
2024-01-29,Castle Hayne,New Hanover,34.364167,-77.838611,2024,1,,15.0
2024-01-29,Clemmons Middle,Forsyth,36.026612,-80.341962,2024,1,,4.0
2024-01-29,Durham Armory,Durham,36.0329550008979,-78.904037,2024,1,,32.0
2024-01-29,Garinger High School,Mecklenburg,35.2401000008895,-80.785683,2024,1,32.0,5.0
2024-01-29,Hattie Avenue,Forsyth,36.11094,-80.224501,2024,1,,4.0
2024-01-29,Leggett,Edgecombe,35.988278,-77.5843,2024,1,,8.0
2024-01-29,Mendenhall School,Guilford,36.1090060008986,-79.802314,2024,1,,0.0
2024-01-29,Millbrook School,Wake,35.856111,-78.574167,2024,1,31.0,6.0
2024-01-29,Pitt Agri. Center,Pitt,35.6412760008938,-77.360126,2024,1,,4.0
2024-01-29,Rockwell,Rowan,35.551868,-80.395039,2024,1,33.0,2.0
2024-01-29,West Johnston Co.,Johnston,35.59095,-78.4622,2024,1,,12.0
2024-01-30,Bryson City,Swain,35.434767,-83.442133,2024,1,,9.0
2024-01-30,Castle Hayne,New Hanover,34.364167,-77.838611,2024,1,,24.0
2024-01-30,Clemmons Middle,Forsyth,36.026612,-80.341962,2024,1,,27.0
2024-01-30,Durham Armory,Durham,36.0329550008979,-78.904037,2024,1,,49.0
2024-01-30,Garinger High School,Mecklenburg,35.2401000008895,-80.785683,2024,1,31.0,20.0
2024-01-30,Hattie Avenue,Forsyth,36.11094,-80.224501,2024,1,,28.0
2024-01-30,Leggett,Edgecombe,35.988278,-77.5843,2024,1,,20.0
2024-01-30,Mendenhall School,Guilford,36.1090060008986,-79.802314,2024,1,,19.0
2024-01-30,Millbrook School,Wake,35.856111,-78.574167,2024,1,29.0,24.5
2024-01-30,Pitt Agri. Center,Pitt,35.6412760008938,-77.360126,2024,1,,22.0
2024-01-30,Rockwell,Rowan,35.551868,-80.395039,2024,1,31.0,24.0
2024-01-30,West Johnston Co.,Johnston,35.59095,-78.4622,2024,1,,23.0
2024-01-31,Bryson City,Swain,35.434767,-83.442133,2024,1,,12.0
2024-01-31,Castle Hayne,New Hanover,34.364167,-77.838611,2024,1,,31.5
2024-01-31,Clemmons Middle,Forsyth,36.026612,-80.341962,2024,1,,32.0
2024-01-31,Durham Armory,Durham,36.0329550008979,-78.904037,2024,1,,53.0
2024-01-31,Frying Pan Mountain,Haywood,35.379167,-82.7925,2024,1,,4.0
2024-01-31,Garinger High School,Mecklenburg,35.2401000008895,-80.785683,2024,1,28.0,34.0
2024-01-31,Hattie Avenue,Forsyth,36.11094,-80.224501,2024,1,,34.0
2024-01-31,Leggett,Edgecombe,35.988278,-77.5843,2024,1,,21.0
2024-01-31,Linville Falls,Avery,35.972347,-81.933072,2024,1,,12.0
2024-01-31,Mendenhall School,Guilford,36.1090060008986,-79.802314,2024,1,,35.0
2024-01-31,Millbrook School,Wake,35.856111,-78.574167,2024,1,24.0,26.5
2024-01-31,Old High School,Swain,35.498711,-83.310242,2024,1,,14.0
2024-01-31,Pitt Agri. Center,Pitt,35.6412760008938,-77.360126,2024,1,,22.0
2024-01-31,Rockwell,Rowan,35.551868,-80.395039,2024,1,25.0,34.0
2024-01-31,West Johnston Co.,Johnston,35.59095,-78.4622,2024,1,,27.0
2024-02-01,Bryson City,Swain,35.434767,-83.442133,2024,2,,15.0
2024-02-01,Castle Hayne,New Hanover,34.364167,-77.838611,2024,2,,42.0
2024-02-01,Clemmons Middle,Forsyth,36.026612,-80.341962,2024,2,,27.0
2024-02-01,Durham Armory,Durham,36.0329550008979,-78.904037,2024,2,,54.0
2024-02-01,Garinger High School,Mecklenburg,35.2401000008895,-80.785683,2024,2,30.0,39.0
2024-02-01,Hattie Avenue,Forsyth,36.11094,-80.224501,2024,2,,28.0
2024-02-01,Leggett,Edgecombe,35.988278,-77.5843,2024,2,,30.0
2024-02-01,Mendenhall School,Guilford,36.1090060008986,-79.802314,2024,2,,28.0
2024-02-01,Millbrook School,Wake,35.856111,-78.574167,2024,2,25.0,33.0
2024-02-01,Pitt Agri. Center,Pitt,35.6412760008938,-77.360126,2024,2,,39.0
2024-02-01,Rockwell,Rowan,35.551868,-80.395039,2024,2,26.0,39.0
2024-02-01,West Johnston Co.,Johnston,35.59095,-78.4622,2024,2,,53.0
2024-02-02,Bryson City,Swain,35.434767,-83.442133,2024,2,,41.0
2024-02-02,Castle Hayne,New Hanover,34.364167,-77.838611,2024,2,,52.5
2024-02-02,Clemmons Middle,Forsyth,36.026612,-80.341962,2024,2,,41.0
2024-02-02,Durham Armory,Durham,36.0329550008979,-78.904037,2024,2,,56.0
2024-02-02,Garinger High School,Mecklenburg,35.2401000008895,-80.785683,2024,2,37.0,39.0
2024-02-02,Hattie Avenue,Forsyth,36.11094,-80.224501,2024,2,,40.0
2024-02-02,Leggett,Edgecombe,35.988278,-77.5843,2024,2,,31.0
2024-02-02,Mendenhall School,Guilford,36.1090060008986,-79.802314,2024,2,,35.0
2024-02-02,Millbrook School,Wake,35.856111,-78.574167,2024,2,35.0,32.0
2024-02-02,Pitt Agri. Center,Pitt,35.6412760008938,-77.360126,2024,2,,40.0
2024-02-02,Rockwell,Rowan,35.551868,-80.395039,2024,2,37.0,38.0
2024-02-02,West Johnston Co.,Johnston,35.59095,-78.4622,2024,2,,41.0
2024-02-03,Bryson City,Swain,35.434767,-83.442133,2024,2,,53.0
2024-02-03,Castle Hayne,New Hanover,34.364167,-77.838611,2024,2,,28.5
2024-02-03,Clemmons Middle,Forsyth,36.026612,-80.341962,2024,2,,29.0
2024-02-03,Durham Armory,Durham,36.0329550008979,-78.904037,2024,2,,55.0
2024-02-03,Frying Pan Mountain,Haywood,35.379167,-82.7925,2024,2,,19.0
2024-02-03,Garinger High School,Mecklenburg,35.2401000008895,-80.785683,2024,2,29.0,35.0
2024-02-03,Hattie Avenue,Forsyth,36.11094,-80.224501,2024,2,,29.5
2024-02-03,Leggett,Edgecombe,35.988278,-77.5843,2024,2,,4.0
2024-02-03,Linville Falls,Avery,35.972347,-81.933072,2024,2,,26.0
2024-02-03,Millbrook School,Wake,35.856111,-78.574167,2024,2,26.0,25.0
2024-02-03,Old High School,Swain,35.498711,-83.310242,2024,2,,33.0
2024-02-03,Pitt Agri. Center,Pitt,35.6412760008938,-77.360126,2024,2,,12.0
2024-02-03,Rockwell,Rowan,35.551868,-80.395039,2024,2,28.0,30.0
2024-02-03,West Johnston Co.,Johnston,35.59095,-78.4622,2024,2,,41.0
2024-02-04,Bryson City,Swain,35.434767,-83.442133,2024,2,,23.0
2024-02-04,Castle Hayne,New Hanover,34.364167,-77.838611,2024,2,,43.5
2024-02-04,Clemmons Middle,Forsyth,36.026612,-80.341962,2024,2,,43.0
2024-02-04,Durham Armory,Durham,36.0329550008979,-78.904037,2024,2,,54.0
2024-02-04,Garinger High School,Mecklenburg,35.2401000008895,-80.785683,2024,2,33.0,40.0
2024-02-04,Hattie Avenue,Forsyth,36.11094,-80.224501,2024,2,,37.0
2024-02-04,Leggett,Edgecombe,35.988278,-77.5843,2024,2,,27.0
2024-02-04,Millbrook School,Wake,35.856111,-78.574167,2024,2,32.0,37.0
2024-02-04,Pitt Agri. Center,Pitt,35.6412760008938,-77.360126,2024,2,,22.0
2024-02-04,Rockwell,Rowan,35.551868,-80.395039,2024,2,33.0,54.0
2024-02-04,West Johnston Co.,Johnston,35.59095,-78.4622,2024,2,,33.0
2024-02-05,Bryson City,Swain,35.434767,-83.442133,2024,2,,18.0
2024-02-05,Castle Hayne,New Hanover,34.364167,-77.838611,2024,2,,51.0
2024-02-05,Clemmons Middle,Forsyth,36.026612,-80.341962,2024,2,,31.0
2024-02-05,Durham Armory,Durham,36.0329550008979,-78.904037,2024,2,,53.0
2024-02-05,Garinger High School,Mecklenburg,35.2401000008895,-80.785683,2024,2,37.0,33.0
2024-02-05,Hattie Avenue,Forsyth,36.11094,-80.224501,2024,2,,27.0
2024-02-05,Leggett,Edgecombe,35.988278,-77.5843,2024,2,,27.0
2024-02-05,Millbrook School,Wake,35.856111,-78.574167,2024,2,39.0,30.0
2024-02-05,Pitt Agri. Center,Pitt,35.6412760008938,-77.360126,2024,2,,25.0
2024-02-05,Rockwell,Rowan,35.551868,-80.395039,2024,2,37.0,29.0
2024-02-05,West Johnston Co.,Johnston,35.59095,-78.4622,2024,2,,22.0
2024-02-06,Bryson City,Swain,35.434767,-83.442133,2024,2,,19.0
2024-02-06,Castle Hayne,New Hanover,34.364167,-77.838611,2024,2,,24.0
2024-02-06,Clemmons Middle,Forsyth,36.026612,-80.341962,2024,2,,31.5
2024-02-06,Durham Armory,Durham,36.0329550008979,-78.904037,2024,2,,54.0
2024-02-06,Frying Pan Mountain,Haywood,35.379167,-82.7925,2024,2,,14.0
2024-02-06,Garinger High School,Mecklenburg,35.2401000008895,-80.785683,2024,2,32.0,36.0
2024-02-06,Hattie Avenue,Forsyth,36.11094,-80.224501,2024,2,,33.5
2024-02-06,Leggett,Edgecombe,35.988278,-77.5843,2024,2,,19.0
2024-02-06,Linville Falls,Avery,35.972347,-81.933072,2024,2,,22.0
2024-02-06,Mendenhall School,Guilford,36.1090060008986,-79.802314,2024,2,,32.0
2024-02-06,Millbrook School,Wake,35.856111,-78.574167,2024,2,36.0,26.0
2024-02-06,Old High School,Swain,35.498711,-83.310242,2024,2,,15.0
2024-02-06,Pitt Agri. Center,Pitt,35.6412760008938,-77.360126,2024,2,,18.0
2024-02-06,Rockwell,Rowan,35.551868,-80.395039,2024,2,31.0,36.0
2024-02-06,West Johnston Co.,Johnston,35.59095,-78.4622,2024,2,,28.0
2024-02-07,Bryson City,Swain,35.434767,-83.442133,2024,2,,18.0
2024-02-07,Castle Hayne,New Hanover,34.364167,-77.838611,2024,2,,31.0
2024-02-07,Clemmons Middle,Forsyth,36.026612,-80.341962,2024,2,,31.0
2024-02-07,Durham Armory,Durham,36.0329550008979,-78.904037,2024,2,,57.0
2024-02-07,Garinger High School,Mecklenburg,35.2401000008895,-80.785683,2024,2,35.0,44.0
2024-02-07,Hattie Avenue,Forsyth,36.11094,-80.224501,2024,2,,32.0
2024-02-07,Leggett,Edgecombe,35.988278,-77.5843,2024,2,,21.0
2024-02-07,Mendenhall School,Guilford,36.1090060008986,-79.802314,2024,2,,37.0
2024-02-07,Millbrook School,Wake,35.856111,-78.574167,2024,2,35.0,32.0
2024-02-07,Pitt Agri. Center,Pitt,35.6412760008938,-77.360126,2024,2,,23.0
2024-02-07,Rockwell,Rowan,35.551868,-80.395039,2024,2,35.0,36.0
2024-02-07,West Johnston Co.,Johnston,35.59095,-78.4622,2024,2,,24.0
2024-02-08,Bryson City,Swain,35.434767,-83.442133,2024,2,,48.0
2024-02-08,Castle Hayne,New Hanover,34.364167,-77.838611,2024,2,,36.0
2024-02-08,Clemmons Middle,Forsyth,36.026612,-80.341962,2024,2,,54.0
2024-02-08,Durham Armory,Durham,36.0329550008979,-78.904037,2024,2,,58.0
2024-02-08,Garinger High School,Mecklenburg,35.2401000008895,-80.785683,2024,2,36.0,57.0
2024-02-08,Hattie Avenue,Forsyth,36.11094,-80.224501,2024,2,,55.0
2024-02-08,Leggett,Edgecombe,35.988278,-77.5843,2024,2,,17.0
2024-02-08,Mendenhall School,Guilford,36.1090060008986,-79.802314,2024,2,,52.0
2024-02-08,Millbrook School,Wake,35.856111,-78.574167,2024,2,29.0,44.0
2024-02-08,Pitt Agri. Center,Pitt,35.6412760008938,-77.360126,2024,2,,59.0
2024-02-08,Rockwell,Rowan,35.551868,-80.395039,2024,2,39.0,62.0
2024-02-08,West Johnston Co.,Johnston,35.59095,-78.4622,2024,2,,32.0
2024-02-09,Bryson City,Swain,35.434767,-83.442133,2024,2,,58.0
2024-02-09,Castle Hayne,New Hanover,34.364167,-77.838611,2024,2,,49.5
2024-02-09,Clemmons Middle,Forsyth,36.026612,-80.341962,2024,2,,76.0
2024-02-09,Durham Armory,Durham,36.0329550008979,-78.904037,2024,2,,72.0
2024-02-09,Frying Pan Mountain,Haywood,35.379167,-82.7925,2024,2,,9.0
2024-02-09,Garinger High School,Mecklenburg,35.2401000008895,-80.785683,2024,2,30.0,60.5
2024-02-09,Hattie Avenue,Forsyth,36.11094,-80.224501,2024,2,,70.5
2024-02-09,Leggett,Edgecombe,35.988278,-77.5843,2024,2,,70.0
2024-02-09,Linville Falls,Avery,35.972347,-81.933072,2024,2,,50.0
2024-02-09,Mendenhall School,Guilford,36.1090060008986,-79.802314,2024,2,,69.0
2024-02-09,Millbrook School,Wake,35.856111,-78.574167,2024,2,27.0,62.5
2024-02-09,Old High School,Swain,35.498711,-83.310242,2024,2,,37.0
2024-02-09,Pitt Agri. Center,Pitt,35.6412760008938,-77.360126,2024,2,,53.0
2024-02-09,Rockwell,Rowan,35.551868,-80.395039,2024,2,27.0,64.0
2024-02-09,West Johnston Co.,Johnston,35.59095,-78.4622,2024,2,,65.0
2024-02-10,Bryson City,Swain,35.434767,-83.442133,2024,2,,65.0
2024-02-10,Castle Hayne,New Hanover,34.364167,-77.838611,2024,2,,42.0
2024-02-10,Clemmons Middle,Forsyth,36.026612,-80.341962,2024,2,,72.0
2024-02-10,Durham Armory,Durham,36.0329550008979,-78.904037,2024,2,,63.0
2024-02-10,Garinger High School,Mecklenburg,35.2401000008895,-80.785683,2024,2,34.0,55.0
2024-02-10,Hattie Avenue,Forsyth,36.11094,-80.224501,2024,2,,74.0
2024-02-10,Leggett,Edgecombe,35.988278,-77.5843,2024,2,,61.0
2024-02-10,Mendenhall School,Guilford,36.1090060008986,-79.802314,2024,2,,59.0
2024-02-10,Millbrook School,Wake,35.856111,-78.574167,2024,2,35.0,57.0
2024-02-10,Pitt Agri. Center,Pitt,35.6412760008938,-77.360126,2024,2,,61.0
2024-02-10,Rockwell,Rowan,35.551868,-80.395039,2024,2,34.0,57.0
2024-02-10,West Johnston Co.,Johnston,35.59095,-78.4622,2024,2,,72.0
2024-02-11,Bryson City,Swain,35.434767,-83.442133,2024,2,,35.0
2024-02-11,Castle Hayne,New Hanover,34.364167,-77.838611,2024,2,,26.5
2024-02-11,Clemmons Middle,Forsyth,36.026612,-80.341962,2024,2,,25.0
2024-02-11,Durham Armory,Durham,36.0329550008979,-78.904037,2024,2,,51.0
2024-02-11,Garinger High School,Mecklenburg,35.2401000008895,-80.785683,2024,2,25.0,29.0
2024-02-11,Hattie Avenue,Forsyth,36.11094,-80.224501,2024,2,,25.0
2024-02-11,Leggett,Edgecombe,35.988278,-77.5843,2024,2,,51.0
2024-02-11,Mendenhall School,Guilford,36.1090060008986,-79.802314,2024,2,,29.0
2024-02-11,Millbrook School,Wake,35.856111,-78.574167,2024,2,22.0,46.0
2024-02-11,Pitt Agri. Center,Pitt,35.6412760008938,-77.360126,2024,2,,52.0
2024-02-11,Rockwell,Rowan,35.551868,-80.395039,2024,2,21.0,36.0
2024-02-11,West Johnston Co.,Johnston,35.59095,-78.4622,2024,2,,47.0
2024-02-12,Bryson City,Swain,35.434767,-83.442133,2024,2,,22.0
2024-02-12,Castle Hayne,New Hanover,34.364167,-77.838611,2024,2,,18.0
2024-02-12,Clemmons Middle,Forsyth,36.026612,-80.341962,2024,2,,22.5
2024-02-12,Durham Armory,Durham,36.0329550008979,-78.904037,2024,2,,41.0
2024-02-12,Frying Pan Mountain,Haywood,35.379167,-82.7925,2024,2,,2.0
2024-02-12,Garinger High School,Mecklenburg,35.2401000008895,-80.785683,2024,2,33.0,12.0
2024-02-12,Hattie Avenue,Forsyth,36.11094,-80.224501,2024,2,,25.0
2024-02-12,Leggett,Edgecombe,35.988278,-77.5843,2024,2,,19.0
2024-02-12,Linville Falls,Avery,35.972347,-81.933072,2024,2,,4.0
2024-02-12,Mendenhall School,Guilford,36.1090060008986,-79.802314,2024,2,,21.0
2024-02-12,Millbrook School,Wake,35.856111,-78.574167,2024,2,31.0,25.0
2024-02-12,Old High School,Swain,35.498711,-83.310242,2024,2,,9.0
2024-02-12,Pitt Agri. Center,Pitt,35.6412760008938,-77.360126,2024,2,,19.0
2024-02-12,Rockwell,Rowan,35.551868,-80.395039,2024,2,32.0,11.0
2024-02-12,West Johnston Co.,Johnston,35.59095,-78.4622,2024,2,,18.0
2024-02-13,Bryson City,Swain,35.434767,-83.442133,2024,2,,13.0
2024-02-13,Castle Hayne,New Hanover,34.364167,-77.838611,2024,2,,18.5
2024-02-13,Clemmons Middle,Forsyth,36.026612,-80.341962,2024,2,,13.0
2024-02-13,Durham Armory,Durham,36.0329550008979,-78.904037,2024,2,,37.0
2024-02-13,Garinger High School,Mecklenburg,35.2401000008895,-80.785683,2024,2,37.0,10.0
2024-02-13,Hattie Avenue,Forsyth,36.11094,-80.224501,2024,2,,14.0
2024-02-13,Leggett,Edgecombe,35.988278,-77.5843,2024,2,,9.0
2024-02-13,Mendenhall School,Guilford,36.1090060008986,-79.802314,2024,2,,12.0
2024-02-13,Millbrook School,Wake,35.856111,-78.574167,2024,2,36.0,14.0
2024-02-13,Pitt Agri. Center,Pitt,35.6412760008938,-77.360126,2024,2,,8.0
2024-02-13,Rockwell,Rowan,35.551868,-80.395039,2024,2,36.0,8.0
2024-02-13,West Johnston Co.,Johnston,35.59095,-78.4622,2024,2,,14.0
2024-02-14,Bryson City,Swain,35.434767,-83.442133,2024,2,,21.0
2024-02-14,Castle Hayne,New Hanover,34.364167,-77.838611,2024,2,,30.5
2024-02-14,Clemmons Middle,Forsyth,36.026612,-80.341962,2024,2,,25.0
2024-02-14,Durham Armory,Durham,36.0329550008979,-78.904037,2024,2,,55.0
2024-02-14,Garinger High School,Mecklenburg,35.2401000008895,-80.785683,2024,2,39.0,31.0
2024-02-14,Hattie Avenue,Forsyth,36.11094,-80.224501,2024,2,,26.0
2024-02-14,Leggett,Edgecombe,35.988278,-77.5843,2024,2,,16.0
2024-02-14,Mendenhall School,Guilford,36.1090060008986,-79.802314,2024,2,,29.0
2024-02-14,Millbrook School,Wake,35.856111,-78.574167,2024,2,39.0,28.0
2024-02-14,Pitt Agri. Center,Pitt,35.6412760008938,-77.360126,2024,2,,28.0
2024-02-14,Rockwell,Rowan,35.551868,-80.395039,2024,2,39.0,31.0
2024-02-14,West Johnston Co.,Johnston,35.59095,-78.4622,2024,2,,26.0
2024-02-15,Bryson City,Swain,35.434767,-83.442133,2024,2,,29.0
2024-02-15,Castle Hayne,New Hanover,34.364167,-77.838611,2024,2,,40.0
2024-02-15,Clemmons Middle,Forsyth,36.026612,-80.341962,2024,2,,36.0
2024-02-15,Durham Armory,Durham,36.0329550008979,-78.904037,2024,2,,59.0
2024-02-15,Frying Pan Mountain,Haywood,35.379167,-82.7925,2024,2,,14.0
2024-02-15,Garinger High School,Mecklenburg,35.2401000008895,-80.785683,2024,2,43.0,41.5
2024-02-15,Hattie Avenue,Forsyth,36.11094,-80.224501,2024,2,,37.0
2024-02-15,Leggett,Edgecombe,35.988278,-77.5843,2024,2,,33.0
2024-02-15,Linville Falls,Avery,35.972347,-81.933072,2024,2,,23.0
2024-02-15,Mendenhall School,Guilford,36.1090060008986,-79.802314,2024,2,,36.0
2024-02-15,Millbrook School,Wake,35.856111,-78.574167,2024,2,41.0,54.5
2024-02-15,Old High School,Swain,35.498711,-83.310242,2024,2,,20.0
2024-02-15,Pitt Agri. Center,Pitt,35.6412760008938,-77.360126,2024,2,,37.0
2024-02-15,Rockwell,Rowan,35.551868,-80.395039,2024,2,,52.0
2024-02-15,West Johnston Co.,Johnston,35.59095,-78.4622,2024,2,,39.0
2024-02-16,Bryson City,Swain,35.434767,-83.442133,2024,2,,52.0
2024-02-16,Castle Hayne,New Hanover,34.364167,-77.838611,2024,2,,36.0
2024-02-16,Clemmons Middle,Forsyth,36.026612,-80.341962,2024,2,,40.0
2024-02-16,Durham Armory,Durham,36.0329550008979,-78.904037,2024,2,,55.0
2024-02-16,Garinger High School,Mecklenburg,35.2401000008895,-80.785683,2024,2,36.0,49.0
2024-02-16,Hattie Avenue,Forsyth,36.11094,-80.224501,2024,2,,41.0
2024-02-16,Leggett,Edgecombe,35.988278,-77.5843,2024,2,,30.0
2024-02-16,Mendenhall School,Guilford,36.1090060008986,-79.802314,2024,2,,39.0
2024-02-16,Millbrook School,Wake,35.856111,-78.574167,2024,2,36.0,37.0
2024-02-16,Pitt Agri. Center,Pitt,35.6412760008938,-77.360126,2024,2,,33.0
2024-02-16,Rockwell,Rowan,35.551868,-80.395039,2024,2,35.0,46.0
2024-02-16,West Johnston Co.,Johnston,35.59095,-78.4622,2024,2,,49.0
2024-02-17,Bryson City,Swain,35.434767,-83.442133,2024,2,,16.0
2024-02-17,Castle Hayne,New Hanover,34.364167,-77.838611,2024,2,,54.0
2024-02-17,Clemmons Middle,Forsyth,36.026612,-80.341962,2024,2,,30.0
2024-02-17,Durham Armory,Durham,36.0329550008979,-78.904037,2024,2,,57.0
2024-02-17,Garinger High School,Mecklenburg,35.2401000008895,-80.785683,2024,2,36.0,29.0
2024-02-17,Hattie Avenue,Forsyth,36.11094,-80.224501,2024,2,,31.0
2024-02-17,Leggett,Edgecombe,35.988278,-77.5843,2024,2,,24.0
2024-02-17,Mendenhall School,Guilford,36.1090060008986,-79.802314,2024,2,,27.0
2024-02-17,Millbrook School,Wake,35.856111,-78.574167,2024,2,37.0,36.0
2024-02-17,Pitt Agri. Center,Pitt,35.6412760008938,-77.360126,2024,2,,28.0
2024-02-17,Rockwell,Rowan,35.551868,-80.395039,2024,2,36.0,25.0
2024-02-17,West Johnston Co.,Johnston,35.59095,-78.4622,2024,2,,38.0
2024-02-18,Bryson City,Swain,35.434767,-83.442133,2024,2,,13.0
2024-02-18,Castle Hayne,New Hanover,34.364167,-77.838611,2024,2,,24.0
2024-02-18,Clemmons Middle,Forsyth,36.026612,-80.341962,2024,2,,25.5
2024-02-18,Durham Armory,Durham,36.0329550008979,-78.904037,2024,2,,57.0
2024-02-18,Frying Pan Mountain,Haywood,35.379167,-82.7925,2024,2,,7.0
2024-02-18,Garinger High School,Mecklenburg,35.2401000008895,-80.785683,2024,2,34.0,30.5
2024-02-18,Hattie Avenue,Forsyth,36.11094,-80.224501,2024,2,,27.0
2024-02-18,Leggett,Edgecombe,35.988278,-77.5843,2024,2,,22.0
2024-02-18,Linville Falls,Avery,35.972347,-81.933072,2024,2,,9.0
2024-02-18,Mendenhall School,Guilford,36.1090060008986,-79.802314,2024,2,,29.0
2024-02-18,Millbrook School,Wake,35.856111,-78.574167,2024,2,34.0,28.0
2024-02-18,Old High School,Swain,35.498711,-83.310242,2024,2,,15.0
2024-02-18,Pitt Agri. Center,Pitt,35.6412760008938,-77.360126,2024,2,,24.0
2024-02-18,Rockwell,Rowan,35.551868,-80.395039,2024,2,33.0,36.0
2024-02-18,West Johnston Co.,Johnston,35.59095,-78.4622,2024,2,,32.0
2024-02-19,Bryson City,Swain,35.434767,-83.442133,2024,2,,12.0
2024-02-19,Castle Hayne,New Hanover,34.364167,-77.838611,2024,2,,34.0
2024-02-19,Clemmons Middle,Forsyth,36.026612,-80.341962,2024,2,,33.0
2024-02-19,Durham Armory,Durham,36.0329550008979,-78.904037,2024,2,,61.0
2024-02-19,Garinger High School,Mecklenburg,35.2401000008895,-80.785683,2024,2,39.0,40.0
2024-02-19,Hattie Avenue,Forsyth,36.11094,-80.224501,2024,2,,30.0
2024-02-19,Leggett,Edgecombe,35.988278,-77.5843,2024,2,,31.0
2024-02-19,Mendenhall School,Guilford,36.1090060008986,-79.802314,2024,2,,32.0
2024-02-19,Millbrook School,Wake,35.856111,-78.574167,2024,2,41.0,33.0
2024-02-19,Pitt Agri. Center,Pitt,35.6412760008938,-77.360126,2024,2,,27.0
2024-02-19,Rockwell,Rowan,35.551868,-80.395039,2024,2,41.0,57.0
2024-02-19,West Johnston Co.,Johnston,35.59095,-78.4622,2024,2,,36.0
2024-02-20,Bryson City,Swain,35.434767,-83.442133,2024,2,,32.0
2024-02-20,Castle Hayne,New Hanover,34.364167,-77.838611,2024,2,,59.5
2024-02-20,Clemmons Middle,Forsyth,36.026612,-80.341962,2024,2,,53.0
2024-02-20,Durham Armory,Durham,36.0329550008979,-78.904037,2024,2,,61.0
2024-02-20,Garinger High School,Mecklenburg,35.2401000008895,-80.785683,2024,2,44.0,54.0
2024-02-20,Hattie Avenue,Forsyth,36.11094,-80.224501,2024,2,,48.0
2024-02-20,Leggett,Edgecombe,35.988278,-77.5843,2024,2,,33.0
2024-02-20,Mendenhall School,Guilford,36.1090060008986,-79.802314,2024,2,,49.0
2024-02-20,Millbrook School,Wake,35.856111,-78.574167,2024,2,43.0,39.0
2024-02-20,Pitt Agri. Center,Pitt,35.6412760008938,-77.360126,2024,2,,27.0
2024-02-20,Rockwell,Rowan,35.551868,-80.395039,2024,2,42.0,60.0
2024-02-20,West Johnston Co.,Johnston,35.59095,-78.4622,2024,2,,34.0
2024-02-21,Bryson City,Swain,35.434767,-83.442133,2024,2,,61.0
2024-02-21,Castle Hayne,New Hanover,34.364167,-77.838611,2024,2,,25.5
2024-02-21,Clemmons Middle,Forsyth,36.026612,-80.341962,2024,2,,55.0
2024-02-21,Durham Armory,Durham,36.0329550008979,-78.904037,2024,2,,61.0
2024-02-21,Frying Pan Mountain,Haywood,35.379167,-82.7925,2024,2,,47.0
2024-02-21,Garinger High School,Mecklenburg,35.2401000008895,-80.785683,2024,2,40.0,57.0
2024-02-21,Hattie Avenue,Forsyth,36.11094,-80.224501,2024,2,,55.0
2024-02-21,Leggett,Edgecombe,35.988278,-77.5843,2024,2,,20.0
2024-02-21,Linville Falls,Avery,35.972347,-81.933072,2024,2,,52.0
2024-02-21,Mendenhall School,Guilford,36.1090060008986,-79.802314,2024,2,,54.0
2024-02-21,Millbrook School,Wake,35.856111,-78.574167,2024,2,43.0,33.5
2024-02-21,Old High School,Swain,35.498711,-83.310242,2024,2,,53.0
2024-02-21,Pitt Agri. Center,Pitt,35.6412760008938,-77.360126,2024,2,,24.0
2024-02-21,Rockwell,Rowan,35.551868,-80.395039,2024,2,44.0,74.0
2024-02-21,West Johnston Co.,Johnston,35.59095,-78.4622,2024,2,,33.0
2024-02-22,Bryson City,Swain,35.434767,-83.442133,2024,2,,61.0
2024-02-22,Castle Hayne,New Hanover,34.364167,-77.838611,2024,2,,55.5
2024-02-22,Clemmons Middle,Forsyth,36.026612,-80.341962,2024,2,,85.0
2024-02-22,Durham Armory,Durham,36.0329550008979,-78.904037,2024,2,,80.0
2024-02-22,Garinger High School,Mecklenburg,35.2401000008895,-80.785683,2024,2,64.0,74.0
2024-02-22,Hattie Avenue,Forsyth,36.11094,-80.224501,2024,2,,88.0
2024-02-22,Leggett,Edgecombe,35.988278,-77.5843,2024,2,,55.0
2024-02-22,Mendenhall School,Guilford,36.1090060008986,-79.802314,2024,2,,77.0
2024-02-22,Millbrook School,Wake,35.856111,-78.574167,2024,2,58.0,72.0
2024-02-22,Pitt Agri. Center,Pitt,35.6412760008938,-77.360126,2024,2,,56.0
2024-02-22,Rockwell,Rowan,35.551868,-80.395039,2024,2,58.0,71.0
2024-02-22,West Johnston Co.,Johnston,35.59095,-78.4622,2024,2,,65.0
2024-02-23,Bryson City,Swain,35.434767,-83.442133,2024,2,,20.0
2024-02-23,Castle Hayne,New Hanover,34.364167,-77.838611,2024,2,,48.0
2024-02-23,Clemmons Middle,Forsyth,36.026612,-80.341962,2024,2,,78.0
2024-02-23,Durham Armory,Durham,36.0329550008979,-78.904037,2024,2,,79.0
2024-02-23,Garinger High School,Mecklenburg,35.2401000008895,-80.785683,2024,2,36.0,63.0
2024-02-23,Hattie Avenue,Forsyth,36.11094,-80.224501,2024,2,,79.0
2024-02-23,Leggett,Edgecombe,35.988278,-77.5843,2024,2,,59.0
2024-02-23,Mendenhall School,Guilford,36.1090060008986,-79.802314,2024,2,,73.0
2024-02-23,Millbrook School,Wake,35.856111,-78.574167,2024,2,29.0,79.0
2024-02-23,Pitt Agri. Center,Pitt,35.6412760008938,-77.360126,2024,2,,58.0
2024-02-23,Rockwell,Rowan,35.551868,-80.395039,2024,2,35.0,67.0
2024-02-23,West Johnston Co.,Johnston,35.59095,-78.4622,2024,2,,63.0
2024-02-24,Bryson City,Swain,35.434767,-83.442133,2024,2,,8.0
2024-02-24,Castle Hayne,New Hanover,34.364167,-77.838611,2024,2,,32.5
2024-02-24,Clemmons Middle,Forsyth,36.026612,-80.341962,2024,2,,21.0
2024-02-24,Durham Armory,Durham,36.0329550008979,-78.904037,2024,2,,57.0
2024-02-24,Frying Pan Mountain,Haywood,35.379167,-82.7925,2024,2,,8.0
2024-02-24,Garinger High School,Mecklenburg,35.2401000008895,-80.785683,2024,2,36.0,21.5
2024-02-24,Hattie Avenue,Forsyth,36.11094,-80.224501,2024,2,,20.5
2024-02-24,Leggett,Edgecombe,35.988278,-77.5843,2024,2,,38.0
2024-02-24,Linville Falls,Avery,35.972347,-81.933072,2024,2,,11.0
2024-02-24,Mendenhall School,Guilford,36.1090060008986,-79.802314,2024,2,,18.0
2024-02-24,Millbrook School,Wake,35.856111,-78.574167,2024,2,37.0,28.0
2024-02-24,Old High School,Swain,35.498711,-83.310242,2024,2,,13.0
2024-02-24,Pitt Agri. Center,Pitt,35.6412760008938,-77.360126,2024,2,,39.0
2024-02-24,Rockwell,Rowan,35.551868,-80.395039,2024,2,35.0,13.0
2024-02-24,West Johnston Co.,Johnston,35.59095,-78.4622,2024,2,,28.0
2024-02-25,Bryson City,Swain,35.434767,-83.442133,2024,2,,11.0
2024-02-25,Castle Hayne,New Hanover,34.364167,-77.838611,2024,2,,34.0
2024-02-25,Clemmons Middle,Forsyth,36.026612,-80.341962,2024,2,,26.0
2024-02-25,Durham Armory,Durham,36.0329550008979,-78.904037,2024,2,,52.0
2024-02-25,Garinger High School,Mecklenburg,35.2401000008895,-80.785683,2024,2,39.0,25.0
2024-02-25,Hattie Avenue,Forsyth,36.11094,-80.224501,2024,2,,24.0
2024-02-25,Mendenhall School,Guilford,36.1090060008986,-79.802314,2024,2,,21.0
2024-02-25,Millbrook School,Wake,35.856111,-78.574167,2024,2,35.0,31.0
2024-02-25,Pitt Agri. Center,Pitt,35.6412760008938,-77.360126,2024,2,,22.0
2024-02-25,Rockwell,Rowan,35.551868,-80.395039,2024,2,37.0,16.0
2024-02-25,West Johnston Co.,Johnston,35.59095,-78.4622,2024,2,,27.0
2024-02-26,Bryson City,Swain,35.434767,-83.442133,2024,2,,49.0
2024-02-26,Castle Hayne,New Hanover,34.364167,-77.838611,2024,2,,56.5
2024-02-26,Clemmons Middle,Forsyth,36.026612,-80.341962,2024,2,,59.0
2024-02-26,Durham Armory,Durham,36.0329550008979,-78.904037,2024,2,,66.0
2024-02-26,Garinger High School,Mecklenburg,35.2401000008895,-80.785683,2024,2,48.0,58.0
2024-02-26,Hattie Avenue,Forsyth,36.11094,-80.224501,2024,2,,59.0
2024-02-26,Mendenhall School,Guilford,36.1090060008986,-79.802314,2024,2,,57.0
2024-02-26,Millbrook School,Wake,35.856111,-78.574167,2024,2,,59.0
2024-02-26,Pitt Agri. Center,Pitt,35.6412760008938,-77.360126,2024,2,,52.0
2024-02-26,Rockwell,Rowan,35.551868,-80.395039,2024,2,47.0,57.0
2024-02-26,West Johnston Co.,Johnston,35.59095,-78.4622,2024,2,,54.0
2024-02-27,Bryson City,Swain,35.434767,-83.442133,2024,2,,60.0
2024-02-27,Castle Hayne,New Hanover,34.364167,-77.838611,2024,2,,39.5
2024-02-27,Clemmons Middle,Forsyth,36.026612,-80.341962,2024,2,,67.0
2024-02-27,Durham Armory,Durham,36.0329550008979,-78.904037,2024,2,,67.0
2024-02-27,Frying Pan Mountain,Haywood,35.379167,-82.7925,2024,2,,44.0
2024-02-27,Garinger High School,Mecklenburg,35.2401000008895,-80.785683,2024,2,40.0,59.0
2024-02-27,Hattie Avenue,Forsyth,36.11094,-80.224501,2024,2,,66.0
2024-02-27,Linville Falls,Avery,35.972347,-81.933072,2024,2,,58.0
2024-02-27,Mendenhall School,Guilford,36.1090060008986,-79.802314,2024,2,,63.0
2024-02-27,Millbrook School,Wake,35.856111,-78.574167,2024,2,,57.5
2024-02-27,Old High School,Swain,35.498711,-83.310242,2024,2,,52.0
2024-02-27,Pitt Agri. Center,Pitt,35.6412760008938,-77.360126,2024,2,,39.0
2024-02-27,Rockwell,Rowan,35.551868,-80.395039,2024,2,39.0,64.0
2024-02-27,West Johnston Co.,Johnston,35.59095,-78.4622,2024,2,,54.0
2024-02-28,Bryson City,Swain,35.434767,-83.442133,2024,2,,44.0
2024-02-28,Castle Hayne,New Hanover,34.364167,-77.838611,2024,2,,46.5
2024-02-28,Clemmons Middle,Forsyth,36.026612,-80.341962,2024,2,,48.0
2024-02-28,Durham Armory,Durham,36.0329550008979,-78.904037,2024,2,,58.0
2024-02-28,Garinger High School,Mecklenburg,35.2401000008895,-80.785683,2024,2,38.0,49.0
2024-02-28,Hattie Avenue,Forsyth,36.11094,-80.224501,2024,2,,50.0
2024-02-28,Mendenhall School,Guilford,36.1090060008986,-79.802314,2024,2,,52.0
2024-02-28,Millbrook School,Wake,35.856111,-78.574167,2024,2,,51.0
2024-02-28,Pitt Agri. Center,Pitt,35.6412760008938,-77.360126,2024,2,,42.0
2024-02-28,Rockwell,Rowan,35.551868,-80.395039,2024,2,36.0,39.0
2024-02-28,West Johnston Co.,Johnston,35.59095,-78.4622,2024,2,,44.0
2024-02-29,Bryson City,Swain,35.434767,-83.442133,2024,2,,11.0
2024-02-29,Castle Hayne,New Hanover,34.364167,-77.838611,2024,2,,21.5
2024-02-29,Clemmons Middle,Forsyth,36.026612,-80.341962,2024,2,,40.0
2024-02-29,Durham Armory,Durham,36.0329550008979,-78.904037,2024,2,,53.0
2024-02-29,Garinger High School,Mecklenburg,35.2401000008895,-80.785683,2024,2,33.0,14.0
2024-02-29,Hattie Avenue,Forsyth,36.11094,-80.224501,2024,2,,19.0
2024-02-29,Mendenhall School,Guilford,36.1090060008986,-79.802314,2024,2,,17.0
2024-02-29,Millbrook School,Wake,35.856111,-78.574167,2024,2,34.0,18.0
2024-02-29,Pitt Agri. Center,Pitt,35.6412760008938,-77.360126,2024,2,,8.0
2024-02-29,Rockwell,Rowan,35.551868,-80.395039,2024,2,35.0,17.0
2024-02-29,West Johnston Co.,Johnston,35.59095,-78.4622,2024,2,,21.0
2024-03-01,Bryson City,Swain,35.434767,-83.442133,2024,3,31.0,23.0
2024-03-01,Castle Hayne,New Hanover,34.364167,-77.838611,2024,3,41.0,30.0
2024-03-01,Clemmons Middle,Forsyth,36.026612,-80.341962,2024,3,27.0,45.0
2024-03-01,Durham Armory,Durham,36.0329550008979,-78.904037,2024,3,31.0,56.0
2024-03-01,Frying Pan Mountain,Haywood,35.379167,-82.7925,2024,3,42.0,4.0
2024-03-01,Garinger High School,Mecklenburg,35.2401000008895,-80.785683,2024,3,23.0,48.0
2024-03-01,Hattie Avenue,Forsyth,36.11094,-80.224501,2024,3,27.0,39.5
2024-03-01,Leggett,Edgecombe,35.988278,-77.5843,2024,3,37.0,
2024-03-01,Linville Falls,Avery,35.972347,-81.933072,2024,3,31.0,21.0
2024-03-01,Mendenhall School,Guilford,36.1090060008986,-79.802314,2024,3,29.0,41.0
2024-03-01,Millbrook School,Wake,35.856111,-78.574167,2024,3,33.0,41.5
2024-03-01,Old High School,Swain,35.498711,-83.310242,2024,3,,12.0
2024-03-01,Pitt Agri. Center,Pitt,35.6412760008938,-77.360126,2024,3,39.0,21.0
2024-03-01,Rockwell,Rowan,35.551868,-80.395039,2024,3,27.0,35.0
2024-03-01,West Johnston Co.,Johnston,35.59095,-78.4622,2024,3,36.0,34.0
2024-03-02,Bryson City,Swain,35.434767,-83.442133,2024,3,34.0,20.0
2024-03-02,Castle Hayne,New Hanover,34.364167,-77.838611,2024,3,34.0,20.5
2024-03-02,Clemmons Middle,Forsyth,36.026612,-80.341962,2024,3,37.0,15.0
2024-03-02,Durham Armory,Durham,36.0329550008979,-78.904037,2024,3,28.0,27.0
2024-03-02,Frying Pan Mountain,Haywood,35.379167,-82.7925,2024,3,49.0,
2024-03-02,Garinger High School,Mecklenburg,35.2401000008895,-80.785683,2024,3,31.0,31.0
2024-03-02,Hattie Avenue,Forsyth,36.11094,-80.224501,2024,3,35.0,14.0
2024-03-02,Leggett,Edgecombe,35.988278,-77.5843,2024,3,31.0,
2024-03-02,Linville Falls,Avery,35.972347,-81.933072,2024,3,37.0,
2024-03-02,Mendenhall School,Guilford,36.1090060008986,-79.802314,2024,3,34.0,18.0
2024-03-02,Millbrook School,Wake,35.856111,-78.574167,2024,3,31.0,19.0
2024-03-02,Old High School,Swain,35.498711,-83.310242,2024,3,,12.0
2024-03-02,Pitt Agri. Center,Pitt,35.6412760008938,-77.360126,2024,3,31.0,23.0
2024-03-02,Rockwell,Rowan,35.551868,-80.395039,2024,3,33.0,23.0
2024-03-02,West Johnston Co.,Johnston,35.59095,-78.4622,2024,3,33.0,21.0
2024-03-03,Bryson City,Swain,35.434767,-83.442133,2024,3,35.0,23.0
2024-03-03,Castle Hayne,New Hanover,34.364167,-77.838611,2024,3,29.0,22.0
2024-03-03,Clemmons Middle,Forsyth,36.026612,-80.341962,2024,3,39.0,46.0
2024-03-03,Durham Armory,Durham,36.0329550008979,-78.904037,2024,3,29.0,44.0
2024-03-03,Frying Pan Mountain,Haywood,35.379167,-82.7925,2024,3,44.0,
2024-03-03,Garinger High School,Mecklenburg,35.2401000008895,-80.785683,2024,3,31.0,48.0
2024-03-03,Hattie Avenue,Forsyth,36.11094,-80.224501,2024,3,35.0,51.0
2024-03-03,Leggett,Edgecombe,35.988278,-77.5843,2024,3,33.0,
2024-03-03,Linville Falls,Avery,35.972347,-81.933072,2024,3,38.0,
2024-03-03,Mendenhall School,Guilford,36.1090060008986,-79.802314,2024,3,33.0,52.0
2024-03-03,Millbrook School,Wake,35.856111,-78.574167,2024,3,31.0,35.0
2024-03-03,Pitt Agri. Center,Pitt,35.6412760008938,-77.360126,2024,3,31.0,17.0
2024-03-03,Rockwell,Rowan,35.551868,-80.395039,2024,3,32.0,47.0
2024-03-03,West Johnston Co.,Johnston,35.59095,-78.4622,2024,3,31.0,48.0
2024-03-04,Bryson City,Swain,35.434767,-83.442133,2024,3,31.0,33.0
2024-03-04,Castle Hayne,New Hanover,34.364167,-77.838611,2024,3,33.0,16.5
2024-03-04,Clemmons Middle,Forsyth,36.026612,-80.341962,2024,3,40.0,44.0
2024-03-04,Durham Armory,Durham,36.0329550008979,-78.904037,2024,3,37.0,
2024-03-04,Frying Pan Mountain,Haywood,35.379167,-82.7925,2024,3,34.0,24.0
2024-03-04,Garinger High School,Mecklenburg,35.2401000008895,-80.785683,2024,3,36.0,49.5
2024-03-04,Hattie Avenue,Forsyth,36.11094,-80.224501,2024,3,36.0,46.5
2024-03-04,Leggett,Edgecombe,35.988278,-77.5843,2024,3,33.0,
2024-03-04,Linville Falls,Avery,35.972347,-81.933072,2024,3,36.0,58.0
2024-03-04,Mendenhall School,Guilford,36.1090060008986,-79.802314,2024,3,37.0,28.0
2024-03-04,Millbrook School,Wake,35.856111,-78.574167,2024,3,35.0,24.0
2024-03-04,Old High School,Swain,35.498711,-83.310242,2024,3,,28.0
2024-03-04,Pitt Agri. Center,Pitt,35.6412760008938,-77.360126,2024,3,30.0,12.0
2024-03-04,Rockwell,Rowan,35.551868,-80.395039,2024,3,37.0,59.0
2024-03-04,West Johnston Co.,Johnston,35.59095,-78.4622,2024,3,36.0,12.0
2024-03-05,Bryson City,Swain,35.434767,-83.442133,2024,3,36.0,42.0
2024-03-05,Castle Hayne,New Hanover,34.364167,-77.838611,2024,3,41.0,19.5
2024-03-05,Clemmons Middle,Forsyth,36.026612,-80.341962,2024,3,44.0,36.0
2024-03-05,Durham Armory,Durham,36.0329550008979,-78.904037,2024,3,29.0,
2024-03-05,Frying Pan Mountain,Haywood,35.379167,-82.7925,2024,3,40.0,
2024-03-05,Garinger High School,Mecklenburg,35.2401000008895,-80.785683,2024,3,42.0,47.0
2024-03-05,Hattie Avenue,Forsyth,36.11094,-80.224501,2024,3,40.0,34.0
2024-03-05,Leggett,Edgecombe,35.988278,-77.5843,2024,3,30.0,
2024-03-05,Linville Falls,Avery,35.972347,-81.933072,2024,3,43.0,
2024-03-05,Mendenhall School,Guilford,36.1090060008986,-79.802314,2024,3,40.0,18.0
2024-03-05,Millbrook School,Wake,35.856111,-78.574167,2024,3,29.0,17.0
2024-03-05,Pitt Agri. Center,Pitt,35.6412760008938,-77.360126,2024,3,28.0,10.0
2024-03-05,Rockwell,Rowan,35.551868,-80.395039,2024,3,38.0,42.0
2024-03-05,West Johnston Co.,Johnston,35.59095,-78.4622,2024,3,35.0,12.0
2024-03-06,Bryson City,Swain,35.434767,-83.442133,2024,3,31.0,19.0
2024-03-06,Castle Hayne,New Hanover,34.364167,-77.838611,2024,3,26.0,22.5
2024-03-06,Clemmons Middle,Forsyth,36.026612,-80.341962,2024,3,23.0,48.0
2024-03-06,Durham Armory,Durham,36.0329550008979,-78.904037,2024,3,25.0,27.0
2024-03-06,Frying Pan Mountain,Haywood,35.379167,-82.7925,2024,3,40.0,
2024-03-06,Garinger High School,Mecklenburg,35.2401000008895,-80.785683,2024,3,29.0,46.0
2024-03-06,Hattie Avenue,Forsyth,36.11094,-80.224501,2024,3,23.0,41.0
2024-03-06,Leggett,Edgecombe,35.988278,-77.5843,2024,3,23.0,
2024-03-06,Linville Falls,Avery,35.972347,-81.933072,2024,3,40.0,
2024-03-06,Mendenhall School,Guilford,36.1090060008986,-79.802314,2024,3,21.0,34.0
2024-03-06,Millbrook School,Wake,35.856111,-78.574167,2024,3,26.0,29.0
2024-03-06,Pitt Agri. Center,Pitt,35.6412760008938,-77.360126,2024,3,19.0,13.0
2024-03-06,Rockwell,Rowan,35.551868,-80.395039,2024,3,27.0,46.0
2024-03-06,West Johnston Co.,Johnston,35.59095,-78.4622,2024,3,27.0,24.0
2024-03-07,Bryson City,Swain,35.434767,-83.442133,2024,3,35.0,14.0
2024-03-07,Castle Hayne,New Hanover,34.364167,-77.838611,2024,3,34.0,17.5
2024-03-07,Clemmons Middle,Forsyth,36.026612,-80.341962,2024,3,40.0,22.5
2024-03-07,Durham Armory,Durham,36.0329550008979,-78.904037,2024,3,36.0,32.0
2024-03-07,Frying Pan Mountain,Haywood,35.379167,-82.7925,2024,3,38.0,4.0
2024-03-07,Garinger High School,Mecklenburg,35.2401000008895,-80.785683,2024,3,40.0,22.5
2024-03-07,Hattie Avenue,Forsyth,36.11094,-80.224501,2024,3,36.0,19.5
2024-03-07,Leggett,Edgecombe,35.988278,-77.5843,2024,3,35.0,
2024-03-07,Linville Falls,Avery,35.972347,-81.933072,2024,3,36.0,10.0
2024-03-07,Mendenhall School,Guilford,36.1090060008986,-79.802314,2024,3,36.0,16.0
2024-03-07,Millbrook School,Wake,35.856111,-78.574167,2024,3,37.0,15.5
2024-03-07,Old High School,Swain,35.498711,-83.310242,2024,3,,11.5
2024-03-07,Pitt Agri. Center,Pitt,35.6412760008938,-77.360126,2024,3,35.0,14.0
2024-03-07,Rockwell,Rowan,35.551868,-80.395039,2024,3,37.0,14.0
2024-03-07,West Johnston Co.,Johnston,35.59095,-78.4622,2024,3,39.0,19.0
2024-03-08,Bryson City,Swain,35.434767,-83.442133,2024,3,32.0,19.0
2024-03-08,Castle Hayne,New Hanover,34.364167,-77.838611,2024,3,36.0,17.5
2024-03-08,Clemmons Middle,Forsyth,36.026612,-80.341962,2024,3,36.0,24.0
2024-03-08,Durham Armory,Durham,36.0329550008979,-78.904037,2024,3,35.0,43.0
2024-03-08,Frying Pan Mountain,Haywood,35.379167,-82.7925,2024,3,35.0,
2024-03-08,Garinger High School,Mecklenburg,35.2401000008895,-80.785683,2024,3,30.0,43.0
2024-03-08,Hattie Avenue,Forsyth,36.11094,-80.224501,2024,3,32.0,22.0
2024-03-08,Leggett,Edgecombe,35.988278,-77.5843,2024,3,34.0,
2024-03-08,Linville Falls,Avery,35.972347,-81.933072,2024,3,32.0,
2024-03-08,Mendenhall School,Guilford,36.1090060008986,-79.802314,2024,3,34.0,24.0
2024-03-08,Millbrook School,Wake,35.856111,-78.574167,2024,3,34.0,19.0
2024-03-08,Pitt Agri. Center,Pitt,35.6412760008938,-77.360126,2024,3,34.0,15.0
2024-03-08,Rockwell,Rowan,35.551868,-80.395039,2024,3,31.0,27.0
2024-03-08,West Johnston Co.,Johnston,35.59095,-78.4622,2024,3,36.0,17.0
2024-03-09,Bryson City,Swain,35.434767,-83.442133,2024,3,29.0,7.0
2024-03-09,Castle Hayne,New Hanover,34.364167,-77.838611,2024,3,34.0,29.5
2024-03-09,Clemmons Middle,Forsyth,36.026612,-80.341962,2024,3,25.0,15.0
2024-03-09,Durham Armory,Durham,36.0329550008979,-78.904037,2024,3,27.0,18.0
2024-03-09,Frying Pan Mountain,Haywood,35.379167,-82.7925,2024,3,38.0,
2024-03-09,Garinger High School,Mecklenburg,35.2401000008895,-80.785683,2024,3,22.0,10.0
2024-03-09,Hattie Avenue,Forsyth,36.11094,-80.224501,2024,3,23.0,16.0
2024-03-09,Leggett,Edgecombe,35.988278,-77.5843,2024,3,29.0,
2024-03-09,Linville Falls,Avery,35.972347,-81.933072,2024,3,30.0,
2024-03-09,Mendenhall School,Guilford,36.1090060008986,-79.802314,2024,3,23.0,12.0
2024-03-09,Millbrook School,Wake,35.856111,-78.574167,2024,3,28.0,21.0
2024-03-09,Pitt Agri. Center,Pitt,35.6412760008938,-77.360126,2024,3,29.0,23.0
2024-03-09,Rockwell,Rowan,35.551868,-80.395039,2024,3,23.0,17.0
2024-03-09,West Johnston Co.,Johnston,35.59095,-78.4622,2024,3,28.0,24.0
2024-03-10,Bryson City,Swain,35.434767,-83.442133,2024,3,40.0,3.0
2024-03-10,Castle Hayne,New Hanover,34.364167,-77.838611,2024,3,42.0,15.5
2024-03-10,Clemmons Middle,Forsyth,36.026612,-80.341962,2024,3,44.0,11.0
2024-03-10,Durham Armory,Durham,36.0329550008979,-78.904037,2024,3,41.0,36.0
2024-03-10,Frying Pan Mountain,Haywood,35.379167,-82.7925,2024,3,42.0,5.0
2024-03-10,Garinger High School,Mecklenburg,35.2401000008895,-80.785683,2024,3,41.0,8.5
2024-03-10,Hattie Avenue,Forsyth,36.11094,-80.224501,2024,3,39.0,9.5
2024-03-10,Leggett,Edgecombe,35.988278,-77.5843,2024,3,40.0,
2024-03-10,Linville Falls,Avery,35.972347,-81.933072,2024,3,40.0,7.0
2024-03-10,Mendenhall School,Guilford,36.1090060008986,-79.802314,2024,3,40.0,10.0
2024-03-10,Millbrook School,Wake,35.856111,-78.574167,2024,3,42.0,10.5
2024-03-10,Old High School,Swain,35.498711,-83.310242,2024,3,,13.0
2024-03-10,Pitt Agri. Center,Pitt,35.6412760008938,-77.360126,2024,3,41.0,1.0
2024-03-10,Rockwell,Rowan,35.551868,-80.395039,2024,3,40.0,0.0
2024-03-10,West Johnston Co.,Johnston,35.59095,-78.4622,2024,3,43.0,11.0
2024-03-11,Bryson City,Swain,35.434767,-83.442133,2024,3,44.0,8.0
2024-03-11,Castle Hayne,New Hanover,34.364167,-77.838611,2024,3,43.0,20.0
2024-03-11,Clemmons Middle,Forsyth,36.026612,-80.341962,2024,3,46.0,9.0
2024-03-11,Durham Armory,Durham,36.0329550008979,-78.904037,2024,3,42.0,51.0
2024-03-11,Frying Pan Mountain,Haywood,35.379167,-82.7925,2024,3,47.0,
2024-03-11,Garinger High School,Mecklenburg,35.2401000008895,-80.785683,2024,3,43.0,9.0
2024-03-11,Hattie Avenue,Forsyth,36.11094,-80.224501,2024,3,43.0,11.0
2024-03-11,Leggett,Edgecombe,35.988278,-77.5843,2024,3,42.0,
2024-03-11,Linville Falls,Avery,35.972347,-81.933072,2024,3,46.0,
2024-03-11,Mendenhall School,Guilford,36.1090060008986,-79.802314,2024,3,43.0,6.0
2024-03-11,Millbrook School,Wake,35.856111,-78.574167,2024,3,43.0,11.0
2024-03-11,Pitt Agri. Center,Pitt,35.6412760008938,-77.360126,2024,3,42.0,11.0
2024-03-11,Rockwell,Rowan,35.551868,-80.395039,2024,3,42.0,12.0
2024-03-11,West Johnston Co.,Johnston,35.59095,-78.4622,2024,3,44.0,17.0
2024-03-12,Bryson City,Swain,35.434767,-83.442133,2024,3,39.0,27.0
2024-03-12,Castle Hayne,New Hanover,34.364167,-77.838611,2024,3,50.0,46.0
2024-03-12,Clemmons Middle,Forsyth,36.026612,-80.341962,2024,3,47.0,21.0
2024-03-12,Durham Armory,Durham,36.0329550008979,-78.904037,2024,3,43.0,54.0
2024-03-12,Frying Pan Mountain,Haywood,35.379167,-82.7925,2024,3,48.0,
2024-03-12,Garinger High School,Mecklenburg,35.2401000008895,-80.785683,2024,3,43.0,43.0
2024-03-12,Hattie Avenue,Forsyth,36.11094,-80.224501,2024,3,42.0,23.0
2024-03-12,Leggett,Edgecombe,35.988278,-77.5843,2024,3,45.0,
2024-03-12,Linville Falls,Avery,35.972347,-81.933072,2024,3,44.0,
2024-03-12,Mendenhall School,Guilford,36.1090060008986,-79.802314,2024,3,43.0,19.0
2024-03-12,Millbrook School,Wake,35.856111,-78.574167,2024,3,43.0,
2024-03-12,Pitt Agri. Center,Pitt,35.6412760008938,-77.360126,2024,3,44.0,22.0
2024-03-12,Rockwell,Rowan,35.551868,-80.395039,2024,3,42.0,37.0
2024-03-12,West Johnston Co.,Johnston,35.59095,-78.4622,2024,3,43.0,51.0
2024-03-13,Bryson City,Swain,35.434767,-83.442133,2024,3,47.0,55.0
2024-03-13,Castle Hayne,New Hanover,34.364167,-77.838611,2024,3,67.0,59.0
2024-03-13,Clemmons Middle,Forsyth,36.026612,-80.341962,2024,3,67.0,49.0
2024-03-13,Durham Armory,Durham,36.0329550008979,-78.904037,2024,3,48.0,59.0
2024-03-13,Frying Pan Mountain,Haywood,35.379167,-82.7925,2024,3,58.0,
2024-03-13,Garinger High School,Mecklenburg,35.2401000008895,-80.785683,2024,3,58.0,56.0
2024-03-13,Hattie Avenue,Forsyth,36.11094,-80.224501,2024,3,50.0,50.0
2024-03-13,Leggett,Edgecombe,35.988278,-77.5843,2024,3,50.0,55.0
2024-03-13,Linville Falls,Avery,35.972347,-81.933072,2024,3,50.0,55.0
2024-03-13,Mendenhall School,Guilford,36.1090060008986,-79.802314,2024,3,51.0,41.0
2024-03-13,Millbrook School,Wake,35.856111,-78.574167,2024,3,50.0,
2024-03-13,Old High School,Swain,35.498711,-83.310242,2024,3,,46.0
2024-03-13,Pitt Agri. Center,Pitt,35.6412760008938,-77.360126,2024,3,54.0,56.0
2024-03-13,Rockwell,Rowan,35.551868,-80.395039,2024,3,54.0,56.0
2024-03-13,West Johnston Co.,Johnston,35.59095,-78.4622,2024,3,51.0,65.0
2024-03-14,Bryson City,Swain,35.434767,-83.442133,2024,3,61.0,83.0
2024-03-14,Castle Hayne,New Hanover,34.364167,-77.838611,2024,3,97.0,76.5
2024-03-14,Clemmons Middle,Forsyth,36.026612,-80.341962,2024,3,100.0,67.0
2024-03-14,Durham Armory,Durham,36.0329550008979,-78.904037,2024,3,71.0,72.0
2024-03-14,Frying Pan Mountain,Haywood,35.379167,-82.7925,2024,3,77.0,
2024-03-14,Garinger High School,Mecklenburg,35.2401000008895,-80.785683,2024,3,80.0,69.0
2024-03-14,Hattie Avenue,Forsyth,36.11094,-80.224501,2024,3,80.0,71.0
2024-03-14,Leggett,Edgecombe,35.988278,-77.5843,2024,3,67.0,59.0
2024-03-14,Linville Falls,Avery,35.972347,-81.933072,2024,3,90.0,
2024-03-14,Mendenhall School,Guilford,36.1090060008986,-79.802314,2024,3,80.0,62.0
2024-03-14,Millbrook School,Wake,35.856111,-78.574167,2024,3,74.0,
2024-03-14,Pitt Agri. Center,Pitt,35.6412760008938,-77.360126,2024,3,74.0,66.0
2024-03-14,Rockwell,Rowan,35.551868,-80.395039,2024,3,77.0,66.0
2024-03-14,West Johnston Co.,Johnston,35.59095,-78.4622,2024,3,80.0,66.0
2024-03-15,Bryson City,Swain,35.434767,-83.442133,2024,3,33.0,58.0
2024-03-15,Castle Hayne,New Hanover,34.364167,-77.838611,2024,3,54.0,68.5
2024-03-15,Clemmons Middle,Forsyth,36.026612,-80.341962,2024,3,39.0,106.0
2024-03-15,Durham Armory,Durham,36.0329550008979,-78.904037,2024,3,44.0,89.0
2024-03-15,Frying Pan Mountain,Haywood,35.379167,-82.7925,2024,3,36.0,
2024-03-15,Garinger High School,Mecklenburg,35.2401000008895,-80.785683,2024,3,33.0,89.0
2024-03-15,Hattie Avenue,Forsyth,36.11094,-80.224501,2024,3,35.0,111.0
2024-03-15,Leggett,Edgecombe,35.988278,-77.5843,2024,3,50.0,76.0
2024-03-15,Linville Falls,Avery,35.972347,-81.933072,2024,3,37.0,
2024-03-15,Mendenhall School,Guilford,36.1090060008986,-79.802314,2024,3,39.0,87.0
2024-03-15,Millbrook School,Wake,35.856111,-78.574167,2024,3,44.0,
2024-03-15,Pitt Agri. Center,Pitt,35.6412760008938,-77.360126,2024,3,54.0,73.0
2024-03-15,Rockwell,Rowan,35.551868,-80.395039,2024,3,34.0,89.0
2024-03-15,West Johnston Co.,Johnston,35.59095,-78.4622,2024,3,47.0,74.0
2024-03-16,Bryson City,Swain,35.434767,-83.442133,2024,3,38.0,16.0
2024-03-16,Castle Hayne,New Hanover,34.364167,-77.838611,2024,3,40.0,53.5
2024-03-16,Clemmons Middle,Forsyth,36.026612,-80.341962,2024,3,45.0,51.0
2024-03-16,Durham Armory,Durham,36.0329550008979,-78.904037,2024,3,41.0,55.0
2024-03-16,Frying Pan Mountain,Haywood,35.379167,-82.7925,2024,3,43.0,7.0
2024-03-16,Garinger High School,Mecklenburg,35.2401000008895,-80.785683,2024,3,42.0,52.5
2024-03-16,Hattie Avenue,Forsyth,36.11094,-80.224501,2024,3,43.0,47.0
2024-03-16,Leggett,Edgecombe,35.988278,-77.5843,2024,3,39.0,37.0
2024-03-16,Linville Falls,Avery,35.972347,-81.933072,2024,3,44.0,11.0
2024-03-16,Mendenhall School,Guilford,36.1090060008986,-79.802314,2024,3,44.0,41.0
2024-03-16,Millbrook School,Wake,35.856111,-78.574167,2024,3,42.0,53.0
2024-03-16,Old High School,Swain,35.498711,-83.310242,2024,3,,15.0
2024-03-16,Pitt Agri. Center,Pitt,35.6412760008938,-77.360126,2024,3,39.0,43.0
2024-03-16,Rockwell,Rowan,35.551868,-80.395039,2024,3,40.0,51.0
2024-03-16,West Johnston Co.,Johnston,35.59095,-78.4622,2024,3,42.0,52.0
2024-03-17,Bryson City,Swain,35.434767,-83.442133,2024,3,42.0,21.0
2024-03-17,Castle Hayne,New Hanover,34.364167,-77.838611,2024,3,41.0,33.0
2024-03-17,Clemmons Middle,Forsyth,36.026612,-80.341962,2024,3,44.0,29.0
2024-03-17,Durham Armory,Durham,36.0329550008979,-78.904037,2024,3,43.0,52.0
2024-03-17,Frying Pan Mountain,Haywood,35.379167,-82.7925,2024,3,42.0,
2024-03-17,Garinger High School,Mecklenburg,35.2401000008895,-80.785683,2024,3,41.0,33.0
2024-03-17,Hattie Avenue,Forsyth,36.11094,-80.224501,2024,3,42.0,27.0
2024-03-17,Leggett,Edgecombe,35.988278,-77.5843,2024,3,44.0,46.0
2024-03-17,Linville Falls,Avery,35.972347,-81.933072,2024,3,44.0,
2024-03-17,Mendenhall School,Guilford,36.1090060008986,-79.802314,2024,3,43.0,32.0
2024-03-17,Millbrook School,Wake,35.856111,-78.574167,2024,3,43.0,
2024-03-17,Pitt Agri. Center,Pitt,35.6412760008938,-77.360126,2024,3,42.0,39.0
2024-03-17,Rockwell,Rowan,35.551868,-80.395039,2024,3,41.0,37.0
2024-03-17,West Johnston Co.,Johnston,35.59095,-78.4622,2024,3,43.0,50.0
2024-03-18,Bryson City,Swain,35.434767,-83.442133,2024,3,40.0,11.0
2024-03-18,Castle Hayne,New Hanover,34.364167,-77.838611,2024,3,42.0,29.5
2024-03-18,Clemmons Middle,Forsyth,36.026612,-80.341962,2024,3,47.0,16.0
2024-03-18,Durham Armory,Durham,36.0329550008979,-78.904037,2024,3,44.0,47.0
2024-03-18,Frying Pan Mountain,Haywood,35.379167,-82.7925,2024,3,42.0,
2024-03-18,Garinger High School,Mecklenburg,35.2401000008895,-80.785683,2024,3,42.0,21.0
2024-03-18,Hattie Avenue,Forsyth,36.11094,-80.224501,2024,3,44.0,17.0
2024-03-18,Leggett,Edgecombe,35.988278,-77.5843,2024,3,43.0,13.0
2024-03-18,Linville Falls,Avery,35.972347,-81.933072,2024,3,44.0,
2024-03-18,Mendenhall School,Guilford,36.1090060008986,-79.802314,2024,3,44.0,13.0
2024-03-18,Millbrook School,Wake,35.856111,-78.574167,2024,3,44.0,
2024-03-18,Pitt Agri. Center,Pitt,35.6412760008938,-77.360126,2024,3,43.0,22.0
2024-03-18,Rockwell,Rowan,35.551868,-80.395039,2024,3,42.0,14.0
2024-03-18,West Johnston Co.,Johnston,35.59095,-78.4622,2024,3,45.0,21.0
2024-03-19,Bryson City,Swain,35.434767,-83.442133,2024,3,45.0,63.0
2024-03-19,Castle Hayne,New Hanover,34.364167,-77.838611,2024,3,37.0,28.5
2024-03-19,Clemmons Middle,Forsyth,36.026612,-80.341962,2024,3,42.0,24.5
2024-03-19,Durham Armory,Durham,36.0329550008979,-78.904037,2024,3,37.0,55.0
2024-03-19,Frying Pan Mountain,Haywood,35.379167,-82.7925,2024,3,44.0,17.0
2024-03-19,Garinger High School,Mecklenburg,35.2401000008895,-80.785683,2024,3,37.0,19.5
2024-03-19,Hattie Avenue,Forsyth,36.11094,-80.224501,2024,3,36.0,22.0
2024-03-19,Leggett,Edgecombe,35.988278,-77.5843,2024,3,37.0,24.0
2024-03-19,Linville Falls,Avery,35.972347,-81.933072,2024,3,44.0,18.0
2024-03-19,Mendenhall School,Guilford,36.1090060008986,-79.802314,2024,3,37.0,20.0
2024-03-19,Millbrook School,Wake,35.856111,-78.574167,2024,3,37.0,28.0
2024-03-19,Old High School,Swain,35.498711,-83.310242,2024,3,,58.5
2024-03-19,Pitt Agri. Center,Pitt,35.6412760008938,-77.360126,2024,3,36.0,17.0
2024-03-19,Rockwell,Rowan,35.551868,-80.395039,2024,3,37.0,15.0
2024-03-19,West Johnston Co.,Johnston,35.59095,-78.4622,2024,3,37.0,29.0
2024-03-20,Bryson City,Swain,35.434767,-83.442133,2024,3,47.0,62.0
2024-03-20,Castle Hayne,New Hanover,34.364167,-77.838611,2024,3,49.0,59.0
2024-03-20,Clemmons Middle,Forsyth,36.026612,-80.341962,2024,3,49.0,34.0
2024-03-20,Durham Armory,Durham,36.0329550008979,-78.904037,2024,3,46.0,61.0
2024-03-20,Frying Pan Mountain,Haywood,35.379167,-82.7925,2024,3,48.0,
2024-03-20,Garinger High School,Mecklenburg,35.2401000008895,-80.785683,2024,3,48.0,52.0
2024-03-20,Hattie Avenue,Forsyth,36.11094,-80.224501,2024,3,44.0,38.0
2024-03-20,Leggett,Edgecombe,35.988278,-77.5843,2024,3,49.0,46.0
2024-03-20,Linville Falls,Avery,35.972347,-81.933072,2024,3,48.0,
2024-03-20,Mendenhall School,Guilford,36.1090060008986,-79.802314,2024,3,45.0,32.0
2024-03-20,Millbrook School,Wake,35.856111,-78.574167,2024,3,47.0,53.0
2024-03-20,Pitt Agri. Center,Pitt,35.6412760008938,-77.360126,2024,3,48.0,58.0
2024-03-20,Rockwell,Rowan,35.551868,-80.395039,2024,3,46.0,36.0
2024-03-20,West Johnston Co.,Johnston,35.59095,-78.4622,2024,3,49.0,54.0
2024-03-21,Bryson City,Swain,35.434767,-83.442133,2024,3,44.0,37.0
2024-03-21,Castle Hayne,New Hanover,34.364167,-77.838611,2024,3,43.0,65.0
2024-03-21,Clemmons Middle,Forsyth,36.026612,-80.341962,2024,3,54.0,30.0
2024-03-21,Durham Armory,Durham,36.0329550008979,-78.904037,2024,3,44.0,
2024-03-21,Frying Pan Mountain,Haywood,35.379167,-82.7925,2024,3,54.0,
2024-03-21,Garinger High School,Mecklenburg,35.2401000008895,-80.785683,2024,3,47.0,37.0
2024-03-21,Hattie Avenue,Forsyth,36.11094,-80.224501,2024,3,47.0,24.0
2024-03-21,Leggett,Edgecombe,35.988278,-77.5843,2024,3,44.0,29.0
2024-03-21,Linville Falls,Avery,35.972347,-81.933072,2024,3,48.0,
2024-03-21,Mendenhall School,Guilford,36.1090060008986,-79.802314,2024,3,48.0,25.0
2024-03-21,Millbrook School,Wake,35.856111,-78.574167,2024,3,44.0,50.0
2024-03-21,Pitt Agri. Center,Pitt,35.6412760008938,-77.360126,2024,3,44.0,39.0
2024-03-21,Rockwell,Rowan,35.551868,-80.395039,2024,3,47.0,36.0
2024-03-21,West Johnston Co.,Johnston,35.59095,-78.4622,2024,3,47.0,55.0
2024-03-22,Bryson City,Swain,35.434767,-83.442133,2024,3,49.0,46.0
2024-03-22,Castle Hayne,New Hanover,34.364167,-77.838611,2024,3,44.0,33.5
2024-03-22,Clemmons Middle,Forsyth,36.026612,-80.341962,2024,3,35.0,56.0
2024-03-22,Durham Armory,Durham,36.0329550008979,-78.904037,2024,3,37.0,
2024-03-22,Frying Pan Mountain,Haywood,35.379167,-82.7925,2024,3,51.0,42.0
2024-03-22,Garinger High School,Mecklenburg,35.2401000008895,-80.785683,2024,3,33.0,58.5
2024-03-22,Hattie Avenue,Forsyth,36.11094,-80.224501,2024,3,32.0,54.0
2024-03-22,Leggett,Edgecombe,35.988278,-77.5843,2024,3,40.0,46.0
2024-03-22,Linville Falls,Avery,35.972347,-81.933072,2024,3,44.0,65.0
2024-03-22,Mendenhall School,Guilford,36.1090060008986,-79.802314,2024,3,33.0,55.0
2024-03-22,Millbrook School,Wake,35.856111,-78.574167,2024,3,38.0,44.0
2024-03-22,Pitt Agri. Center,Pitt,35.6412760008938,-77.360126,2024,3,39.0,32.0
2024-03-22,Rockwell,Rowan,35.551868,-80.395039,2024,3,31.0,59.0
2024-03-22,West Johnston Co.,Johnston,35.59095,-78.4622,2024,3,40.0,50.0
2024-03-23,Bryson City,Swain,35.434767,-83.442133,2024,3,39.0,26.0
2024-03-23,Castle Hayne,New Hanover,34.364167,-77.838611,2024,3,34.0,23.5
2024-03-23,Clemmons Middle,Forsyth,36.026612,-80.341962,2024,3,44.0,18.0
2024-03-23,Durham Armory,Durham,36.0329550008979,-78.904037,2024,3,36.0,23.0
2024-03-23,Frying Pan Mountain,Haywood,35.379167,-82.7925,2024,3,61.0,
2024-03-23,Garinger High School,Mecklenburg,35.2401000008895,-80.785683,2024,3,42.0,19.0
2024-03-23,Hattie Avenue,Forsyth,36.11094,-80.224501,2024,3,40.0,18.0
2024-03-23,Leggett,Edgecombe,35.988278,-77.5843,2024,3,35.0,13.0
2024-03-23,Linville Falls,Avery,35.972347,-81.933072,2024,3,40.0,
2024-03-23,Mendenhall School,Guilford,36.1090060008986,-79.802314,2024,3,38.0,13.0
2024-03-23,Millbrook School,Wake,35.856111,-78.574167,2024,3,37.0,15.0
2024-03-23,Pitt Agri. Center,Pitt,35.6412760008938,-77.360126,2024,3,34.0,16.0
2024-03-23,Rockwell,Rowan,35.551868,-80.395039,2024,3,39.0,13.0
2024-03-23,West Johnston Co.,Johnston,35.59095,-78.4622,2024,3,36.0,16.0
2024-03-24,Bryson City,Swain,35.434767,-83.442133,2024,3,44.0,21.0
2024-03-24,Castle Hayne,New Hanover,34.364167,-77.838611,2024,3,44.0,22.5
2024-03-24,Clemmons Middle,Forsyth,36.026612,-80.341962,2024,3,48.0,23.0
2024-03-24,Durham Armory,Durham,36.0329550008979,-78.904037,2024,3,43.0,39.0
2024-03-24,Frying Pan Mountain,Haywood,35.379167,-82.7925,2024,3,64.0,
2024-03-24,Garinger High School,Mecklenburg,35.2401000008895,-80.785683,2024,3,44.0,20.0
2024-03-24,Hattie Avenue,Forsyth,36.11094,-80.224501,2024,3,44.0,23.0
2024-03-24,Leggett,Edgecombe,35.988278,-77.5843,2024,3,40.0,16.0
2024-03-24,Linville Falls,Avery,35.972347,-81.933072,2024,3,51.0,
2024-03-24,Mendenhall School,Guilford,36.1090060008986,-79.802314,2024,3,43.0,22.0
2024-03-24,Millbrook School,Wake,35.856111,-78.574167,2024,3,44.0,20.0
2024-03-24,Pitt Agri. Center,Pitt,35.6412760008938,-77.360126,2024,3,42.0,12.0
2024-03-24,Rockwell,Rowan,35.551868,-80.395039,2024,3,43.0,21.0
2024-03-24,West Johnston Co.,Johnston,35.59095,-78.4622,2024,3,44.0,18.0
2024-03-25,Bryson City,Swain,35.434767,-83.442133,2024,3,51.0,18.0
2024-03-25,Castle Hayne,New Hanover,34.364167,-77.838611,2024,3,42.0,42.0
2024-03-25,Clemmons Middle,Forsyth,36.026612,-80.341962,2024,3,58.0,34.0
2024-03-25,Durham Armory,Durham,36.0329550008979,-78.904037,2024,3,44.0,51.0
2024-03-25,Frying Pan Mountain,Haywood,35.379167,-82.7925,2024,3,,14.0
2024-03-25,Garinger High School,Mecklenburg,35.2401000008895,-80.785683,2024,3,46.0,55.0
2024-03-25,Hattie Avenue,Forsyth,36.11094,-80.224501,2024,3,48.0,29.0
2024-03-25,Leggett,Edgecombe,35.988278,-77.5843,2024,3,,29.0
2024-03-25,Linville Falls,Avery,35.972347,-81.933072,2024,3,54.0,18.0
2024-03-25,Mendenhall School,Guilford,36.1090060008986,-79.802314,2024,3,46.0,32.0
2024-03-25,Millbrook School,Wake,35.856111,-78.574167,2024,3,44.0,31.5
2024-03-25,Old High School,Swain,35.498711,-83.310242,2024,3,,20.0
2024-03-25,Pitt Agri. Center,Pitt,35.6412760008938,-77.360126,2024,3,43.0,34.0
2024-03-25,Rockwell,Rowan,35.551868,-80.395039,2024,3,45.0,26.0
2024-03-25,West Johnston Co.,Johnston,35.59095,-78.4622,2024,3,47.0,29.0
2024-03-26,Bryson City,Swain,35.434767,-83.442133,2024,3,34.0,18.0
2024-03-26,Castle Hayne,New Hanover,34.364167,-77.838611,2024,3,39.0,47.5
2024-03-26,Clemmons Middle,Forsyth,36.026612,-80.341962,2024,3,35.0,42.0
2024-03-26,Durham Armory,Durham,36.0329550008979,-78.904037,2024,3,38.0,55.0
2024-03-26,Frying Pan Mountain,Haywood,35.379167,-82.7925,2024,3,41.0,
2024-03-26,Garinger High School,Mecklenburg,35.2401000008895,-80.785683,2024,3,37.0,60.0
2024-03-26,Hattie Avenue,Forsyth,36.11094,-80.224501,2024,3,33.0,42.0
2024-03-26,Leggett,Edgecombe,35.988278,-77.5843,2024,3,,37.0
2024-03-26,Linville Falls,Avery,35.972347,-81.933072,2024,3,39.0,
2024-03-26,Mendenhall School,Guilford,36.1090060008986,-79.802314,2024,3,36.0,48.0
2024-03-26,Millbrook School,Wake,35.856111,-78.574167,2024,3,40.0,44.0
2024-03-26,Pitt Agri. Center,Pitt,35.6412760008938,-77.360126,2024,3,36.0,36.0
2024-03-26,Rockwell,Rowan,35.551868,-80.395039,2024,3,34.0,49.0
2024-03-26,West Johnston Co.,Johnston,35.59095,-78.4622,2024,3,41.0,46.0
2024-03-27,Bryson City,Swain,35.434767,-83.442133,2024,3,40.0,17.0
2024-03-27,Castle Hayne,New Hanover,34.364167,-77.838611,2024,3,35.0,24.5
2024-03-27,Clemmons Middle,Forsyth,36.026612,-80.341962,2024,3,26.0,19.0
2024-03-27,Durham Armory,Durham,36.0329550008979,-78.904037,2024,3,19.0,45.0
2024-03-27,Frying Pan Mountain,Haywood,35.379167,-82.7925,2024,3,42.0,
2024-03-27,Garinger High School,Mecklenburg,35.2401000008895,-80.785683,2024,3,19.0,21.0
2024-03-27,Hattie Avenue,Forsyth,36.11094,-80.224501,2024,3,25.0,19.0
2024-03-27,Linville Falls,Avery,35.972347,-81.933072,2024,3,37.0,
2024-03-27,Mendenhall School,Guilford,36.1090060008986,-79.802314,2024,3,20.0,22.0
2024-03-27,Millbrook School,Wake,35.856111,-78.574167,2024,3,18.0,38.0
2024-03-27,Pitt Agri. Center,Pitt,35.6412760008938,-77.360126,2024,3,23.0,27.0
2024-03-27,Rockwell,Rowan,35.551868,-80.395039,2024,3,22.0,19.0
2024-03-27,West Johnston Co.,Johnston,35.59095,-78.4622,2024,3,20.0,44.0
2024-03-28,Bryson City,Swain,35.434767,-83.442133,2024,3,45.0,20.0
2024-03-28,Castle Hayne,New Hanover,34.364167,-77.838611,2024,3,28.0,18.5
2024-03-28,Clemmons Middle,Forsyth,36.026612,-80.341962,2024,3,48.0,24.0
2024-03-28,Durham Armory,Durham,36.0329550008979,-78.904037,2024,3,29.0,32.0
2024-03-28,Frying Pan Mountain,Haywood,35.379167,-82.7925,2024,3,46.0,
2024-03-28,Garinger High School,Mecklenburg,35.2401000008895,-80.785683,2024,3,42.0,18.0
2024-03-28,Hattie Avenue,Forsyth,36.11094,-80.224501,2024,3,44.0,21.5
2024-03-28,Leggett,Edgecombe,35.988278,-77.5843,2024,3,26.0,
2024-03-28,Linville Falls,Avery,35.972347,-81.933072,2024,3,45.0,14.0
2024-03-28,Mendenhall School,Guilford,36.1090060008986,-79.802314,2024,3,43.0,18.0
2024-03-28,Millbrook School,Wake,35.856111,-78.574167,2024,3,33.0,20.0
2024-03-28,Old High School,Swain,35.498711,-83.310242,2024,3,,17.0
2024-03-28,Pitt Agri. Center,Pitt,35.6412760008938,-77.360126,2024,3,24.0,16.0
2024-03-28,Rockwell,Rowan,35.551868,-80.395039,2024,3,43.0,14.0
2024-03-28,West Johnston Co.,Johnston,35.59095,-78.4622,2024,3,26.0,17.0
2024-03-29,Bryson City,Swain,35.434767,-83.442133,2024,3,46.0,43.0
2024-03-29,Castle Hayne,New Hanover,34.364167,-77.838611,2024,3,48.0,35.0
2024-03-29,Clemmons Middle,Forsyth,36.026612,-80.341962,2024,3,54.0,29.0
2024-03-29,Durham Armory,Durham,36.0329550008979,-78.904037,2024,3,48.0,50.0
2024-03-29,Frying Pan Mountain,Haywood,35.379167,-82.7925,2024,3,50.0,
2024-03-29,Garinger High School,Mecklenburg,35.2401000008895,-80.785683,2024,3,47.0,28.0
2024-03-29,Hattie Avenue,Forsyth,36.11094,-80.224501,2024,3,47.0,32.0
2024-03-29,Leggett,Edgecombe,35.988278,-77.5843,2024,3,48.0,34.0
2024-03-29,Linville Falls,Avery,35.972347,-81.933072,2024,3,49.0,
2024-03-29,Mendenhall School,Guilford,36.1090060008986,-79.802314,2024,3,48.0,40.0
2024-03-29,Millbrook School,Wake,35.856111,-78.574167,2024,3,50.0,31.0
2024-03-29,Old High School,Swain,35.498711,-83.310242,2024,3,,22.0
2024-03-29,Pitt Agri. Center,Pitt,35.6412760008938,-77.360126,2024,3,49.0,39.0
2024-03-29,Rockwell,Rowan,35.551868,-80.395039,2024,3,47.0,23.0
2024-03-29,West Johnston Co.,Johnston,35.59095,-78.4622,2024,3,50.0,35.0
2024-03-30,Bryson City,Swain,35.434767,-83.442133,2024,3,54.0,53.0
2024-03-30,Castle Hayne,New Hanover,34.364167,-77.838611,2024,3,64.0,37.5
2024-03-30,Clemmons Middle,Forsyth,36.026612,-80.341962,2024,3,71.0,43.0
2024-03-30,Durham Armory,Durham,36.0329550008979,-78.904037,2024,3,54.0,56.0
2024-03-30,Frying Pan Mountain,Haywood,35.379167,-82.7925,2024,3,61.0,
2024-03-30,Garinger High School,Mecklenburg,35.2401000008895,-80.785683,2024,3,54.0,52.0
2024-03-30,Hattie Avenue,Forsyth,36.11094,-80.224501,2024,3,54.0,41.0
2024-03-30,Leggett,Edgecombe,35.988278,-77.5843,2024,3,51.0,51.0
2024-03-30,Linville Falls,Avery,35.972347,-81.933072,2024,3,54.0,
2024-03-30,Mendenhall School,Guilford,36.1090060008986,-79.802314,2024,3,64.0,46.0
2024-03-30,Millbrook School,Wake,35.856111,-78.574167,2024,3,54.0,46.0
2024-03-30,Pitt Agri. Center,Pitt,35.6412760008938,-77.360126,2024,3,54.0,46.0
2024-03-30,Rockwell,Rowan,35.551868,-80.395039,2024,3,54.0,43.0
2024-03-30,West Johnston Co.,Johnston,35.59095,-78.4622,2024,3,54.0,47.0
2024-03-31,Bryson City,Swain,35.434767,-83.442133,2024,3,46.0,53.0
2024-03-31,Castle Hayne,New Hanover,34.364167,-77.838611,2024,3,61.0,50.5
2024-03-31,Clemmons Middle,Forsyth,36.026612,-80.341962,2024,3,64.0,47.5
2024-03-31,Durham Armory,Durham,36.0329550008979,-78.904037,2024,3,51.0,56.0
2024-03-31,Frying Pan Mountain,Haywood,35.379167,-82.7925,2024,3,48.0,29.0
2024-03-31,Garinger High School,Mecklenburg,35.2401000008895,-80.785683,2024,3,50.0,54.0
2024-03-31,Hattie Avenue,Forsyth,36.11094,-80.224501,2024,3,49.0,50.5
2024-03-31,Leggett,Edgecombe,35.988278,-77.5843,2024,3,51.0,52.0
2024-03-31,Linville Falls,Avery,35.972347,-81.933072,2024,3,49.0,30.0
2024-03-31,Mendenhall School,Guilford,36.1090060008986,-79.802314,2024,3,58.0,53.0
2024-03-31,Millbrook School,Wake,35.856111,-78.574167,2024,3,51.0,53.0
2024-03-31,Old High School,Swain,35.498711,-83.310242,2024,3,,54.0
2024-03-31,Pitt Agri. Center,Pitt,35.6412760008938,-77.360126,2024,3,51.0,53.0
2024-03-31,Rockwell,Rowan,35.551868,-80.395039,2024,3,50.0,48.0
2024-03-31,West Johnston Co.,Johnston,35.59095,-78.4622,2024,3,58.0,54.0
2024-04-01,Bryson City,Swain,35.434767,-83.442133,2024,4,42.0,55.0
2024-04-01,Castle Hayne,New Hanover,34.364167,-77.838611,2024,4,42.0,48.0
2024-04-01,Clemmons Middle,Forsyth,36.026612,-80.341962,2024,4,50.0,58.0
2024-04-01,Durham Armory,Durham,36.0329550008979,-78.904037,2024,4,44.0,67.0
2024-04-01,Frying Pan Mountain,Haywood,35.379167,-82.7925,2024,4,46.0,
2024-04-01,Garinger High School,Mecklenburg,35.2401000008895,-80.785683,2024,4,43.0,58.0
2024-04-01,Hattie Avenue,Forsyth,36.11094,-80.224501,2024,4,45.0,58.0
2024-04-01,Leggett,Edgecombe,35.988278,-77.5843,2024,4,44.0,56.0
2024-04-01,Linville Falls,Avery,35.972347,-81.933072,2024,4,45.0,
2024-04-01,Mendenhall School,Guilford,36.1090060008986,-79.802314,2024,4,47.0,59.0
2024-04-01,Millbrook School,Wake,35.856111,-78.574167,2024,4,43.0,59.0
2024-04-01,Pitt Agri. Center,Pitt,35.6412760008938,-77.360126,2024,4,44.0,55.0
2024-04-01,Rockwell,Rowan,35.551868,-80.395039,2024,4,43.0,59.0
2024-04-01,West Johnston Co.,Johnston,35.59095,-78.4622,2024,4,48.0,71.0
2024-04-02,Bryson City,Swain,35.434767,-83.442133,2024,4,44.0,58.0
2024-04-02,Castle Hayne,New Hanover,34.364167,-77.838611,2024,4,43.0,54.5
2024-04-02,Clemmons Middle,Forsyth,36.026612,-80.341962,2024,4,49.0,63.0
2024-04-02,Durham Armory,Durham,36.0329550008979,-78.904037,2024,4,43.0,69.0
2024-04-02,Frying Pan Mountain,Haywood,35.379167,-82.7925,2024,4,54.0,
2024-04-02,Garinger High School,Mecklenburg,35.2401000008895,-80.785683,2024,4,41.0,57.0
2024-04-02,Hattie Avenue,Forsyth,36.11094,-80.224501,2024,4,45.0,65.0
2024-04-02,Leggett,Edgecombe,35.988278,-77.5843,2024,4,42.0,57.0
2024-04-02,Linville Falls,Avery,35.972347,-81.933072,2024,4,46.0,
2024-04-02,Mendenhall School,Guilford,36.1090060008986,-79.802314,2024,4,48.0,64.0
2024-04-02,Millbrook School,Wake,35.856111,-78.574167,2024,4,44.0,71.0
2024-04-02,Pitt Agri. Center,Pitt,35.6412760008938,-77.360126,2024,4,39.0,59.0
2024-04-02,Rockwell,Rowan,35.551868,-80.395039,2024,4,42.0,57.0
2024-04-02,West Johnston Co.,Johnston,35.59095,-78.4622,2024,4,45.0,64.0
2024-04-03,Bryson City,Swain,35.434767,-83.442133,2024,4,42.0,18.0
2024-04-03,Castle Hayne,New Hanover,34.364167,-77.838611,2024,4,37.0,50.5
2024-04-03,Clemmons Middle,Forsyth,36.026612,-80.341962,2024,4,47.0,36.0
2024-04-03,Durham Armory,Durham,36.0329550008979,-78.904037,2024,4,44.0,54.0
2024-04-03,Frying Pan Mountain,Haywood,35.379167,-82.7925,2024,4,45.0,10.0
2024-04-03,Garinger High School,Mecklenburg,35.2401000008895,-80.785683,2024,4,43.0,23.5
2024-04-03,Hattie Avenue,Forsyth,36.11094,-80.224501,2024,4,43.0,39.0
2024-04-03,Leggett,Edgecombe,35.988278,-77.5843,2024,4,30.0,42.0
2024-04-03,Linville Falls,Avery,35.972347,-81.933072,2024,4,44.0,13.0
2024-04-03,Mendenhall School,Guilford,36.1090060008986,-79.802314,2024,4,44.0,37.0
2024-04-03,Millbrook School,Wake,35.856111,-78.574167,2024,4,44.0,51.0
2024-04-03,Old High School,Swain,35.498711,-83.310242,2024,4,,17.0
2024-04-03,Pitt Agri. Center,Pitt,35.6412760008938,-77.360126,2024,4,29.0,46.0
2024-04-03,Rockwell,Rowan,35.551868,-80.395039,2024,4,44.0,27.0
2024-04-03,West Johnston Co.,Johnston,35.59095,-78.4622,2024,4,42.0,48.0
2024-04-04,Bryson City,Swain,35.434767,-83.442133,2024,4,37.0,16.0
2024-04-04,Castle Hayne,New Hanover,34.364167,-77.838611,2024,4,42.0,20.0
2024-04-04,Clemmons Middle,Forsyth,36.026612,-80.341962,2024,4,42.0,9.0
2024-04-04,Durham Armory,Durham,36.0329550008979,-78.904037,2024,4,38.0,
2024-04-04,Frying Pan Mountain,Haywood,35.379167,-82.7925,2024,4,40.0,
2024-04-04,Garinger High School,Mecklenburg,35.2401000008895,-80.785683,2024,4,38.0,3.0
2024-04-04,Hattie Avenue,Forsyth,36.11094,-80.224501,2024,4,37.0,11.0
2024-04-04,Leggett,Edgecombe,35.988278,-77.5843,2024,4,40.0,6.0
2024-04-04,Linville Falls,Avery,35.972347,-81.933072,2024,4,40.0,
2024-04-04,Mendenhall School,Guilford,36.1090060008986,-79.802314,2024,4,38.0,11.0
2024-04-04,Millbrook School,Wake,35.856111,-78.574167,2024,4,40.0,13.0
2024-04-04,Pitt Agri. Center,Pitt,35.6412760008938,-77.360126,2024,4,41.0,6.0
2024-04-04,Rockwell,Rowan,35.551868,-80.395039,2024,4,38.0,17.0
2024-04-04,West Johnston Co.,Johnston,35.59095,-78.4622,2024,4,41.0,18.0
2024-04-05,Bryson City,Swain,35.434767,-83.442133,2024,4,32.0,7.0
2024-04-05,Castle Hayne,New Hanover,34.364167,-77.838611,2024,4,43.0,19.0
2024-04-05,Clemmons Middle,Forsyth,36.026612,-80.341962,2024,4,40.0,12.0
2024-04-05,Durham Armory,Durham,36.0329550008979,-78.904037,2024,4,38.0,31.0
2024-04-05,Frying Pan Mountain,Haywood,35.379167,-82.7925,2024,4,36.0,
2024-04-05,Garinger High School,Mecklenburg,35.2401000008895,-80.785683,2024,4,36.0,7.0
2024-04-05,Hattie Avenue,Forsyth,36.11094,-80.224501,2024,4,35.0,12.0
2024-04-05,Leggett,Edgecombe,35.988278,-77.5843,2024,4,40.0,4.0
2024-04-05,Linville Falls,Avery,35.972347,-81.933072,2024,4,35.0,
2024-04-05,Mendenhall School,Guilford,36.1090060008986,-79.802314,2024,4,36.0,6.0
2024-04-05,Millbrook School,Wake,35.856111,-78.574167,2024,4,41.0,12.0
2024-04-05,Pitt Agri. Center,Pitt,35.6412760008938,-77.360126,2024,4,44.0,9.0
2024-04-05,Rockwell,Rowan,35.551868,-80.395039,2024,4,37.0,9.0
2024-04-05,West Johnston Co.,Johnston,35.59095,-78.4622,2024,4,43.0,12.0
2024-04-06,Bryson City,Swain,35.434767,-83.442133,2024,4,41.0,19.0
2024-04-06,Castle Hayne,New Hanover,34.364167,-77.838611,2024,4,44.0,15.5
2024-04-06,Clemmons Middle,Forsyth,36.026612,-80.341962,2024,4,45.0,11.0
2024-04-06,Durham Armory,Durham,36.0329550008979,-78.904037,2024,4,39.0,28.0
2024-04-06,Frying Pan Mountain,Haywood,35.379167,-82.7925,2024,4,44.0,7.0
2024-04-06,Garinger High School,Mecklenburg,35.2401000008895,-80.785683,2024,4,43.0,8.0
2024-04-06,Hattie Avenue,Forsyth,36.11094,-80.224501,2024,4,41.0,14.0
2024-04-06,Leggett,Edgecombe,35.988278,-77.5843,2024,4,38.0,
2024-04-06,Linville Falls,Avery,35.972347,-81.933072,2024,4,44.0,7.0
2024-04-06,Mendenhall School,Guilford,36.1090060008986,-79.802314,2024,4,41.0,16.0
2024-04-06,Millbrook School,Wake,35.856111,-78.574167,2024,4,41.0,11.5
2024-04-06,Pitt Agri. Center,Pitt,35.6412760008938,-77.360126,2024,4,39.0,6.0
2024-04-06,Rockwell,Rowan,35.551868,-80.395039,2024,4,42.0,6.0
2024-04-06,West Johnston Co.,Johnston,35.59095,-78.4622,2024,4,42.0,13.0
2024-04-07,Bryson City,Swain,35.434767,-83.442133,2024,4,44.0,25.0
2024-04-07,Castle Hayne,New Hanover,34.364167,-77.838611,2024,4,43.0,19.0
2024-04-07,Clemmons Middle,Forsyth,36.026612,-80.341962,2024,4,49.0,18.0
2024-04-07,Durham Armory,Durham,36.0329550008979,-78.904037,2024,4,43.0,32.0
2024-04-07,Frying Pan Mountain,Haywood,35.379167,-82.7925,2024,4,61.0,
2024-04-07,Garinger High School,Mecklenburg,35.2401000008895,-80.785683,2024,4,47.0,22.0
2024-04-07,Hattie Avenue,Forsyth,36.11094,-80.224501,2024,4,47.0,22.0
2024-04-07,Leggett,Edgecombe,35.988278,-77.5843,2024,4,42.0,
2024-04-07,Linville Falls,Avery,35.972347,-81.933072,2024,4,44.0,
2024-04-07,Mendenhall School,Guilford,36.1090060008986,-79.802314,2024,4,47.0,28.0
2024-04-07,Millbrook School,Wake,35.856111,-78.574167,2024,4,44.0,19.0
2024-04-07,Old High School,Swain,35.498711,-83.310242,2024,4,,23.0
2024-04-07,Pitt Agri. Center,Pitt,35.6412760008938,-77.360126,2024,4,42.0,12.0
2024-04-07,Rockwell,Rowan,35.551868,-80.395039,2024,4,44.0,52.0
2024-04-07,West Johnston Co.,Johnston,35.59095,-78.4622,2024,4,46.0,26.0
2024-04-08,Bryson City,Swain,35.434767,-83.442133,2024,4,50.0,52.0
2024-04-08,Castle Hayne,New Hanover,34.364167,-77.838611,2024,4,46.0,24.5
2024-04-08,Clemmons Middle,Forsyth,36.026612,-80.341962,2024,4,58.0,53.0
2024-04-08,Durham Armory,Durham,36.0329550008979,-78.904037,2024,4,46.0,61.0
2024-04-08,Frying Pan Mountain,Haywood,35.379167,-82.7925,2024,4,54.0,
2024-04-08,Garinger High School,Mecklenburg,35.2401000008895,-80.785683,2024,4,45.0,46.0
2024-04-08,Hattie Avenue,Forsyth,36.11094,-80.224501,2024,4,49.0,52.0
2024-04-08,Leggett,Edgecombe,35.988278,-77.5843,2024,4,45.0,
2024-04-08,Linville Falls,Avery,35.972347,-81.933072,2024,4,49.0,
2024-04-08,Mendenhall School,Guilford,36.1090060008986,-79.802314,2024,4,58.0,56.0
2024-04-08,Millbrook School,Wake,35.856111,-78.574167,2024,4,47.0,51.0
2024-04-08,Pitt Agri. Center,Pitt,35.6412760008938,-77.360126,2024,4,45.0,33.0
2024-04-08,Rockwell,Rowan,35.551868,-80.395039,2024,4,47.0,47.0
2024-04-08,West Johnston Co.,Johnston,35.59095,-78.4622,2024,4,48.0,55.0
2024-04-09,Bryson City,Swain,35.434767,-83.442133,2024,4,39.0,51.0
2024-04-09,Castle Hayne,New Hanover,34.364167,-77.838611,2024,4,42.0,29.5
2024-04-09,Clemmons Middle,Forsyth,36.026612,-80.341962,2024,4,41.0,52.0
2024-04-09,Durham Armory,Durham,36.0329550008979,-78.904037,2024,4,41.0,58.0
2024-04-09,Frying Pan Mountain,Haywood,35.379167,-82.7925,2024,4,54.0,41.0
2024-04-09,Garinger High School,Mecklenburg,35.2401000008895,-80.785683,2024,4,32.0,52.5
2024-04-09,Hattie Avenue,Forsyth,36.11094,-80.224501,2024,4,33.0,52.0
2024-04-09,Leggett,Edgecombe,35.988278,-77.5843,2024,4,42.0,
2024-04-09,Linville Falls,Avery,35.972347,-81.933072,2024,4,43.0,41.0
2024-04-09,Mendenhall School,Guilford,36.1090060008986,-79.802314,2024,4,39.0,53.0
2024-04-09,Millbrook School,Wake,35.856111,-78.574167,2024,4,38.0,48.5
2024-04-09,Old High School,Swain,35.498711,-83.310242,2024,4,,50.0
2024-04-09,Pitt Agri. Center,Pitt,35.6412760008938,-77.360126,2024,4,44.0,42.0
2024-04-09,Rockwell,Rowan,35.551868,-80.395039,2024,4,37.0,51.0
2024-04-09,West Johnston Co.,Johnston,35.59095,-78.4622,2024,4,41.0,44.0
2024-04-10,Bryson City,Swain,35.434767,-83.442133,2024,4,43.0,46.0
2024-04-10,Castle Hayne,New Hanover,34.364167,-77.838611,2024,4,46.0,30.5
2024-04-10,Clemmons Middle,Forsyth,36.026612,-80.341962,2024,4,39.0,54.0
2024-04-10,Durham Armory,Durham,36.0329550008979,-78.904037,2024,4,37.0,54.0
2024-04-10,Frying Pan Mountain,Haywood,35.379167,-82.7925,2024,4,43.0,
2024-04-10,Garinger High School,Mecklenburg,35.2401000008895,-80.785683,2024,4,37.0,42.0
2024-04-10,Hattie Avenue,Forsyth,36.11094,-80.224501,2024,4,36.0,54.0
2024-04-10,Leggett,Edgecombe,35.988278,-77.5843,2024,4,37.0,
2024-04-10,Linville Falls,Avery,35.972347,-81.933072,2024,4,40.0,
2024-04-10,Mendenhall School,Guilford,36.1090060008986,-79.802314,2024,4,34.0,52.0
2024-04-10,Millbrook School,Wake,35.856111,-78.574167,2024,4,37.0,38.0
2024-04-10,Pitt Agri. Center,Pitt,35.6412760008938,-77.360126,2024,4,41.0,41.0
2024-04-10,Rockwell,Rowan,35.551868,-80.395039,2024,4,34.0,51.0
2024-04-10,West Johnston Co.,Johnston,35.59095,-78.4622,2024,4,40.0,36.0
2024-04-11,Bryson City,Swain,35.434767,-83.442133,2024,4,41.0,19.0
2024-04-11,Castle Hayne,New Hanover,34.364167,-77.838611,2024,4,40.0,40.0
2024-04-11,Clemmons Middle,Forsyth,36.026612,-80.341962,2024,4,41.0,27.0
2024-04-11,Durham Armory,Durham,36.0329550008979,-78.904037,2024,4,37.0,29.0
2024-04-11,Frying Pan Mountain,Haywood,35.379167,-82.7925,2024,4,45.0,
2024-04-11,Garinger High School,Mecklenburg,35.2401000008895,-80.785683,2024,4,36.0,9.0
2024-04-11,Hattie Avenue,Forsyth,36.11094,-80.224501,2024,4,38.0,28.0
2024-04-11,Leggett,Edgecombe,35.988278,-77.5843,2024,4,36.0,
2024-04-11,Linville Falls,Avery,35.972347,-81.933072,2024,4,44.0,
2024-04-11,Mendenhall School,Guilford,36.1090060008986,-79.802314,2024,4,37.0,23.0
2024-04-11,Millbrook School,Wake,35.856111,-78.574167,2024,4,37.0,30.0
2024-04-11,Pitt Agri. Center,Pitt,35.6412760008938,-77.360126,2024,4,37.0,37.0
2024-04-11,Rockwell,Rowan,35.551868,-80.395039,2024,4,33.0,24.0
2024-04-11,West Johnston Co.,Johnston,35.59095,-78.4622,2024,4,38.0,26.0
2024-04-12,Bryson City,Swain,35.434767,-83.442133,2024,4,43.0,21.0
2024-04-12,Castle Hayne,New Hanover,34.364167,-77.838611,2024,4,48.0,29.0
2024-04-12,Clemmons Middle,Forsyth,36.026612,-80.341962,2024,4,48.0,15.0
2024-04-12,Durham Armory,Durham,36.0329550008979,-78.904037,2024,4,46.0,41.0
2024-04-12,Frying Pan Mountain,Haywood,35.379167,-82.7925,2024,4,44.0,13.0
2024-04-12,Garinger High School,Mecklenburg,35.2401000008895,-80.785683,2024,4,44.0,15.0
2024-04-12,Hattie Avenue,Forsyth,36.11094,-80.224501,2024,4,44.0,16.0
2024-04-12,Leggett,Edgecombe,35.988278,-77.5843,2024,4,49.0,
2024-04-12,Linville Falls,Avery,35.972347,-81.933072,2024,4,44.0,12.0
2024-04-12,Mendenhall School,Guilford,36.1090060008986,-79.802314,2024,4,45.0,8.0
2024-04-12,Millbrook School,Wake,35.856111,-78.574167,2024,4,49.0,19.0
2024-04-12,Old High School,Swain,35.498711,-83.310242,2024,4,,16.5
2024-04-12,Pitt Agri. Center,Pitt,35.6412760008938,-77.360126,2024,4,48.0,21.0
2024-04-12,Rockwell,Rowan,35.551868,-80.395039,2024,4,45.0,6.0
2024-04-12,West Johnston Co.,Johnston,35.59095,-78.4622,2024,4,48.0,16.0
2024-04-13,Bryson City,Swain,35.434767,-83.442133,2024,4,48.0,29.0
2024-04-13,Castle Hayne,New Hanover,34.364167,-77.838611,2024,4,46.0,19.0
2024-04-13,Clemmons Middle,Forsyth,36.026612,-80.341962,2024,4,50.0,15.0
2024-04-13,Durham Armory,Durham,36.0329550008979,-78.904037,2024,4,45.0,36.0
2024-04-13,Frying Pan Mountain,Haywood,35.379167,-82.7925,2024,4,58.0,
2024-04-13,Garinger High School,Mecklenburg,35.2401000008895,-80.785683,2024,4,47.0,27.0
2024-04-13,Hattie Avenue,Forsyth,36.11094,-80.224501,2024,4,45.0,17.0
2024-04-13,Leggett,Edgecombe,35.988278,-77.5843,2024,4,45.0,22.0
2024-04-13,Linville Falls,Avery,35.972347,-81.933072,2024,4,49.0,
2024-04-13,Mendenhall School,Guilford,36.1090060008986,-79.802314,2024,4,45.0,22.0
2024-04-13,Millbrook School,Wake,35.856111,-78.574167,2024,4,47.0,15.0
2024-04-13,Old High School,Swain,35.498711,-83.310242,2024,4,,20.0
2024-04-13,Pitt Agri. Center,Pitt,35.6412760008938,-77.360126,2024,4,46.0,16.0
2024-04-13,Rockwell,Rowan,35.551868,-80.395039,2024,4,46.0,18.0
2024-04-13,West Johnston Co.,Johnston,35.59095,-78.4622,2024,4,47.0,19.0
2024-04-14,Bryson City,Swain,35.434767,-83.442133,2024,4,71.0,46.0
2024-04-14,Castle Hayne,New Hanover,34.364167,-77.838611,2024,4,58.0,27.0
2024-04-14,Clemmons Middle,Forsyth,36.026612,-80.341962,2024,4,74.0,33.0
2024-04-14,Durham Armory,Durham,36.0329550008979,-78.904037,2024,4,51.0,53.0
2024-04-14,Frying Pan Mountain,Haywood,35.379167,-82.7925,2024,4,71.0,
2024-04-14,Garinger High School,Mecklenburg,35.2401000008895,-80.785683,2024,4,54.0,55.0
2024-04-14,Hattie Avenue,Forsyth,36.11094,-80.224501,2024,4,58.0,37.0
2024-04-14,Leggett,Edgecombe,35.988278,-77.5843,2024,4,50.0,33.0
2024-04-14,Linville Falls,Avery,35.972347,-81.933072,2024,4,67.0,
2024-04-14,Mendenhall School,Guilford,36.1090060008986,-79.802314,2024,4,74.0,47.0
2024-04-14,Millbrook School,Wake,35.856111,-78.574167,2024,4,51.0,32.0
2024-04-14,Pitt Agri. Center,Pitt,35.6412760008938,-77.360126,2024,4,49.0,31.0
2024-04-14,Rockwell,Rowan,35.551868,-80.395039,2024,4,58.0,36.0
2024-04-14,West Johnston Co.,Johnston,35.59095,-78.4622,2024,4,54.0,35.0
2024-04-15,Bryson City,Swain,35.434767,-83.442133,2024,4,48.0,46.0
2024-04-15,Castle Hayne,New Hanover,34.364167,-77.838611,2024,4,74.0,51.5
2024-04-15,Clemmons Middle,Forsyth,36.026612,-80.341962,2024,4,84.0,51.0
2024-04-15,Durham Armory,Durham,36.0329550008979,-78.904037,2024,4,54.0,57.0
2024-04-15,Frying Pan Mountain,Haywood,35.379167,-82.7925,2024,4,58.0,36.0
2024-04-15,Garinger High School,Mecklenburg,35.2401000008895,-80.785683,2024,4,61.0,53.5
2024-04-15,Hattie Avenue,Forsyth,36.11094,-80.224501,2024,4,64.0,53.0
2024-04-15,Leggett,Edgecombe,35.988278,-77.5843,2024,4,64.0,46.0
2024-04-15,Linville Falls,Avery,35.972347,-81.933072,2024,4,51.0,32.0
2024-04-15,Mendenhall School,Guilford,36.1090060008986,-79.802314,2024,4,87.0,56.0
2024-04-15,Millbrook School,Wake,35.856111,-78.574167,2024,4,61.0,52.5
2024-04-15,Old High School,Swain,35.498711,-83.310242,2024,4,,43.0
2024-04-15,Pitt Agri. Center,Pitt,35.6412760008938,-77.360126,2024,4,58.0,53.0
2024-04-15,Rockwell,Rowan,35.551868,-80.395039,2024,4,64.0,52.0
2024-04-15,West Johnston Co.,Johnston,35.59095,-78.4622,2024,4,61.0,52.0
2024-04-16,Bryson City,Swain,35.434767,-83.442133,2024,4,,68.0
2024-04-16,Castle Hayne,New Hanover,34.364167,-77.838611,2024,4,61.0,58.0
2024-04-16,Clemmons Middle,Forsyth,36.026612,-80.341962,2024,4,80.0,61.0
2024-04-16,Durham Armory,Durham,36.0329550008979,-78.904037,2024,4,48.0,66.0
2024-04-16,Frying Pan Mountain,Haywood,35.379167,-82.7925,2024,4,67.0,
2024-04-16,Garinger High School,Mecklenburg,35.2401000008895,-80.785683,2024,4,61.0,59.0
2024-04-16,Hattie Avenue,Forsyth,36.11094,-80.224501,2024,4,67.0,61.0
2024-04-16,Leggett,Edgecombe,35.988278,-77.5843,2024,4,46.0,38.0
2024-04-16,Linville Falls,Avery,35.972347,-81.933072,2024,4,61.0,
2024-04-16,Mendenhall School,Guilford,36.1090060008986,-79.802314,2024,4,50.0,58.0
2024-04-16,Millbrook School,Wake,35.856111,-78.574167,2024,4,47.0,58.0
2024-04-16,Pitt Agri. Center,Pitt,35.6412760008938,-77.360126,2024,4,46.0,52.0
2024-04-16,Rockwell,Rowan,35.551868,-80.395039,2024,4,54.0,61.0
2024-04-16,West Johnston Co.,Johnston,35.59095,-78.4622,2024,4,48.0,58.0
2024-04-17,Bryson City,Swain,35.434767,-83.442133,2024,4,49.0,47.0
2024-04-17,Castle Hayne,New Hanover,34.364167,-77.838611,2024,4,49.0,45.5
2024-04-17,Clemmons Middle,Forsyth,36.026612,-80.341962,2024,4,71.0,67.0
2024-04-17,Durham Armory,Durham,36.0329550008979,-78.904037,2024,4,40.0,71.0
2024-04-17,Frying Pan Mountain,Haywood,35.379167,-82.7925,2024,4,54.0,
2024-04-17,Garinger High School,Mecklenburg,35.2401000008895,-80.785683,2024,4,45.0,58.0
2024-04-17,Hattie Avenue,Forsyth,36.11094,-80.224501,2024,4,51.0,67.0
2024-04-17,Leggett,Edgecombe,35.988278,-77.5843,2024,4,45.0,54.0
2024-04-17,Linville Falls,Avery,35.972347,-81.933072,2024,4,51.0,
2024-04-17,Mendenhall School,Guilford,36.1090060008986,-79.802314,2024,4,58.0,64.0
2024-04-17,Millbrook School,Wake,35.856111,-78.574167,2024,4,45.0,57.0
2024-04-17,Pitt Agri. Center,Pitt,35.6412760008938,-77.360126,2024,4,49.0,55.0
2024-04-17,Rockwell,Rowan,35.551868,-80.395039,2024,4,47.0,60.0
2024-04-17,West Johnston Co.,Johnston,35.59095,-78.4622,2024,4,46.0,54.0
2024-04-18,Bryson City,Swain,35.434767,-83.442133,2024,4,47.0,41.0
2024-04-18,Castle Hayne,New Hanover,34.364167,-77.838611,2024,4,45.0,43.0
2024-04-18,Clemmons Middle,Forsyth,36.026612,-80.341962,2024,4,47.0,38.5
2024-04-18,Durham Armory,Durham,36.0329550008979,-78.904037,2024,4,43.0,58.0
2024-04-18,Frying Pan Mountain,Haywood,35.379167,-82.7925,2024,4,54.0,28.0
2024-04-18,Garinger High School,Mecklenburg,35.2401000008895,-80.785683,2024,4,50.0,42.5
2024-04-18,Hattie Avenue,Forsyth,36.11094,-80.224501,2024,4,44.0,43.5
2024-04-18,Leggett,Edgecombe,35.988278,-77.5843,2024,4,44.0,39.0
2024-04-18,Linville Falls,Avery,35.972347,-81.933072,2024,4,49.0,27.0
2024-04-18,Mendenhall School,Guilford,36.1090060008986,-79.802314,2024,4,45.0,42.0
2024-04-18,Millbrook School,Wake,35.856111,-78.574167,2024,4,46.0,51.5
2024-04-18,Pitt Agri. Center,Pitt,35.6412760008938,-77.360126,2024,4,45.0,43.0
2024-04-18,Rockwell,Rowan,35.551868,-80.395039,2024,4,45.0,42.0
2024-04-18,West Johnston Co.,Johnston,35.59095,-78.4622,2024,4,49.0,53.0
2024-04-19,Bryson City,Swain,35.434767,-83.442133,2024,4,47.0,37.0
2024-04-19,Castle Hayne,New Hanover,34.364167,-77.838611,2024,4,40.0,45.0
2024-04-19,Clemmons Middle,Forsyth,36.026612,-80.341962,2024,4,58.0,61.0
2024-04-19,Durham Armory,Durham,36.0329550008979,-78.904037,2024,4,43.0,62.0
2024-04-19,Frying Pan Mountain,Haywood,35.379167,-82.7925,2024,4,49.0,
2024-04-19,Garinger High School,Mecklenburg,35.2401000008895,-80.785683,2024,4,74.0,52.0
2024-04-19,Hattie Avenue,Forsyth,36.11094,-80.224501,2024,4,46.0,59.0
2024-04-19,Leggett,Edgecombe,35.988278,-77.5843,2024,4,38.0,31.0
2024-04-19,Linville Falls,Avery,35.972347,-81.933072,2024,4,46.0,
2024-04-19,Mendenhall School,Guilford,36.1090060008986,-79.802314,2024,4,39.0,60.0
2024-04-19,Millbrook School,Wake,35.856111,-78.574167,2024,4,43.0,59.0
2024-04-19,Pitt Agri. Center,Pitt,35.6412760008938,-77.360126,2024,4,37.0,35.0
2024-04-19,Rockwell,Rowan,35.551868,-80.395039,2024,4,50.0,
2024-04-19,West Johnston Co.,Johnston,35.59095,-78.4622,2024,4,36.0,60.0
2024-04-20,Bryson City,Swain,35.434767,-83.442133,2024,4,36.0,24.0
2024-04-20,Castle Hayne,New Hanover,34.364167,-77.838611,2024,4,38.0,57.0
2024-04-20,Clemmons Middle,Forsyth,36.026612,-80.341962,2024,4,39.0,53.0
2024-04-20,Durham Armory,Durham,36.0329550008979,-78.904037,2024,4,28.0,61.0
2024-04-20,Frying Pan Mountain,Haywood,35.379167,-82.7925,2024,4,44.0,
2024-04-20,Garinger High School,Mecklenburg,35.2401000008895,-80.785683,2024,4,40.0,54.0
2024-04-20,Hattie Avenue,Forsyth,36.11094,-80.224501,2024,4,37.0,52.0
2024-04-20,Leggett,Edgecombe,35.988278,-77.5843,2024,4,25.0,46.0
2024-04-20,Linville Falls,Avery,35.972347,-81.933072,2024,4,41.0,
2024-04-20,Mendenhall School,Guilford,36.1090060008986,-79.802314,2024,4,37.0,55.0
2024-04-20,Millbrook School,Wake,35.856111,-78.574167,2024,4,37.0,61.0
2024-04-20,Pitt Agri. Center,Pitt,35.6412760008938,-77.360126,2024,4,31.0,54.0
2024-04-20,Rockwell,Rowan,35.551868,-80.395039,2024,4,35.0,
2024-04-20,West Johnston Co.,Johnston,35.59095,-78.4622,2024,4,39.0,60.0
2024-04-21,Bryson City,Swain,35.434767,-83.442133,2024,4,32.0,21.0
2024-04-21,Castle Hayne,New Hanover,34.364167,-77.838611,2024,4,27.0,34.5
2024-04-21,Clemmons Middle,Forsyth,36.026612,-80.341962,2024,4,31.0,26.0
2024-04-21,Durham Armory,Durham,36.0329550008979,-78.904037,2024,4,25.0,52.0
2024-04-21,Frying Pan Mountain,Haywood,35.379167,-82.7925,2024,4,40.0,9.0
2024-04-21,Garinger High School,Mecklenburg,35.2401000008895,-80.785683,2024,4,33.0,20.0
2024-04-21,Hattie Avenue,Forsyth,36.11094,-80.224501,2024,4,29.0,25.0
2024-04-21,Leggett,Edgecombe,35.988278,-77.5843,2024,4,29.0,15.0
2024-04-21,Linville Falls,Avery,35.972347,-81.933072,2024,4,35.0,17.0
2024-04-21,Mendenhall School,Guilford,36.1090060008986,-79.802314,2024,4,27.0,23.0
2024-04-21,Millbrook School,Wake,35.856111,-78.574167,2024,4,28.0,24.5
2024-04-21,Old High School,Swain,35.498711,-83.310242,2024,4,,19.0
2024-04-21,Pitt Agri. Center,Pitt,35.6412760008938,-77.360126,2024,4,29.0,34.0
2024-04-21,Rockwell,Rowan,35.551868,-80.395039,2024,4,31.0,
2024-04-21,West Johnston Co.,Johnston,35.59095,-78.4622,2024,4,28.0,26.0
2024-04-22,Bryson City,Swain,35.434767,-83.442133,2024,4,43.0,16.0
2024-04-22,Castle Hayne,New Hanover,34.364167,-77.838611,2024,4,37.0,28.5
2024-04-22,Clemmons Middle,Forsyth,36.026612,-80.341962,2024,4,44.0,28.0
2024-04-22,Durham Armory,Durham,36.0329550008979,-78.904037,2024,4,38.0,44.0
2024-04-22,Frying Pan Mountain,Haywood,35.379167,-82.7925,2024,4,48.0,
2024-04-22,Garinger High School,Mecklenburg,35.2401000008895,-80.785683,2024,4,39.0,24.0
2024-04-22,Hattie Avenue,Forsyth,36.11094,-80.224501,2024,4,43.0,23.0
2024-04-22,Leggett,Edgecombe,35.988278,-77.5843,2024,4,37.0,27.0
2024-04-22,Linville Falls,Avery,35.972347,-81.933072,2024,4,46.0,
2024-04-22,Mendenhall School,Guilford,36.1090060008986,-79.802314,2024,4,42.0,32.0
2024-04-22,Millbrook School,Wake,35.856111,-78.574167,2024,4,39.0,28.0
2024-04-22,Pitt Agri. Center,Pitt,35.6412760008938,-77.360126,2024,4,34.0,
2024-04-22,Rockwell,Rowan,35.551868,-80.395039,2024,4,38.0,
2024-04-22,West Johnston Co.,Johnston,35.59095,-78.4622,2024,4,38.0,31.0
2024-04-23,Bryson City,Swain,35.434767,-83.442133,2024,4,48.0,52.0
2024-04-23,Castle Hayne,New Hanover,34.364167,-77.838611,2024,4,51.0,34.0
2024-04-23,Clemmons Middle,Forsyth,36.026612,-80.341962,2024,4,49.0,37.0
2024-04-23,Durham Armory,Durham,36.0329550008979,-78.904037,2024,4,45.0,52.0
2024-04-23,Frying Pan Mountain,Haywood,35.379167,-82.7925,2024,4,61.0,
2024-04-23,Garinger High School,Mecklenburg,35.2401000008895,-80.785683,2024,4,43.0,36.0
2024-04-23,Hattie Avenue,Forsyth,36.11094,-80.224501,2024,4,46.0,35.0
2024-04-23,Leggett,Edgecombe,35.988278,-77.5843,2024,4,48.0,23.0
2024-04-23,Linville Falls,Avery,35.972347,-81.933072,2024,4,50.0,
2024-04-23,Mendenhall School,Guilford,36.1090060008986,-79.802314,2024,4,50.0,41.0
2024-04-23,Millbrook School,Wake,35.856111,-78.574167,2024,4,47.0,39.0
2024-04-23,Pitt Agri. Center,Pitt,35.6412760008938,-77.360126,2024,4,48.0,
2024-04-23,Rockwell,Rowan,35.551868,-80.395039,2024,4,44.0,
2024-04-23,West Johnston Co.,Johnston,35.59095,-78.4622,2024,4,49.0,42.0
2024-04-24,Bryson City,Swain,35.434767,-83.442133,2024,4,48.0,35.0
2024-04-24,Castle Hayne,New Hanover,34.364167,-77.838611,2024,4,54.0,50.5
2024-04-24,Clemmons Middle,Forsyth,36.026612,-80.341962,2024,4,44.0,43.0
2024-04-24,Durham Armory,Durham,36.0329550008979,-78.904037,2024,4,37.0,57.0
2024-04-24,Frying Pan Mountain,Haywood,35.379167,-82.7925,2024,4,58.0,30.0
2024-04-24,Garinger High School,Mecklenburg,35.2401000008895,-80.785683,2024,4,46.0,52.0
2024-04-24,Hattie Avenue,Forsyth,36.11094,-80.224501,2024,4,42.0,41.5
2024-04-24,Leggett,Edgecombe,35.988278,-77.5843,2024,4,38.0,44.0
2024-04-24,Linville Falls,Avery,35.972347,-81.933072,2024,4,49.0,27.0
2024-04-24,Mendenhall School,Guilford,36.1090060008986,-79.802314,2024,4,43.0,51.0
2024-04-24,Millbrook School,Wake,35.856111,-78.574167,2024,4,36.0,48.0
2024-04-24,Old High School,Swain,35.498711,-83.310242,2024,4,,34.0
2024-04-24,Pitt Agri. Center,Pitt,35.6412760008938,-77.360126,2024,4,44.0,
2024-04-24,Rockwell,Rowan,35.551868,-80.395039,2024,4,42.0,
2024-04-24,West Johnston Co.,Johnston,35.59095,-78.4622,2024,4,42.0,52.0
2024-04-25,Bryson City,Swain,35.434767,-83.442133,2024,4,50.0,31.0
2024-04-25,Castle Hayne,New Hanover,34.364167,-77.838611,2024,4,50.0,58.0
2024-04-25,Clemmons Middle,Forsyth,36.026612,-80.341962,2024,4,71.0,38.0
2024-04-25,Durham Armory,Durham,36.0329550008979,-78.904037,2024,4,48.0,55.0
2024-04-25,Frying Pan Mountain,Haywood,35.379167,-82.7925,2024,4,64.0,
2024-04-25,Garinger High School,Mecklenburg,35.2401000008895,-80.785683,2024,4,71.0,43.0
2024-04-25,Hattie Avenue,Forsyth,36.11094,-80.224501,2024,4,61.0,31.0
2024-04-25,Leggett,Edgecombe,35.988278,-77.5843,2024,4,44.0,43.0
2024-04-25,Linville Falls,Avery,35.972347,-81.933072,2024,4,58.0,
2024-04-25,Mendenhall School,Guilford,36.1090060008986,-79.802314,2024,4,49.0,35.0
2024-04-25,Millbrook School,Wake,35.856111,-78.574167,2024,4,48.0,53.0
2024-04-25,Pitt Agri. Center,Pitt,35.6412760008938,-77.360126,2024,4,46.0,
2024-04-25,Rockwell,Rowan,35.551868,-80.395039,2024,4,54.0,
2024-04-25,West Johnston Co.,Johnston,35.59095,-78.4622,2024,4,50.0,55.0
2024-04-26,Bryson City,Swain,35.434767,-83.442133,2024,4,29.0,51.0
2024-04-26,Castle Hayne,New Hanover,34.364167,-77.838611,2024,4,47.0,46.0
2024-04-26,Clemmons Middle,Forsyth,36.026612,-80.341962,2024,4,47.0,52.0
2024-04-26,Durham Armory,Durham,36.0329550008979,-78.904037,2024,4,42.0,55.0
2024-04-26,Frying Pan Mountain,Haywood,35.379167,-82.7925,2024,4,44.0,
2024-04-26,Garinger High School,Mecklenburg,35.2401000008895,-80.785683,2024,4,38.0,50.0
2024-04-26,Hattie Avenue,Forsyth,36.11094,-80.224501,2024,4,44.0,51.0
2024-04-26,Leggett,Edgecombe,35.988278,-77.5843,2024,4,42.0,38.0
2024-04-26,Linville Falls,Avery,35.972347,-81.933072,2024,4,35.0,
2024-04-26,Mendenhall School,Guilford,36.1090060008986,-79.802314,2024,4,44.0,51.0
2024-04-26,Millbrook School,Wake,35.856111,-78.574167,2024,4,44.0,44.0
2024-04-26,Pitt Agri. Center,Pitt,35.6412760008938,-77.360126,2024,4,43.0,
2024-04-26,Rockwell,Rowan,35.551868,-80.395039,2024,4,36.0,
2024-04-26,West Johnston Co.,Johnston,35.59095,-78.4622,2024,4,45.0,42.0
2024-04-27,Bryson City,Swain,35.434767,-83.442133,2024,4,43.0,54.0
2024-04-27,Castle Hayne,New Hanover,34.364167,-77.838611,2024,4,44.0,28.0
2024-04-27,Clemmons Middle,Forsyth,36.026612,-80.341962,2024,4,49.0,52.0
2024-04-27,Durham Armory,Durham,36.0329550008979,-78.904037,2024,4,45.0,57.0
2024-04-27,Frying Pan Mountain,Haywood,35.379167,-82.7925,2024,4,46.0,22.0
2024-04-27,Garinger High School,Mecklenburg,35.2401000008895,-80.785683,2024,4,44.0,41.0
2024-04-27,Hattie Avenue,Forsyth,36.11094,-80.224501,2024,4,45.0,51.0
2024-04-27,Leggett,Edgecombe,35.988278,-77.5843,2024,4,38.0,29.0
2024-04-27,Linville Falls,Avery,35.972347,-81.933072,2024,4,49.0,41.0
2024-04-27,Mendenhall School,Guilford,36.1090060008986,-79.802314,2024,4,44.0,44.0
2024-04-27,Millbrook School,Wake,35.856111,-78.574167,2024,4,41.0,36.0
2024-04-27,Old High School,Swain,35.498711,-83.310242,2024,4,,53.0
2024-04-27,Pitt Agri. Center,Pitt,35.6412760008938,-77.360126,2024,4,38.0,21.0
2024-04-27,Rockwell,Rowan,35.551868,-80.395039,2024,4,41.0,50.0
2024-04-27,West Johnston Co.,Johnston,35.59095,-78.4622,2024,4,43.0,34.0
2024-04-28,Bryson City,Swain,35.434767,-83.442133,2024,4,44.0,40.0
2024-04-28,Castle Hayne,New Hanover,34.364167,-77.838611,2024,4,47.0,27.5
2024-04-28,Clemmons Middle,Forsyth,36.026612,-80.341962,2024,4,47.0,44.0
2024-04-28,Durham Armory,Durham,36.0329550008979,-78.904037,2024,4,41.0,54.0
2024-04-28,Frying Pan Mountain,Haywood,35.379167,-82.7925,2024,4,43.0,
2024-04-28,Garinger High School,Mecklenburg,35.2401000008895,-80.785683,2024,4,41.0,30.0
2024-04-28,Hattie Avenue,Forsyth,36.11094,-80.224501,2024,4,44.0,43.0
2024-04-28,Leggett,Edgecombe,35.988278,-77.5843,2024,4,43.0,53.0
2024-04-28,Linville Falls,Avery,35.972347,-81.933072,2024,4,44.0,
2024-04-28,Mendenhall School,Guilford,36.1090060008986,-79.802314,2024,4,44.0,43.0
2024-04-28,Millbrook School,Wake,35.856111,-78.574167,2024,4,42.0,46.0
2024-04-28,Pitt Agri. Center,Pitt,35.6412760008938,-77.360126,2024,4,43.0,31.0
2024-04-28,Rockwell,Rowan,35.551868,-80.395039,2024,4,42.0,41.0
2024-04-28,West Johnston Co.,Johnston,35.59095,-78.4622,2024,4,44.0,41.0
2024-04-29,Bryson City,Swain,35.434767,-83.442133,2024,4,46.0,33.0
2024-04-29,Castle Hayne,New Hanover,34.364167,-77.838611,2024,4,44.0,25.5
2024-04-29,Clemmons Middle,Forsyth,36.026612,-80.341962,2024,4,77.0,49.0
2024-04-29,Durham Armory,Durham,36.0329550008979,-78.904037,2024,4,46.0,58.0
2024-04-29,Frying Pan Mountain,Haywood,35.379167,-82.7925,2024,4,44.0,
2024-04-29,Garinger High School,Mecklenburg,35.2401000008895,-80.785683,2024,4,45.0,29.0
2024-04-29,Hattie Avenue,Forsyth,36.11094,-80.224501,2024,4,61.0,44.0
2024-04-29,Leggett,Edgecombe,35.988278,-77.5843,2024,4,47.0,42.0
2024-04-29,Linville Falls,Avery,35.972347,-81.933072,2024,4,48.0,
2024-04-29,Mendenhall School,Guilford,36.1090060008986,-79.802314,2024,4,58.0,53.0
2024-04-29,Millbrook School,Wake,35.856111,-78.574167,2024,4,49.0,56.0
2024-04-29,Pitt Agri. Center,Pitt,35.6412760008938,-77.360126,2024,4,48.0,34.0
2024-04-29,Rockwell,Rowan,35.551868,-80.395039,2024,4,48.0,40.0
2024-04-29,West Johnston Co.,Johnston,35.59095,-78.4622,2024,4,49.0,48.0
2024-04-30,Bryson City,Swain,35.434767,-83.442133,2024,4,43.0,24.0
2024-04-30,Castle Hayne,New Hanover,34.364167,-77.838611,2024,4,38.0,28.0
2024-04-30,Clemmons Middle,Forsyth,36.026612,-80.341962,2024,4,45.0,44.5
2024-04-30,Durham Armory,Durham,36.0329550008979,-78.904037,2024,4,39.0,55.0
2024-04-30,Frying Pan Mountain,Haywood,35.379167,-82.7925,2024,4,49.0,14.0
2024-04-30,Garinger High School,Mecklenburg,35.2401000008895,-80.785683,2024,4,38.0,37.5
2024-04-30,Hattie Avenue,Forsyth,36.11094,-80.224501,2024,4,41.0,41.5
2024-04-30,Leggett,Edgecombe,35.988278,-77.5843,2024,4,40.0,39.0
2024-04-30,Linville Falls,Avery,35.972347,-81.933072,2024,4,38.0,26.0
2024-04-30,Mendenhall School,Guilford,36.1090060008986,-79.802314,2024,4,43.0,51.0
2024-04-30,Millbrook School,Wake,35.856111,-78.574167,2024,4,42.0,50.0
2024-04-30,Old High School,Swain,35.498711,-83.310242,2024,4,,20.0
2024-04-30,Pitt Agri. Center,Pitt,35.6412760008938,-77.360126,2024,4,40.0,22.0
2024-04-30,Rockwell,Rowan,35.551868,-80.395039,2024,4,40.0,42.0
2024-04-30,West Johnston Co.,Johnston,35.59095,-78.4622,2024,4,42.0,46.0
2024-05-01,Bryson City,Swain,35.434767,-83.442133,2024,5,41.0,18.0
2024-05-01,Castle Hayne,New Hanover,34.364167,-77.838611,2024,5,37.0,26.5
2024-05-01,Clemmons Middle,Forsyth,36.026612,-80.341962,2024,5,51.0,31.0
2024-05-01,Durham Armory,Durham,36.0329550008979,-78.904037,2024,5,44.0,51.0
2024-05-01,Frying Pan Mountain,Haywood,35.379167,-82.7925,2024,5,48.0,
2024-05-01,Garinger High School,Mecklenburg,35.2401000008895,-80.785683,2024,5,50.0,28.0
2024-05-01,Hattie Avenue,Forsyth,36.11094,-80.224501,2024,5,46.0,29.0
2024-05-01,Leggett,Edgecombe,35.988278,-77.5843,2024,5,47.0,38.0
2024-05-01,Linville Falls,Avery,35.972347,-81.933072,2024,5,47.0,
2024-05-01,Mendenhall School,Guilford,36.1090060008986,-79.802314,2024,5,47.0,53.0
2024-05-01,Millbrook School,Wake,35.856111,-78.574167,2024,5,48.0,40.0
2024-05-01,Pitt Agri. Center,Pitt,35.6412760008938,-77.360126,2024,5,44.0,27.0
2024-05-01,Rockwell,Rowan,35.551868,-80.395039,2024,5,46.0,26.0
2024-05-01,West Johnston Co.,Johnston,35.59095,-78.4622,2024,5,54.0,38.0
2024-05-02,Bryson City,Swain,35.434767,-83.442133,2024,5,48.0,39.0
2024-05-02,Castle Hayne,New Hanover,34.364167,-77.838611,2024,5,41.0,29.5
2024-05-02,Clemmons Middle,Forsyth,36.026612,-80.341962,2024,5,84.0,43.0
2024-05-02,Durham Armory,Durham,36.0329550008979,-78.904037,2024,5,67.0,56.0
2024-05-02,Frying Pan Mountain,Haywood,35.379167,-82.7925,2024,5,74.0,
2024-05-02,Garinger High School,Mecklenburg,35.2401000008895,-80.785683,2024,5,67.0,55.0
2024-05-02,Hattie Avenue,Forsyth,36.11094,-80.224501,2024,5,87.0,45.0
2024-05-02,Leggett,Edgecombe,35.988278,-77.5843,2024,5,51.0,39.0
2024-05-02,Linville Falls,Avery,35.972347,-81.933072,2024,5,58.0,
2024-05-02,Mendenhall School,Guilford,36.1090060008986,-79.802314,2024,5,90.0,57.0
2024-05-02,Millbrook School,Wake,35.856111,-78.574167,2024,5,61.0,49.0
2024-05-02,Pitt Agri. Center,Pitt,35.6412760008938,-77.360126,2024,5,46.0,33.0
2024-05-02,Rockwell,Rowan,35.551868,-80.395039,2024,5,58.0,40.0
2024-05-02,West Johnston Co.,Johnston,35.59095,-78.4622,2024,5,64.0,42.0
2024-05-03,Bryson City,Swain,35.434767,-83.442133,2024,5,31.0,51.0
2024-05-03,Castle Hayne,New Hanover,34.364167,-77.838611,2024,5,38.0,24.5
2024-05-03,Clemmons Middle,Forsyth,36.026612,-80.341962,2024,5,61.0,55.0
2024-05-03,Durham Armory,Durham,36.0329550008979,-78.904037,2024,5,54.0,71.0
2024-05-03,Frying Pan Mountain,Haywood,35.379167,-82.7925,2024,5,44.0,40.0
2024-05-03,Garinger High School,Mecklenburg,35.2401000008895,-80.785683,2024,5,46.0,52.0
2024-05-03,Hattie Avenue,Forsyth,36.11094,-80.224501,2024,5,51.0,55.5
2024-05-03,Leggett,Edgecombe,35.988278,-77.5843,2024,5,48.0,42.0
2024-05-03,Linville Falls,Avery,35.972347,-81.933072,2024,5,37.0,41.0
2024-05-03,Mendenhall School,Guilford,36.1090060008986,-79.802314,2024,5,61.0,55.0
2024-05-03,Millbrook School,Wake,35.856111,-78.574167,2024,5,54.0,52.0
2024-05-03,Old High School,Swain,35.498711,-83.310242,2024,5,,52.0
2024-05-03,Pitt Agri. Center,Pitt,35.6412760008938,-77.360126,2024,5,49.0,42.0
2024-05-03,Rockwell,Rowan,35.551868,-80.395039,2024,5,48.0,53.0
2024-05-03,West Johnston Co.,Johnston,35.59095,-78.4622,2024,5,54.0,49.0
2024-05-04,Bryson City,Swain,35.434767,-83.442133,2024,5,26.0,33.0
2024-05-04,Castle Hayne,New Hanover,34.364167,-77.838611,2024,5,30.0,18.0
2024-05-04,Clemmons Middle,Forsyth,36.026612,-80.341962,2024,5,26.0,41.0
2024-05-04,Durham Armory,Durham,36.0329550008979,-78.904037,2024,5,13.0,52.0
2024-05-04,Frying Pan Mountain,Haywood,35.379167,-82.7925,2024,5,44.0,
2024-05-04,Garinger High School,Mecklenburg,35.2401000008895,-80.785683,2024,5,28.0,27.0
2024-05-04,Hattie Avenue,Forsyth,36.11094,-80.224501,2024,5,18.0,41.0
2024-05-04,Leggett,Edgecombe,35.988278,-77.5843,2024,5,27.0,34.0
2024-05-04,Linville Falls,Avery,35.972347,-81.933072,2024,5,38.0,
2024-05-04,Mendenhall School,Guilford,36.1090060008986,-79.802314,2024,5,11.0,45.0
2024-05-04,Millbrook School,Wake,35.856111,-78.574167,2024,5,23.0,53.0
2024-05-04,Pitt Agri. Center,Pitt,35.6412760008938,-77.360126,2024,5,30.0,29.0
2024-05-04,Rockwell,Rowan,35.551868,-80.395039,2024,5,22.0,41.0
2024-05-04,West Johnston Co.,Johnston,35.59095,-78.4622,2024,5,31.0,30.0
2024-05-05,Bryson City,Swain,35.434767,-83.442133,2024,5,38.0,28.0
2024-05-05,Castle Hayne,New Hanover,34.364167,-77.838611,2024,5,29.0,14.0
2024-05-05,Clemmons Middle,Forsyth,36.026612,-80.341962,2024,5,27.0,17.0
2024-05-05,Durham Armory,Durham,36.0329550008979,-78.904037,2024,5,21.0,31.0
2024-05-05,Frying Pan Mountain,Haywood,35.379167,-82.7925,2024,5,47.0,
2024-05-05,Garinger High School,Mecklenburg,35.2401000008895,-80.785683,2024,5,34.0,14.0
2024-05-05,Hattie Avenue,Forsyth,36.11094,-80.224501,2024,5,23.0,17.0
2024-05-05,Leggett,Edgecombe,35.988278,-77.5843,2024,5,25.0,31.0
2024-05-05,Linville Falls,Avery,35.972347,-81.933072,2024,5,31.0,
2024-05-05,Mendenhall School,Guilford,36.1090060008986,-79.802314,2024,5,18.0,18.0
2024-05-05,Millbrook School,Wake,35.856111,-78.574167,2024,5,23.0,29.0
2024-05-05,Pitt Agri. Center,Pitt,35.6412760008938,-77.360126,2024,5,28.0,24.0
2024-05-05,Rockwell,Rowan,35.551868,-80.395039,2024,5,28.0,12.0
2024-05-05,West Johnston Co.,Johnston,35.59095,-78.4622,2024,5,24.0,22.0
2024-05-06,Bryson City,Swain,35.434767,-83.442133,2024,5,32.0,27.0
2024-05-06,Castle Hayne,New Hanover,34.364167,-77.838611,2024,5,31.0,17.0
2024-05-06,Clemmons Middle,Forsyth,36.026612,-80.341962,2024,5,41.0,36.0
2024-05-06,Durham Armory,Durham,36.0329550008979,-78.904037,2024,5,31.0,45.0
2024-05-06,Frying Pan Mountain,Haywood,35.379167,-82.7925,2024,5,41.0,28.0
2024-05-06,Garinger High School,Mecklenburg,35.2401000008895,-80.785683,2024,5,31.0,37.0
2024-05-06,Hattie Avenue,Forsyth,36.11094,-80.224501,2024,5,36.0,40.0
2024-05-06,Leggett,Edgecombe,35.988278,-77.5843,2024,5,35.0,36.0
2024-05-06,Linville Falls,Avery,35.972347,-81.933072,2024,5,41.0,22.0
2024-05-06,Mendenhall School,Guilford,36.1090060008986,-79.802314,2024,5,32.0,43.0
2024-05-06,Millbrook School,Wake,35.856111,-78.574167,2024,5,31.0,39.5
2024-05-06,Old High School,Swain,35.498711,-83.310242,2024,5,,21.0
2024-05-06,Pitt Agri. Center,Pitt,35.6412760008938,-77.360126,2024,5,32.0,26.0
2024-05-06,Rockwell,Rowan,35.551868,-80.395039,2024,5,32.0,47.0
2024-05-06,West Johnston Co.,Johnston,35.59095,-78.4622,2024,5,28.0,33.0
2024-05-07,Bryson City,Swain,35.434767,-83.442133,2024,5,32.0,33.0
2024-05-07,Castle Hayne,New Hanover,34.364167,-77.838611,2024,5,34.0,32.0
2024-05-07,Clemmons Middle,Forsyth,36.026612,-80.341962,2024,5,36.0,38.0
2024-05-07,Durham Armory,Durham,36.0329550008979,-78.904037,2024,5,39.0,46.0
2024-05-07,Frying Pan Mountain,Haywood,35.379167,-82.7925,2024,5,37.0,
2024-05-07,Garinger High School,Mecklenburg,35.2401000008895,-80.785683,2024,5,32.0,29.0
2024-05-07,Hattie Avenue,Forsyth,36.11094,-80.224501,2024,5,33.0,47.0
2024-05-07,Leggett,Edgecombe,35.988278,-77.5843,2024,5,41.0,47.0
2024-05-07,Linville Falls,Avery,35.972347,-81.933072,2024,5,34.0,
2024-05-07,Mendenhall School,Guilford,36.1090060008986,-79.802314,2024,5,38.0,37.0
2024-05-07,Millbrook School,Wake,35.856111,-78.574167,2024,5,41.0,48.0
2024-05-07,Pitt Agri. Center,Pitt,35.6412760008938,-77.360126,2024,5,40.0,33.0
2024-05-07,Rockwell,Rowan,35.551868,-80.395039,2024,5,40.0,41.0
2024-05-07,West Johnston Co.,Johnston,35.59095,-78.4622,2024,5,39.0,39.0
2024-05-08,Bryson City,Swain,35.434767,-83.442133,2024,5,39.0,36.0
2024-05-08,Castle Hayne,New Hanover,34.364167,-77.838611,2024,5,36.0,48.0
2024-05-08,Clemmons Middle,Forsyth,36.026612,-80.341962,2024,5,33.0,54.0
2024-05-08,Durham Armory,Durham,36.0329550008979,-78.904037,2024,5,37.0,59.0
2024-05-08,Frying Pan Mountain,Haywood,35.379167,-82.7925,2024,5,47.0,
2024-05-08,Garinger High School,Mecklenburg,35.2401000008895,-80.785683,2024,5,35.0,42.0
2024-05-08,Hattie Avenue,Forsyth,36.11094,-80.224501,2024,5,29.0,55.0
2024-05-08,Leggett,Edgecombe,35.988278,-77.5843,2024,5,39.0,54.0
2024-05-08,Linville Falls,Avery,35.972347,-81.933072,2024,5,30.0,
2024-05-08,Mendenhall School,Guilford,36.1090060008986,-79.802314,2024,5,37.0,53.0
2024-05-08,Millbrook School,Wake,35.856111,-78.574167,2024,5,38.0,56.0
2024-05-08,Pitt Agri. Center,Pitt,35.6412760008938,-77.360126,2024,5,39.0,54.0
2024-05-08,Rockwell,Rowan,35.551868,-80.395039,2024,5,34.0,52.0
2024-05-08,West Johnston Co.,Johnston,35.59095,-78.4622,2024,5,33.0,53.0
2024-05-09,Bryson City,Swain,35.434767,-83.442133,2024,5,43.0,15.0
2024-05-09,Castle Hayne,New Hanover,34.364167,-77.838611,2024,5,39.0,29.5
2024-05-09,Clemmons Middle,Forsyth,36.026612,-80.341962,2024,5,45.0,24.0
2024-05-09,Durham Armory,Durham,36.0329550008979,-78.904037,2024,5,42.0,39.0
2024-05-09,Frying Pan Mountain,Haywood,35.379167,-82.7925,2024,5,64.0,13.0
2024-05-09,Garinger High School,Mecklenburg,35.2401000008895,-80.785683,2024,5,38.0,15.5
2024-05-09,Hattie Avenue,Forsyth,36.11094,-80.224501,2024,5,43.0,26.5
2024-05-09,Leggett,Edgecombe,35.988278,-77.5843,2024,5,44.0,37.0
2024-05-09,Linville Falls,Avery,35.972347,-81.933072,2024,5,44.0,
2024-05-09,Mendenhall School,Guilford,36.1090060008986,-79.802314,2024,5,45.0,24.0
2024-05-09,Millbrook School,Wake,35.856111,-78.574167,2024,5,44.0,31.0
2024-05-09,Old High School,Swain,35.498711,-83.310242,2024,5,,18.0
2024-05-09,Pitt Agri. Center,Pitt,35.6412760008938,-77.360126,2024,5,44.0,31.0
2024-05-09,Rockwell,Rowan,35.551868,-80.395039,2024,5,42.0,20.0
2024-05-09,West Johnston Co.,Johnston,35.59095,-78.4622,2024,5,42.0,29.0
2024-05-10,Bryson City,Swain,35.434767,-83.442133,2024,5,44.0,17.0
2024-05-10,Castle Hayne,New Hanover,34.364167,-77.838611,2024,5,37.0,31.0
2024-05-10,Clemmons Middle,Forsyth,36.026612,-80.341962,2024,5,,22.0
2024-05-10,Durham Armory,Durham,36.0329550008979,-78.904037,2024,5,44.0,41.0
2024-05-10,Frying Pan Mountain,Haywood,35.379167,-82.7925,2024,5,44.0,
2024-05-10,Garinger High School,Mecklenburg,35.2401000008895,-80.785683,2024,5,43.0,19.0
2024-05-10,Hattie Avenue,Forsyth,36.11094,-80.224501,2024,5,42.0,23.0
2024-05-10,Leggett,Edgecombe,35.988278,-77.5843,2024,5,40.0,28.0
2024-05-10,Linville Falls,Avery,35.972347,-81.933072,2024,5,45.0,
2024-05-10,Mendenhall School,Guilford,36.1090060008986,-79.802314,2024,5,43.0,27.0
2024-05-10,Millbrook School,Wake,35.856111,-78.574167,2024,5,47.0,24.0
2024-05-10,Pitt Agri. Center,Pitt,35.6412760008938,-77.360126,2024,5,43.0,29.0
2024-05-10,Rockwell,Rowan,35.551868,-80.395039,2024,5,44.0,18.0
2024-05-10,West Johnston Co.,Johnston,35.59095,-78.4622,2024,5,39.0,38.0
2024-05-11,Bryson City,Swain,35.434767,-83.442133,2024,5,41.0,30.0
2024-05-11,Castle Hayne,New Hanover,34.364167,-77.838611,2024,5,33.0,26.0
2024-05-11,Clemmons Middle,Forsyth,36.026612,-80.341962,2024,5,40.0,22.0
2024-05-11,Durham Armory,Durham,36.0329550008979,-78.904037,2024,5,43.0,38.0
2024-05-11,Frying Pan Mountain,Haywood,35.379167,-82.7925,2024,5,44.0,
2024-05-11,Garinger High School,Mecklenburg,35.2401000008895,-80.785683,2024,5,44.0,20.0
2024-05-11,Hattie Avenue,Forsyth,36.11094,-80.224501,2024,5,40.0,21.0
2024-05-11,Leggett,Edgecombe,35.988278,-77.5843,2024,5,31.0,22.0
2024-05-11,Linville Falls,Avery,35.972347,-81.933072,2024,5,43.0,
2024-05-11,Mendenhall School,Guilford,36.1090060008986,-79.802314,2024,5,42.0,24.0
2024-05-11,Millbrook School,Wake,35.856111,-78.574167,2024,5,42.0,17.0
2024-05-11,Pitt Agri. Center,Pitt,35.6412760008938,-77.360126,2024,5,32.0,9.0
2024-05-11,Rockwell,Rowan,35.551868,-80.395039,2024,5,42.0,20.0
2024-05-11,West Johnston Co.,Johnston,35.59095,-78.4622,2024,5,41.0,17.0
2024-05-12,Bryson City,Swain,35.434767,-83.442133,2024,5,45.0,38.0
2024-05-12,Castle Hayne,New Hanover,34.364167,-77.838611,2024,5,45.0,31.0
2024-05-12,Clemmons Middle,Forsyth,36.026612,-80.341962,2024,5,44.0,30.5
2024-05-12,Durham Armory,Durham,36.0329550008979,-78.904037,2024,5,43.0,43.0
2024-05-12,Frying Pan Mountain,Haywood,35.379167,-82.7925,2024,5,48.0,22.0
2024-05-12,Garinger High School,Mecklenburg,35.2401000008895,-80.785683,2024,5,46.0,38.5
2024-05-12,Hattie Avenue,Forsyth,36.11094,-80.224501,2024,5,44.0,37.5
2024-05-12,Leggett,Edgecombe,35.988278,-77.5843,2024,5,43.0,29.0
2024-05-12,Linville Falls,Avery,35.972347,-81.933072,2024,5,47.0,
2024-05-12,Mendenhall School,Guilford,36.1090060008986,-79.802314,2024,5,44.0,27.0
2024-05-12,Millbrook School,Wake,35.856111,-78.574167,2024,5,45.0,27.5
2024-05-12,Old High School,Swain,35.498711,-83.310242,2024,5,,35.0
2024-05-12,Pitt Agri. Center,Pitt,35.6412760008938,-77.360126,2024,5,44.0,21.0
2024-05-12,Rockwell,Rowan,35.551868,-80.395039,2024,5,46.0,22.0
2024-05-12,West Johnston Co.,Johnston,35.59095,-78.4622,2024,5,48.0,28.0
2024-05-13,Bryson City,Swain,35.434767,-83.442133,2024,5,29.0,48.0
2024-05-13,Castle Hayne,New Hanover,34.364167,-77.838611,2024,5,44.0,27.0
2024-05-13,Clemmons Middle,Forsyth,36.026612,-80.341962,2024,5,42.0,41.0
2024-05-13,Durham Armory,Durham,36.0329550008979,-78.904037,2024,5,44.0,50.0
2024-05-13,Frying Pan Mountain,Haywood,35.379167,-82.7925,2024,5,41.0,
2024-05-13,Garinger High School,Mecklenburg,35.2401000008895,-80.785683,2024,5,43.0,46.0
2024-05-13,Hattie Avenue,Forsyth,36.11094,-80.224501,2024,5,43.0,36.0
2024-05-13,Leggett,Edgecombe,35.988278,-77.5843,2024,5,41.0,23.0
2024-05-13,Linville Falls,Avery,35.972347,-81.933072,2024,5,44.0,
2024-05-13,Mendenhall School,Guilford,36.1090060008986,-79.802314,2024,5,43.0,43.0
2024-05-13,Millbrook School,Wake,35.856111,-78.574167,2024,5,44.0,33.0
2024-05-13,Pitt Agri. Center,Pitt,35.6412760008938,-77.360126,2024,5,42.0,17.0
2024-05-13,Rockwell,Rowan,35.551868,-80.395039,2024,5,41.0,42.0
2024-05-13,West Johnston Co.,Johnston,35.59095,-78.4622,2024,5,44.0,33.0
2024-05-14,Bryson City,Swain,35.434767,-83.442133,2024,5,26.0,26.0
2024-05-14,Castle Hayne,New Hanover,34.364167,-77.838611,2024,5,43.0,33.5
2024-05-14,Clemmons Middle,Forsyth,36.026612,-80.341962,2024,5,28.0,26.0
2024-05-14,Durham Armory,Durham,36.0329550008979,-78.904037,2024,5,32.0,35.0
2024-05-14,Frying Pan Mountain,Haywood,35.379167,-82.7925,2024,5,44.0,
2024-05-14,Garinger High School,Mecklenburg,35.2401000008895,-80.785683,2024,5,20.0,18.0
2024-05-14,Hattie Avenue,Forsyth,36.11094,-80.224501,2024,5,30.0,25.0
2024-05-14,Leggett,Edgecombe,35.988278,-77.5843,2024,5,34.0,33.0
2024-05-14,Linville Falls,Avery,35.972347,-81.933072,2024,5,30.0,
2024-05-14,Mendenhall School,Guilford,36.1090060008986,-79.802314,2024,5,29.0,27.0
2024-05-14,Millbrook School,Wake,35.856111,-78.574167,2024,5,34.0,25.0
2024-05-14,Pitt Agri. Center,Pitt,35.6412760008938,-77.360126,2024,5,34.0,23.0
2024-05-14,Rockwell,Rowan,35.551868,-80.395039,2024,5,23.0,21.0
2024-05-14,West Johnston Co.,Johnston,35.59095,-78.4622,2024,5,36.0,28.0
2024-05-15,Bryson City,Swain,35.434767,-83.442133,2024,5,38.0,13.0
2024-05-15,Castle Hayne,New Hanover,34.364167,-77.838611,2024,5,40.0,39.5
2024-05-15,Clemmons Middle,Forsyth,36.026612,-80.341962,2024,5,31.0,28.0
2024-05-15,Durham Armory,Durham,36.0329550008979,-78.904037,2024,5,32.0,28.0
2024-05-15,Frying Pan Mountain,Haywood,35.379167,-82.7925,2024,5,46.0,9.0
2024-05-15,Garinger High School,Mecklenburg,35.2401000008895,-80.785683,2024,5,32.0,17.5
2024-05-15,Hattie Avenue,Forsyth,36.11094,-80.224501,2024,5,32.0,27.5
2024-05-15,Leggett,Edgecombe,35.988278,-77.5843,2024,5,31.0,13.0
2024-05-15,Linville Falls,Avery,35.972347,-81.933072,2024,5,39.0,13.0
2024-05-15,Mendenhall School,Guilford,36.1090060008986,-79.802314,2024,5,30.0,13.0
2024-05-15,Millbrook School,Wake,35.856111,-78.574167,2024,5,34.0,20.5
2024-05-15,Old High School,Swain,35.498711,-83.310242,2024,5,,15.0
2024-05-15,Pitt Agri. Center,Pitt,35.6412760008938,-77.360126,2024,5,32.0,17.0
2024-05-15,Rockwell,Rowan,35.551868,-80.395039,2024,5,34.0,15.0
2024-05-15,West Johnston Co.,Johnston,35.59095,-78.4622,2024,5,32.0,21.0
2024-05-16,Bryson City,Swain,35.434767,-83.442133,2024,5,43.0,29.0
2024-05-16,Castle Hayne,New Hanover,34.364167,-77.838611,2024,5,36.0,27.0
2024-05-16,Clemmons Middle,Forsyth,36.026612,-80.341962,2024,5,42.0,26.0
2024-05-16,Durham Armory,Durham,36.0329550008979,-78.904037,2024,5,36.0,24.0
2024-05-16,Frying Pan Mountain,Haywood,35.379167,-82.7925,2024,5,48.0,
2024-05-16,Garinger High School,Mecklenburg,35.2401000008895,-80.785683,2024,5,44.0,21.0
2024-05-16,Hattie Avenue,Forsyth,36.11094,-80.224501,2024,5,44.0,26.0
2024-05-16,Leggett,Edgecombe,35.988278,-77.5843,2024,5,36.0,22.0
2024-05-16,Linville Falls,Avery,35.972347,-81.933072,2024,5,41.0,
2024-05-16,Mendenhall School,Guilford,36.1090060008986,-79.802314,2024,5,42.0,17.0
2024-05-16,Millbrook School,Wake,35.856111,-78.574167,2024,5,40.0,26.0
2024-05-16,Pitt Agri. Center,Pitt,35.6412760008938,-77.360126,2024,5,38.0,12.0
2024-05-16,Rockwell,Rowan,35.551868,-80.395039,2024,5,39.0,21.0
2024-05-16,West Johnston Co.,Johnston,35.59095,-78.4622,2024,5,44.0,21.0
2024-05-17,Bryson City,Swain,35.434767,-83.442133,2024,5,19.0,34.0
2024-05-17,Castle Hayne,New Hanover,34.364167,-77.838611,2024,5,37.0,35.5
2024-05-17,Clemmons Middle,Forsyth,36.026612,-80.341962,2024,5,35.0,34.0
2024-05-17,Durham Armory,Durham,36.0329550008979,-78.904037,2024,5,40.0,48.0
2024-05-17,Frying Pan Mountain,Haywood,35.379167,-82.7925,2024,5,41.0,
2024-05-17,Garinger High School,Mecklenburg,35.2401000008895,-80.785683,2024,5,38.0,33.0
2024-05-17,Hattie Avenue,Forsyth,36.11094,-80.224501,2024,5,35.0,38.0
2024-05-17,Leggett,Edgecombe,35.988278,-77.5843,2024,5,34.0,
2024-05-17,Linville Falls,Avery,35.972347,-81.933072,2024,5,35.0,
2024-05-17,Mendenhall School,Guilford,36.1090060008986,-79.802314,2024,5,33.0,35.0
2024-05-17,Millbrook School,Wake,35.856111,-78.574167,2024,5,39.0,44.0
2024-05-17,Pitt Agri. Center,Pitt,35.6412760008938,-77.360126,2024,5,34.0,22.0
2024-05-17,Rockwell,Rowan,35.551868,-80.395039,2024,5,35.0,36.0
2024-05-17,West Johnston Co.,Johnston,35.59095,-78.4622,2024,5,41.0,41.0
2024-05-18,Bryson City,Swain,35.434767,-83.442133,2024,5,36.0,24.0
2024-05-18,Castle Hayne,New Hanover,34.364167,-77.838611,2024,5,33.0,40.5
2024-05-18,Clemmons Middle,Forsyth,36.026612,-80.341962,2024,5,34.0,36.0
2024-05-18,Durham Armory,Durham,36.0329550008979,-78.904037,2024,5,26.0,38.0
2024-05-18,Frying Pan Mountain,Haywood,35.379167,-82.7925,2024,5,44.0,18.0
2024-05-18,Garinger High School,Mecklenburg,35.2401000008895,-80.785683,2024,5,32.0,23.5
2024-05-18,Hattie Avenue,Forsyth,36.11094,-80.224501,2024,5,36.0,37.0
2024-05-18,Leggett,Edgecombe,35.988278,-77.5843,2024,5,27.0,28.0
2024-05-18,Linville Falls,Avery,35.972347,-81.933072,2024,5,31.0,18.0
2024-05-18,Mendenhall School,Guilford,36.1090060008986,-79.802314,2024,5,31.0,31.0
2024-05-18,Millbrook School,Wake,35.856111,-78.574167,2024,5,31.0,30.0
2024-05-18,Old High School,Swain,35.498711,-83.310242,2024,5,,30.5
2024-05-18,Pitt Agri. Center,Pitt,35.6412760008938,-77.360126,2024,5,29.0,24.0
2024-05-18,Rockwell,Rowan,35.551868,-80.395039,2024,5,34.0,29.0
2024-05-18,West Johnston Co.,Johnston,35.59095,-78.4622,2024,5,32.0,23.0
2024-05-19,Bryson City,Swain,35.434767,-83.442133,2024,5,36.0,16.0
2024-05-19,Castle Hayne,New Hanover,34.364167,-77.838611,2024,5,25.0,15.5
2024-05-19,Clemmons Middle,Forsyth,36.026612,-80.341962,2024,5,40.0,19.0
2024-05-19,Durham Armory,Durham,36.0329550008979,-78.904037,2024,5,31.0,36.0
2024-05-19,Frying Pan Mountain,Haywood,35.379167,-82.7925,2024,5,43.0,
2024-05-19,Garinger High School,Mecklenburg,35.2401000008895,-80.785683,2024,5,38.0,12.0
2024-05-19,Hattie Avenue,Forsyth,36.11094,-80.224501,2024,5,39.0,20.0
2024-05-19,Leggett,Edgecombe,35.988278,-77.5843,2024,5,30.0,37.0
2024-05-19,Linville Falls,Avery,35.972347,-81.933072,2024,5,31.0,
2024-05-19,Mendenhall School,Guilford,36.1090060008986,-79.802314,2024,5,33.0,15.0
2024-05-19,Millbrook School,Wake,35.856111,-78.574167,2024,5,34.0,27.0
2024-05-19,Pitt Agri. Center,Pitt,35.6412760008938,-77.360126,2024,5,31.0,14.0
2024-05-19,Rockwell,Rowan,35.551868,-80.395039,2024,5,36.0,9.0
2024-05-19,West Johnston Co.,Johnston,35.59095,-78.4622,2024,5,34.0,19.0
2024-05-20,Bryson City,Swain,35.434767,-83.442133,2024,5,38.0,24.0
2024-05-20,Castle Hayne,New Hanover,34.364167,-77.838611,2024,5,29.0,16.5
2024-05-20,Clemmons Middle,Forsyth,36.026612,-80.341962,2024,5,44.0,32.0
2024-05-20,Durham Armory,Durham,36.0329550008979,-78.904037,2024,5,38.0,41.0
2024-05-20,Frying Pan Mountain,Haywood,35.379167,-82.7925,2024,5,43.0,
2024-05-20,Garinger High School,Mecklenburg,35.2401000008895,-80.785683,2024,5,47.0,25.0
2024-05-20,Hattie Avenue,Forsyth,36.11094,-80.224501,2024,5,43.0,37.0
2024-05-20,Leggett,Edgecombe,35.988278,-77.5843,2024,5,35.0,21.0
2024-05-20,Linville Falls,Avery,35.972347,-81.933072,2024,5,34.0,
2024-05-20,Mendenhall School,Guilford,36.1090060008986,-79.802314,2024,5,39.0,26.0
2024-05-20,Millbrook School,Wake,35.856111,-78.574167,2024,5,38.0,35.0
2024-05-20,Pitt Agri. Center,Pitt,35.6412760008938,-77.360126,2024,5,35.0,16.0
2024-05-20,Rockwell,Rowan,35.551868,-80.395039,2024,5,44.0,28.0
2024-05-20,West Johnston Co.,Johnston,35.59095,-78.4622,2024,5,37.0,29.0
2024-05-21,Bryson City,Swain,35.434767,-83.442133,2024,5,37.0,32.0
2024-05-21,Castle Hayne,New Hanover,34.364167,-77.838611,2024,5,31.0,11.0
2024-05-21,Clemmons Middle,Forsyth,36.026612,-80.341962,2024,5,49.0,45.0
2024-05-21,Durham Armory,Durham,36.0329550008979,-78.904037,2024,5,44.0,49.0
2024-05-21,Frying Pan Mountain,Haywood,35.379167,-82.7925,2024,5,46.0,29.0
2024-05-21,Garinger High School,Mecklenburg,35.2401000008895,-80.785683,2024,5,61.0,41.0
2024-05-21,Hattie Avenue,Forsyth,36.11094,-80.224501,2024,5,64.0,46.0
2024-05-21,Leggett,Edgecombe,35.988278,-77.5843,2024,5,33.0,20.0
2024-05-21,Linville Falls,Avery,35.972347,-81.933072,2024,5,41.0,34.0
2024-05-21,Mendenhall School,Guilford,36.1090060008986,-79.802314,2024,5,58.0,37.0
2024-05-21,Millbrook School,Wake,35.856111,-78.574167,2024,5,42.0,33.0
2024-05-21,Old High School,Swain,35.498711,-83.310242,2024,5,,38.0
2024-05-21,Pitt Agri. Center,Pitt,35.6412760008938,-77.360126,2024,5,30.0,8.0
2024-05-21,Rockwell,Rowan,35.551868,-80.395039,2024,5,44.0,39.0
2024-05-21,West Johnston Co.,Johnston,35.59095,-78.4622,2024,5,43.0,28.0
2024-05-22,Bryson City,Swain,35.434767,-83.442133,2024,5,44.0,46.0
2024-05-22,Castle Hayne,New Hanover,34.364167,-77.838611,2024,5,31.0,7.5
2024-05-22,Clemmons Middle,Forsyth,36.026612,-80.341962,2024,5,51.0,52.0
2024-05-22,Durham Armory,Durham,36.0329550008979,-78.904037,2024,5,50.0,62.0
2024-05-22,Frying Pan Mountain,Haywood,35.379167,-82.7925,2024,5,61.0,
2024-05-22,Garinger High School,Mecklenburg,35.2401000008895,-80.785683,2024,5,51.0,43.0
2024-05-22,Hattie Avenue,Forsyth,36.11094,-80.224501,2024,5,61.0,53.0
2024-05-22,Leggett,Edgecombe,35.988278,-77.5843,2024,5,44.0,34.0
2024-05-22,Linville Falls,Avery,35.972347,-81.933072,2024,5,44.0,
2024-05-22,Mendenhall School,Guilford,36.1090060008986,-79.802314,2024,5,49.0,51.0
2024-05-22,Millbrook School,Wake,35.856111,-78.574167,2024,5,50.0,41.0
2024-05-22,Pitt Agri. Center,Pitt,35.6412760008938,-77.360126,2024,5,43.0,18.0
2024-05-22,Rockwell,Rowan,35.551868,-80.395039,2024,5,46.0,43.0
2024-05-22,West Johnston Co.,Johnston,35.59095,-78.4622,2024,5,48.0,42.0
2024-05-23,Bryson City,Swain,35.434767,-83.442133,2024,5,35.0,45.0
2024-05-23,Castle Hayne,New Hanover,34.364167,-77.838611,2024,5,42.0,19.5
2024-05-23,Clemmons Middle,Forsyth,36.026612,-80.341962,2024,5,43.0,52.0
2024-05-23,Durham Armory,Durham,36.0329550008979,-78.904037,2024,5,49.0,60.0
2024-05-23,Frying Pan Mountain,Haywood,35.379167,-82.7925,2024,5,44.0,
2024-05-23,Garinger High School,Mecklenburg,35.2401000008895,-80.785683,2024,5,46.0,51.0
2024-05-23,Hattie Avenue,Forsyth,36.11094,-80.224501,2024,5,43.0,54.0
2024-05-23,Leggett,Edgecombe,35.988278,-77.5843,2024,5,47.0,45.0
2024-05-23,Linville Falls,Avery,35.972347,-81.933072,2024,5,36.0,
2024-05-23,Mendenhall School,Guilford,36.1090060008986,-79.802314,2024,5,46.0,52.0
2024-05-23,Millbrook School,Wake,35.856111,-78.574167,2024,5,54.0,48.0
2024-05-23,Pitt Agri. Center,Pitt,35.6412760008938,-77.360126,2024,5,47.0,34.0
2024-05-23,Rockwell,Rowan,35.551868,-80.395039,2024,5,58.0,54.0
2024-05-23,West Johnston Co.,Johnston,35.59095,-78.4622,2024,5,45.0,53.0
2024-05-24,Bryson City,Swain,35.434767,-83.442133,2024,5,36.0,34.0
2024-05-24,Castle Hayne,New Hanover,34.364167,-77.838611,2024,5,36.0,32.5
2024-05-24,Clemmons Middle,Forsyth,36.026612,-80.341962,2024,5,43.0,28.0
2024-05-24,Durham Armory,Durham,36.0329550008979,-78.904037,2024,5,41.0,47.0
2024-05-24,Frying Pan Mountain,Haywood,35.379167,-82.7925,2024,5,48.0,
2024-05-24,Garinger High School,Mecklenburg,35.2401000008895,-80.785683,2024,5,47.0,36.0
2024-05-24,Hattie Avenue,Forsyth,36.11094,-80.224501,2024,5,42.0,31.5
2024-05-24,Leggett,Edgecombe,35.988278,-77.5843,2024,5,40.0,45.0
2024-05-24,Linville Falls,Avery,35.972347,-81.933072,2024,5,47.0,24.0
2024-05-24,Mendenhall School,Guilford,36.1090060008986,-79.802314,2024,5,41.0,39.0
2024-05-24,Millbrook School,Wake,35.856111,-78.574167,2024,5,41.0,51.0
2024-05-24,Old High School,Swain,35.498711,-83.310242,2024,5,,36.0
2024-05-24,Pitt Agri. Center,Pitt,35.6412760008938,-77.360126,2024,5,40.0,47.0
2024-05-24,Rockwell,Rowan,35.551868,-80.395039,2024,5,44.0,37.0
2024-05-24,West Johnston Co.,Johnston,35.59095,-78.4622,2024,5,42.0,34.0
2024-05-25,Bryson City,Swain,35.434767,-83.442133,2024,5,38.0,32.0
2024-05-25,Castle Hayne,New Hanover,34.364167,-77.838611,2024,5,44.0,39.5
2024-05-25,Clemmons Middle,Forsyth,36.026612,-80.341962,2024,5,43.0,28.0
2024-05-25,Durham Armory,Durham,36.0329550008979,-78.904037,2024,5,44.0,46.0
2024-05-25,Frying Pan Mountain,Haywood,35.379167,-82.7925,2024,5,58.0,
2024-05-25,Garinger High School,Mecklenburg,35.2401000008895,-80.785683,2024,5,46.0,32.0
2024-05-25,Hattie Avenue,Forsyth,36.11094,-80.224501,2024,5,44.0,34.0
2024-05-25,Leggett,Edgecombe,35.988278,-77.5843,2024,5,39.0,42.0
2024-05-25,Linville Falls,Avery,35.972347,-81.933072,2024,5,37.0,
2024-05-25,Mendenhall School,Guilford,36.1090060008986,-79.802314,2024,5,47.0,44.0
2024-05-25,Millbrook School,Wake,35.856111,-78.574167,2024,5,50.0,47.0
2024-05-25,Pitt Agri. Center,Pitt,35.6412760008938,-77.360126,2024,5,38.0,32.0
2024-05-25,Rockwell,Rowan,35.551868,-80.395039,2024,5,54.0,39.0
2024-05-25,West Johnston Co.,Johnston,35.59095,-78.4622,2024,5,45.0,38.0
2024-05-26,Bryson City,Swain,35.434767,-83.442133,2024,5,31.0,48.0
2024-05-26,Castle Hayne,New Hanover,34.364167,-77.838611,2024,5,44.0,42.0
2024-05-26,Clemmons Middle,Forsyth,36.026612,-80.341962,2024,5,44.0,42.0
2024-05-26,Durham Armory,Durham,36.0329550008979,-78.904037,2024,5,45.0,52.0
2024-05-26,Frying Pan Mountain,Haywood,35.379167,-82.7925,2024,5,39.0,
2024-05-26,Garinger High School,Mecklenburg,35.2401000008895,-80.785683,2024,5,46.0,42.0
2024-05-26,Hattie Avenue,Forsyth,36.11094,-80.224501,2024,5,48.0,49.0
2024-05-26,Leggett,Edgecombe,35.988278,-77.5843,2024,5,42.0,52.0
2024-05-26,Linville Falls,Avery,35.972347,-81.933072,2024,5,42.0,
2024-05-26,Mendenhall School,Guilford,36.1090060008986,-79.802314,2024,5,46.0,46.0
2024-05-26,Millbrook School,Wake,35.856111,-78.574167,2024,5,48.0,52.0
2024-05-26,Pitt Agri. Center,Pitt,35.6412760008938,-77.360126,2024,5,44.0,46.0
2024-05-26,Rockwell,Rowan,35.551868,-80.395039,2024,5,43.0,43.0
2024-05-26,West Johnston Co.,Johnston,35.59095,-78.4622,2024,5,46.0,52.0
2024-05-27,Bryson City,Swain,35.434767,-83.442133,2024,5,44.0,29.0
2024-05-27,Castle Hayne,New Hanover,34.364167,-77.838611,2024,5,31.0,53.5
2024-05-27,Clemmons Middle,Forsyth,36.026612,-80.341962,2024,5,48.0,29.0
2024-05-27,Durham Armory,Durham,36.0329550008979,-78.904037,2024,5,38.0,46.0
2024-05-27,Frying Pan Mountain,Haywood,35.379167,-82.7925,2024,5,46.0,
2024-05-27,Garinger High School,Mecklenburg,35.2401000008895,-80.785683,2024,5,47.0,37.5
2024-05-27,Hattie Avenue,Forsyth,36.11094,-80.224501,2024,5,47.0,40.0
2024-05-27,Leggett,Edgecombe,35.988278,-77.5843,2024,5,26.0,47.0
2024-05-27,Linville Falls,Avery,35.972347,-81.933072,2024,5,40.0,25.0
2024-05-27,Mendenhall School,Guilford,36.1090060008986,-79.802314,2024,5,49.0,33.0
2024-05-27,Millbrook School,Wake,35.856111,-78.574167,2024,5,36.0,46.5
2024-05-27,Old High School,Swain,35.498711,-83.310242,2024,5,,28.0
2024-05-27,Pitt Agri. Center,Pitt,35.6412760008938,-77.360126,2024,5,29.0,50.0
2024-05-27,Rockwell,Rowan,35.551868,-80.395039,2024,5,46.0,40.0
2024-05-27,West Johnston Co.,Johnston,35.59095,-78.4622,2024,5,32.0,42.0
2024-05-28,Bryson City,Swain,35.434767,-83.442133,2024,5,46.0,23.0
2024-05-28,Castle Hayne,New Hanover,34.364167,-77.838611,2024,5,41.0,55.0
2024-05-28,Clemmons Middle,Forsyth,36.026612,-80.341962,2024,5,45.0,27.0
2024-05-28,Durham Armory,Durham,36.0329550008979,-78.904037,2024,5,43.0,42.0
2024-05-28,Frying Pan Mountain,Haywood,35.379167,-82.7925,2024,5,46.0,
2024-05-28,Garinger High School,Mecklenburg,35.2401000008895,-80.785683,2024,5,47.0,19.0
2024-05-28,Hattie Avenue,Forsyth,36.11094,-80.224501,2024,5,44.0,28.0
2024-05-28,Leggett,Edgecombe,35.988278,-77.5843,2024,5,42.0,32.0
2024-05-28,Linville Falls,Avery,35.972347,-81.933072,2024,5,46.0,
2024-05-28,Mendenhall School,Guilford,36.1090060008986,-79.802314,2024,5,46.0,26.0
2024-05-28,Millbrook School,Wake,35.856111,-78.574167,2024,5,46.0,32.0
2024-05-28,Pitt Agri. Center,Pitt,35.6412760008938,-77.360126,2024,5,45.0,40.0
2024-05-28,Rockwell,Rowan,35.551868,-80.395039,2024,5,46.0,31.0
2024-05-28,West Johnston Co.,Johnston,35.59095,-78.4622,2024,5,51.0,43.0
2024-05-29,Bryson City,Swain,35.434767,-83.442133,2024,5,48.0,24.0
2024-05-29,Castle Hayne,New Hanover,34.364167,-77.838611,2024,5,48.0,47.5
2024-05-29,Clemmons Middle,Forsyth,36.026612,-80.341962,2024,5,50.0,23.0
2024-05-29,Durham Armory,Durham,36.0329550008979,-78.904037,2024,5,51.0,39.0
2024-05-29,Frying Pan Mountain,Haywood,35.379167,-82.7925,2024,5,51.0,
2024-05-29,Garinger High School,Mecklenburg,35.2401000008895,-80.785683,2024,5,51.0,21.0
2024-05-29,Hattie Avenue,Forsyth,36.11094,-80.224501,2024,5,48.0,23.0
2024-05-29,Leggett,Edgecombe,35.988278,-77.5843,2024,5,49.0,39.0
2024-05-29,Linville Falls,Avery,35.972347,-81.933072,2024,5,48.0,
2024-05-29,Mendenhall School,Guilford,36.1090060008986,-79.802314,2024,5,50.0,23.0
2024-05-29,Millbrook School,Wake,35.856111,-78.574167,2024,5,61.0,24.0
2024-05-29,Pitt Agri. Center,Pitt,35.6412760008938,-77.360126,2024,5,50.0,33.0
2024-05-29,Rockwell,Rowan,35.551868,-80.395039,2024,5,50.0,23.0
2024-05-29,West Johnston Co.,Johnston,35.59095,-78.4622,2024,5,61.0,36.0
2024-05-30,Bryson City,Swain,35.434767,-83.442133,2024,5,39.0,21.0
2024-05-30,Castle Hayne,New Hanover,34.364167,-77.838611,2024,5,47.0,38.0
2024-05-30,Clemmons Middle,Forsyth,36.026612,-80.341962,2024,5,42.0,30.5
2024-05-30,Durham Armory,Durham,36.0329550008979,-78.904037,2024,5,41.0,33.0
2024-05-30,Frying Pan Mountain,Haywood,35.379167,-82.7925,2024,5,44.0,
2024-05-30,Garinger High School,Mecklenburg,35.2401000008895,-80.785683,2024,5,46.0,26.5
2024-05-30,Hattie Avenue,Forsyth,36.11094,-80.224501,2024,5,42.0,24.5
2024-05-30,Leggett,Edgecombe,35.988278,-77.5843,2024,5,38.0,24.0
2024-05-30,Linville Falls,Avery,35.972347,-81.933072,2024,5,41.0,13.0
2024-05-30,Mendenhall School,Guilford,36.1090060008986,-79.802314,2024,5,40.0,17.0
2024-05-30,Millbrook School,Wake,35.856111,-78.574167,2024,5,42.0,22.0
2024-05-30,Old High School,Swain,35.498711,-83.310242,2024,5,,18.0
2024-05-30,Pitt Agri. Center,Pitt,35.6412760008938,-77.360126,2024,5,39.0,21.0
2024-05-30,Rockwell,Rowan,35.551868,-80.395039,2024,5,44.0,23.0
2024-05-30,West Johnston Co.,Johnston,35.59095,-78.4622,2024,5,45.0,21.0
2024-05-31,Bryson City,Swain,35.434767,-83.442133,2024,5,37.0,29.0
2024-05-31,Castle Hayne,New Hanover,34.364167,-77.838611,2024,5,46.0,42.5
2024-05-31,Clemmons Middle,Forsyth,36.026612,-80.341962,2024,5,51.0,27.0
2024-05-31,Durham Armory,Durham,36.0329550008979,-78.904037,2024,5,44.0,44.0
2024-05-31,Frying Pan Mountain,Haywood,35.379167,-82.7925,2024,5,48.0,
2024-05-31,Garinger High School,Mecklenburg,35.2401000008895,-80.785683,2024,5,74.0,41.0
2024-05-31,Hattie Avenue,Forsyth,36.11094,-80.224501,2024,5,58.0,27.0
2024-05-31,Leggett,Edgecombe,35.988278,-77.5843,2024,5,46.0,28.0
2024-05-31,Linville Falls,Avery,35.972347,-81.933072,2024,5,40.0,
2024-05-31,Mendenhall School,Guilford,36.1090060008986,-79.802314,2024,5,46.0,29.0
2024-05-31,Millbrook School,Wake,35.856111,-78.574167,2024,5,45.0,25.0
2024-05-31,Pitt Agri. Center,Pitt,35.6412760008938,-77.360126,2024,5,46.0,27.0
2024-05-31,Rockwell,Rowan,35.551868,-80.395039,2024,5,50.0,36.0
2024-05-31,West Johnston Co.,Johnston,35.59095,-78.4622,2024,5,47.0,25.0
2024-06-01,Bryson City,Swain,35.434767,-83.442133,2024,6,44.0,44.0
2024-06-01,Castle Hayne,New Hanover,34.364167,-77.838611,2024,6,51.0,59.5
2024-06-01,Clemmons Middle,Forsyth,36.026612,-80.341962,2024,6,51.0,41.0
2024-06-01,Durham Armory,Durham,36.0329550008979,-78.904037,2024,6,61.0,52.0
2024-06-01,Frying Pan Mountain,Haywood,35.379167,-82.7925,2024,6,54.0,
2024-06-01,Garinger High School,Mecklenburg,35.2401000008895,-80.785683,2024,6,58.0,55.0
2024-06-01,Hattie Avenue,Forsyth,36.11094,-80.224501,2024,6,54.0,43.0
2024-06-01,Leggett,Edgecombe,35.988278,-77.5843,2024,6,51.0,38.0
2024-06-01,Linville Falls,Avery,35.972347,-81.933072,2024,6,58.0,
2024-06-01,Mendenhall School,Guilford,36.1090060008986,-79.802314,2024,6,50.0,46.0
2024-06-01,Millbrook School,Wake,35.856111,-78.574167,2024,6,51.0,42.0
2024-06-01,Pitt Agri. Center,Pitt,35.6412760008938,-77.360126,2024,6,64.0,35.0
2024-06-01,Rockwell,Rowan,35.551868,-80.395039,2024,6,48.0,47.0
2024-06-01,West Johnston Co.,Johnston,35.59095,-78.4622,2024,6,51.0,46.0
2024-06-02,Bryson City,Swain,35.434767,-83.442133,2024,6,24.0,33.0
2024-06-02,Castle Hayne,New Hanover,34.364167,-77.838611,2024,6,50.0,21.0
2024-06-02,Clemmons Middle,Forsyth,36.026612,-80.341962,2024,6,41.0,38.0
2024-06-02,Durham Armory,Durham,36.0329550008979,-78.904037,2024,6,40.0,53.0
2024-06-02,Frying Pan Mountain,Haywood,35.379167,-82.7925,2024,6,41.0,14.0
2024-06-02,Garinger High School,Mecklenburg,35.2401000008895,-80.785683,2024,6,42.0,37.5
2024-06-02,Hattie Avenue,Forsyth,36.11094,-80.224501,2024,6,43.0,41.5
2024-06-02,Leggett,Edgecombe,35.988278,-77.5843,2024,6,44.0,53.0
2024-06-02,Linville Falls,Avery,35.972347,-81.933072,2024,6,36.0,28.0
2024-06-02,Mendenhall School,Guilford,36.1090060008986,-79.802314,2024,6,44.0,47.0
2024-06-02,Millbrook School,Wake,35.856111,-78.574167,2024,6,44.0,39.0
2024-06-02,Pitt Agri. Center,Pitt,35.6412760008938,-77.360126,2024,6,47.0,26.0
2024-06-02,Rockwell,Rowan,35.551868,-80.395039,2024,6,40.0,31.0
2024-06-02,West Johnston Co.,Johnston,35.59095,-78.4622,2024,6,45.0,52.0
2024-06-03,Bryson City,Swain,35.434767,-83.442133,2024,6,33.0,34.0
2024-06-03,Castle Hayne,New Hanover,34.364167,-77.838611,2024,6,43.0,22.5
2024-06-03,Clemmons Middle,Forsyth,36.026612,-80.341962,2024,6,35.0,45.0
2024-06-03,Durham Armory,Durham,36.0329550008979,-78.904037,2024,6,37.0,46.0
2024-06-03,Frying Pan Mountain,Haywood,35.379167,-82.7925,2024,6,42.0,
2024-06-03,Garinger High School,Mecklenburg,35.2401000008895,-80.785683,2024,6,42.0,39.0
2024-06-03,Hattie Avenue,Forsyth,36.11094,-80.224501,2024,6,39.0,52.0
2024-06-03,Leggett,Edgecombe,35.988278,-77.5843,2024,6,36.0,33.0
2024-06-03,Linville Falls,Avery,35.972347,-81.933072,2024,6,35.0,
2024-06-03,Mendenhall School,Guilford,36.1090060008986,-79.802314,2024,6,40.0,43.0
2024-06-03,Millbrook School,Wake,35.856111,-78.574167,2024,6,35.0,46.0
2024-06-03,Pitt Agri. Center,Pitt,35.6412760008938,-77.360126,2024,6,37.0,29.0
2024-06-03,Rockwell,Rowan,35.551868,-80.395039,2024,6,44.0,38.0
2024-06-03,West Johnston Co.,Johnston,35.59095,-78.4622,2024,6,39.0,44.0
2024-06-04,Bryson City,Swain,35.434767,-83.442133,2024,6,32.0,31.0
2024-06-04,Castle Hayne,New Hanover,34.364167,-77.838611,2024,6,41.0,22.5
2024-06-04,Clemmons Middle,Forsyth,36.026612,-80.341962,2024,6,43.0,51.0
2024-06-04,Durham Armory,Durham,36.0329550008979,-78.904037,2024,6,40.0,51.0
2024-06-04,Frying Pan Mountain,Haywood,35.379167,-82.7925,2024,6,35.0,
2024-06-04,Garinger High School,Mecklenburg,35.2401000008895,-80.785683,2024,6,44.0,42.0
2024-06-04,Hattie Avenue,Forsyth,36.11094,-80.224501,2024,6,46.0,53.0
2024-06-04,Leggett,Edgecombe,35.988278,-77.5843,2024,6,42.0,52.0
2024-06-04,Linville Falls,Avery,35.972347,-81.933072,2024,6,37.0,
2024-06-04,Mendenhall School,Guilford,36.1090060008986,-79.802314,2024,6,42.0,44.0
2024-06-04,Millbrook School,Wake,35.856111,-78.574167,2024,6,43.0,53.0
2024-06-04,Pitt Agri. Center,Pitt,35.6412760008938,-77.360126,2024,6,43.0,45.0
2024-06-04,Rockwell,Rowan,35.551868,-80.395039,2024,6,38.0,36.0
2024-06-04,West Johnston Co.,Johnston,35.59095,-78.4622,2024,6,44.0,54.0
2024-06-05,Bryson City,Swain,35.434767,-83.442133,2024,6,28.0,28.0
2024-06-05,Castle Hayne,New Hanover,34.364167,-77.838611,2024,6,36.0,17.0
2024-06-05,Clemmons Middle,Forsyth,36.026612,-80.341962,2024,6,35.0,48.0
2024-06-05,Durham Armory,Durham,36.0329550008979,-78.904037,2024,6,36.0,51.0
2024-06-05,Frying Pan Mountain,Haywood,35.379167,-82.7925,2024,6,44.0,
2024-06-05,Garinger High School,Mecklenburg,35.2401000008895,-80.785683,2024,6,31.0,33.0
2024-06-05,Hattie Avenue,Forsyth,36.11094,-80.224501,2024,6,37.0,50.5
2024-06-05,Leggett,Edgecombe,35.988278,-77.5843,2024,6,34.0,41.0
2024-06-05,Linville Falls,Avery,35.972347,-81.933072,2024,6,29.0,24.0
2024-06-05,Mendenhall School,Guilford,36.1090060008986,-79.802314,2024,6,37.0,46.0
2024-06-05,Millbrook School,Wake,35.856111,-78.574167,2024,6,38.0,45.5
2024-06-05,Pitt Agri. Center,Pitt,35.6412760008938,-77.360126,2024,6,34.0,35.0
2024-06-05,Rockwell,Rowan,35.551868,-80.395039,2024,6,31.0,40.0
2024-06-05,West Johnston Co.,Johnston,35.59095,-78.4622,2024,6,38.0,44.0
2024-06-06,Bryson City,Swain,35.434767,-83.442133,2024,6,38.0,34.0
2024-06-06,Castle Hayne,New Hanover,34.364167,-77.838611,2024,6,34.0,31.0
2024-06-06,Clemmons Middle,Forsyth,36.026612,-80.341962,2024,6,40.0,39.0
2024-06-06,Durham Armory,Durham,36.0329550008979,-78.904037,2024,6,40.0,43.0
2024-06-06,Frying Pan Mountain,Haywood,35.379167,-82.7925,2024,6,47.0,
2024-06-06,Garinger High School,Mecklenburg,35.2401000008895,-80.785683,2024,6,36.0,37.0
2024-06-06,Hattie Avenue,Forsyth,36.11094,-80.224501,2024,6,40.0,41.0
2024-06-06,Leggett,Edgecombe,35.988278,-77.5843,2024,6,41.0,34.0
2024-06-06,Linville Falls,Avery,35.972347,-81.933072,2024,6,42.0,
2024-06-06,Mendenhall School,Guilford,36.1090060008986,-79.802314,2024,6,41.0,42.0
2024-06-06,Millbrook School,Wake,35.856111,-78.574167,2024,6,40.0,44.0
2024-06-06,Pitt Agri. Center,Pitt,35.6412760008938,-77.360126,2024,6,41.0,41.0
2024-06-06,Rockwell,Rowan,35.551868,-80.395039,2024,6,41.0,35.0
2024-06-06,West Johnston Co.,Johnston,35.59095,-78.4622,2024,6,39.0,46.0
2024-06-07,Bryson City,Swain,35.434767,-83.442133,2024,6,49.0,34.0
2024-06-07,Castle Hayne,New Hanover,34.364167,-77.838611,2024,6,42.0,47.5
2024-06-07,Clemmons Middle,Forsyth,36.026612,-80.341962,2024,6,51.0,26.0
2024-06-07,Durham Armory,Durham,36.0329550008979,-78.904037,2024,6,54.0,48.0
2024-06-07,Frying Pan Mountain,Haywood,35.379167,-82.7925,2024,6,49.0,
2024-06-07,Garinger High School,Mecklenburg,35.2401000008895,-80.785683,2024,6,51.0,33.0
2024-06-07,Hattie Avenue,Forsyth,36.11094,-80.224501,2024,6,48.0,29.0
2024-06-07,Leggett,Edgecombe,35.988278,-77.5843,2024,6,54.0,33.0
2024-06-07,Linville Falls,Avery,35.972347,-81.933072,2024,6,48.0,
2024-06-07,Mendenhall School,Guilford,36.1090060008986,-79.802314,2024,6,51.0,31.0
2024-06-07,Millbrook School,Wake,35.856111,-78.574167,2024,6,74.0,28.0
2024-06-07,Pitt Agri. Center,Pitt,35.6412760008938,-77.360126,2024,6,64.0,34.0
2024-06-07,Rockwell,Rowan,35.551868,-80.395039,2024,6,61.0,27.0
2024-06-07,West Johnston Co.,Johnston,35.59095,-78.4622,2024,6,64.0,37.0
2024-06-08,Bryson City,Swain,35.434767,-83.442133,2024,6,45.0,35.0
2024-06-08,Castle Hayne,New Hanover,34.364167,-77.838611,2024,6,51.0,37.5
2024-06-08,Clemmons Middle,Forsyth,36.026612,-80.341962,2024,6,61.0,30.0
2024-06-08,Durham Armory,Durham,36.0329550008979,-78.904037,2024,6,74.0,51.0
2024-06-08,Frying Pan Mountain,Haywood,35.379167,-82.7925,2024,6,49.0,24.0
2024-06-08,Garinger High School,Mecklenburg,35.2401000008895,-80.785683,2024,6,97.0,35.0
2024-06-08,Hattie Avenue,Forsyth,36.11094,-80.224501,2024,6,67.0,33.5
2024-06-08,Leggett,Edgecombe,35.988278,-77.5843,2024,6,64.0,44.0
2024-06-08,Linville Falls,Avery,35.972347,-81.933072,2024,6,51.0,25.0
2024-06-08,Mendenhall School,Guilford,36.1090060008986,-79.802314,2024,6,71.0,39.0
2024-06-08,Millbrook School,Wake,35.856111,-78.574167,2024,6,77.0,32.0
2024-06-08,Old High School,Swain,35.498711,-83.310242,2024,6,,27.0
2024-06-08,Pitt Agri. Center,Pitt,35.6412760008938,-77.360126,2024,6,74.0,29.0
2024-06-08,Rockwell,Rowan,35.551868,-80.395039,2024,6,74.0,34.0
2024-06-08,West Johnston Co.,Johnston,35.59095,-78.4622,2024,6,84.0,41.0
2024-06-09,Bryson City,Swain,35.434767,-83.442133,2024,6,38.0,28.0
2024-06-09,Castle Hayne,New Hanover,34.364167,-77.838611,2024,6,61.0,49.0
2024-06-09,Clemmons Middle,Forsyth,36.026612,-80.341962,2024,6,42.0,37.0
2024-06-09,Durham Armory,Durham,36.0329550008979,-78.904037,2024,6,47.0,53.0
2024-06-09,Frying Pan Mountain,Haywood,35.379167,-82.7925,2024,6,42.0,
2024-06-09,Garinger High School,Mecklenburg,35.2401000008895,-80.785683,2024,6,46.0,40.0
2024-06-09,Hattie Avenue,Forsyth,36.11094,-80.224501,2024,6,43.0,39.0
2024-06-09,Leggett,Edgecombe,35.988278,-77.5843,2024,6,49.0,53.0
2024-06-09,Linville Falls,Avery,35.972347,-81.933072,2024,6,41.0,
2024-06-09,Mendenhall School,Guilford,36.1090060008986,-79.802314,2024,6,45.0,48.0
2024-06-09,Millbrook School,Wake,35.856111,-78.574167,2024,6,49.0,40.0
2024-06-09,Old High School,Swain,35.498711,-83.310242,2024,6,,30.0
2024-06-09,Pitt Agri. Center,Pitt,35.6412760008938,-77.360126,2024,6,51.0,52.0
2024-06-09,Rockwell,Rowan,35.551868,-80.395039,2024,6,44.0,46.0
2024-06-09,West Johnston Co.,Johnston,35.59095,-78.4622,2024,6,49.0,49.0
2024-06-10,Bryson City,Swain,35.434767,-83.442133,2024,6,46.0,26.0
2024-06-10,Castle Hayne,New Hanover,34.364167,-77.838611,2024,6,31.0,44.0
2024-06-10,Clemmons Middle,Forsyth,36.026612,-80.341962,2024,6,49.0,22.0
2024-06-10,Durham Armory,Durham,36.0329550008979,-78.904037,2024,6,51.0,38.0
2024-06-10,Frying Pan Mountain,Haywood,35.379167,-82.7925,2024,6,46.0,
2024-06-10,Garinger High School,Mecklenburg,35.2401000008895,-80.785683,2024,6,54.0,32.0
2024-06-10,Hattie Avenue,Forsyth,36.11094,-80.224501,2024,6,47.0,22.0
2024-06-10,Leggett,Edgecombe,35.988278,-77.5843,2024,6,50.0,32.0
2024-06-10,Linville Falls,Avery,35.972347,-81.933072,2024,6,45.0,
2024-06-10,Mendenhall School,Guilford,36.1090060008986,-79.802314,2024,6,49.0,23.0
2024-06-10,Millbrook School,Wake,35.856111,-78.574167,2024,6,64.0,26.0
2024-06-10,Pitt Agri. Center,Pitt,35.6412760008938,-77.360126,2024,6,50.0,34.0
2024-06-10,Rockwell,Rowan,35.551868,-80.395039,2024,6,50.0,25.0
2024-06-10,West Johnston Co.,Johnston,35.59095,-78.4622,2024,6,67.0,43.0
2024-06-11,Bryson City,Swain,35.434767,-83.442133,2024,6,38.0,28.0
2024-06-11,Castle Hayne,New Hanover,34.364167,-77.838611,2024,6,67.0,43.5
2024-06-11,Clemmons Middle,Forsyth,36.026612,-80.341962,2024,6,45.0,39.5
2024-06-11,Durham Armory,Durham,36.0329550008979,-78.904037,2024,6,43.0,51.0
2024-06-11,Frying Pan Mountain,Haywood,35.379167,-82.7925,2024,6,43.0,24.0
2024-06-11,Garinger High School,Mecklenburg,35.2401000008895,-80.785683,2024,6,51.0,48.5
2024-06-11,Hattie Avenue,Forsyth,36.11094,-80.224501,2024,6,44.0,43.0
2024-06-11,Leggett,Edgecombe,35.988278,-77.5843,2024,6,45.0,44.0
2024-06-11,Linville Falls,Avery,35.972347,-81.933072,2024,6,43.0,24.0
2024-06-11,Mendenhall School,Guilford,36.1090060008986,-79.802314,2024,6,40.0,35.0
2024-06-11,Millbrook School,Wake,35.856111,-78.574167,2024,6,44.0,40.0
2024-06-11,Old High School,Swain,35.498711,-83.310242,2024,6,,36.0
2024-06-11,Pitt Agri. Center,Pitt,35.6412760008938,-77.360126,2024,6,48.0,48.0
2024-06-11,Rockwell,Rowan,35.551868,-80.395039,2024,6,46.0,39.0
2024-06-11,West Johnston Co.,Johnston,35.59095,-78.4622,2024,6,48.0,47.0
2024-06-12,Bryson City,Swain,35.434767,-83.442133,2024,6,44.0,52.0
2024-06-12,Castle Hayne,New Hanover,34.364167,-77.838611,2024,6,48.0,27.0
2024-06-12,Clemmons Middle,Forsyth,36.026612,-80.341962,2024,6,64.0,57.0
2024-06-12,Durham Armory,Durham,36.0329550008979,-78.904037,2024,6,64.0,55.0
2024-06-12,Frying Pan Mountain,Haywood,35.379167,-82.7925,2024,6,40.0,
2024-06-12,Garinger High School,Mecklenburg,35.2401000008895,-80.785683,2024,6,71.0,56.0
2024-06-12,Hattie Avenue,Forsyth,36.11094,-80.224501,2024,6,71.0,56.0
2024-06-12,Leggett,Edgecombe,35.988278,-77.5843,2024,6,46.0,44.0
2024-06-12,Linville Falls,Avery,35.972347,-81.933072,2024,6,47.0,
2024-06-12,Mendenhall School,Guilford,36.1090060008986,-79.802314,2024,6,50.0,53.0
2024-06-12,Millbrook School,Wake,35.856111,-78.574167,2024,6,54.0,51.0
2024-06-12,Old High School,Swain,35.498711,-83.310242,2024,6,,47.0
2024-06-12,Pitt Agri. Center,Pitt,35.6412760008938,-77.360126,2024,6,47.0,39.0
2024-06-12,Rockwell,Rowan,35.551868,-80.395039,2024,6,51.0,55.0
2024-06-12,West Johnston Co.,Johnston,35.59095,-78.4622,2024,6,61.0,52.0
2024-06-13,Bryson City,Swain,35.434767,-83.442133,2024,6,49.0,57.0
2024-06-13,Castle Hayne,New Hanover,34.364167,-77.838611,2024,6,47.0,30.0
2024-06-13,Clemmons Middle,Forsyth,36.026612,-80.341962,2024,6,54.0,59.0
2024-06-13,Durham Armory,Durham,36.0329550008979,-78.904037,2024,6,51.0,58.0
2024-06-13,Frying Pan Mountain,Haywood,35.379167,-82.7925,2024,6,47.0,
2024-06-13,Garinger High School,Mecklenburg,35.2401000008895,-80.785683,2024,6,58.0,50.0
2024-06-13,Hattie Avenue,Forsyth,36.11094,-80.224501,2024,6,64.0,58.0
2024-06-13,Leggett,Edgecombe,35.988278,-77.5843,2024,6,45.0,44.0
2024-06-13,Linville Falls,Avery,35.972347,-81.933072,2024,6,48.0,
2024-06-13,Mendenhall School,Guilford,36.1090060008986,-79.802314,2024,6,61.0,55.0
2024-06-13,Millbrook School,Wake,35.856111,-78.574167,2024,6,58.0,53.0
2024-06-13,Pitt Agri. Center,Pitt,35.6412760008938,-77.360126,2024,6,45.0,41.0
2024-06-13,Rockwell,Rowan,35.551868,-80.395039,2024,6,48.0,52.0
2024-06-13,West Johnston Co.,Johnston,35.59095,-78.4622,2024,6,61.0,54.0
2024-06-14,Bryson City,Swain,35.434767,-83.442133,2024,6,45.0,59.0
2024-06-14,Castle Hayne,New Hanover,34.364167,-77.838611,2024,6,49.0,36.0
2024-06-14,Clemmons Middle,Forsyth,36.026612,-80.341962,2024,6,58.0,65.0
2024-06-14,Durham Armory,Durham,36.0329550008979,-78.904037,2024,6,64.0,59.0
2024-06-14,Frying Pan Mountain,Haywood,35.379167,-82.7925,2024,6,47.0,45.0
2024-06-14,Garinger High School,Mecklenburg,35.2401000008895,-80.785683,2024,6,93.0,55.5
2024-06-14,Hattie Avenue,Forsyth,36.11094,-80.224501,2024,6,54.0,61.5
2024-06-14,Leggett,Edgecombe,35.988278,-77.5843,2024,6,54.0,55.0
2024-06-14,Linville Falls,Avery,35.972347,-81.933072,2024,6,47.0,50.0
2024-06-14,Mendenhall School,Guilford,36.1090060008986,-79.802314,2024,6,64.0,58.0
2024-06-14,Millbrook School,Wake,35.856111,-78.574167,2024,6,80.0,57.5
2024-06-14,Pitt Agri. Center,Pitt,35.6412760008938,-77.360126,2024,6,51.0,52.0
2024-06-14,Rockwell,Rowan,35.551868,-80.395039,2024,6,77.0,56.0
2024-06-14,West Johnston Co.,Johnston,35.59095,-78.4622,2024,6,71.0,56.0
2024-06-15,Bryson City,Swain,35.434767,-83.442133,2024,6,44.0,56.0
2024-06-15,Castle Hayne,New Hanover,34.364167,-77.838611,2024,6,50.0,54.0
2024-06-15,Clemmons Middle,Forsyth,36.026612,-80.341962,2024,6,87.0,57.0
2024-06-15,Durham Armory,Durham,36.0329550008979,-78.904037,2024,6,49.0,53.0
2024-06-15,Frying Pan Mountain,Haywood,35.379167,-82.7925,2024,6,44.0,
2024-06-15,Garinger High School,Mecklenburg,35.2401000008895,-80.785683,2024,6,64.0,57.0
2024-06-15,Hattie Avenue,Forsyth,36.11094,-80.224501,2024,6,77.0,57.0
2024-06-15,Leggett,Edgecombe,35.988278,-77.5843,2024,6,67.0,50.0
2024-06-15,Linville Falls,Avery,35.972347,-81.933072,2024,6,45.0,
2024-06-15,Mendenhall School,Guilford,36.1090060008986,-79.802314,2024,6,58.0,50.0
2024-06-15,Millbrook School,Wake,35.856111,-78.574167,2024,6,71.0,53.0
2024-06-15,Pitt Agri. Center,Pitt,35.6412760008938,-77.360126,2024,6,64.0,50.0
2024-06-15,Rockwell,Rowan,35.551868,-80.395039,2024,6,64.0,53.0
2024-06-15,West Johnston Co.,Johnston,35.59095,-78.4622,2024,6,71.0,54.0
2024-06-16,Bryson City,Swain,35.434767,-83.442133,2024,6,40.0,53.0
2024-06-16,Castle Hayne,New Hanover,34.364167,-77.838611,2024,6,64.0,25.0
2024-06-16,Clemmons Middle,Forsyth,36.026612,-80.341962,2024,6,44.0,52.0
2024-06-16,Durham Armory,Durham,36.0329550008979,-78.904037,2024,6,54.0,54.0
2024-06-16,Frying Pan Mountain,Haywood,35.379167,-82.7925,2024,6,34.0,
2024-06-16,Garinger High School,Mecklenburg,35.2401000008895,-80.785683,2024,6,44.0,59.0
2024-06-16,Hattie Avenue,Forsyth,36.11094,-80.224501,2024,6,45.0,52.0
2024-06-16,Leggett,Edgecombe,35.988278,-77.5843,2024,6,49.0,37.0
2024-06-16,Linville Falls,Avery,35.972347,-81.933072,2024,6,37.0,
2024-06-16,Mendenhall School,Guilford,36.1090060008986,-79.802314,2024,6,43.0,51.0
2024-06-16,Millbrook School,Wake,35.856111,-78.574167,2024,6,54.0,44.0
2024-06-16,Pitt Agri. Center,Pitt,35.6412760008938,-77.360126,2024,6,48.0,34.0
2024-06-16,Rockwell,Rowan,35.551868,-80.395039,2024,6,41.0,58.0
2024-06-16,West Johnston Co.,Johnston,35.59095,-78.4622,2024,6,64.0,48.0
2024-06-17,Bryson City,Swain,35.434767,-83.442133,2024,6,32.0,55.0
2024-06-17,Castle Hayne,New Hanover,34.364167,-77.838611,2024,6,44.0,26.0
2024-06-17,Clemmons Middle,Forsyth,36.026612,-80.341962,2024,6,44.0,56.0
2024-06-17,Durham Armory,Durham,36.0329550008979,-78.904037,2024,6,49.0,56.0
2024-06-17,Frying Pan Mountain,Haywood,35.379167,-82.7925,2024,6,35.0,41.0
2024-06-17,Garinger High School,Mecklenburg,35.2401000008895,-80.785683,2024,6,46.0,50.5
2024-06-17,Hattie Avenue,Forsyth,36.11094,-80.224501,2024,6,46.0,56.0
2024-06-17,Leggett,Edgecombe,35.988278,-77.5843,2024,6,45.0,49.0
2024-06-17,Linville Falls,Avery,35.972347,-81.933072,2024,6,33.0,56.0
2024-06-17,Mendenhall School,Guilford,36.1090060008986,-79.802314,2024,6,45.0,51.0
2024-06-17,Millbrook School,Wake,35.856111,-78.574167,2024,6,54.0,55.5
2024-06-17,Old High School,Swain,35.498711,-83.310242,2024,6,,63.0
2024-06-17,Pitt Agri. Center,Pitt,35.6412760008938,-77.360126,2024,6,42.0,48.0
2024-06-17,Rockwell,Rowan,35.551868,-80.395039,2024,6,38.0,52.0
2024-06-17,West Johnston Co.,Johnston,35.59095,-78.4622,2024,6,48.0,53.0
2024-06-18,Bryson City,Swain,35.434767,-83.442133,2024,6,40.0,55.0
2024-06-18,Castle Hayne,New Hanover,34.364167,-77.838611,2024,6,40.0,21.0
2024-06-18,Clemmons Middle,Forsyth,36.026612,-80.341962,2024,6,46.0,56.0
2024-06-18,Durham Armory,Durham,36.0329550008979,-78.904037,2024,6,48.0,50.0
2024-06-18,Frying Pan Mountain,Haywood,35.379167,-82.7925,2024,6,43.0,
2024-06-18,Garinger High School,Mecklenburg,35.2401000008895,-80.785683,2024,6,44.0,49.0
2024-06-18,Hattie Avenue,Forsyth,36.11094,-80.224501,2024,6,50.0,56.0
2024-06-18,Leggett,Edgecombe,35.988278,-77.5843,2024,6,44.0,39.0
2024-06-18,Linville Falls,Avery,35.972347,-81.933072,2024,6,42.0,
2024-06-18,Mendenhall School,Guilford,36.1090060008986,-79.802314,2024,6,47.0,52.0
2024-06-18,Millbrook School,Wake,35.856111,-78.574167,2024,6,47.0,44.0
2024-06-18,Pitt Agri. Center,Pitt,35.6412760008938,-77.360126,2024,6,39.0,34.0
2024-06-18,Rockwell,Rowan,35.551868,-80.395039,2024,6,38.0,52.0
2024-06-18,West Johnston Co.,Johnston,35.59095,-78.4622,2024,6,48.0,37.0
2024-06-19,Bryson City,Swain,35.434767,-83.442133,2024,6,33.0,51.0
2024-06-19,Castle Hayne,New Hanover,34.364167,-77.838611,2024,6,41.0,24.5
2024-06-19,Clemmons Middle,Forsyth,36.026612,-80.341962,2024,6,47.0,51.0
2024-06-19,Durham Armory,Durham,36.0329550008979,-78.904037,2024,6,42.0,52.0
2024-06-19,Frying Pan Mountain,Haywood,35.379167,-82.7925,2024,6,44.0,
2024-06-19,Garinger High School,Mecklenburg,35.2401000008895,-80.785683,2024,6,42.0,36.0
2024-06-19,Hattie Avenue,Forsyth,36.11094,-80.224501,2024,6,71.0,50.0
2024-06-19,Leggett,Edgecombe,35.988278,-77.5843,2024,6,39.0,32.0
2024-06-19,Linville Falls,Avery,35.972347,-81.933072,2024,6,38.0,
2024-06-19,Mendenhall School,Guilford,36.1090060008986,-79.802314,2024,6,51.0,34.0
2024-06-19,Millbrook School,Wake,35.856111,-78.574167,2024,6,43.0,41.0
2024-06-19,Pitt Agri. Center,Pitt,35.6412760008938,-77.360126,2024,6,39.0,28.0
2024-06-19,Rockwell,Rowan,35.551868,-80.395039,2024,6,,34.0
2024-06-19,West Johnston Co.,Johnston,35.59095,-78.4622,2024,6,43.0,36.0
2024-06-20,Bryson City,Swain,35.434767,-83.442133,2024,6,38.0,43.0
2024-06-20,Castle Hayne,New Hanover,34.364167,-77.838611,2024,6,39.0,24.5
2024-06-20,Clemmons Middle,Forsyth,36.026612,-80.341962,2024,6,46.0,51.0
2024-06-20,Durham Armory,Durham,36.0329550008979,-78.904037,2024,6,40.0,49.0
2024-06-20,Frying Pan Mountain,Haywood,35.379167,-82.7925,2024,6,46.0,
2024-06-20,Garinger High School,Mecklenburg,35.2401000008895,-80.785683,2024,6,40.0,47.0
2024-06-20,Hattie Avenue,Forsyth,36.11094,-80.224501,2024,6,58.0,47.5
2024-06-20,Leggett,Edgecombe,35.988278,-77.5843,2024,6,36.0,28.0
2024-06-20,Linville Falls,Avery,35.972347,-81.933072,2024,6,40.0,31.0
2024-06-20,Mendenhall School,Guilford,36.1090060008986,-79.802314,2024,6,44.0,48.0
2024-06-20,Millbrook School,Wake,35.856111,-78.574167,2024,6,42.0,39.0
2024-06-20,Pitt Agri. Center,Pitt,35.6412760008938,-77.360126,2024,6,33.0,27.0
2024-06-20,Rockwell,Rowan,35.551868,-80.395039,2024,6,,37.0
2024-06-20,West Johnston Co.,Johnston,35.59095,-78.4622,2024,6,40.0,33.0
2024-06-21,Bryson City,Swain,35.434767,-83.442133,2024,6,35.0,
2024-06-21,Castle Hayne,New Hanover,34.364167,-77.838611,2024,6,19.0,21.0
2024-06-21,Clemmons Middle,Forsyth,36.026612,-80.341962,2024,6,50.0,52.0
2024-06-21,Durham Armory,Durham,36.0329550008979,-78.904037,2024,6,48.0,53.0
2024-06-21,Frying Pan Mountain,Haywood,35.379167,-82.7925,2024,6,47.0,
2024-06-21,Garinger High School,Mecklenburg,35.2401000008895,-80.785683,2024,6,45.0,49.0
2024-06-21,Hattie Avenue,Forsyth,36.11094,-80.224501,2024,6,67.0,54.0
2024-06-21,Leggett,Edgecombe,35.988278,-77.5843,2024,6,40.0,38.0
2024-06-21,Linville Falls,Avery,35.972347,-81.933072,2024,6,42.0,
2024-06-21,Mendenhall School,Guilford,36.1090060008986,-79.802314,2024,6,51.0,53.0
2024-06-21,Millbrook School,Wake,35.856111,-78.574167,2024,6,46.0,44.0
2024-06-21,Pitt Agri. Center,Pitt,35.6412760008938,-77.360126,2024,6,34.0,29.0
2024-06-21,Rockwell,Rowan,35.551868,-80.395039,2024,6,38.0,42.0
2024-06-21,West Johnston Co.,Johnston,35.59095,-78.4622,2024,6,44.0,45.0
2024-06-22,Bryson City,Swain,35.434767,-83.442133,2024,6,37.0,
2024-06-22,Castle Hayne,New Hanover,34.364167,-77.838611,2024,6,19.0,23.0
2024-06-22,Clemmons Middle,Forsyth,36.026612,-80.341962,2024,6,33.0,41.0
2024-06-22,Durham Armory,Durham,36.0329550008979,-78.904037,2024,6,24.0,34.0
2024-06-22,Garinger High School,Mecklenburg,35.2401000008895,-80.785683,2024,6,28.0,29.0
2024-06-22,Hattie Avenue,Forsyth,36.11094,-80.224501,2024,6,36.0,43.0
2024-06-22,Leggett,Edgecombe,35.988278,-77.5843,2024,6,29.0,37.0
2024-06-22,Linville Falls,Avery,35.972347,-81.933072,2024,6,46.0,
2024-06-22,Mendenhall School,Guilford,36.1090060008986,-79.802314,2024,6,31.0,42.0
2024-06-22,Millbrook School,Wake,35.856111,-78.574167,2024,6,27.0,31.0
2024-06-22,Pitt Agri. Center,Pitt,35.6412760008938,-77.360126,2024,6,26.0,25.0
2024-06-22,Rockwell,Rowan,35.551868,-80.395039,2024,6,28.0,29.0
2024-06-22,West Johnston Co.,Johnston,35.59095,-78.4622,2024,6,30.0,32.0
2024-06-23,Bryson City,Swain,35.434767,-83.442133,2024,6,43.0,
2024-06-23,Castle Hayne,New Hanover,34.364167,-77.838611,2024,6,26.0,20.0
2024-06-23,Clemmons Middle,Forsyth,36.026612,-80.341962,2024,6,37.0,42.5
2024-06-23,Durham Armory,Durham,36.0329550008979,-78.904037,2024,6,29.0,39.0
2024-06-23,Frying Pan Mountain,Haywood,35.379167,-82.7925,2024,6,43.0,37.0
2024-06-23,Garinger High School,Mecklenburg,35.2401000008895,-80.785683,2024,6,32.0,39.0
2024-06-23,Hattie Avenue,Forsyth,36.11094,-80.224501,2024,6,39.0,44.5
2024-06-23,Leggett,Edgecombe,35.988278,-77.5843,2024,6,31.0,31.0
2024-06-23,Linville Falls,Avery,35.972347,-81.933072,2024,6,42.0,44.0
2024-06-23,Mendenhall School,Guilford,36.1090060008986,-79.802314,2024,6,34.0,44.0
2024-06-23,Millbrook School,Wake,35.856111,-78.574167,2024,6,30.0,31.5
2024-06-23,Pitt Agri. Center,Pitt,35.6412760008938,-77.360126,2024,6,27.0,26.0
2024-06-23,Rockwell,Rowan,35.551868,-80.395039,2024,6,31.0,33.0
2024-06-23,West Johnston Co.,Johnston,35.59095,-78.4622,2024,6,31.0,27.0
2024-06-24,Bryson City,Swain,35.434767,-83.442133,2024,6,51.0,
2024-06-24,Castle Hayne,New Hanover,34.364167,-77.838611,2024,6,38.0,46.5
2024-06-24,Clemmons Middle,Forsyth,36.026612,-80.341962,2024,6,51.0,37.0
2024-06-24,Durham Armory,Durham,36.0329550008979,-78.904037,2024,6,49.0,51.0
2024-06-24,Garinger High School,Mecklenburg,35.2401000008895,-80.785683,2024,6,64.0,49.0
2024-06-24,Hattie Avenue,Forsyth,36.11094,-80.224501,2024,6,61.0,38.0
2024-06-24,Leggett,Edgecombe,35.988278,-77.5843,2024,6,42.0,50.0
2024-06-24,Linville Falls,Avery,35.972347,-81.933072,2024,6,58.0,
2024-06-24,Mendenhall School,Guilford,36.1090060008986,-79.802314,2024,6,50.0,38.0
2024-06-24,Millbrook School,Wake,35.856111,-78.574167,2024,6,61.0,49.0
2024-06-24,Old High School,Swain,35.498711,-83.310242,2024,6,,29.0
2024-06-24,Pitt Agri. Center,Pitt,35.6412760008938,-77.360126,2024,6,42.0,50.0
2024-06-24,Rockwell,Rowan,35.551868,-80.395039,2024,6,51.0,39.0
2024-06-24,West Johnston Co.,Johnston,35.59095,-78.4622,2024,6,64.0,53.0
2024-06-25,Bryson City,Swain,35.434767,-83.442133,2024,6,41.0,
2024-06-25,Castle Hayne,New Hanover,34.364167,-77.838611,2024,6,43.0,36.0
2024-06-25,Clemmons Middle,Forsyth,36.026612,-80.341962,2024,6,64.0,42.0
2024-06-25,Durham Armory,Durham,36.0329550008979,-78.904037,2024,6,77.0,51.0
2024-06-25,Frying Pan Mountain,Haywood,35.379167,-82.7925,2024,6,54.0,
2024-06-25,Garinger High School,Mecklenburg,35.2401000008895,-80.785683,2024,6,115.0,52.0
2024-06-25,Hattie Avenue,Forsyth,36.11094,-80.224501,2024,6,71.0,43.0
2024-06-25,Leggett,Edgecombe,35.988278,-77.5843,2024,6,50.0,44.0
2024-06-25,Linville Falls,Avery,35.972347,-81.933072,2024,6,47.0,
2024-06-25,Mendenhall School,Guilford,36.1090060008986,-79.802314,2024,6,67.0,39.0
2024-06-25,Millbrook School,Wake,35.856111,-78.574167,2024,6,80.0,48.0
2024-06-25,Pitt Agri. Center,Pitt,35.6412760008938,-77.360126,2024,6,48.0,37.0
2024-06-25,Rockwell,Rowan,35.551868,-80.395039,2024,6,64.0,44.0
2024-06-25,West Johnston Co.,Johnston,35.59095,-78.4622,2024,6,77.0,47.0
2024-06-26,Bryson City,Swain,35.434767,-83.442133,2024,6,48.0,36.0
2024-06-26,Castle Hayne,New Hanover,34.364167,-77.838611,2024,6,30.0,16.0
2024-06-26,Clemmons Middle,Forsyth,36.026612,-80.341962,2024,6,100.0,60.0
2024-06-26,Durham Armory,Durham,36.0329550008979,-78.904037,2024,6,58.0,58.0
2024-06-26,Frying Pan Mountain,Haywood,35.379167,-82.7925,2024,6,90.0,
2024-06-26,Garinger High School,Mecklenburg,35.2401000008895,-80.785683,2024,6,74.0,59.0
2024-06-26,Hattie Avenue,Forsyth,36.11094,-80.224501,2024,6,105.0,61.0
2024-06-26,Leggett,Edgecombe,35.988278,-77.5843,2024,6,67.0,33.0
2024-06-26,Linville Falls,Avery,35.972347,-81.933072,2024,6,61.0,29.0
2024-06-26,Mendenhall School,Guilford,36.1090060008986,-79.802314,2024,6,84.0,62.0
2024-06-26,Millbrook School,Wake,35.856111,-78.574167,2024,6,74.0,56.5
2024-06-26,Pitt Agri. Center,Pitt,35.6412760008938,-77.360126,2024,6,46.0,48.0
2024-06-26,Rockwell,Rowan,35.551868,-80.395039,2024,6,67.0,60.0
2024-06-26,West Johnston Co.,Johnston,35.59095,-78.4622,2024,6,84.0,54.0
2024-06-27,Bryson City,Swain,35.434767,-83.442133,2024,6,34.0,45.0
2024-06-27,Castle Hayne,New Hanover,34.364167,-77.838611,2024,6,39.0,36.0
2024-06-27,Clemmons Middle,Forsyth,36.026612,-80.341962,2024,6,40.0,51.0
2024-06-27,Durham Armory,Durham,36.0329550008979,-78.904037,2024,6,43.0,54.0
2024-06-27,Frying Pan Mountain,Haywood,35.379167,-82.7925,2024,6,38.0,
2024-06-27,Garinger High School,Mecklenburg,35.2401000008895,-80.785683,2024,6,51.0,53.0
2024-06-27,Hattie Avenue,Forsyth,36.11094,-80.224501,2024,6,49.0,53.0
2024-06-27,Leggett,Edgecombe,35.988278,-77.5843,2024,6,44.0,49.0
2024-06-27,Linville Falls,Avery,35.972347,-81.933072,2024,6,36.0,
2024-06-27,Mendenhall School,Guilford,36.1090060008986,-79.802314,2024,6,46.0,41.0
2024-06-27,Millbrook School,Wake,35.856111,-78.574167,2024,6,45.0,48.0
2024-06-27,Pitt Agri. Center,Pitt,35.6412760008938,-77.360126,2024,6,43.0,48.0
2024-06-27,Rockwell,Rowan,35.551868,-80.395039,2024,6,45.0,52.0
2024-06-27,West Johnston Co.,Johnston,35.59095,-78.4622,2024,6,,47.0
2024-06-28,Bryson City,Swain,35.434767,-83.442133,2024,6,35.0,49.0
2024-06-28,Castle Hayne,New Hanover,34.364167,-77.838611,2024,6,45.0,37.0
2024-06-28,Clemmons Middle,Forsyth,36.026612,-80.341962,2024,6,67.0,53.0
2024-06-28,Durham Armory,Durham,36.0329550008979,-78.904037,2024,6,67.0,53.0
2024-06-28,Frying Pan Mountain,Haywood,35.379167,-82.7925,2024,6,39.0,
2024-06-28,Garinger High School,Mecklenburg,35.2401000008895,-80.785683,2024,6,51.0,56.0
2024-06-28,Hattie Avenue,Forsyth,36.11094,-80.224501,2024,6,77.0,55.0
2024-06-28,Leggett,Edgecombe,35.988278,-77.5843,2024,6,61.0,41.0
2024-06-28,Linville Falls,Avery,35.972347,-81.933072,2024,6,50.0,
2024-06-28,Mendenhall School,Guilford,36.1090060008986,-79.802314,2024,6,74.0,52.0
2024-06-28,Millbrook School,Wake,35.856111,-78.574167,2024,6,67.0,50.0
2024-06-28,Pitt Agri. Center,Pitt,35.6412760008938,-77.360126,2024,6,49.0,36.0
2024-06-28,Rockwell,Rowan,35.551868,-80.395039,2024,6,48.0,54.0
2024-06-28,West Johnston Co.,Johnston,35.59095,-78.4622,2024,6,64.0,52.0
2024-06-29,Bryson City,Swain,35.434767,-83.442133,2024,6,29.0,38.0
2024-06-29,Castle Hayne,New Hanover,34.364167,-77.838611,2024,6,30.0,19.0
2024-06-29,Clemmons Middle,Forsyth,36.026612,-80.341962,2024,6,36.0,41.0
2024-06-29,Durham Armory,Durham,36.0329550008979,-78.904037,2024,6,43.0,51.0
2024-06-29,Frying Pan Mountain,Haywood,35.379167,-82.7925,2024,6,33.0,14.0
2024-06-29,Garinger High School,Mecklenburg,35.2401000008895,-80.785683,2024,6,35.0,34.0
2024-06-29,Hattie Avenue,Forsyth,36.11094,-80.224501,2024,6,39.0,50.0
2024-06-29,Leggett,Edgecombe,35.988278,-77.5843,2024,6,36.0,46.0
2024-06-29,Linville Falls,Avery,35.972347,-81.933072,2024,6,28.0,33.0
2024-06-29,Mendenhall School,Guilford,36.1090060008986,-79.802314,2024,6,37.0,49.0
2024-06-29,Millbrook School,Wake,35.856111,-78.574167,2024,6,45.0,50.0
2024-06-29,Pitt Agri. Center,Pitt,35.6412760008938,-77.360126,2024,6,33.0,37.0
2024-06-29,Rockwell,Rowan,35.551868,-80.395039,2024,6,34.0,44.0
2024-06-29,West Johnston Co.,Johnston,35.59095,-78.4622,2024,6,42.0,47.0
2024-06-30,Bryson City,Swain,35.434767,-83.442133,2024,6,32.0,43.0
2024-06-30,Castle Hayne,New Hanover,34.364167,-77.838611,2024,6,24.0,17.5
2024-06-30,Clemmons Middle,Forsyth,36.026612,-80.341962,2024,6,36.0,37.0
2024-06-30,Durham Armory,Durham,36.0329550008979,-78.904037,2024,6,34.0,44.0
2024-06-30,Garinger High School,Mecklenburg,35.2401000008895,-80.785683,2024,6,42.0,36.0
2024-06-30,Hattie Avenue,Forsyth,36.11094,-80.224501,2024,6,37.0,46.0
2024-06-30,Leggett,Edgecombe,35.988278,-77.5843,2024,6,33.0,39.0
2024-06-30,Linville Falls,Avery,35.972347,-81.933072,2024,6,31.0,
2024-06-30,Mendenhall School,Guilford,36.1090060008986,-79.802314,2024,6,42.0,47.0
2024-06-30,Millbrook School,Wake,35.856111,-78.574167,2024,6,34.0,35.0
2024-06-30,Pitt Agri. Center,Pitt,35.6412760008938,-77.360126,2024,6,31.0,37.0
2024-06-30,Rockwell,Rowan,35.551868,-80.395039,2024,6,37.0,44.0
2024-06-30,West Johnston Co.,Johnston,35.59095,-78.4622,2024,6,32.0,33.0
2024-07-01,Bryson City,Swain,35.434767,-83.442133,2024,7,42.0,25.0
2024-07-01,Castle Hayne,New Hanover,34.364167,-77.838611,2024,7,30.0,26.0
2024-07-01,Clemmons Middle,Forsyth,36.026612,-80.341962,2024,7,49.0,34.0
2024-07-01,Durham Armory,Durham,36.0329550008979,-78.904037,2024,7,33.0,35.0
2024-07-01,Frying Pan Mountain,Haywood,35.379167,-82.7925,2024,7,44.0,
2024-07-01,Garinger High School,Mecklenburg,35.2401000008895,-80.785683,2024,7,50.0,41.0
2024-07-01,Hattie Avenue,Forsyth,36.11094,-80.224501,2024,7,48.0,37.0
2024-07-01,Leggett,Edgecombe,35.988278,-77.5843,2024,7,34.0,15.0
2024-07-01,Linville Falls,Avery,35.972347,-81.933072,2024,7,46.0,
2024-07-01,Mendenhall School,Guilford,36.1090060008986,-79.802314,2024,7,42.0,28.0
2024-07-01,Millbrook School,Wake,35.856111,-78.574167,2024,7,37.0,19.0
2024-07-01,Pitt Agri. Center,Pitt,35.6412760008938,-77.360126,2024,7,33.0,17.0
2024-07-01,Rockwell,Rowan,35.551868,-80.395039,2024,7,47.0,29.0
2024-07-01,West Johnston Co.,Johnston,35.59095,-78.4622,2024,7,36.0,19.0
2024-07-02,Bryson City,Swain,35.434767,-83.442133,2024,7,41.0,44.0
2024-07-02,Castle Hayne,New Hanover,34.364167,-77.838611,2024,7,41.0,15.0
2024-07-02,Clemmons Middle,Forsyth,36.026612,-80.341962,2024,7,71.0,22.0
2024-07-02,Durham Armory,Durham,36.0329550008979,-78.904037,2024,7,54.0,44.0
2024-07-02,Frying Pan Mountain,Haywood,35.379167,-82.7925,2024,7,44.0,
2024-07-02,Garinger High School,Mecklenburg,35.2401000008895,-80.785683,2024,7,49.0,28.5
2024-07-02,Hattie Avenue,Forsyth,36.11094,-80.224501,2024,7,84.0,24.0
2024-07-02,Leggett,Edgecombe,35.988278,-77.5843,2024,7,42.0,30.0
2024-07-02,Linville Falls,Avery,35.972347,-81.933072,2024,7,47.0,21.0
2024-07-02,Mendenhall School,Guilford,36.1090060008986,-79.802314,2024,7,58.0,26.0
2024-07-02,Millbrook School,Wake,35.856111,-78.574167,2024,7,54.0,27.5
2024-07-02,Pitt Agri. Center,Pitt,35.6412760008938,-77.360126,2024,7,44.0,28.0
2024-07-02,Rockwell,Rowan,35.551868,-80.395039,2024,7,47.0,27.0
2024-07-02,West Johnston Co.,Johnston,35.59095,-78.4622,2024,7,54.0,41.0
2024-07-03,Bryson City,Swain,35.434767,-83.442133,2024,7,39.0,38.0
2024-07-03,Castle Hayne,New Hanover,34.364167,-77.838611,2024,7,38.0,12.5
2024-07-03,Clemmons Middle,Forsyth,36.026612,-80.341962,2024,7,64.0,44.0
2024-07-03,Durham Armory,Durham,36.0329550008979,-78.904037,2024,7,67.0,54.0
2024-07-03,Frying Pan Mountain,Haywood,35.379167,-82.7925,2024,7,38.0,
2024-07-03,Garinger High School,Mecklenburg,35.2401000008895,-80.785683,2024,7,74.0,49.0
2024-07-03,Hattie Avenue,Forsyth,36.11094,-80.224501,2024,7,67.0,49.0
2024-07-03,Leggett,Edgecombe,35.988278,-77.5843,2024,7,50.0,39.0
2024-07-03,Linville Falls,Avery,35.972347,-81.933072,2024,7,47.0,
2024-07-03,Mendenhall School,Guilford,36.1090060008986,-79.802314,2024,7,51.0,51.0
2024-07-03,Millbrook School,Wake,35.856111,-78.574167,2024,7,71.0,42.0
2024-07-03,Pitt Agri. Center,Pitt,35.6412760008938,-77.360126,2024,7,47.0,23.0
2024-07-03,Rockwell,Rowan,35.551868,-80.395039,2024,7,74.0,51.0
2024-07-03,West Johnston Co.,Johnston,35.59095,-78.4622,2024,7,77.0,52.0
2024-07-04,Bryson City,Swain,35.434767,-83.442133,2024,7,36.0,53.0
2024-07-04,Castle Hayne,New Hanover,34.364167,-77.838611,2024,7,37.0,17.0
2024-07-04,Clemmons Middle,Forsyth,36.026612,-80.341962,2024,7,45.0,58.0
2024-07-04,Durham Armory,Durham,36.0329550008979,-78.904037,2024,7,42.0,56.0
2024-07-04,Frying Pan Mountain,Haywood,35.379167,-82.7925,2024,7,31.0,
2024-07-04,Garinger High School,Mecklenburg,35.2401000008895,-80.785683,2024,7,39.0,61.0
2024-07-04,Hattie Avenue,Forsyth,36.11094,-80.224501,2024,7,46.0,68.0
2024-07-04,Leggett,Edgecombe,35.988278,-77.5843,2024,7,48.0,42.0
2024-07-04,Linville Falls,Avery,35.972347,-81.933072,2024,7,38.0,
2024-07-04,Mendenhall School,Guilford,36.1090060008986,-79.802314,2024,7,46.0,61.0
2024-07-04,Millbrook School,Wake,35.856111,-78.574167,2024,7,45.0,56.0
2024-07-04,Pitt Agri. Center,Pitt,35.6412760008938,-77.360126,2024,7,45.0,36.0
2024-07-04,Rockwell,Rowan,35.551868,-80.395039,2024,7,41.0,53.0
2024-07-04,West Johnston Co.,Johnston,35.59095,-78.4622,2024,7,45.0,53.0
2024-07-05,Bryson City,Swain,35.434767,-83.442133,2024,7,23.0,37.0
2024-07-05,Castle Hayne,New Hanover,34.364167,-77.838611,2024,7,35.0,21.0
2024-07-05,Clemmons Middle,Forsyth,36.026612,-80.341962,2024,7,38.0,50.0
2024-07-05,Durham Armory,Durham,36.0329550008979,-78.904037,2024,7,32.0,60.0
2024-07-05,Frying Pan Mountain,Haywood,35.379167,-82.7925,2024,7,42.0,23.0
2024-07-05,Garinger High School,Mecklenburg,35.2401000008895,-80.785683,2024,7,37.0,52.5
2024-07-05,Hattie Avenue,Forsyth,36.11094,-80.224501,2024,7,41.0,57.0
2024-07-05,Leggett,Edgecombe,35.988278,-77.5843,2024,7,43.0,53.0
2024-07-05,Linville Falls,Avery,35.972347,-81.933072,2024,7,27.0,33.0
2024-07-05,Mendenhall School,Guilford,36.1090060008986,-79.802314,2024,7,41.0,65.0
2024-07-05,Millbrook School,Wake,35.856111,-78.574167,2024,7,41.0,55.5
2024-07-05,Pitt Agri. Center,Pitt,35.6412760008938,-77.360126,2024,7,41.0,47.0
2024-07-05,Rockwell,Rowan,35.551868,-80.395039,2024,7,39.0,52.0
2024-07-05,West Johnston Co.,Johnston,35.59095,-78.4622,2024,7,42.0,53.0
2024-07-06,Bryson City,Swain,35.434767,-83.442133,2024,7,32.0,26.0
2024-07-06,Castle Hayne,New Hanover,34.364167,-77.838611,2024,7,34.0,30.0
2024-07-06,Clemmons Middle,Forsyth,36.026612,-80.341962,2024,7,44.0,29.0
2024-07-06,Durham Armory,Durham,36.0329550008979,-78.904037,2024,7,39.0,44.0
2024-07-06,Frying Pan Mountain,Haywood,35.379167,-82.7925,2024,7,44.0,
2024-07-06,Garinger High School,Mecklenburg,35.2401000008895,-80.785683,2024,7,45.0,28.0
2024-07-06,Hattie Avenue,Forsyth,36.11094,-80.224501,2024,7,46.0,35.0
2024-07-06,Leggett,Edgecombe,35.988278,-77.5843,2024,7,45.0,51.0
2024-07-06,Linville Falls,Avery,35.972347,-81.933072,2024,7,31.0,
2024-07-06,Mendenhall School,Guilford,36.1090060008986,-79.802314,2024,7,51.0,35.0
2024-07-06,Millbrook School,Wake,35.856111,-78.574167,2024,7,48.0,47.0
2024-07-06,Pitt Agri. Center,Pitt,35.6412760008938,-77.360126,2024,7,40.0,50.0
2024-07-06,Rockwell,Rowan,35.551868,-80.395039,2024,7,40.0,36.0
2024-07-06,West Johnston Co.,Johnston,35.59095,-78.4622,2024,7,40.0,58.0
2024-07-07,Bryson City,Swain,35.434767,-83.442133,2024,7,26.0,28.0
2024-07-07,Castle Hayne,New Hanover,34.364167,-77.838611,2024,7,31.0,23.5
2024-07-07,Clemmons Middle,Forsyth,36.026612,-80.341962,2024,7,29.0,32.0
2024-07-07,Durham Armory,Durham,36.0329550008979,-78.904037,2024,7,28.0,42.0
2024-07-07,Frying Pan Mountain,Haywood,35.379167,-82.7925,2024,7,34.0,
2024-07-07,Garinger High School,Mecklenburg,35.2401000008895,-80.785683,2024,7,35.0,27.0
2024-07-07,Hattie Avenue,Forsyth,36.11094,-80.224501,2024,7,31.0,39.0
2024-07-07,Leggett,Edgecombe,35.988278,-77.5843,2024,7,35.0,44.0
2024-07-07,Linville Falls,Avery,35.972347,-81.933072,2024,7,30.0,
2024-07-07,Mendenhall School,Guilford,36.1090060008986,-79.802314,2024,7,29.0,38.0
2024-07-07,Millbrook School,Wake,35.856111,-78.574167,2024,7,28.0,51.0
2024-07-07,Pitt Agri. Center,Pitt,35.6412760008938,-77.360126,2024,7,38.0,47.0
2024-07-07,Rockwell,Rowan,35.551868,-80.395039,2024,7,36.0,34.0
2024-07-07,West Johnston Co.,Johnston,35.59095,-78.4622,2024,7,31.0,46.0
2024-07-08,Bryson City,Swain,35.434767,-83.442133,2024,7,31.0,26.0
2024-07-08,Castle Hayne,New Hanover,34.364167,-77.838611,2024,7,27.0,15.0
2024-07-08,Clemmons Middle,Forsyth,36.026612,-80.341962,2024,7,44.0,34.0
2024-07-08,Durham Armory,Durham,36.0329550008979,-78.904037,2024,7,35.0,40.0
2024-07-08,Frying Pan Mountain,Haywood,35.379167,-82.7925,2024,7,36.0,21.0
2024-07-08,Garinger High School,Mecklenburg,35.2401000008895,-80.785683,2024,7,74.0,29.0
2024-07-08,Hattie Avenue,Forsyth,36.11094,-80.224501,2024,7,58.0,46.0
2024-07-08,Leggett,Edgecombe,35.988278,-77.5843,2024,7,39.0,
2024-07-08,Linville Falls,Avery,35.972347,-81.933072,2024,7,26.0,25.0
2024-07-08,Mendenhall School,Guilford,36.1090060008986,-79.802314,2024,7,47.0,43.0
2024-07-08,Millbrook School,Wake,35.856111,-78.574167,2024,7,44.0,44.5
2024-07-08,Pitt Agri. Center,Pitt,35.6412760008938,-77.360126,2024,7,33.0,32.0
2024-07-08,Rockwell,Rowan,35.551868,-80.395039,2024,7,39.0,28.0
2024-07-08,West Johnston Co.,Johnston,35.59095,-78.4622,2024,7,39.0,41.0
2024-07-09,Bryson City,Swain,35.434767,-83.442133,2024,7,25.0,27.0
2024-07-09,Castle Hayne,New Hanover,34.364167,-77.838611,2024,7,24.0,12.5
2024-07-09,Clemmons Middle,Forsyth,36.026612,-80.341962,2024,7,50.0,36.0
2024-07-09,Durham Armory,Durham,36.0329550008979,-78.904037,2024,7,,41.0
2024-07-09,Frying Pan Mountain,Haywood,35.379167,-82.7925,2024,7,26.0,
2024-07-09,Garinger High School,Mecklenburg,35.2401000008895,-80.785683,2024,7,45.0,38.0
2024-07-09,Hattie Avenue,Forsyth,36.11094,-80.224501,2024,7,64.0,43.0
2024-07-09,Leggett,Edgecombe,35.988278,-77.5843,2024,7,33.0,
2024-07-09,Linville Falls,Avery,35.972347,-81.933072,2024,7,31.0,
2024-07-09,Mendenhall School,Guilford,36.1090060008986,-79.802314,2024,7,43.0,53.0
2024-07-09,Millbrook School,Wake,35.856111,-78.574167,2024,7,42.0,42.0
2024-07-09,Old High School,Swain,35.498711,-83.310242,2024,7,25.0,
2024-07-09,Pitt Agri. Center,Pitt,35.6412760008938,-77.360126,2024,7,30.0,25.0
2024-07-09,Rockwell,Rowan,35.551868,-80.395039,2024,7,45.0,46.0
2024-07-09,West Johnston Co.,Johnston,35.59095,-78.4622,2024,7,39.0,44.0
2024-07-10,Bryson City,Swain,35.434767,-83.442133,2024,7,36.0,19.0
2024-07-10,Castle Hayne,New Hanover,34.364167,-77.838611,2024,7,29.0,12.5
2024-07-10,Clemmons Middle,Forsyth,36.026612,-80.341962,2024,7,46.0,30.0
2024-07-10,Durham Armory,Durham,36.0329550008979,-78.904037,2024,7,38.0,51.0
2024-07-10,Frying Pan Mountain,Haywood,35.379167,-82.7925,2024,7,50.0,
2024-07-10,Garinger High School,Mecklenburg,35.2401000008895,-80.785683,2024,7,41.0,28.0
2024-07-10,Hattie Avenue,Forsyth,36.11094,-80.224501,2024,7,48.0,35.0
2024-07-10,Leggett,Edgecombe,35.988278,-77.5843,2024,7,32.0,21.0
2024-07-10,Linville Falls,Avery,35.972347,-81.933072,2024,7,44.0,
2024-07-10,Mendenhall School,Guilford,36.1090060008986,-79.802314,2024,7,40.0,37.0
2024-07-10,Millbrook School,Wake,35.856111,-78.574167,2024,7,36.0,46.0
2024-07-10,Old High School,Swain,35.498711,-83.310242,2024,7,36.0,
2024-07-10,Pitt Agri. Center,Pitt,35.6412760008938,-77.360126,2024,7,27.0,19.0
2024-07-10,Rockwell,Rowan,35.551868,-80.395039,2024,7,44.0,33.0
2024-07-10,West Johnston Co.,Johnston,35.59095,-78.4622,2024,7,37.0,46.0
2024-07-11,Bryson City,Swain,35.434767,-83.442133,2024,7,41.0,26.0
2024-07-11,Castle Hayne,New Hanover,34.364167,-77.838611,2024,7,26.0,14.5
2024-07-11,Clemmons Middle,Forsyth,36.026612,-80.341962,2024,7,51.0,22.5
2024-07-11,Durham Armory,Durham,36.0329550008979,-78.904037,2024,7,45.0,37.0
2024-07-11,Frying Pan Mountain,Haywood,35.379167,-82.7925,2024,7,58.0,18.0
2024-07-11,Garinger High School,Mecklenburg,35.2401000008895,-80.785683,2024,7,74.0,24.5
2024-07-11,Hattie Avenue,Forsyth,36.11094,-80.224501,2024,7,61.0,26.5
2024-07-11,Leggett,Edgecombe,35.988278,-77.5843,2024,7,26.0,24.0
2024-07-11,Linville Falls,Avery,35.972347,-81.933072,2024,7,42.0,20.0
2024-07-11,Mendenhall School,Guilford,36.1090060008986,-79.802314,2024,7,49.0,22.0
2024-07-11,Millbrook School,Wake,35.856111,-78.574167,2024,7,44.0,32.0
2024-07-11,Old High School,Swain,35.498711,-83.310242,2024,7,44.0,
2024-07-11,Pitt Agri. Center,Pitt,35.6412760008938,-77.360126,2024,7,20.0,18.0
2024-07-11,Rockwell,Rowan,35.551868,-80.395039,2024,7,67.0,19.0
2024-07-11,West Johnston Co.,Johnston,35.59095,-78.4622,2024,7,42.0,39.0
2024-07-12,Bryson City,Swain,35.434767,-83.442133,2024,7,42.0,40.0
2024-07-12,Castle Hayne,New Hanover,34.364167,-77.838611,2024,7,29.0,32.5
2024-07-12,Clemmons Middle,Forsyth,36.026612,-80.341962,2024,7,30.0,28.0
2024-07-12,Durham Armory,Durham,36.0329550008979,-78.904037,2024,7,24.0,21.0
2024-07-12,Frying Pan Mountain,Haywood,35.379167,-82.7925,2024,7,45.0,
2024-07-12,Garinger High School,Mecklenburg,35.2401000008895,-80.785683,2024,7,32.0,37.0
2024-07-12,Hattie Avenue,Forsyth,36.11094,-80.224501,2024,7,32.0,30.0
2024-07-12,Leggett,Edgecombe,35.988278,-77.5843,2024,7,24.0,11.0
2024-07-12,Linville Falls,Avery,35.972347,-81.933072,2024,7,43.0,
2024-07-12,Mendenhall School,Guilford,36.1090060008986,-79.802314,2024,7,30.0,26.0
2024-07-12,Millbrook School,Wake,35.856111,-78.574167,2024,7,22.0,19.0
2024-07-12,Old High School,Swain,35.498711,-83.310242,2024,7,37.0,
2024-07-12,Pitt Agri. Center,Pitt,35.6412760008938,-77.360126,2024,7,22.0,27.0
2024-07-12,Rockwell,Rowan,35.551868,-80.395039,2024,7,29.0,39.0
2024-07-12,West Johnston Co.,Johnston,35.59095,-78.4622,2024,7,21.0,22.0
2024-07-13,Bryson City,Swain,35.434767,-83.442133,2024,7,44.0,52.0
2024-07-13,Castle Hayne,New Hanover,34.364167,-77.838611,2024,7,35.0,24.5
2024-07-13,Clemmons Middle,Forsyth,36.026612,-80.341962,2024,7,46.0,25.0
2024-07-13,Durham Armory,Durham,36.0329550008979,-78.904037,2024,7,32.0,24.0
2024-07-13,Frying Pan Mountain,Haywood,35.379167,-82.7925,2024,7,58.0,
2024-07-13,Garinger High School,Mecklenburg,35.2401000008895,-80.785683,2024,7,77.0,31.0
2024-07-13,Hattie Avenue,Forsyth,36.11094,-80.224501,2024,7,51.0,29.0
2024-07-13,Leggett,Edgecombe,35.988278,-77.5843,2024,7,28.0,29.0
2024-07-13,Linville Falls,Avery,35.972347,-81.933072,2024,7,40.0,
2024-07-13,Mendenhall School,Guilford,36.1090060008986,-79.802314,2024,7,44.0,27.0
2024-07-13,Millbrook School,Wake,35.856111,-78.574167,2024,7,36.0,31.0
2024-07-13,Old High School,Swain,35.498711,-83.310242,2024,7,39.0,
2024-07-13,Pitt Agri. Center,Pitt,35.6412760008938,-77.360126,2024,7,31.0,37.0
2024-07-13,Rockwell,Rowan,35.551868,-80.395039,2024,7,47.0,28.0
2024-07-13,West Johnston Co.,Johnston,35.59095,-78.4622,2024,7,31.0,35.0
2024-07-14,Bryson City,Swain,35.434767,-83.442133,2024,7,40.0,51.0
2024-07-14,Castle Hayne,New Hanover,34.364167,-77.838611,2024,7,44.0,47.5
2024-07-14,Clemmons Middle,Forsyth,36.026612,-80.341962,2024,7,44.0,53.0
2024-07-14,Durham Armory,Durham,36.0329550008979,-78.904037,2024,7,47.0,56.0
2024-07-14,Frying Pan Mountain,Haywood,35.379167,-82.7925,2024,7,61.0,43.0
2024-07-14,Garinger High School,Mecklenburg,35.2401000008895,-80.785683,2024,7,50.0,53.0
2024-07-14,Hattie Avenue,Forsyth,36.11094,-80.224501,2024,7,50.0,55.5
2024-07-14,Leggett,Edgecombe,35.988278,-77.5843,2024,7,41.0,53.0
2024-07-14,Linville Falls,Avery,35.972347,-81.933072,2024,7,47.0,40.0
2024-07-14,Mendenhall School,Guilford,36.1090060008986,-79.802314,2024,7,58.0,54.0
2024-07-14,Millbrook School,Wake,35.856111,-78.574167,2024,7,47.0,55.0
2024-07-14,Old High School,Swain,35.498711,-83.310242,2024,7,35.0,53.0
2024-07-14,Pitt Agri. Center,Pitt,35.6412760008938,-77.360126,2024,7,47.0,56.0
2024-07-14,Rockwell,Rowan,35.551868,-80.395039,2024,7,48.0,54.0
2024-07-14,West Johnston Co.,Johnston,35.59095,-78.4622,2024,7,46.0,55.0
2024-07-15,Bryson City,Swain,35.434767,-83.442133,2024,7,38.0,53.0
2024-07-15,Castle Hayne,New Hanover,34.364167,-77.838611,2024,7,41.0,56.0
2024-07-15,Clemmons Middle,Forsyth,36.026612,-80.341962,2024,7,50.0,55.0
2024-07-15,Durham Armory,Durham,36.0329550008979,-78.904037,2024,7,77.0,64.0
2024-07-15,Frying Pan Mountain,Haywood,35.379167,-82.7925,2024,7,42.0,
2024-07-15,Garinger High School,Mecklenburg,35.2401000008895,-80.785683,2024,7,80.0,57.0
2024-07-15,Hattie Avenue,Forsyth,36.11094,-80.224501,2024,7,64.0,58.0
2024-07-15,Leggett,Edgecombe,35.988278,-77.5843,2024,7,46.0,58.0
2024-07-15,Linville Falls,Avery,35.972347,-81.933072,2024,7,40.0,
2024-07-15,Mendenhall School,Guilford,36.1090060008986,-79.802314,2024,7,100.0,59.0
2024-07-15,Millbrook School,Wake,35.856111,-78.574167,2024,7,93.0,65.0
2024-07-15,Old High School,Swain,35.498711,-83.310242,2024,7,31.0,
2024-07-15,Pitt Agri. Center,Pitt,35.6412760008938,-77.360126,2024,7,49.0,62.0
2024-07-15,Rockwell,Rowan,35.551868,-80.395039,2024,7,61.0,55.0
2024-07-15,West Johnston Co.,Johnston,35.59095,-78.4622,2024,7,51.0,61.0
2024-07-16,Bryson City,Swain,35.434767,-83.442133,2024,7,29.0,45.0
2024-07-16,Castle Hayne,New Hanover,34.364167,-77.838611,2024,7,40.0,50.5
2024-07-16,Clemmons Middle,Forsyth,36.026612,-80.341962,2024,7,43.0,55.0
2024-07-16,Durham Armory,Durham,36.0329550008979,-78.904037,2024,7,45.0,63.0
2024-07-16,Garinger High School,Mecklenburg,35.2401000008895,-80.785683,2024,7,49.0,53.0
2024-07-16,Hattie Avenue,Forsyth,36.11094,-80.224501,2024,7,47.0,59.0
2024-07-16,Leggett,Edgecombe,35.988278,-77.5843,2024,7,50.0,60.0
2024-07-16,Linville Falls,Avery,35.972347,-81.933072,2024,7,28.0,
2024-07-16,Mendenhall School,Guilford,36.1090060008986,-79.802314,2024,7,64.0,58.0
2024-07-16,Millbrook School,Wake,35.856111,-78.574167,2024,7,58.0,67.0
2024-07-16,Old High School,Swain,35.498711,-83.310242,2024,7,25.0,
2024-07-16,Pitt Agri. Center,Pitt,35.6412760008938,-77.360126,2024,7,44.0,63.0
2024-07-16,Rockwell,Rowan,35.551868,-80.395039,2024,7,46.0,52.0
2024-07-16,West Johnston Co.,Johnston,35.59095,-78.4622,2024,7,67.0,62.0
2024-07-17,Bryson City,Swain,35.434767,-83.442133,2024,7,30.0,41.0
2024-07-17,Castle Hayne,New Hanover,34.364167,-77.838611,2024,7,33.0,31.0
2024-07-17,Clemmons Middle,Forsyth,36.026612,-80.341962,2024,7,44.0,44.0
2024-07-17,Durham Armory,Durham,36.0329550008979,-78.904037,2024,7,42.0,56.0
2024-07-17,Frying Pan Mountain,Haywood,35.379167,-82.7925,2024,7,43.0,39.0
2024-07-17,Garinger High School,Mecklenburg,35.2401000008895,-80.785683,2024,7,46.0,45.0
2024-07-17,Hattie Avenue,Forsyth,36.11094,-80.224501,2024,7,45.0,50.5
2024-07-17,Leggett,Edgecombe,35.988278,-77.5843,2024,7,40.0,55.0
2024-07-17,Linville Falls,Avery,35.972347,-81.933072,2024,7,28.0,39.0
2024-07-17,Mendenhall School,Guilford,36.1090060008986,-79.802314,2024,7,51.0,51.0
2024-07-17,Millbrook School,Wake,35.856111,-78.574167,2024,7,,59.0
2024-07-17,Old High School,Swain,35.498711,-83.310242,2024,7,30.0,44.0
2024-07-17,Pitt Agri. Center,Pitt,35.6412760008938,-77.360126,2024,7,35.0,53.0
2024-07-17,Rockwell,Rowan,35.551868,-80.395039,2024,7,50.0,48.0
2024-07-17,West Johnston Co.,Johnston,35.59095,-78.4622,2024,7,43.0,55.0
2024-07-18,Bryson City,Swain,35.434767,-83.442133,2024,7,40.0,29.0
2024-07-18,Castle Hayne,New Hanover,34.364167,-77.838611,2024,7,29.0,28.5
2024-07-18,Clemmons Middle,Forsyth,36.026612,-80.341962,2024,7,43.0,34.0
2024-07-18,Durham Armory,Durham,36.0329550008979,-78.904037,2024,7,38.0,49.0
2024-07-18,Frying Pan Mountain,Haywood,35.379167,-82.7925,2024,7,39.0,
2024-07-18,Garinger High School,Mecklenburg,35.2401000008895,-80.785683,2024,7,47.0,40.0
2024-07-18,Hattie Avenue,Forsyth,36.11094,-80.224501,2024,7,44.0,39.0
2024-07-18,Leggett,Edgecombe,35.988278,-77.5843,2024,7,36.0,40.0
2024-07-18,Linville Falls,Avery,35.972347,-81.933072,2024,7,33.0,
2024-07-18,Mendenhall School,Guilford,36.1090060008986,-79.802314,2024,7,46.0,46.0
2024-07-18,Millbrook School,Wake,35.856111,-78.574167,2024,7,,47.0
2024-07-18,Old High School,Swain,35.498711,-83.310242,2024,7,36.0,
2024-07-18,Pitt Agri. Center,Pitt,35.6412760008938,-77.360126,2024,7,34.0,41.0
2024-07-18,Rockwell,Rowan,35.551868,-80.395039,2024,7,46.0,34.0
2024-07-18,West Johnston Co.,Johnston,35.59095,-78.4622,2024,7,39.0,52.0
2024-07-19,Bryson City,Swain,35.434767,-83.442133,2024,7,27.0,26.0
2024-07-19,Castle Hayne,New Hanover,34.364167,-77.838611,2024,7,22.0,
2024-07-19,Clemmons Middle,Forsyth,36.026612,-80.341962,2024,7,46.0,41.0
2024-07-19,Durham Armory,Durham,36.0329550008979,-78.904037,2024,7,37.0,53.0
2024-07-19,Frying Pan Mountain,Haywood,35.379167,-82.7925,2024,7,41.0,
2024-07-19,Garinger High School,Mecklenburg,35.2401000008895,-80.785683,2024,7,32.0,31.0
2024-07-19,Hattie Avenue,Forsyth,36.11094,-80.224501,2024,7,46.0,46.0
2024-07-19,Leggett,Edgecombe,35.988278,-77.5843,2024,7,33.0,36.0
2024-07-19,Linville Falls,Avery,35.972347,-81.933072,2024,7,37.0,
2024-07-19,Mendenhall School,Guilford,36.1090060008986,-79.802314,2024,7,42.0,45.0
2024-07-19,Millbrook School,Wake,35.856111,-78.574167,2024,7,35.0,48.0
2024-07-19,Old High School,Swain,35.498711,-83.310242,2024,7,29.0,
2024-07-19,Pitt Agri. Center,Pitt,35.6412760008938,-77.360126,2024,7,33.0,33.0
2024-07-19,Rockwell,Rowan,35.551868,-80.395039,2024,7,36.0,32.0
2024-07-19,West Johnston Co.,Johnston,35.59095,-78.4622,2024,7,36.0,37.0
2024-07-20,Bryson City,Swain,35.434767,-83.442133,2024,7,28.0,17.0
2024-07-20,Castle Hayne,New Hanover,34.364167,-77.838611,2024,7,20.0,
2024-07-20,Clemmons Middle,Forsyth,36.026612,-80.341962,2024,7,32.0,24.0
2024-07-20,Durham Armory,Durham,36.0329550008979,-78.904037,2024,7,32.0,33.0
2024-07-20,Frying Pan Mountain,Haywood,35.379167,-82.7925,2024,7,31.0,11.0
2024-07-20,Garinger High School,Mecklenburg,35.2401000008895,-80.785683,2024,7,33.0,36.5
2024-07-20,Hattie Avenue,Forsyth,36.11094,-80.224501,2024,7,32.0,26.0
2024-07-20,Leggett,Edgecombe,35.988278,-77.5843,2024,7,32.0,31.0
2024-07-20,Linville Falls,Avery,35.972347,-81.933072,2024,7,31.0,21.0
2024-07-20,Mendenhall School,Guilford,36.1090060008986,-79.802314,2024,7,33.0,28.0
2024-07-20,Millbrook School,Wake,35.856111,-78.574167,2024,7,34.0,32.5
2024-07-20,Old High School,Swain,35.498711,-83.310242,2024,7,31.0,26.0
2024-07-20,Pitt Agri. Center,Pitt,35.6412760008938,-77.360126,2024,7,32.0,24.0
2024-07-20,Rockwell,Rowan,35.551868,-80.395039,2024,7,38.0,17.0
2024-07-20,West Johnston Co.,Johnston,35.59095,-78.4622,2024,7,32.0,34.0
2024-07-21,Bryson City,Swain,35.434767,-83.442133,2024,7,27.0,14.0
2024-07-21,Castle Hayne,New Hanover,34.364167,-77.838611,2024,7,26.0,
2024-07-21,Clemmons Middle,Forsyth,36.026612,-80.341962,2024,7,31.0,19.0
2024-07-21,Durham Armory,Durham,36.0329550008979,-78.904037,2024,7,42.0,34.0
2024-07-21,Frying Pan Mountain,Haywood,35.379167,-82.7925,2024,7,35.0,
2024-07-21,Garinger High School,Mecklenburg,35.2401000008895,-80.785683,2024,7,24.0,13.0
2024-07-21,Hattie Avenue,Forsyth,36.11094,-80.224501,2024,7,37.0,27.0
2024-07-21,Leggett,Edgecombe,35.988278,-77.5843,2024,7,32.0,31.0
2024-07-21,Linville Falls,Avery,35.972347,-81.933072,2024,7,25.0,
2024-07-21,Mendenhall School,Guilford,36.1090060008986,-79.802314,2024,7,44.0,31.0
2024-07-21,Millbrook School,Wake,35.856111,-78.574167,2024,7,40.0,33.0
2024-07-21,Old High School,Swain,35.498711,-83.310242,2024,7,26.0,
2024-07-21,Pitt Agri. Center,Pitt,35.6412760008938,-77.360126,2024,7,32.0,24.0
2024-07-21,Rockwell,Rowan,35.551868,-80.395039,2024,7,29.0,22.0
2024-07-21,West Johnston Co.,Johnston,35.59095,-78.4622,2024,7,31.0,29.0
2024-07-22,Bryson City,Swain,35.434767,-83.442133,2024,7,30.0,25.0
2024-07-22,Castle Hayne,New Hanover,34.364167,-77.838611,2024,7,18.0,
2024-07-22,Clemmons Middle,Forsyth,36.026612,-80.341962,2024,7,36.0,22.0
2024-07-22,Durham Armory,Durham,36.0329550008979,-78.904037,2024,7,29.0,22.0
2024-07-22,Frying Pan Mountain,Haywood,35.379167,-82.7925,2024,7,36.0,
2024-07-22,Garinger High School,Mecklenburg,35.2401000008895,-80.785683,2024,7,33.0,18.0
2024-07-22,Hattie Avenue,Forsyth,36.11094,-80.224501,2024,7,38.0,27.0
2024-07-22,Leggett,Edgecombe,35.988278,-77.5843,2024,7,28.0,18.0
2024-07-22,Linville Falls,Avery,35.972347,-81.933072,2024,7,30.0,
2024-07-22,Mendenhall School,Guilford,36.1090060008986,-79.802314,2024,7,39.0,26.0
2024-07-22,Millbrook School,Wake,35.856111,-78.574167,2024,7,31.0,20.0
2024-07-22,Old High School,Swain,35.498711,-83.310242,2024,7,31.0,
2024-07-22,Pitt Agri. Center,Pitt,35.6412760008938,-77.360126,2024,7,25.0,18.0
2024-07-22,Rockwell,Rowan,35.551868,-80.395039,2024,7,32.0,17.0
2024-07-22,West Johnston Co.,Johnston,35.59095,-78.4622,2024,7,27.0,13.0
2024-07-23,Bryson City,Swain,35.434767,-83.442133,2024,7,27.0,28.0
2024-07-23,Castle Hayne,New Hanover,34.364167,-77.838611,2024,7,23.0,
2024-07-23,Clemmons Middle,Forsyth,36.026612,-80.341962,2024,7,38.0,30.5
2024-07-23,Durham Armory,Durham,36.0329550008979,-78.904037,2024,7,31.0,34.0
2024-07-23,Frying Pan Mountain,Haywood,35.379167,-82.7925,2024,7,36.0,18.0
2024-07-23,Garinger High School,Mecklenburg,35.2401000008895,-80.785683,2024,7,31.0,24.0
2024-07-23,Hattie Avenue,Forsyth,36.11094,-80.224501,2024,7,41.0,30.0
2024-07-23,Leggett,Edgecombe,35.988278,-77.5843,2024,7,27.0,
2024-07-23,Linville Falls,Avery,35.972347,-81.933072,2024,7,30.0,24.0
2024-07-23,Mendenhall School,Guilford,36.1090060008986,-79.802314,2024,7,39.0,31.0
2024-07-23,Millbrook School,Wake,35.856111,-78.574167,2024,7,32.0,30.0
2024-07-23,Old High School,Swain,35.498711,-83.310242,2024,7,28.0,31.0
2024-07-23,Pitt Agri. Center,Pitt,35.6412760008938,-77.360126,2024,7,26.0,52.0
2024-07-23,Rockwell,Rowan,35.551868,-80.395039,2024,7,35.0,29.0
2024-07-23,West Johnston Co.,Johnston,35.59095,-78.4622,2024,7,28.0,43.0
2024-07-24,Bryson City,Swain,35.434767,-83.442133,2024,7,26.0,28.0
2024-07-24,Castle Hayne,New Hanover,34.364167,-77.838611,2024,7,26.0,
2024-07-24,Clemmons Middle,Forsyth,36.026612,-80.341962,2024,7,34.0,32.0
2024-07-24,Durham Armory,Durham,36.0329550008979,-78.904037,2024,7,29.0,23.0
2024-07-24,Frying Pan Mountain,Haywood,35.379167,-82.7925,2024,7,30.0,
2024-07-24,Garinger High School,Mecklenburg,35.2401000008895,-80.785683,2024,7,37.0,18.0
2024-07-24,Hattie Avenue,Forsyth,36.11094,-80.224501,2024,7,38.0,40.0
2024-07-24,Leggett,Edgecombe,35.988278,-77.5843,2024,7,31.0,
2024-07-24,Linville Falls,Avery,35.972347,-81.933072,2024,7,30.0,
2024-07-24,Mendenhall School,Guilford,36.1090060008986,-79.802314,2024,7,40.0,31.0
2024-07-24,Millbrook School,Wake,35.856111,-78.574167,2024,7,31.0,28.0
2024-07-24,Old High School,Swain,35.498711,-83.310242,2024,7,29.0,
2024-07-24,Pitt Agri. Center,Pitt,35.6412760008938,-77.360126,2024,7,25.0,28.0
2024-07-24,Rockwell,Rowan,35.551868,-80.395039,2024,7,40.0,25.0
2024-07-24,West Johnston Co.,Johnston,35.59095,-78.4622,2024,7,30.0,27.0
2024-07-25,Bryson City,Swain,35.434767,-83.442133,2024,7,19.0,6.0
2024-07-25,Castle Hayne,New Hanover,34.364167,-77.838611,2024,7,18.0,22.0
2024-07-25,Clemmons Middle,Forsyth,36.026612,-80.341962,2024,7,23.0,22.0
2024-07-25,Durham Armory,Durham,36.0329550008979,-78.904037,2024,7,24.0,21.0
2024-07-25,Frying Pan Mountain,Haywood,35.379167,-82.7925,2024,7,31.0,
2024-07-25,Garinger High School,Mecklenburg,35.2401000008895,-80.785683,2024,7,29.0,21.0
2024-07-25,Hattie Avenue,Forsyth,36.11094,-80.224501,2024,7,27.0,26.0
2024-07-25,Leggett,Edgecombe,35.988278,-77.5843,2024,7,23.0,
2024-07-25,Linville Falls,Avery,35.972347,-81.933072,2024,7,23.0,
2024-07-25,Mendenhall School,Guilford,36.1090060008986,-79.802314,2024,7,27.0,22.0
2024-07-25,Millbrook School,Wake,35.856111,-78.574167,2024,7,24.0,23.0
2024-07-25,Old High School,Swain,35.498711,-83.310242,2024,7,17.0,
2024-07-25,Pitt Agri. Center,Pitt,35.6412760008938,-77.360126,2024,7,24.0,27.0
2024-07-25,Rockwell,Rowan,35.551868,-80.395039,2024,7,31.0,22.0
2024-07-25,West Johnston Co.,Johnston,35.59095,-78.4622,2024,7,27.0,24.0
2024-07-26,Bryson City,Swain,35.434767,-83.442133,2024,7,24.0,42.0
2024-07-26,Castle Hayne,New Hanover,34.364167,-77.838611,2024,7,23.0,14.0
2024-07-26,Clemmons Middle,Forsyth,36.026612,-80.341962,2024,7,36.0,50.0
2024-07-26,Durham Armory,Durham,36.0329550008979,-78.904037,2024,7,30.0,47.0
2024-07-26,Frying Pan Mountain,Haywood,35.379167,-82.7925,2024,7,42.0,46.0
2024-07-26,Garinger High School,Mecklenburg,35.2401000008895,-80.785683,2024,7,36.0,39.5
2024-07-26,Hattie Avenue,Forsyth,36.11094,-80.224501,2024,7,38.0,50.5
2024-07-26,Leggett,Edgecombe,35.988278,-77.5843,2024,7,30.0,
2024-07-26,Linville Falls,Avery,35.972347,-81.933072,2024,7,31.0,56.0
2024-07-26,Mendenhall School,Guilford,36.1090060008986,-79.802314,2024,7,33.0,51.0
2024-07-26,Millbrook School,Wake,35.856111,-78.574167,2024,7,30.0,40.5
2024-07-26,Old High School,Swain,35.498711,-83.310242,2024,7,23.0,43.0
2024-07-26,Pitt Agri. Center,Pitt,35.6412760008938,-77.360126,2024,7,24.0,20.0
2024-07-26,Rockwell,Rowan,35.551868,-80.395039,2024,7,31.0,44.0
2024-07-26,West Johnston Co.,Johnston,35.59095,-78.4622,2024,7,26.0,32.0
2024-07-27,Bryson City,Swain,35.434767,-83.442133,2024,7,31.0,55.0
2024-07-27,Castle Hayne,New Hanover,34.364167,-77.838611,2024,7,41.0,32.0
2024-07-27,Clemmons Middle,Forsyth,36.026612,-80.341962,2024,7,49.0,59.0
2024-07-27,Durham Armory,Durham,36.0329550008979,-78.904037,2024,7,42.0,59.0
2024-07-27,Frying Pan Mountain,Haywood,35.379167,-82.7925,2024,7,32.0,
2024-07-27,Garinger High School,Mecklenburg,35.2401000008895,-80.785683,2024,7,42.0,56.0
2024-07-27,Hattie Avenue,Forsyth,36.11094,-80.224501,2024,7,49.0,63.0
2024-07-27,Leggett,Edgecombe,35.988278,-77.5843,2024,7,38.0,
2024-07-27,Linville Falls,Avery,35.972347,-81.933072,2024,7,35.0,
2024-07-27,Mendenhall School,Guilford,36.1090060008986,-79.802314,2024,7,47.0,60.0
2024-07-27,Millbrook School,Wake,35.856111,-78.574167,2024,7,40.0,53.0
2024-07-27,Old High School,Swain,35.498711,-83.310242,2024,7,33.0,
2024-07-27,Pitt Agri. Center,Pitt,35.6412760008938,-77.360126,2024,7,43.0,25.0
2024-07-27,Rockwell,Rowan,35.551868,-80.395039,2024,7,42.0,56.0
2024-07-27,West Johnston Co.,Johnston,35.59095,-78.4622,2024,7,42.0,49.0
2024-07-28,Bryson City,Swain,35.434767,-83.442133,2024,7,25.0,52.0
2024-07-28,Castle Hayne,New Hanover,34.364167,-77.838611,2024,7,45.0,42.5
2024-07-28,Clemmons Middle,Forsyth,36.026612,-80.341962,2024,7,43.0,59.0
2024-07-28,Durham Armory,Durham,36.0329550008979,-78.904037,2024,7,47.0,56.0
2024-07-28,Frying Pan Mountain,Haywood,35.379167,-82.7925,2024,7,28.0,
2024-07-28,Garinger High School,Mecklenburg,35.2401000008895,-80.785683,2024,7,44.0,57.0
2024-07-28,Hattie Avenue,Forsyth,36.11094,-80.224501,2024,7,47.0,62.0
2024-07-28,Leggett,Edgecombe,35.988278,-77.5843,2024,7,44.0,
2024-07-28,Linville Falls,Avery,35.972347,-81.933072,2024,7,31.0,
2024-07-28,Mendenhall School,Guilford,36.1090060008986,-79.802314,2024,7,46.0,61.0
2024-07-28,Millbrook School,Wake,35.856111,-78.574167,2024,7,49.0,50.0
2024-07-28,Old High School,Swain,35.498711,-83.310242,2024,7,29.0,
2024-07-28,Pitt Agri. Center,Pitt,35.6412760008938,-77.360126,2024,7,46.0,42.0
2024-07-28,Rockwell,Rowan,35.551868,-80.395039,2024,7,40.0,58.0
2024-07-28,West Johnston Co.,Johnston,35.59095,-78.4622,2024,7,50.0,52.0
2024-07-29,Bryson City,Swain,35.434767,-83.442133,2024,7,26.0,29.0
2024-07-29,Castle Hayne,New Hanover,34.364167,-77.838611,2024,7,38.0,53.0
2024-07-29,Clemmons Middle,Forsyth,36.026612,-80.341962,2024,7,31.0,48.5
2024-07-29,Durham Armory,Durham,36.0329550008979,-78.904037,2024,7,32.0,57.0
2024-07-29,Frying Pan Mountain,Haywood,35.379167,-82.7925,2024,7,35.0,18.0
2024-07-29,Garinger High School,Mecklenburg,35.2401000008895,-80.785683,2024,7,,48.0
2024-07-29,Hattie Avenue,Forsyth,36.11094,-80.224501,2024,7,33.0,54.0
2024-07-29,Leggett,Edgecombe,35.988278,-77.5843,2024,7,38.0,
2024-07-29,Linville Falls,Avery,35.972347,-81.933072,2024,7,26.0,24.0
2024-07-29,Mendenhall School,Guilford,36.1090060008986,-79.802314,2024,7,33.0,53.0
2024-07-29,Millbrook School,Wake,35.856111,-78.574167,2024,7,29.0,54.5
2024-07-29,Old High School,Swain,35.498711,-83.310242,2024,7,23.0,31.0
2024-07-29,Pitt Agri. Center,Pitt,35.6412760008938,-77.360126,2024,7,40.0,55.0
2024-07-29,Rockwell,Rowan,35.551868,-80.395039,2024,7,23.0,49.0
2024-07-29,West Johnston Co.,Johnston,35.59095,-78.4622,2024,7,29.0,53.0
2024-07-30,Bryson City,Swain,35.434767,-83.442133,2024,7,24.0,28.0
2024-07-30,Castle Hayne,New Hanover,34.364167,-77.838611,2024,7,40.0,36.5
2024-07-30,Clemmons Middle,Forsyth,36.026612,-80.341962,2024,7,44.0,34.0
2024-07-30,Durham Armory,Durham,36.0329550008979,-78.904037,2024,7,30.0,55.0
2024-07-30,Frying Pan Mountain,Haywood,35.379167,-82.7925,2024,7,51.0,
2024-07-30,Garinger High School,Mecklenburg,35.2401000008895,-80.785683,2024,7,34.0,21.0
2024-07-30,Hattie Avenue,Forsyth,36.11094,-80.224501,2024,7,47.0,43.0
2024-07-30,Leggett,Edgecombe,35.988278,-77.5843,2024,7,35.0,52.0
2024-07-30,Linville Falls,Avery,35.972347,-81.933072,2024,7,35.0,
2024-07-30,Mendenhall School,Guilford,36.1090060008986,-79.802314,2024,7,48.0,39.0
2024-07-30,Millbrook School,Wake,35.856111,-78.574167,2024,7,37.0,55.0
2024-07-30,Old High School,Swain,35.498711,-83.310242,2024,7,25.0,
2024-07-30,Pitt Agri. Center,Pitt,35.6412760008938,-77.360126,2024,7,38.0,52.0
2024-07-30,Rockwell,Rowan,35.551868,-80.395039,2024,7,43.0,26.0
2024-07-30,West Johnston Co.,Johnston,35.59095,-78.4622,2024,7,38.0,49.0
2024-07-31,Bryson City,Swain,35.434767,-83.442133,2024,7,28.0,26.0
2024-07-31,Castle Hayne,New Hanover,34.364167,-77.838611,2024,7,44.0,29.0
2024-07-31,Clemmons Middle,Forsyth,36.026612,-80.341962,2024,7,43.0,37.0
2024-07-31,Durham Armory,Durham,36.0329550008979,-78.904037,2024,7,47.0,46.0
2024-07-31,Frying Pan Mountain,Haywood,35.379167,-82.7925,2024,7,44.0,
2024-07-31,Garinger High School,Mecklenburg,35.2401000008895,-80.785683,2024,7,54.0,22.0
2024-07-31,Hattie Avenue,Forsyth,36.11094,-80.224501,2024,7,47.0,44.0
2024-07-31,Leggett,Edgecombe,35.988278,-77.5843,2024,7,41.0,46.0
2024-07-31,Linville Falls,Avery,35.972347,-81.933072,2024,7,39.0,
2024-07-31,Mendenhall School,Guilford,36.1090060008986,-79.802314,2024,7,51.0,37.0
2024-07-31,Millbrook School,Wake,35.856111,-78.574167,2024,7,50.0,50.0
2024-07-31,Old High School,Swain,35.498711,-83.310242,2024,7,27.0,
2024-07-31,Pitt Agri. Center,Pitt,35.6412760008938,-77.360126,2024,7,42.0,41.0
2024-07-31,Rockwell,Rowan,35.551868,-80.395039,2024,7,48.0,26.0
2024-07-31,West Johnston Co.,Johnston,35.59095,-78.4622,2024,7,43.0,52.0
2024-08-01,Bryson City,Swain,35.434767,-83.442133,2024,8,21.0,37.0
2024-08-01,Castle Hayne,New Hanover,34.364167,-77.838611,2024,8,41.0,46.5
2024-08-01,Clemmons Middle,Forsyth,36.026612,-80.341962,2024,8,43.0,38.0
2024-08-01,Durham Armory,Durham,36.0329550008979,-78.904037,2024,8,42.0,52.0
2024-08-01,Frying Pan Mountain,Haywood,35.379167,-82.7925,2024,8,27.0,31.0
2024-08-01,Garinger High School,Mecklenburg,35.2401000008895,-80.785683,2024,8,77.0,40.0
2024-08-01,Hattie Avenue,Forsyth,36.11094,-80.224501,2024,8,46.0,42.0
2024-08-01,Leggett,Edgecombe,35.988278,-77.5843,2024,8,44.0,53.0
2024-08-01,Linville Falls,Avery,35.972347,-81.933072,2024,8,26.0,31.0
2024-08-01,Mendenhall School,Guilford,36.1090060008986,-79.802314,2024,8,45.0,47.0
2024-08-01,Millbrook School,Wake,35.856111,-78.574167,2024,8,54.0,52.5
2024-08-01,Old High School,Swain,35.498711,-83.310242,2024,8,20.0,42.0
2024-08-01,Pitt Agri. Center,Pitt,35.6412760008938,-77.360126,2024,8,44.0,55.0
2024-08-01,Rockwell,Rowan,35.551868,-80.395039,2024,8,46.0,45.0
2024-08-01,West Johnston Co.,Johnston,35.59095,-78.4622,2024,8,47.0,56.0
2024-08-02,Bryson City,Swain,35.434767,-83.442133,2024,8,27.0,70.0
2024-08-02,Castle Hayne,New Hanover,34.364167,-77.838611,2024,8,33.0,41.0
2024-08-02,Clemmons Middle,Forsyth,36.026612,-80.341962,2024,8,35.0,50.0
2024-08-02,Durham Armory,Durham,36.0329550008979,-78.904037,2024,8,36.0,55.0
2024-08-02,Frying Pan Mountain,Haywood,35.379167,-82.7925,2024,8,43.0,
2024-08-02,Garinger High School,Mecklenburg,35.2401000008895,-80.785683,2024,8,31.0,60.0
2024-08-02,Hattie Avenue,Forsyth,36.11094,-80.224501,2024,8,37.0,54.0
2024-08-02,Leggett,Edgecombe,35.988278,-77.5843,2024,8,35.0,57.0
2024-08-02,Linville Falls,Avery,35.972347,-81.933072,2024,8,27.0,
2024-08-02,Mendenhall School,Guilford,36.1090060008986,-79.802314,2024,8,38.0,56.0
2024-08-02,Millbrook School,Wake,35.856111,-78.574167,2024,8,39.0,54.0
2024-08-02,Old High School,Swain,35.498711,-83.310242,2024,8,28.0,
2024-08-02,Pitt Agri. Center,Pitt,35.6412760008938,-77.360126,2024,8,33.0,53.0
2024-08-02,Rockwell,Rowan,35.551868,-80.395039,2024,8,35.0,55.0
2024-08-02,West Johnston Co.,Johnston,35.59095,-78.4622,2024,8,33.0,54.0
2024-08-03,Bryson City,Swain,35.434767,-83.442133,2024,8,42.0,54.0
2024-08-03,Castle Hayne,New Hanover,34.364167,-77.838611,2024,8,19.0,42.0
2024-08-03,Clemmons Middle,Forsyth,36.026612,-80.341962,2024,8,36.0,56.0
2024-08-03,Durham Armory,Durham,36.0329550008979,-78.904037,2024,8,34.0,57.0
2024-08-03,Frying Pan Mountain,Haywood,35.379167,-82.7925,2024,8,42.0,
2024-08-03,Garinger High School,Mecklenburg,35.2401000008895,-80.785683,2024,8,32.0,58.0
2024-08-03,Hattie Avenue,Forsyth,36.11094,-80.224501,2024,8,38.0,62.0
2024-08-03,Leggett,Edgecombe,35.988278,-77.5843,2024,8,29.0,54.0
2024-08-03,Linville Falls,Avery,35.972347,-81.933072,2024,8,34.0,
2024-08-03,Mendenhall School,Guilford,36.1090060008986,-79.802314,2024,8,34.0,59.0
2024-08-03,Millbrook School,Wake,35.856111,-78.574167,2024,8,31.0,55.0
2024-08-03,Old High School,Swain,35.498711,-83.310242,2024,8,39.0,
2024-08-03,Pitt Agri. Center,Pitt,35.6412760008938,-77.360126,2024,8,27.0,48.0
2024-08-03,Rockwell,Rowan,35.551868,-80.395039,2024,8,31.0,58.0
2024-08-04,Bryson City,Swain,35.434767,-83.442133,2024,8,37.0,31.0
2024-08-04,Castle Hayne,New Hanover,34.364167,-77.838611,2024,8,23.0,21.5
2024-08-04,Clemmons Middle,Forsyth,36.026612,-80.341962,2024,8,42.0,38.5
2024-08-04,Durham Armory,Durham,36.0329550008979,-78.904037,2024,8,35.0,43.0
2024-08-04,Frying Pan Mountain,Haywood,35.379167,-82.7925,2024,8,41.0,22.0
2024-08-04,Garinger High School,Mecklenburg,35.2401000008895,-80.785683,2024,8,44.0,44.0
2024-08-04,Hattie Avenue,Forsyth,36.11094,-80.224501,2024,8,41.0,41.0
2024-08-04,Leggett,Edgecombe,35.988278,-77.5843,2024,8,31.0,31.0
2024-08-04,Linville Falls,Avery,35.972347,-81.933072,2024,8,38.0,29.0
2024-08-04,Mendenhall School,Guilford,36.1090060008986,-79.802314,2024,8,44.0,43.0
2024-08-04,Millbrook School,Wake,35.856111,-78.574167,2024,8,31.0,37.5
2024-08-04,Old High School,Swain,35.498711,-83.310242,2024,8,40.0,49.0
2024-08-04,Pitt Agri. Center,Pitt,35.6412760008938,-77.360126,2024,8,30.0,18.0
2024-08-04,Rockwell,Rowan,35.551868,-80.395039,2024,8,41.0,36.0
2024-08-04,West Johnston Co.,Johnston,35.59095,-78.4622,2024,8,32.0,26.0
2024-08-05,Bryson City,Swain,35.434767,-83.442133,2024,8,42.0,44.0
2024-08-05,Clemmons Middle,Forsyth,36.026612,-80.341962,2024,8,44.0,34.0
2024-08-05,Durham Armory,Durham,36.0329550008979,-78.904037,2024,8,40.0,36.0
2024-08-05,Frying Pan Mountain,Haywood,35.379167,-82.7925,2024,8,37.0,
2024-08-05,Garinger High School,Mecklenburg,35.2401000008895,-80.785683,2024,8,24.0,17.0
2024-08-05,Hattie Avenue,Forsyth,36.11094,-80.224501,2024,8,47.0,46.0
2024-08-05,Leggett,Edgecombe,35.988278,-77.5843,2024,8,22.0,14.0
2024-08-05,Linville Falls,Avery,35.972347,-81.933072,2024,8,40.0,
2024-08-05,Mendenhall School,Guilford,36.1090060008986,-79.802314,2024,8,42.0,41.0
2024-08-05,Millbrook School,Wake,35.856111,-78.574167,2024,8,30.0,32.0
2024-08-05,Old High School,Swain,35.498711,-83.310242,2024,8,37.0,
2024-08-05,Pitt Agri. Center,Pitt,35.6412760008938,-77.360126,2024,8,19.0,17.0
2024-08-05,Rockwell,Rowan,35.551868,-80.395039,2024,8,31.0,29.0
2024-08-05,West Johnston Co.,Johnston,35.59095,-78.4622,2024,8,24.0,24.0
2024-08-06,Bryson City,Swain,35.434767,-83.442133,2024,8,31.0,39.0
2024-08-06,Castle Hayne,New Hanover,34.364167,-77.838611,2024,8,24.0,25.0
2024-08-06,Clemmons Middle,Forsyth,36.026612,-80.341962,2024,8,24.0,19.0
2024-08-06,Durham Armory,Durham,36.0329550008979,-78.904037,2024,8,17.0,18.0
2024-08-06,Frying Pan Mountain,Haywood,35.379167,-82.7925,2024,8,27.0,
2024-08-06,Garinger High School,Mecklenburg,35.2401000008895,-80.785683,2024,8,17.0,14.0
2024-08-06,Hattie Avenue,Forsyth,36.11094,-80.224501,2024,8,26.0,22.0
2024-08-06,Leggett,Edgecombe,35.988278,-77.5843,2024,8,15.0,12.0
2024-08-06,Linville Falls,Avery,35.972347,-81.933072,2024,8,25.0,
2024-08-06,Mendenhall School,Guilford,36.1090060008986,-79.802314,2024,8,20.0,18.0
2024-08-06,Millbrook School,Wake,35.856111,-78.574167,2024,8,15.0,23.0
2024-08-06,Old High School,Swain,35.498711,-83.310242,2024,8,28.0,
2024-08-06,Pitt Agri. Center,Pitt,35.6412760008938,-77.360126,2024,8,14.0,12.0
2024-08-06,Rockwell,Rowan,35.551868,-80.395039,2024,8,17.0,11.0
2024-08-06,West Johnston Co.,Johnston,35.59095,-78.4622,2024,8,17.0,17.0
2024-08-07,Bryson City,Swain,35.434767,-83.442133,2024,8,35.0,38.0
2024-08-07,Castle Hayne,New Hanover,34.364167,-77.838611,2024,8,37.0,33.0
2024-08-07,Clemmons Middle,Forsyth,36.026612,-80.341962,2024,8,24.0,21.0
2024-08-07,Durham Armory,Durham,36.0329550008979,-78.904037,2024,8,24.0,18.0
2024-08-07,Frying Pan Mountain,Haywood,35.379167,-82.7925,2024,8,31.0,19.0
2024-08-07,Garinger High School,Mecklenburg,35.2401000008895,-80.785683,2024,8,28.0,12.5
2024-08-07,Hattie Avenue,Forsyth,36.11094,-80.224501,2024,8,26.0,31.5
2024-08-07,Leggett,Edgecombe,35.988278,-77.5843,2024,8,19.0,17.0
2024-08-07,Linville Falls,Avery,35.972347,-81.933072,2024,8,28.0,12.0
2024-08-07,Mendenhall School,Guilford,36.1090060008986,-79.802314,2024,8,22.0,26.0
2024-08-07,Millbrook School,Wake,35.856111,-78.574167,2024,8,25.0,25.5
2024-08-07,Old High School,Swain,35.498711,-83.310242,2024,8,35.0,49.0
2024-08-07,Pitt Agri. Center,Pitt,35.6412760008938,-77.360126,2024,8,19.0,11.0
2024-08-07,Rockwell,Rowan,35.551868,-80.395039,2024,8,29.0,8.0
2024-08-07,West Johnston Co.,Johnston,35.59095,-78.4622,2024,8,28.0,14.0
2024-08-08,Bryson City,Swain,35.434767,-83.442133,2024,8,22.0,24.0
2024-08-08,Castle Hayne,New Hanover,34.364167,-77.838611,2024,8,39.0,44.0
2024-08-08,Clemmons Middle,Forsyth,36.026612,-80.341962,2024,8,28.0,13.0
2024-08-08,Durham Armory,Durham,36.0329550008979,-78.904037,2024,8,27.0,16.0
2024-08-08,Frying Pan Mountain,Haywood,35.379167,-82.7925,2024,8,31.0,
2024-08-08,Garinger High School,Mecklenburg,35.2401000008895,-80.785683,2024,8,27.0,0.0
2024-08-08,Hattie Avenue,Forsyth,36.11094,-80.224501,2024,8,30.0,15.0
2024-08-08,Leggett,Edgecombe,35.988278,-77.5843,2024,8,33.0,27.0
2024-08-08,Linville Falls,Avery,35.972347,-81.933072,2024,8,26.0,
2024-08-08,Mendenhall School,Guilford,36.1090060008986,-79.802314,2024,8,27.0,14.0
2024-08-08,Millbrook School,Wake,35.856111,-78.574167,2024,8,27.0,20.0
2024-08-08,Old High School,Swain,35.498711,-83.310242,2024,8,19.0,
2024-08-08,Pitt Agri. Center,Pitt,35.6412760008938,-77.360126,2024,8,33.0,32.0
2024-08-08,Rockwell,Rowan,35.551868,-80.395039,2024,8,27.0,6.0
2024-08-08,West Johnston Co.,Johnston,35.59095,-78.4622,2024,8,30.0,14.0
2024-08-09,Bryson City,Swain,35.434767,-83.442133,2024,8,42.0,41.0
2024-08-09,Castle Hayne,New Hanover,34.364167,-77.838611,2024,8,36.0,23.0
2024-08-09,Clemmons Middle,Forsyth,36.026612,-80.341962,2024,8,31.0,22.0
2024-08-09,Durham Armory,Durham,36.0329550008979,-78.904037,2024,8,28.0,21.0
2024-08-09,Frying Pan Mountain,Haywood,35.379167,-82.7925,2024,8,37.0,
2024-08-09,Garinger High School,Mecklenburg,35.2401000008895,-80.785683,2024,8,47.0,22.0
2024-08-09,Hattie Avenue,Forsyth,36.11094,-80.224501,2024,8,32.0,28.0
2024-08-09,Leggett,Edgecombe,35.988278,-77.5843,2024,8,30.0,27.0
2024-08-09,Linville Falls,Avery,35.972347,-81.933072,2024,8,35.0,
2024-08-09,Mendenhall School,Guilford,36.1090060008986,-79.802314,2024,8,34.0,25.0
2024-08-09,Millbrook School,Wake,35.856111,-78.574167,2024,8,27.0,23.0
2024-08-09,Old High School,Swain,35.498711,-83.310242,2024,8,27.0,
2024-08-09,Pitt Agri. Center,Pitt,35.6412760008938,-77.360126,2024,8,31.0,28.0
2024-08-09,Rockwell,Rowan,35.551868,-80.395039,2024,8,39.0,22.0
2024-08-09,West Johnston Co.,Johnston,35.59095,-78.4622,2024,8,31.0,22.0
2024-08-10,Bryson City,Swain,35.434767,-83.442133,2024,8,38.0,48.0
2024-08-10,Castle Hayne,New Hanover,34.364167,-77.838611,2024,8,37.0,56.5
2024-08-10,Clemmons Middle,Forsyth,36.026612,-80.341962,2024,8,39.0,43.0
2024-08-10,Durham Armory,Durham,36.0329550008979,-78.904037,2024,8,42.0,52.0
2024-08-10,Frying Pan Mountain,Haywood,35.379167,-82.7925,2024,8,41.0,37.0
2024-08-10,Garinger High School,Mecklenburg,35.2401000008895,-80.785683,2024,8,47.0,46.5
2024-08-10,Hattie Avenue,Forsyth,36.11094,-80.224501,2024,8,44.0,53.5
2024-08-10,Leggett,Edgecombe,35.988278,-77.5843,2024,8,32.0,47.0
2024-08-10,Linville Falls,Avery,35.972347,-81.933072,2024,8,40.0,43.0
2024-08-10,Mendenhall School,Guilford,36.1090060008986,-79.802314,2024,8,43.0,46.0
2024-08-10,Millbrook School,Wake,35.856111,-78.574167,2024,8,40.0,53.0
2024-08-10,Old High School,Swain,35.498711,-83.310242,2024,8,32.0,49.0
2024-08-10,Pitt Agri. Center,Pitt,35.6412760008938,-77.360126,2024,8,27.0,44.0
2024-08-10,Rockwell,Rowan,35.551868,-80.395039,2024,8,44.0,48.0
2024-08-10,West Johnston Co.,Johnston,35.59095,-78.4622,2024,8,38.0,55.0
2024-08-11,Bryson City,Swain,35.434767,-83.442133,2024,8,36.0,43.0
2024-08-11,Castle Hayne,New Hanover,34.364167,-77.838611,2024,8,30.0,37.0
2024-08-11,Clemmons Middle,Forsyth,36.026612,-80.341962,2024,8,67.0,51.0
2024-08-11,Durham Armory,Durham,36.0329550008979,-78.904037,2024,8,31.0,53.0
2024-08-11,Frying Pan Mountain,Haywood,35.379167,-82.7925,2024,8,44.0,
2024-08-11,Garinger High School,Mecklenburg,35.2401000008895,-80.785683,2024,8,43.0,49.0
2024-08-11,Hattie Avenue,Forsyth,36.11094,-80.224501,2024,8,77.0,53.0
2024-08-11,Leggett,Edgecombe,35.988278,-77.5843,2024,8,26.0,52.0
2024-08-11,Linville Falls,Avery,35.972347,-81.933072,2024,8,37.0,
2024-08-11,Mendenhall School,Guilford,36.1090060008986,-79.802314,2024,8,38.0,51.0
2024-08-11,Millbrook School,Wake,35.856111,-78.574167,2024,8,33.0,55.0
2024-08-11,Old High School,Swain,35.498711,-83.310242,2024,8,33.0,
2024-08-11,Pitt Agri. Center,Pitt,35.6412760008938,-77.360126,2024,8,31.0,42.0
2024-08-11,Rockwell,Rowan,35.551868,-80.395039,2024,8,42.0,52.0
2024-08-11,West Johnston Co.,Johnston,35.59095,-78.4622,2024,8,31.0,52.0
2024-08-12,Bryson City,Swain,35.434767,-83.442133,2024,8,32.0,33.0
2024-08-12,Castle Hayne,New Hanover,34.364167,-77.838611,2024,8,31.0,39.5
2024-08-12,Clemmons Middle,Forsyth,36.026612,-80.341962,2024,8,44.0,43.0
2024-08-12,Durham Armory,Durham,36.0329550008979,-78.904037,2024,8,36.0,54.0
2024-08-12,Frying Pan Mountain,Haywood,35.379167,-82.7925,2024,8,32.0,
2024-08-12,Garinger High School,Mecklenburg,35.2401000008895,-80.785683,2024,8,42.0,48.0
2024-08-12,Hattie Avenue,Forsyth,36.11094,-80.224501,2024,8,44.0,47.0
2024-08-12,Leggett,Edgecombe,35.988278,-77.5843,2024,8,29.0,52.0
2024-08-12,Linville Falls,Avery,35.972347,-81.933072,2024,8,34.0,
2024-08-12,Mendenhall School,Guilford,36.1090060008986,-79.802314,2024,8,36.0,44.0
2024-08-12,Millbrook School,Wake,35.856111,-78.574167,2024,8,33.0,56.0
2024-08-12,Old High School,Swain,35.498711,-83.310242,2024,8,34.0,
2024-08-12,Pitt Agri. Center,Pitt,35.6412760008938,-77.360126,2024,8,31.0,51.0
2024-08-12,Rockwell,Rowan,35.551868,-80.395039,2024,8,43.0,51.0
2024-08-12,West Johnston Co.,Johnston,35.59095,-78.4622,2024,8,32.0,52.0
2024-08-13,Bryson City,Swain,35.434767,-83.442133,2024,8,39.0,33.0
2024-08-13,Castle Hayne,New Hanover,34.364167,-77.838611,2024,8,43.0,36.0
2024-08-13,Clemmons Middle,Forsyth,36.026612,-80.341962,2024,8,20.0,41.0
2024-08-13,Durham Armory,Durham,36.0329550008979,-78.904037,2024,8,26.0,57.0
2024-08-13,Frying Pan Mountain,Haywood,35.379167,-82.7925,2024,8,45.0,34.0
2024-08-13,Garinger High School,Mecklenburg,35.2401000008895,-80.785683,2024,8,32.0,53.5
2024-08-13,Hattie Avenue,Forsyth,36.11094,-80.224501,2024,8,28.0,43.0
2024-08-13,Leggett,Edgecombe,35.988278,-77.5843,2024,8,37.0,47.0
2024-08-13,Linville Falls,Avery,35.972347,-81.933072,2024,8,31.0,36.0
2024-08-13,Mendenhall School,Guilford,36.1090060008986,-79.802314,2024,8,21.0,48.0
2024-08-13,Millbrook School,Wake,35.856111,-78.574167,2024,8,37.0,53.5
2024-08-13,Old High School,Swain,35.498711,-83.310242,2024,8,34.0,41.0
2024-08-13,Pitt Agri. Center,Pitt,35.6412760008938,-77.360126,2024,8,41.0,47.0
2024-08-13,Rockwell,Rowan,35.551868,-80.395039,2024,8,30.0,49.0
2024-08-13,West Johnston Co.,Johnston,35.59095,-78.4622,2024,8,37.0,49.0
2024-08-14,Bryson City,Swain,35.434767,-83.442133,2024,8,36.0,34.0
2024-08-14,Clemmons Middle,Forsyth,36.026612,-80.341962,2024,8,48.0,43.0
2024-08-14,Durham Armory,Durham,36.0329550008979,-78.904037,2024,8,42.0,53.0
2024-08-14,Frying Pan Mountain,Haywood,35.379167,-82.7925,2024,8,34.0,
2024-08-14,Garinger High School,Mecklenburg,35.2401000008895,-80.785683,2024,8,51.0,46.0
2024-08-14,Hattie Avenue,Forsyth,36.11094,-80.224501,2024,8,46.0,52.0
2024-08-14,Leggett,Edgecombe,35.988278,-77.5843,2024,8,35.0,39.0
2024-08-14,Linville Falls,Avery,35.972347,-81.933072,2024,8,35.0,
2024-08-14,Mendenhall School,Guilford,36.1090060008986,-79.802314,2024,8,37.0,44.0
2024-08-14,Millbrook School,Wake,35.856111,-78.574167,2024,8,43.0,52.0
2024-08-14,Old High School,Swain,35.498711,-83.310242,2024,8,34.0,
2024-08-14,Pitt Agri. Center,Pitt,35.6412760008938,-77.360126,2024,8,36.0,49.0
2024-08-14,Rockwell,Rowan,35.551868,-80.395039,2024,8,44.0,41.0
2024-08-14,West Johnston Co.,Johnston,35.59095,-78.4622,2024,8,46.0,47.0
2024-08-15,Bryson City,Swain,35.434767,-83.442133,2024,8,39.0,44.0
2024-08-15,Castle Hayne,New Hanover,34.364167,-77.838611,2024,8,44.0,51.0
2024-08-15,Clemmons Middle,Forsyth,36.026612,-80.341962,2024,8,44.0,52.0
2024-08-15,Durham Armory,Durham,36.0329550008979,-78.904037,2024,8,40.0,55.0
2024-08-15,Frying Pan Mountain,Haywood,35.379167,-82.7925,2024,8,42.0,
2024-08-15,Garinger High School,Mecklenburg,35.2401000008895,-80.785683,2024,8,44.0,52.0
2024-08-15,Hattie Avenue,Forsyth,36.11094,-80.224501,2024,8,47.0,54.0
2024-08-15,Leggett,Edgecombe,35.988278,-77.5843,2024,8,45.0,56.0
2024-08-15,Linville Falls,Avery,35.972347,-81.933072,2024,8,44.0,
2024-08-15,Mendenhall School,Guilford,36.1090060008986,-79.802314,2024,8,45.0,50.0
2024-08-15,Millbrook School,Wake,35.856111,-78.574167,2024,8,40.0,55.0
2024-08-15,Old High School,Swain,35.498711,-83.310242,2024,8,40.0,
2024-08-15,Pitt Agri. Center,Pitt,35.6412760008938,-77.360126,2024,8,48.0,60.0
2024-08-15,Rockwell,Rowan,35.551868,-80.395039,2024,8,39.0,41.0
2024-08-15,West Johnston Co.,Johnston,35.59095,-78.4622,2024,8,42.0,52.0
2024-08-16,Bryson City,Swain,35.434767,-83.442133,2024,8,34.0,42.0
2024-08-16,Castle Hayne,New Hanover,34.364167,-77.838611,2024,8,49.0,61.0
2024-08-16,Clemmons Middle,Forsyth,36.026612,-80.341962,2024,8,50.0,53.0
2024-08-16,Durham Armory,Durham,36.0329550008979,-78.904037,2024,8,48.0,59.0
2024-08-16,Frying Pan Mountain,Haywood,35.379167,-82.7925,2024,8,41.0,39.0
2024-08-16,Garinger High School,Mecklenburg,35.2401000008895,-80.785683,2024,8,42.0,55.5
2024-08-16,Hattie Avenue,Forsyth,36.11094,-80.224501,2024,8,51.0,58.0
2024-08-16,Leggett,Edgecombe,35.988278,-77.5843,2024,8,46.0,63.0
2024-08-16,Linville Falls,Avery,35.972347,-81.933072,2024,8,32.0,41.0
2024-08-16,Mendenhall School,Guilford,36.1090060008986,-79.802314,2024,8,47.0,59.0
2024-08-16,Millbrook School,Wake,35.856111,-78.574167,2024,8,61.0,62.5
2024-08-16,Old High School,Swain,35.498711,-83.310242,2024,8,34.0,46.0
2024-08-16,Pitt Agri. Center,Pitt,35.6412760008938,-77.360126,2024,8,46.0,68.0
2024-08-16,Rockwell,Rowan,35.551868,-80.395039,2024,8,51.0,57.0
2024-08-16,West Johnston Co.,Johnston,35.59095,-78.4622,2024,8,46.0,57.0
2024-08-17,Bryson City,Swain,35.434767,-83.442133,2024,8,36.0,24.0
2024-08-17,Castle Hayne,New Hanover,34.364167,-77.838611,2024,8,44.0,61.0
2024-08-17,Clemmons Middle,Forsyth,36.026612,-80.341962,2024,8,35.0,32.0
2024-08-17,Durham Armory,Durham,36.0329550008979,-78.904037,2024,8,39.0,62.0
2024-08-17,Frying Pan Mountain,Haywood,35.379167,-82.7925,2024,8,44.0,
2024-08-17,Garinger High School,Mecklenburg,35.2401000008895,-80.785683,2024,8,41.0,46.0
2024-08-17,Hattie Avenue,Forsyth,36.11094,-80.224501,2024,8,39.0,42.0
2024-08-17,Leggett,Edgecombe,35.988278,-77.5843,2024,8,37.0,62.0
2024-08-17,Linville Falls,Avery,35.972347,-81.933072,2024,8,37.0,
2024-08-17,Mendenhall School,Guilford,36.1090060008986,-79.802314,2024,8,41.0,54.0
2024-08-17,Millbrook School,Wake,35.856111,-78.574167,2024,8,42.0,65.0
2024-08-17,Old High School,Swain,35.498711,-83.310242,2024,8,36.0,
2024-08-17,Pitt Agri. Center,Pitt,35.6412760008938,-77.360126,2024,8,41.0,65.0
2024-08-17,Rockwell,Rowan,35.551868,-80.395039,2024,8,38.0,44.0
2024-08-17,West Johnston Co.,Johnston,35.59095,-78.4622,2024,8,43.0,63.0
2024-08-18,Bryson City,Swain,35.434767,-83.442133,2024,8,34.0,21.0
2024-08-18,Castle Hayne,New Hanover,34.364167,-77.838611,2024,8,40.0,53.0
2024-08-18,Clemmons Middle,Forsyth,36.026612,-80.341962,2024,8,37.0,33.0
2024-08-18,Durham Armory,Durham,36.0329550008979,-78.904037,2024,8,36.0,53.0
2024-08-18,Frying Pan Mountain,Haywood,35.379167,-82.7925,2024,8,43.0,
2024-08-18,Garinger High School,Mecklenburg,35.2401000008895,-80.785683,2024,8,44.0,28.0
2024-08-18,Hattie Avenue,Forsyth,36.11094,-80.224501,2024,8,40.0,39.0
2024-08-18,Leggett,Edgecombe,35.988278,-77.5843,2024,8,39.0,55.0
2024-08-18,Linville Falls,Avery,35.972347,-81.933072,2024,8,40.0,
2024-08-18,Mendenhall School,Guilford,36.1090060008986,-79.802314,2024,8,43.0,34.0
2024-08-18,Millbrook School,Wake,35.856111,-78.574167,2024,8,41.0,52.0
2024-08-18,Old High School,Swain,35.498711,-83.310242,2024,8,31.0,
2024-08-18,Pitt Agri. Center,Pitt,35.6412760008938,-77.360126,2024,8,41.0,54.0
2024-08-18,Rockwell,Rowan,35.551868,-80.395039,2024,8,41.0,27.0
2024-08-18,West Johnston Co.,Johnston,35.59095,-78.4622,2024,8,44.0,44.0
2024-08-19,Bryson City,Swain,35.434767,-83.442133,2024,8,29.0,14.0
2024-08-19,Castle Hayne,New Hanover,34.364167,-77.838611,2024,8,37.0,37.0
2024-08-19,Clemmons Middle,Forsyth,36.026612,-80.341962,2024,8,29.0,25.0
2024-08-19,Durham Armory,Durham,36.0329550008979,-78.904037,2024,8,36.0,31.0
2024-08-19,Frying Pan Mountain,Haywood,35.379167,-82.7925,2024,8,33.0,8.0
2024-08-19,Garinger High School,Mecklenburg,35.2401000008895,-80.785683,2024,8,40.0,28.5
2024-08-19,Hattie Avenue,Forsyth,36.11094,-80.224501,2024,8,32.0,27.0
2024-08-19,Leggett,Edgecombe,35.988278,-77.5843,2024,8,33.0,32.0
2024-08-19,Linville Falls,Avery,35.972347,-81.933072,2024,8,32.0,18.0
2024-08-19,Mendenhall School,Guilford,36.1090060008986,-79.802314,2024,8,34.0,23.0
2024-08-19,Millbrook School,Wake,35.856111,-78.574167,2024,8,41.0,29.0
2024-08-19,Old High School,Swain,35.498711,-83.310242,2024,8,28.0,16.0
2024-08-19,Pitt Agri. Center,Pitt,35.6412760008938,-77.360126,2024,8,36.0,26.0
2024-08-19,Rockwell,Rowan,35.551868,-80.395039,2024,8,37.0,16.0
2024-08-19,West Johnston Co.,Johnston,35.59095,-78.4622,2024,8,43.0,33.0
2024-08-20,Bryson City,Swain,35.434767,-83.442133,2024,8,37.0,33.0
2024-08-20,Castle Hayne,New Hanover,34.364167,-77.838611,2024,8,32.0,18.0
2024-08-20,Clemmons Middle,Forsyth,36.026612,-80.341962,2024,8,37.0,43.0
2024-08-20,Durham Armory,Durham,36.0329550008979,-78.904037,2024,8,31.0,49.0
2024-08-20,Frying Pan Mountain,Haywood,35.379167,-82.7925,2024,8,40.0,
2024-08-20,Garinger High School,Mecklenburg,35.2401000008895,-80.785683,2024,8,44.0,34.0
2024-08-20,Hattie Avenue,Forsyth,36.11094,-80.224501,2024,8,38.0,47.0
2024-08-20,Leggett,Edgecombe,35.988278,-77.5843,2024,8,32.0,32.0
2024-08-20,Linville Falls,Avery,35.972347,-81.933072,2024,8,36.0,
2024-08-20,Mendenhall School,Guilford,36.1090060008986,-79.802314,2024,8,36.0,41.0
2024-08-20,Millbrook School,Wake,35.856111,-78.574167,2024,8,31.0,33.0
2024-08-20,Old High School,Swain,35.498711,-83.310242,2024,8,37.0,
2024-08-20,Pitt Agri. Center,Pitt,35.6412760008938,-77.360126,2024,8,30.0,18.0
2024-08-20,Rockwell,Rowan,35.551868,-80.395039,2024,8,40.0,37.0
2024-08-20,West Johnston Co.,Johnston,35.59095,-78.4622,2024,8,32.0,28.0
2024-08-21,Bryson City,Swain,35.434767,-83.442133,2024,8,37.0,40.0
2024-08-21,Castle Hayne,New Hanover,34.364167,-77.838611,2024,8,39.0,33.0
2024-08-21,Clemmons Middle,Forsyth,36.026612,-80.341962,2024,8,45.0,43.0
2024-08-21,Durham Armory,Durham,36.0329550008979,-78.904037,2024,8,39.0,52.0
2024-08-21,Frying Pan Mountain,Haywood,35.379167,-82.7925,2024,8,32.0,
2024-08-21,Garinger High School,Mecklenburg,35.2401000008895,-80.785683,2024,8,44.0,37.0
2024-08-21,Hattie Avenue,Forsyth,36.11094,-80.224501,2024,8,43.0,43.0
2024-08-21,Leggett,Edgecombe,35.988278,-77.5843,2024,8,36.0,24.0
2024-08-21,Linville Falls,Avery,35.972347,-81.933072,2024,8,36.0,
2024-08-21,Mendenhall School,Guilford,36.1090060008986,-79.802314,2024,8,41.0,37.0
2024-08-21,Millbrook School,Wake,35.856111,-78.574167,2024,8,38.0,32.0
2024-08-21,Old High School,Swain,35.498711,-83.310242,2024,8,37.0,
2024-08-21,Pitt Agri. Center,Pitt,35.6412760008938,-77.360126,2024,8,37.0,26.0
2024-08-21,Rockwell,Rowan,35.551868,-80.395039,2024,8,41.0,39.0
2024-08-21,West Johnston Co.,Johnston,35.59095,-78.4622,2024,8,41.0,25.0
2024-08-22,Bryson City,Swain,35.434767,-83.442133,2024,8,43.0,48.0
2024-08-22,Castle Hayne,New Hanover,34.364167,-77.838611,2024,8,40.0,24.0
2024-08-22,Clemmons Middle,Forsyth,36.026612,-80.341962,2024,8,48.0,47.0
2024-08-22,Durham Armory,Durham,36.0329550008979,-78.904037,2024,8,40.0,46.0
2024-08-22,Frying Pan Mountain,Haywood,35.379167,-82.7925,2024,8,44.0,32.0
2024-08-22,Garinger High School,Mecklenburg,35.2401000008895,-80.785683,2024,8,42.0,40.5
2024-08-22,Hattie Avenue,Forsyth,36.11094,-80.224501,2024,8,54.0,52.0
2024-08-22,Leggett,Edgecombe,35.988278,-77.5843,2024,8,38.0,24.0
2024-08-22,Linville Falls,Avery,35.972347,-81.933072,2024,8,40.0,38.0
2024-08-22,Mendenhall School,Guilford,36.1090060008986,-79.802314,2024,8,43.0,41.0
2024-08-22,Millbrook School,Wake,35.856111,-78.574167,2024,8,41.0,37.5
2024-08-22,Old High School,Swain,35.498711,-83.310242,2024,8,43.0,49.0
2024-08-22,Pitt Agri. Center,Pitt,35.6412760008938,-77.360126,2024,8,39.0,30.0
2024-08-22,Rockwell,Rowan,35.551868,-80.395039,2024,8,38.0,29.0
2024-08-22,West Johnston Co.,Johnston,35.59095,-78.4622,2024,8,43.0,32.0
2024-08-23,Bryson City,Swain,35.434767,-83.442133,2024,8,46.0,52.0
2024-08-23,Castle Hayne,New Hanover,34.364167,-77.838611,2024,8,35.0,31.0
2024-08-23,Clemmons Middle,Forsyth,36.026612,-80.341962,2024,8,54.0,50.0
2024-08-23,Durham Armory,Durham,36.0329550008979,-78.904037,2024,8,42.0,54.0
2024-08-23,Frying Pan Mountain,Haywood,35.379167,-82.7925,2024,8,49.0,
2024-08-23,Garinger High School,Mecklenburg,35.2401000008895,-80.785683,2024,8,42.0,52.0
2024-08-23,Hattie Avenue,Forsyth,36.11094,-80.224501,2024,8,48.0,52.0
2024-08-23,Leggett,Edgecombe,35.988278,-77.5843,2024,8,41.0,33.0
2024-08-23,Linville Falls,Avery,35.972347,-81.933072,2024,8,43.0,
2024-08-23,Mendenhall School,Guilford,36.1090060008986,-79.802314,2024,8,42.0,53.0
2024-08-23,Millbrook School,Wake,35.856111,-78.574167,2024,8,42.0,46.0
2024-08-23,Old High School,Swain,35.498711,-83.310242,2024,8,44.0,
2024-08-23,Pitt Agri. Center,Pitt,35.6412760008938,-77.360126,2024,8,43.0,39.0
2024-08-23,Rockwell,Rowan,35.551868,-80.395039,2024,8,41.0,47.0
2024-08-23,West Johnston Co.,Johnston,35.59095,-78.4622,2024,8,44.0,38.0
2024-08-24,Bryson City,Swain,35.434767,-83.442133,2024,8,37.0,52.0
2024-08-24,Castle Hayne,New Hanover,34.364167,-77.838611,2024,8,34.0,30.0
2024-08-24,Clemmons Middle,Forsyth,36.026612,-80.341962,2024,8,49.0,54.0
2024-08-24,Durham Armory,Durham,36.0329550008979,-78.904037,2024,8,51.0,55.0
2024-08-24,Frying Pan Mountain,Haywood,35.379167,-82.7925,2024,8,50.0,
2024-08-24,Garinger High School,Mecklenburg,35.2401000008895,-80.785683,2024,8,47.0,55.0
2024-08-24,Hattie Avenue,Forsyth,36.11094,-80.224501,2024,8,45.0,56.0
2024-08-24,Leggett,Edgecombe,35.988278,-77.5843,2024,8,41.0,32.0
2024-08-24,Linville Falls,Avery,35.972347,-81.933072,2024,8,40.0,
2024-08-24,Mendenhall School,Guilford,36.1090060008986,-79.802314,2024,8,45.0,54.0
2024-08-24,Millbrook School,Wake,35.856111,-78.574167,2024,8,43.0,42.0
2024-08-24,Old High School,Swain,35.498711,-83.310242,2024,8,38.0,
2024-08-24,Pitt Agri. Center,Pitt,35.6412760008938,-77.360126,2024,8,36.0,31.0
2024-08-24,Rockwell,Rowan,35.551868,-80.395039,2024,8,44.0,52.0
2024-08-24,West Johnston Co.,Johnston,35.59095,-78.4622,2024,8,46.0,49.0
2024-08-25,Bryson City,Swain,35.434767,-83.442133,2024,8,41.0,49.0
2024-08-25,Castle Hayne,New Hanover,34.364167,-77.838611,2024,8,27.0,20.5
2024-08-25,Clemmons Middle,Forsyth,36.026612,-80.341962,2024,8,51.0,56.0
2024-08-25,Durham Armory,Durham,36.0329550008979,-78.904037,2024,8,48.0,57.0
2024-08-25,Frying Pan Mountain,Haywood,35.379167,-82.7925,2024,8,74.0,47.0
2024-08-25,Garinger High School,Mecklenburg,35.2401000008895,-80.785683,2024,8,48.0,56.0
2024-08-25,Hattie Avenue,Forsyth,36.11094,-80.224501,2024,8,49.0,57.0
2024-08-25,Leggett,Edgecombe,35.988278,-77.5843,2024,8,33.0,34.0
2024-08-25,Linville Falls,Avery,35.972347,-81.933072,2024,8,44.0,48.0
2024-08-25,Mendenhall School,Guilford,36.1090060008986,-79.802314,2024,8,46.0,54.0
2024-08-25,Millbrook School,Wake,35.856111,-78.574167,2024,8,45.0,55.5
2024-08-25,Old High School,Swain,35.498711,-83.310242,2024,8,39.0,2.0
2024-08-25,Pitt Agri. Center,Pitt,35.6412760008938,-77.360126,2024,8,32.0,32.0
2024-08-25,Rockwell,Rowan,35.551868,-80.395039,2024,8,45.0,53.0
2024-08-25,West Johnston Co.,Johnston,35.59095,-78.4622,2024,8,44.0,41.0
2024-08-26,Bryson City,Swain,35.434767,-83.442133,2024,8,44.0,55.0
2024-08-26,Castle Hayne,New Hanover,34.364167,-77.838611,2024,8,23.0,13.5
2024-08-26,Clemmons Middle,Forsyth,36.026612,-80.341962,2024,8,54.0,59.0
2024-08-26,Durham Armory,Durham,36.0329550008979,-78.904037,2024,8,97.0,60.0
2024-08-26,Frying Pan Mountain,Haywood,35.379167,-82.7925,2024,8,54.0,
2024-08-26,Garinger High School,Mecklenburg,35.2401000008895,-80.785683,2024,8,71.0,59.0
2024-08-26,Hattie Avenue,Forsyth,36.11094,-80.224501,2024,8,105.0,64.0
2024-08-26,Leggett,Edgecombe,35.988278,-77.5843,2024,8,42.0,48.0
2024-08-26,Linville Falls,Avery,35.972347,-81.933072,2024,8,39.0,
2024-08-26,Mendenhall School,Guilford,36.1090060008986,-79.802314,2024,8,122.0,59.0
2024-08-26,Millbrook School,Wake,35.856111,-78.574167,2024,8,61.0,60.0
2024-08-26,Old High School,Swain,35.498711,-83.310242,2024,8,43.0,
2024-08-26,Pitt Agri. Center,Pitt,35.6412760008938,-77.360126,2024,8,41.0,43.0
2024-08-26,Rockwell,Rowan,35.551868,-80.395039,2024,8,49.0,55.0
2024-08-26,West Johnston Co.,Johnston,35.59095,-78.4622,2024,8,46.0,52.0
2024-08-27,Bryson City,Swain,35.434767,-83.442133,2024,8,44.0,56.0
2024-08-27,Castle Hayne,New Hanover,34.364167,-77.838611,2024,8,28.0,14.0
2024-08-27,Clemmons Middle,Forsyth,36.026612,-80.341962,2024,8,97.0,63.0
2024-08-27,Durham Armory,Durham,36.0329550008979,-78.904037,2024,8,58.0,69.0
2024-08-27,Frying Pan Mountain,Haywood,35.379167,-82.7925,2024,8,61.0,
2024-08-27,Garinger High School,Mecklenburg,35.2401000008895,-80.785683,2024,8,136.0,60.0
2024-08-27,Hattie Avenue,Forsyth,36.11094,-80.224501,2024,8,112.0,69.0
2024-08-27,Leggett,Edgecombe,35.988278,-77.5843,2024,8,49.0,57.0
2024-08-27,Linville Falls,Avery,35.972347,-81.933072,2024,8,41.0,
2024-08-27,Mendenhall School,Guilford,36.1090060008986,-79.802314,2024,8,54.0,64.0
2024-08-27,Millbrook School,Wake,35.856111,-78.574167,2024,8,112.0,66.0
2024-08-27,Old High School,Swain,35.498711,-83.310242,2024,8,45.0,
2024-08-27,Pitt Agri. Center,Pitt,35.6412760008938,-77.360126,2024,8,47.0,50.0
2024-08-27,Rockwell,Rowan,35.551868,-80.395039,2024,8,97.0,64.0
2024-08-27,West Johnston Co.,Johnston,35.59095,-78.4622,2024,8,,58.0
2024-08-28,Bryson City,Swain,35.434767,-83.442133,2024,8,42.0,55.0
2024-08-28,Castle Hayne,New Hanover,34.364167,-77.838611,2024,8,34.0,22.5
2024-08-28,Clemmons Middle,Forsyth,36.026612,-80.341962,2024,8,58.0,64.0
2024-08-28,Durham Armory,Durham,36.0329550008979,-78.904037,2024,8,58.0,73.0
2024-08-28,Frying Pan Mountain,Haywood,35.379167,-82.7925,2024,8,48.0,54.0
2024-08-28,Garinger High School,Mecklenburg,35.2401000008895,-80.785683,2024,8,71.0,60.5
2024-08-28,Hattie Avenue,Forsyth,36.11094,-80.224501,2024,8,71.0,68.0
2024-08-28,Leggett,Edgecombe,35.988278,-77.5843,2024,8,80.0,64.0
2024-08-28,Linville Falls,Avery,35.972347,-81.933072,2024,8,46.0,54.0
2024-08-28,Mendenhall School,Guilford,36.1090060008986,-79.802314,2024,8,87.0,67.0
2024-08-28,Millbrook School,Wake,35.856111,-78.574167,2024,8,97.0,71.0
2024-08-28,Old High School,Swain,35.498711,-83.310242,2024,8,38.0,59.0
2024-08-28,Pitt Agri. Center,Pitt,35.6412760008938,-77.360126,2024,8,67.0,62.0
2024-08-28,Rockwell,Rowan,35.551868,-80.395039,2024,8,90.0,68.0
2024-08-28,West Johnston Co.,Johnston,35.59095,-78.4622,2024,8,48.0,62.0
2024-08-29,Bryson City,Swain,35.434767,-83.442133,2024,8,46.0,55.0
2024-08-29,Castle Hayne,New Hanover,34.364167,-77.838611,2024,8,34.0,20.5
2024-08-29,Clemmons Middle,Forsyth,36.026612,-80.341962,2024,8,50.0,60.0
2024-08-29,Durham Armory,Durham,36.0329550008979,-78.904037,2024,8,54.0,66.0
2024-08-29,Frying Pan Mountain,Haywood,35.379167,-82.7925,2024,8,50.0,
2024-08-29,Garinger High School,Mecklenburg,35.2401000008895,-80.785683,2024,8,93.0,58.0
2024-08-29,Hattie Avenue,Forsyth,36.11094,-80.224501,2024,8,67.0,66.0
2024-08-29,Leggett,Edgecombe,35.988278,-77.5843,2024,8,49.0,63.0
2024-08-29,Linville Falls,Avery,35.972347,-81.933072,2024,8,39.0,
2024-08-29,Mendenhall School,Guilford,36.1090060008986,-79.802314,2024,8,67.0,63.0
2024-08-29,Millbrook School,Wake,35.856111,-78.574167,2024,8,51.0,67.0
2024-08-29,Old High School,Swain,35.498711,-83.310242,2024,8,44.0,
2024-08-29,Pitt Agri. Center,Pitt,35.6412760008938,-77.360126,2024,8,45.0,57.0
2024-08-29,Rockwell,Rowan,35.551868,-80.395039,2024,8,71.0,60.0
2024-08-29,West Johnston Co.,Johnston,35.59095,-78.4622,2024,8,49.0,60.0
2024-08-30,Bryson City,Swain,35.434767,-83.442133,2024,8,39.0,57.0
2024-08-30,Castle Hayne,New Hanover,34.364167,-77.838611,2024,8,24.0,15.5
2024-08-30,Clemmons Middle,Forsyth,36.026612,-80.341962,2024,8,46.0,52.0
2024-08-30,Durham Armory,Durham,36.0329550008979,-78.904037,2024,8,43.0,58.0
2024-08-30,Frying Pan Mountain,Haywood,35.379167,-82.7925,2024,8,42.0,
2024-08-30,Garinger High School,Mecklenburg,35.2401000008895,-80.785683,2024,8,44.0,44.0
2024-08-30,Hattie Avenue,Forsyth,36.11094,-80.224501,2024,8,64.0,55.0
2024-08-30,Leggett,Edgecombe,35.988278,-77.5843,2024,8,35.0,34.0
2024-08-30,Linville Falls,Avery,35.972347,-81.933072,2024,8,30.0,
2024-08-30,Mendenhall School,Guilford,36.1090060008986,-79.802314,2024,8,51.0,54.0
2024-08-30,Millbrook School,Wake,35.856111,-78.574167,2024,8,43.0,56.0
2024-08-30,Old High School,Swain,35.498711,-83.310242,2024,8,35.0,
2024-08-30,Pitt Agri. Center,Pitt,35.6412760008938,-77.360126,2024,8,35.0,53.0
2024-08-30,Rockwell,Rowan,35.551868,-80.395039,2024,8,50.0,55.0
2024-08-30,West Johnston Co.,Johnston,35.59095,-78.4622,2024,8,35.0,46.0
2024-08-31,Bryson City,Swain,35.434767,-83.442133,2024,8,32.0,52.0
2024-08-31,Castle Hayne,New Hanover,34.364167,-77.838611,2024,8,34.0,20.0
2024-08-31,Clemmons Middle,Forsyth,36.026612,-80.341962,2024,8,42.0,43.0
2024-08-31,Durham Armory,Durham,36.0329550008979,-78.904037,2024,8,40.0,51.0
2024-08-31,Frying Pan Mountain,Haywood,35.379167,-82.7925,2024,8,40.0,39.0
2024-08-31,Garinger High School,Mecklenburg,35.2401000008895,-80.785683,2024,8,51.0,45.0
2024-08-31,Hattie Avenue,Forsyth,36.11094,-80.224501,2024,8,46.0,54.5
2024-08-31,Leggett,Edgecombe,35.988278,-77.5843,2024,8,32.0,47.0
2024-08-31,Linville Falls,Avery,35.972347,-81.933072,2024,8,34.0,45.0
2024-08-31,Mendenhall School,Guilford,36.1090060008986,-79.802314,2024,8,45.0,52.0
2024-08-31,Millbrook School,Wake,35.856111,-78.574167,2024,8,49.0,55.5
2024-08-31,Old High School,Swain,35.498711,-83.310242,2024,8,36.0,52.0
2024-08-31,Pitt Agri. Center,Pitt,35.6412760008938,-77.360126,2024,8,38.0,39.0
2024-08-31,Rockwell,Rowan,35.551868,-80.395039,2024,8,42.0,54.0
2024-08-31,West Johnston Co.,Johnston,35.59095,-78.4622,2024,8,43.0,54.0
2024-09-01,Bryson City,Swain,35.434767,-83.442133,2024,9,30.0,29.0
2024-09-01,Castle Hayne,New Hanover,34.364167,-77.838611,2024,9,26.0,13.5
2024-09-01,Clemmons Middle,Forsyth,36.026612,-80.341962,2024,9,35.0,31.0
2024-09-01,Durham Armory,Durham,36.0329550008979,-78.904037,2024,9,34.0,42.0
2024-09-01,Frying Pan Mountain,Haywood,35.379167,-82.7925,2024,9,36.0,
2024-09-01,Garinger High School,Mecklenburg,35.2401000008895,-80.785683,2024,9,31.0,34.0
2024-09-01,Hattie Avenue,Forsyth,36.11094,-80.224501,2024,9,39.0,37.0
2024-09-01,Leggett,Edgecombe,35.988278,-77.5843,2024,9,24.0,47.0
2024-09-01,Linville Falls,Avery,35.972347,-81.933072,2024,9,31.0,
2024-09-01,Mendenhall School,Guilford,36.1090060008986,-79.802314,2024,9,39.0,39.0
2024-09-01,Millbrook School,Wake,35.856111,-78.574167,2024,9,32.0,54.0
2024-09-01,Old High School,Swain,35.498711,-83.310242,2024,9,31.0,
2024-09-01,Pitt Agri. Center,Pitt,35.6412760008938,-77.360126,2024,9,33.0,43.0
2024-09-01,Rockwell,Rowan,35.551868,-80.395039,2024,9,36.0,32.0
2024-09-01,West Johnston Co.,Johnston,35.59095,-78.4622,2024,9,31.0,43.0
2024-09-02,Bryson City,Swain,35.434767,-83.442133,2024,9,29.0,19.0
2024-09-02,Castle Hayne,New Hanover,34.364167,-77.838611,2024,9,22.0,11.5
2024-09-02,Clemmons Middle,Forsyth,36.026612,-80.341962,2024,9,39.0,35.0
2024-09-02,Durham Armory,Durham,36.0329550008979,-78.904037,2024,9,31.0,42.0
2024-09-02,Frying Pan Mountain,Haywood,35.379167,-82.7925,2024,9,39.0,
2024-09-02,Garinger High School,Mecklenburg,35.2401000008895,-80.785683,2024,9,40.0,32.0
2024-09-02,Hattie Avenue,Forsyth,36.11094,-80.224501,2024,9,37.0,43.0
2024-09-02,Leggett,Edgecombe,35.988278,-77.5843,2024,9,20.0,33.0
2024-09-02,Linville Falls,Avery,35.972347,-81.933072,2024,9,32.0,
2024-09-02,Mendenhall School,Guilford,36.1090060008986,-79.802314,2024,9,33.0,40.0
2024-09-02,Millbrook School,Wake,35.856111,-78.574167,2024,9,30.0,44.0
2024-09-02,Old High School,Swain,35.498711,-83.310242,2024,9,33.0,
2024-09-02,Pitt Agri. Center,Pitt,35.6412760008938,-77.360126,2024,9,26.0,26.0
2024-09-02,Rockwell,Rowan,35.551868,-80.395039,2024,9,37.0,36.0
2024-09-02,West Johnston Co.,Johnston,35.59095,-78.4622,2024,9,29.0,32.0
2024-09-03,Bryson City,Swain,35.434767,-83.442133,2024,9,31.0,28.0
2024-09-03,Castle Hayne,New Hanover,34.364167,-77.838611,2024,9,32.0,34.0
2024-09-03,Clemmons Middle,Forsyth,36.026612,-80.341962,2024,9,33.0,20.0
2024-09-03,Durham Armory,Durham,36.0329550008979,-78.904037,2024,9,31.0,36.0
2024-09-03,Frying Pan Mountain,Haywood,35.379167,-82.7925,2024,9,30.0,13.0
2024-09-03,Garinger High School,Mecklenburg,35.2401000008895,-80.785683,2024,9,38.0,24.5
2024-09-03,Hattie Avenue,Forsyth,36.11094,-80.224501,2024,9,33.0,21.0
2024-09-03,Leggett,Edgecombe,35.988278,-77.5843,2024,9,31.0,21.0
2024-09-03,Linville Falls,Avery,35.972347,-81.933072,2024,9,31.0,17.0
2024-09-03,Mendenhall School,Guilford,36.1090060008986,-79.802314,2024,9,30.0,16.0
2024-09-03,Millbrook School,Wake,35.856111,-78.574167,2024,9,34.0,21.5
2024-09-03,Old High School,Swain,35.498711,-83.310242,2024,9,26.0,32.5
2024-09-03,Pitt Agri. Center,Pitt,35.6412760008938,-77.360126,2024,9,33.0,23.0
2024-09-03,Rockwell,Rowan,35.551868,-80.395039,2024,9,36.0,18.0
2024-09-03,West Johnston Co.,Johnston,35.59095,-78.4622,2024,9,35.0,19.0
2024-09-04,Bryson City,Swain,35.434767,-83.442133,2024,9,30.0,22.0
2024-09-04,Castle Hayne,New Hanover,34.364167,-77.838611,2024,9,32.0,22.5
2024-09-04,Clemmons Middle,Forsyth,36.026612,-80.341962,2024,9,41.0,23.0
2024-09-04,Durham Armory,Durham,36.0329550008979,-78.904037,2024,9,31.0,39.0
2024-09-04,Frying Pan Mountain,Haywood,35.379167,-82.7925,2024,9,32.0,
2024-09-04,Garinger High School,Mecklenburg,35.2401000008895,-80.785683,2024,9,38.0,24.0
2024-09-04,Hattie Avenue,Forsyth,36.11094,-80.224501,2024,9,41.0,24.0
2024-09-04,Leggett,Edgecombe,35.988278,-77.5843,2024,9,32.0,23.0
2024-09-04,Linville Falls,Avery,35.972347,-81.933072,2024,9,37.0,
2024-09-04,Mendenhall School,Guilford,36.1090060008986,-79.802314,2024,9,32.0,27.0
2024-09-04,Millbrook School,Wake,35.856111,-78.574167,2024,9,31.0,26.0
2024-09-04,Old High School,Swain,35.498711,-83.310242,2024,9,28.0,
2024-09-04,Pitt Agri. Center,Pitt,35.6412760008938,-77.360126,2024,9,30.0,21.0
2024-09-04,Rockwell,Rowan,35.551868,-80.395039,2024,9,,26.0
2024-09-04,West Johnston Co.,Johnston,35.59095,-78.4622,2024,9,35.0,18.0
2024-09-05,Bryson City,Swain,35.434767,-83.442133,2024,9,34.0,32.0
2024-09-05,Castle Hayne,New Hanover,34.364167,-77.838611,2024,9,29.0,23.5
2024-09-05,Clemmons Middle,Forsyth,36.026612,-80.341962,2024,9,40.0,28.0
2024-09-05,Durham Armory,Durham,36.0329550008979,-78.904037,2024,9,36.0,36.0
2024-09-05,Frying Pan Mountain,Haywood,35.379167,-82.7925,2024,9,43.0,
2024-09-05,Garinger High School,Mecklenburg,35.2401000008895,-80.785683,2024,9,44.0,29.0
2024-09-05,Hattie Avenue,Forsyth,36.11094,-80.224501,2024,9,41.0,31.0
2024-09-05,Leggett,Edgecombe,35.988278,-77.5843,2024,9,31.0,23.0
2024-09-05,Linville Falls,Avery,35.972347,-81.933072,2024,9,30.0,
2024-09-05,Mendenhall School,Guilford,36.1090060008986,-79.802314,2024,9,37.0,26.0
2024-09-05,Millbrook School,Wake,35.856111,-78.574167,2024,9,33.0,31.0
2024-09-05,Old High School,Swain,35.498711,-83.310242,2024,9,36.0,
2024-09-05,Pitt Agri. Center,Pitt,35.6412760008938,-77.360126,2024,9,32.0,26.0
2024-09-05,Rockwell,Rowan,35.551868,-80.395039,2024,9,42.0,29.0
2024-09-05,West Johnston Co.,Johnston,35.59095,-78.4622,2024,9,33.0,27.0
2024-09-06,Bryson City,Swain,35.434767,-83.442133,2024,9,30.0,31.0
2024-09-06,Castle Hayne,New Hanover,34.364167,-77.838611,2024,9,25.0,24.0
2024-09-06,Clemmons Middle,Forsyth,36.026612,-80.341962,2024,9,51.0,33.0
2024-09-06,Durham Armory,Durham,36.0329550008979,-78.904037,2024,9,36.0,47.0
2024-09-06,Frying Pan Mountain,Haywood,35.379167,-82.7925,2024,9,38.0,21.0
2024-09-06,Garinger High School,Mecklenburg,35.2401000008895,-80.785683,2024,9,43.0,40.0
2024-09-06,Hattie Avenue,Forsyth,36.11094,-80.224501,2024,9,48.0,34.5
2024-09-06,Leggett,Edgecombe,35.988278,-77.5843,2024,9,32.0,32.0
2024-09-06,Linville Falls,Avery,35.972347,-81.933072,2024,9,32.0,26.0
2024-09-06,Mendenhall School,Guilford,36.1090060008986,-79.802314,2024,9,45.0,34.0
2024-09-06,Millbrook School,Wake,35.856111,-78.574167,2024,9,38.0,41.0
2024-09-06,Old High School,Swain,35.498711,-83.310242,2024,9,31.0,31.0
2024-09-06,Pitt Agri. Center,Pitt,35.6412760008938,-77.360126,2024,9,31.0,23.0
2024-09-06,Rockwell,Rowan,35.551868,-80.395039,2024,9,36.0,37.0
2024-09-06,West Johnston Co.,Johnston,35.59095,-78.4622,2024,9,38.0,30.0
2024-09-07,Bryson City,Swain,35.434767,-83.442133,2024,9,33.0,24.0
2024-09-07,Castle Hayne,New Hanover,34.364167,-77.838611,2024,9,22.0,11.5
2024-09-07,Clemmons Middle,Forsyth,36.026612,-80.341962,2024,9,36.0,31.0
2024-09-07,Durham Armory,Durham,36.0329550008979,-78.904037,2024,9,39.0,52.0
2024-09-07,Frying Pan Mountain,Haywood,35.379167,-82.7925,2024,9,33.0,
2024-09-07,Garinger High School,Mecklenburg,35.2401000008895,-80.785683,2024,9,42.0,36.0
2024-09-07,Hattie Avenue,Forsyth,36.11094,-80.224501,2024,9,36.0,34.0
2024-09-07,Leggett,Edgecombe,35.988278,-77.5843,2024,9,21.0,31.0
2024-09-07,Linville Falls,Avery,35.972347,-81.933072,2024,9,32.0,
2024-09-07,Mendenhall School,Guilford,36.1090060008986,-79.802314,2024,9,36.0,33.0
2024-09-07,Millbrook School,Wake,35.856111,-78.574167,2024,9,38.0,46.0
2024-09-07,Old High School,Swain,35.498711,-83.310242,2024,9,33.0,
2024-09-07,Pitt Agri. Center,Pitt,35.6412760008938,-77.360126,2024,9,23.0,21.0
2024-09-07,Rockwell,Rowan,35.551868,-80.395039,2024,9,38.0,31.0
2024-09-07,West Johnston Co.,Johnston,35.59095,-78.4622,2024,9,37.0,41.0
2024-09-08,Bryson City,Swain,35.434767,-83.442133,2024,9,31.0,13.0
2024-09-08,Castle Hayne,New Hanover,34.364167,-77.838611,2024,9,19.0,19.5
2024-09-08,Clemmons Middle,Forsyth,36.026612,-80.341962,2024,9,38.0,18.0
2024-09-08,Durham Armory,Durham,36.0329550008979,-78.904037,2024,9,36.0,40.0
2024-09-08,Frying Pan Mountain,Haywood,35.379167,-82.7925,2024,9,31.0,
2024-09-08,Garinger High School,Mecklenburg,35.2401000008895,-80.785683,2024,9,33.0,21.0
2024-09-08,Hattie Avenue,Forsyth,36.11094,-80.224501,2024,9,41.0,20.0
2024-09-08,Leggett,Edgecombe,35.988278,-77.5843,2024,9,31.0,17.0
2024-09-08,Linville Falls,Avery,35.972347,-81.933072,2024,9,32.0,
2024-09-08,Mendenhall School,Guilford,36.1090060008986,-79.802314,2024,9,37.0,21.0
2024-09-08,Millbrook School,Wake,35.856111,-78.574167,2024,9,33.0,24.0
2024-09-08,Old High School,Swain,35.498711,-83.310242,2024,9,33.0,
2024-09-08,Pitt Agri. Center,Pitt,35.6412760008938,-77.360126,2024,9,28.0,12.0
2024-09-08,Rockwell,Rowan,35.551868,-80.395039,2024,9,34.0,20.0
2024-09-08,West Johnston Co.,Johnston,35.59095,-78.4622,2024,9,34.0,20.0
2024-09-09,Bryson City,Swain,35.434767,-83.442133,2024,9,31.0,28.0
2024-09-09,Castle Hayne,New Hanover,34.364167,-77.838611,2024,9,37.0,14.5
2024-09-09,Clemmons Middle,Forsyth,36.026612,-80.341962,2024,9,42.0,29.0
2024-09-09,Durham Armory,Durham,36.0329550008979,-78.904037,2024,9,40.0,51.0
2024-09-09,Frying Pan Mountain,Haywood,35.379167,-82.7925,2024,9,37.0,17.0
2024-09-09,Garinger High School,Mecklenburg,35.2401000008895,-80.785683,2024,9,42.0,35.5
2024-09-09,Hattie Avenue,Forsyth,36.11094,-80.224501,2024,9,47.0,34.5
2024-09-09,Leggett,Edgecombe,35.988278,-77.5843,2024,9,33.0,10.0
2024-09-09,Linville Falls,Avery,35.972347,-81.933072,2024,9,35.0,18.0
2024-09-09,Mendenhall School,Guilford,36.1090060008986,-79.802314,2024,9,44.0,31.0
2024-09-09,Millbrook School,Wake,35.856111,-78.574167,2024,9,35.0,35.5
2024-09-09,Old High School,Swain,35.498711,-83.310242,2024,9,33.0,22.0
2024-09-09,Pitt Agri. Center,Pitt,35.6412760008938,-77.360126,2024,9,34.0,18.0
2024-09-09,Rockwell,Rowan,35.551868,-80.395039,2024,9,35.0,33.0
2024-09-09,West Johnston Co.,Johnston,35.59095,-78.4622,2024,9,36.0,31.0
2024-09-10,Bryson City,Swain,35.434767,-83.442133,2024,9,33.0,28.0
2024-09-10,Castle Hayne,New Hanover,34.364167,-77.838611,2024,9,40.0,18.0
2024-09-10,Clemmons Middle,Forsyth,36.026612,-80.341962,2024,9,64.0,29.0
2024-09-10,Durham Armory,Durham,36.0329550008979,-78.904037,2024,9,41.0,52.0
2024-09-10,Frying Pan Mountain,Haywood,35.379167,-82.7925,2024,9,58.0,
2024-09-10,Garinger High School,Mecklenburg,35.2401000008895,-80.785683,2024,9,51.0,47.0
2024-09-10,Hattie Avenue,Forsyth,36.11094,-80.224501,2024,9,47.0,32.0
2024-09-10,Leggett,Edgecombe,35.988278,-77.5843,2024,9,38.0,28.0
2024-09-10,Linville Falls,Avery,35.972347,-81.933072,2024,9,39.0,
2024-09-10,Mendenhall School,Guilford,36.1090060008986,-79.802314,2024,9,45.0,36.0
2024-09-10,Millbrook School,Wake,35.856111,-78.574167,2024,9,54.0,52.0
2024-09-10,Old High School,Swain,35.498711,-83.310242,2024,9,36.0,
2024-09-10,Pitt Agri. Center,Pitt,35.6412760008938,-77.360126,2024,9,38.0,26.0
2024-09-10,Rockwell,Rowan,35.551868,-80.395039,2024,9,,50.0
2024-09-10,West Johnston Co.,Johnston,35.59095,-78.4622,2024,9,48.0,44.0
2024-09-11,Bryson City,Swain,35.434767,-83.442133,2024,9,44.0,36.0
2024-09-11,Castle Hayne,New Hanover,34.364167,-77.838611,2024,9,42.0,25.0
2024-09-11,Clemmons Middle,Forsyth,36.026612,-80.341962,2024,9,50.0,38.0
2024-09-11,Durham Armory,Durham,36.0329550008979,-78.904037,2024,9,45.0,55.0
2024-09-11,Frying Pan Mountain,Haywood,35.379167,-82.7925,2024,9,46.0,
2024-09-11,Garinger High School,Mecklenburg,35.2401000008895,-80.785683,2024,9,42.0,55.0
2024-09-11,Hattie Avenue,Forsyth,36.11094,-80.224501,2024,9,64.0,43.0
2024-09-11,Leggett,Edgecombe,35.988278,-77.5843,2024,9,44.0,30.0
2024-09-11,Linville Falls,Avery,35.972347,-81.933072,2024,9,54.0,
2024-09-11,Mendenhall School,Guilford,36.1090060008986,-79.802314,2024,9,49.0,43.0
2024-09-11,Millbrook School,Wake,35.856111,-78.574167,2024,9,46.0,52.0
2024-09-11,Old High School,Swain,35.498711,-83.310242,2024,9,46.0,
2024-09-11,Pitt Agri. Center,Pitt,35.6412760008938,-77.360126,2024,9,42.0,36.0
2024-09-11,Rockwell,Rowan,35.551868,-80.395039,2024,9,,47.0
2024-09-11,West Johnston Co.,Johnston,35.59095,-78.4622,2024,9,46.0,45.0
2024-09-12,Bryson City,Swain,35.434767,-83.442133,2024,9,38.0,37.0
2024-09-12,Castle Hayne,New Hanover,34.364167,-77.838611,2024,9,40.0,28.5
2024-09-12,Clemmons Middle,Forsyth,36.026612,-80.341962,2024,9,51.0,47.0
2024-09-12,Durham Armory,Durham,36.0329550008979,-78.904037,2024,9,42.0,56.0
2024-09-12,Frying Pan Mountain,Haywood,35.379167,-82.7925,2024,9,42.0,26.0
2024-09-12,Garinger High School,Mecklenburg,35.2401000008895,-80.785683,2024,9,45.0,48.0
2024-09-12,Hattie Avenue,Forsyth,36.11094,-80.224501,2024,9,46.0,48.0
2024-09-12,Leggett,Edgecombe,35.988278,-77.5843,2024,9,38.0,37.0
2024-09-12,Linville Falls,Avery,35.972347,-81.933072,2024,9,50.0,38.0
2024-09-12,Mendenhall School,Guilford,36.1090060008986,-79.802314,2024,9,45.0,50.0
2024-09-12,Millbrook School,Wake,35.856111,-78.574167,2024,9,42.0,42.5
2024-09-12,Old High School,Swain,35.498711,-83.310242,2024,9,33.0,43.0
2024-09-12,Pitt Agri. Center,Pitt,35.6412760008938,-77.360126,2024,9,38.0,32.0
2024-09-12,Rockwell,Rowan,35.551868,-80.395039,2024,9,,45.0
2024-09-12,West Johnston Co.,Johnston,35.59095,-78.4622,2024,9,43.0,39.0
2024-09-13,Bryson City,Swain,35.434767,-83.442133,2024,9,31.0,22.0
2024-09-13,Castle Hayne,New Hanover,34.364167,-77.838611,2024,9,24.0,12.0
2024-09-13,Clemmons Middle,Forsyth,36.026612,-80.341962,2024,9,29.0,37.0
2024-09-13,Durham Armory,Durham,36.0329550008979,-78.904037,2024,9,20.0,45.0
2024-09-13,Frying Pan Mountain,Haywood,35.379167,-82.7925,2024,9,31.0,
2024-09-13,Garinger High School,Mecklenburg,35.2401000008895,-80.785683,2024,9,31.0,27.0
2024-09-13,Hattie Avenue,Forsyth,36.11094,-80.224501,2024,9,29.0,41.0
2024-09-13,Leggett,Edgecombe,35.988278,-77.5843,2024,9,25.0,27.0
2024-09-13,Linville Falls,Avery,35.972347,-81.933072,2024,9,35.0,
2024-09-13,Mendenhall School,Guilford,36.1090060008986,-79.802314,2024,9,24.0,34.0
2024-09-13,Millbrook School,Wake,35.856111,-78.574167,2024,9,24.0,30.0
2024-09-13,Old High School,Swain,35.498711,-83.310242,2024,9,26.0,
2024-09-13,Pitt Agri. Center,Pitt,35.6412760008938,-77.360126,2024,9,23.0,15.0
2024-09-13,Rockwell,Rowan,35.551868,-80.395039,2024,9,29.0,32.0
2024-09-13,West Johnston Co.,Johnston,35.59095,-78.4622,2024,9,27.0,19.0
2024-09-14,Bryson City,Swain,35.434767,-83.442133,2024,9,31.0,27.0
2024-09-14,Castle Hayne,New Hanover,34.364167,-77.838611,2024,9,24.0,15.5
2024-09-14,Clemmons Middle,Forsyth,36.026612,-80.341962,2024,9,31.0,27.0
2024-09-14,Durham Armory,Durham,36.0329550008979,-78.904037,2024,9,29.0,34.0
2024-09-14,Frying Pan Mountain,Haywood,35.379167,-82.7925,2024,9,30.0,
2024-09-14,Garinger High School,Mecklenburg,35.2401000008895,-80.785683,2024,9,32.0,26.0
2024-09-14,Hattie Avenue,Forsyth,36.11094,-80.224501,2024,9,31.0,31.0
2024-09-14,Leggett,Edgecombe,35.988278,-77.5843,2024,9,28.0,32.0
2024-09-14,Linville Falls,Avery,35.972347,-81.933072,2024,9,33.0,
2024-09-14,Mendenhall School,Guilford,36.1090060008986,-79.802314,2024,9,29.0,28.0
2024-09-14,Millbrook School,Wake,35.856111,-78.574167,2024,9,31.0,41.0
2024-09-14,Old High School,Swain,35.498711,-83.310242,2024,9,31.0,
2024-09-14,Pitt Agri. Center,Pitt,35.6412760008938,-77.360126,2024,9,27.0,24.0
2024-09-14,Rockwell,Rowan,35.551868,-80.395039,2024,9,31.0,18.0
2024-09-14,West Johnston Co.,Johnston,35.59095,-78.4622,2024,9,32.0,27.0
2024-09-15,Bryson City,Swain,35.434767,-83.442133,2024,9,30.0,29.0
2024-09-15,Castle Hayne,New Hanover,34.364167,-77.838611,2024,9,27.0,35.5
2024-09-15,Clemmons Middle,Forsyth,36.026612,-80.341962,2024,9,29.0,33.0
2024-09-15,Durham Armory,Durham,36.0329550008979,-78.904037,2024,9,26.0,43.0
2024-09-15,Frying Pan Mountain,Haywood,35.379167,-82.7925,2024,9,31.0,6.0
2024-09-15,Garinger High School,Mecklenburg,35.2401000008895,-80.785683,2024,9,28.0,33.5
2024-09-15,Hattie Avenue,Forsyth,36.11094,-80.224501,2024,9,29.0,35.5
2024-09-15,Leggett,Edgecombe,35.988278,-77.5843,2024,9,26.0,37.0
2024-09-15,Linville Falls,Avery,35.972347,-81.933072,2024,9,31.0,19.0
2024-09-15,Mendenhall School,Guilford,36.1090060008986,-79.802314,2024,9,25.0,34.0
2024-09-15,Millbrook School,Wake,35.856111,-78.574167,2024,9,29.0,45.5
2024-09-15,Old High School,Swain,35.498711,-83.310242,2024,9,31.0,36.0
2024-09-15,Pitt Agri. Center,Pitt,35.6412760008938,-77.360126,2024,9,28.0,38.0
2024-09-15,Rockwell,Rowan,35.551868,-80.395039,2024,9,28.0,32.0
2024-09-15,West Johnston Co.,Johnston,35.59095,-78.4622,2024,9,30.0,36.0
2024-09-16,Bryson City,Swain,35.434767,-83.442133,2024,9,,28.0
2024-09-16,Castle Hayne,New Hanover,34.364167,-77.838611,2024,9,32.0,2.0
2024-09-16,Clemmons Middle,Forsyth,36.026612,-80.341962,2024,9,28.0,34.0
2024-09-16,Durham Armory,Durham,36.0329550008979,-78.904037,2024,9,27.0,38.0
2024-09-16,Frying Pan Mountain,Haywood,35.379167,-82.7925,2024,9,37.0,
2024-09-16,Garinger High School,Mecklenburg,35.2401000008895,-80.785683,2024,9,27.0,28.0
2024-09-16,Hattie Avenue,Forsyth,36.11094,-80.224501,2024,9,29.0,37.0
2024-09-16,Leggett,Edgecombe,35.988278,-77.5843,2024,9,25.0,29.0
2024-09-16,Linville Falls,Avery,35.972347,-81.933072,2024,9,31.0,
2024-09-16,Mendenhall School,Guilford,36.1090060008986,-79.802314,2024,9,26.0,29.0
2024-09-16,Millbrook School,Wake,35.856111,-78.574167,2024,9,28.0,35.0
2024-09-16,Old High School,Swain,35.498711,-83.310242,2024,9,42.0,
2024-09-16,Pitt Agri. Center,Pitt,35.6412760008938,-77.360126,2024,9,27.0,29.0
2024-09-16,Rockwell,Rowan,35.551868,-80.395039,2024,9,26.0,27.0
2024-09-16,West Johnston Co.,Johnston,35.59095,-78.4622,2024,9,30.0,24.0
2024-09-17,Bryson City,Swain,35.434767,-83.442133,2024,9,,22.0
2024-09-17,Castle Hayne,New Hanover,34.364167,-77.838611,2024,9,31.0,2.0
2024-09-17,Clemmons Middle,Forsyth,36.026612,-80.341962,2024,9,20.0,20.0
2024-09-17,Durham Armory,Durham,36.0329550008979,-78.904037,2024,9,21.0,12.0
2024-09-17,Frying Pan Mountain,Haywood,35.379167,-82.7925,2024,9,27.0,
2024-09-17,Garinger High School,Mecklenburg,35.2401000008895,-80.785683,2024,9,19.0,11.0
2024-09-17,Hattie Avenue,Forsyth,36.11094,-80.224501,2024,9,21.0,20.0
2024-09-17,Leggett,Edgecombe,35.988278,-77.5843,2024,9,24.0,8.0
2024-09-17,Linville Falls,Avery,35.972347,-81.933072,2024,9,30.0,
2024-09-17,Mendenhall School,Guilford,36.1090060008986,-79.802314,2024,9,21.0,18.0
2024-09-17,Millbrook School,Wake,35.856111,-78.574167,2024,9,21.0,22.0
2024-09-17,Old High School,Swain,35.498711,-83.310242,2024,9,21.0,
2024-09-17,Pitt Agri. Center,Pitt,35.6412760008938,-77.360126,2024,9,24.0,16.0
2024-09-17,Rockwell,Rowan,35.551868,-80.395039,2024,9,24.0,10.0
2024-09-17,West Johnston Co.,Johnston,35.59095,-78.4622,2024,9,25.0,20.0
2024-09-18,Bryson City,Swain,35.434767,-83.442133,2024,9,19.0,11.0
2024-09-18,Castle Hayne,New Hanover,34.364167,-77.838611,2024,9,,27.0
2024-09-18,Clemmons Middle,Forsyth,36.026612,-80.341962,2024,9,40.0,41.0
2024-09-18,Durham Armory,Durham,36.0329550008979,-78.904037,2024,9,27.0,28.0
2024-09-18,Frying Pan Mountain,Haywood,35.379167,-82.7925,2024,9,35.0,4.0
2024-09-18,Garinger High School,Mecklenburg,35.2401000008895,-80.785683,2024,9,30.0,48.0
2024-09-18,Hattie Avenue,Forsyth,36.11094,-80.224501,2024,9,36.0,32.5
2024-09-18,Leggett,Edgecombe,35.988278,-77.5843,2024,9,23.0,19.0
2024-09-18,Linville Falls,Avery,35.972347,-81.933072,2024,9,28.0,26.0
2024-09-18,Mendenhall School,Guilford,36.1090060008986,-79.802314,2024,9,33.0,34.0
2024-09-18,Millbrook School,Wake,35.856111,-78.574167,2024,9,36.0,32.0
2024-09-18,Old High School,Swain,35.498711,-83.310242,2024,9,20.0,11.0
2024-09-18,Pitt Agri. Center,Pitt,35.6412760008938,-77.360126,2024,9,28.0,14.0
2024-09-18,Rockwell,Rowan,35.551868,-80.395039,2024,9,31.0,52.0
2024-09-18,West Johnston Co.,Johnston,35.59095,-78.4622,2024,9,,37.0
2024-09-19,Bryson City,Swain,35.434767,-83.442133,2024,9,24.0,18.0
2024-09-19,Castle Hayne,New Hanover,34.364167,-77.838611,2024,9,28.0,26.0
2024-09-19,Clemmons Middle,Forsyth,36.026612,-80.341962,2024,9,27.0,17.0
2024-09-19,Durham Armory,Durham,36.0329550008979,-78.904037,2024,9,21.0,17.0
2024-09-19,Frying Pan Mountain,Haywood,35.379167,-82.7925,2024,9,35.0,
2024-09-19,Garinger High School,Mecklenburg,35.2401000008895,-80.785683,2024,9,31.0,30.0
2024-09-19,Hattie Avenue,Forsyth,36.11094,-80.224501,2024,9,23.0,18.0
2024-09-19,Leggett,Edgecombe,35.988278,-77.5843,2024,9,21.0,22.0
2024-09-19,Linville Falls,Avery,35.972347,-81.933072,2024,9,22.0,
2024-09-19,Mendenhall School,Guilford,36.1090060008986,-79.802314,2024,9,25.0,16.0
2024-09-19,Millbrook School,Wake,35.856111,-78.574167,2024,9,21.0,26.0
2024-09-19,Old High School,Swain,35.498711,-83.310242,2024,9,26.0,
2024-09-19,Pitt Agri. Center,Pitt,35.6412760008938,-77.360126,2024,9,24.0,17.0
2024-09-19,Rockwell,Rowan,35.551868,-80.395039,2024,9,29.0,14.0
2024-09-19,West Johnston Co.,Johnston,35.59095,-78.4622,2024,9,,16.0
2024-09-20,Bryson City,Swain,35.434767,-83.442133,2024,9,32.0,26.0
2024-09-20,Castle Hayne,New Hanover,34.364167,-77.838611,2024,9,35.0,20.5
2024-09-20,Clemmons Middle,Forsyth,36.026612,-80.341962,2024,9,36.0,27.0
2024-09-20,Durham Armory,Durham,36.0329550008979,-78.904037,2024,9,33.0,38.0
2024-09-20,Frying Pan Mountain,Haywood,35.379167,-82.7925,2024,9,50.0,
2024-09-20,Garinger High School,Mecklenburg,35.2401000008895,-80.785683,2024,9,44.0,34.0
2024-09-20,Hattie Avenue,Forsyth,36.11094,-80.224501,2024,9,32.0,32.0
2024-09-20,Leggett,Edgecombe,35.988278,-77.5843,2024,9,42.0,37.0
2024-09-20,Linville Falls,Avery,35.972347,-81.933072,2024,9,37.0,
2024-09-20,Mendenhall School,Guilford,36.1090060008986,-79.802314,2024,9,30.0,24.0
2024-09-20,Millbrook School,Wake,35.856111,-78.574167,2024,9,40.0,42.0
2024-09-20,Old High School,Swain,35.498711,-83.310242,2024,9,37.0,
2024-09-20,Pitt Agri. Center,Pitt,35.6412760008938,-77.360126,2024,9,41.0,28.0
2024-09-20,Rockwell,Rowan,35.551868,-80.395039,2024,9,36.0,30.0
2024-09-20,West Johnston Co.,Johnston,35.59095,-78.4622,2024,9,39.0,35.0
2024-09-21,Bryson City,Swain,35.434767,-83.442133,2024,9,40.0,41.0
2024-09-21,Castle Hayne,New Hanover,34.364167,-77.838611,2024,9,37.0,14.5
2024-09-21,Clemmons Middle,Forsyth,36.026612,-80.341962,2024,9,44.0,44.5
2024-09-21,Durham Armory,Durham,36.0329550008979,-78.904037,2024,9,37.0,53.0
2024-09-21,Frying Pan Mountain,Haywood,35.379167,-82.7925,2024,9,47.0,28.0
2024-09-21,Garinger High School,Mecklenburg,35.2401000008895,-80.785683,2024,9,46.0,50.0
2024-09-21,Hattie Avenue,Forsyth,36.11094,-80.224501,2024,9,45.0,51.0
2024-09-21,Leggett,Edgecombe,35.988278,-77.5843,2024,9,38.0,23.0
2024-09-21,Linville Falls,Avery,35.972347,-81.933072,2024,9,35.0,33.0
2024-09-21,Mendenhall School,Guilford,36.1090060008986,-79.802314,2024,9,44.0,53.0
2024-09-21,Millbrook School,Wake,35.856111,-78.574167,2024,9,42.0,39.5
2024-09-21,Old High School,Swain,35.498711,-83.310242,2024,9,37.0,37.0
2024-09-21,Pitt Agri. Center,Pitt,35.6412760008938,-77.360126,2024,9,39.0,21.0
2024-09-21,Rockwell,Rowan,35.551868,-80.395039,2024,9,44.0,47.0
2024-09-21,West Johnston Co.,Johnston,35.59095,-78.4622,2024,9,41.0,42.0
2024-09-22,Bryson City,Swain,35.434767,-83.442133,2024,9,39.0,30.0
2024-09-22,Castle Hayne,New Hanover,34.364167,-77.838611,2024,9,31.0,24.0
2024-09-22,Clemmons Middle,Forsyth,36.026612,-80.341962,2024,9,54.0,46.0
2024-09-22,Durham Armory,Durham,36.0329550008979,-78.904037,2024,9,30.0,43.0
2024-09-22,Frying Pan Mountain,Haywood,35.379167,-82.7925,2024,9,45.0,
2024-09-22,Garinger High School,Mecklenburg,35.2401000008895,-80.785683,2024,9,48.0,52.0
2024-09-22,Hattie Avenue,Forsyth,36.11094,-80.224501,2024,9,49.0,52.0
2024-09-22,Leggett,Edgecombe,35.988278,-77.5843,2024,9,30.0,34.0
2024-09-22,Linville Falls,Avery,35.972347,-81.933072,2024,9,37.0,
2024-09-22,Mendenhall School,Guilford,36.1090060008986,-79.802314,2024,9,39.0,49.0
2024-09-22,Millbrook School,Wake,35.856111,-78.574167,2024,9,30.0,46.0
2024-09-22,Old High School,Swain,35.498711,-83.310242,2024,9,32.0,
2024-09-22,Pitt Agri. Center,Pitt,35.6412760008938,-77.360126,2024,9,32.0,26.0
2024-09-22,Rockwell,Rowan,35.551868,-80.395039,2024,9,46.0,48.0
2024-09-22,West Johnston Co.,Johnston,35.59095,-78.4622,2024,9,33.0,44.0
2024-09-23,Bryson City,Swain,35.434767,-83.442133,2024,9,38.0,42.0
2024-09-23,Castle Hayne,New Hanover,34.364167,-77.838611,2024,9,35.0,21.0
2024-09-23,Clemmons Middle,Forsyth,36.026612,-80.341962,2024,9,19.0,53.0
2024-09-23,Durham Armory,Durham,36.0329550008979,-78.904037,2024,9,31.0,53.0
2024-09-23,Frying Pan Mountain,Haywood,35.379167,-82.7925,2024,9,41.0,
2024-09-23,Garinger High School,Mecklenburg,35.2401000008895,-80.785683,2024,9,19.0,52.0
2024-09-23,Hattie Avenue,Forsyth,36.11094,-80.224501,2024,9,19.0,56.0
2024-09-23,Leggett,Edgecombe,35.988278,-77.5843,2024,9,31.0,23.0
2024-09-23,Linville Falls,Avery,35.972347,-81.933072,2024,9,34.0,
2024-09-23,Mendenhall School,Guilford,36.1090060008986,-79.802314,2024,9,19.0,53.0
2024-09-23,Millbrook School,Wake,35.856111,-78.574167,2024,9,35.0,48.0
2024-09-23,Old High School,Swain,35.498711,-83.310242,2024,9,37.0,
2024-09-23,Pitt Agri. Center,Pitt,35.6412760008938,-77.360126,2024,9,33.0,25.0
2024-09-23,Rockwell,Rowan,35.551868,-80.395039,2024,9,19.0,55.0
2024-09-23,West Johnston Co.,Johnston,35.59095,-78.4622,2024,9,33.0,40.0
2024-09-24,Bryson City,Swain,35.434767,-83.442133,2024,9,30.0,51.0
2024-09-24,Castle Hayne,New Hanover,34.364167,-77.838611,2024,9,32.0,23.5
2024-09-24,Clemmons Middle,Forsyth,36.026612,-80.341962,2024,9,24.0,53.0
2024-09-24,Durham Armory,Durham,36.0329550008979,-78.904037,2024,9,24.0,56.0
2024-09-24,Frying Pan Mountain,Haywood,35.379167,-82.7925,2024,9,37.0,51.0
2024-09-24,Garinger High School,Mecklenburg,35.2401000008895,-80.785683,2024,9,33.0,56.0
2024-09-24,Hattie Avenue,Forsyth,36.11094,-80.224501,2024,9,24.0,55.5
2024-09-24,Leggett,Edgecombe,35.988278,-77.5843,2024,9,20.0,27.0
2024-09-24,Linville Falls,Avery,35.972347,-81.933072,2024,9,31.0,38.0
2024-09-24,Mendenhall School,Guilford,36.1090060008986,-79.802314,2024,9,22.0,57.0
2024-09-24,Millbrook School,Wake,35.856111,-78.574167,2024,9,24.0,47.5
2024-09-24,Old High School,Swain,35.498711,-83.310242,2024,9,32.0,53.0
2024-09-24,Pitt Agri. Center,Pitt,35.6412760008938,-77.360126,2024,9,26.0,25.0
2024-09-24,Rockwell,Rowan,35.551868,-80.395039,2024,9,30.0,51.0
2024-09-24,West Johnston Co.,Johnston,35.59095,-78.4622,2024,9,24.0,41.0
2024-09-25,Bryson City,Swain,35.434767,-83.442133,2024,9,26.0,36.0
2024-09-25,Castle Hayne,New Hanover,34.364167,-77.838611,2024,9,36.0,18.5
2024-09-25,Clemmons Middle,Forsyth,36.026612,-80.341962,2024,9,33.0,34.0
2024-09-25,Durham Armory,Durham,36.0329550008979,-78.904037,2024,9,32.0,50.0
2024-09-25,Garinger High School,Mecklenburg,35.2401000008895,-80.785683,2024,9,37.0,32.0
2024-09-25,Hattie Avenue,Forsyth,36.11094,-80.224501,2024,9,35.0,37.0
2024-09-25,Leggett,Edgecombe,35.988278,-77.5843,2024,9,26.0,29.0
2024-09-25,Linville Falls,Avery,35.972347,-81.933072,2024,9,36.0,
2024-09-25,Mendenhall School,Guilford,36.1090060008986,-79.802314,2024,9,34.0,39.0
2024-09-25,Millbrook School,Wake,35.856111,-78.574167,2024,9,32.0,44.0
2024-09-25,Old High School,Swain,35.498711,-83.310242,2024,9,30.0,
2024-09-25,Pitt Agri. Center,Pitt,35.6412760008938,-77.360126,2024,9,30.0,26.0
2024-09-25,Rockwell,Rowan,35.551868,-80.395039,2024,9,35.0,33.0
2024-09-25,West Johnston Co.,Johnston,35.59095,-78.4622,2024,9,33.0,34.0
2024-09-26,Bryson City,Swain,35.434767,-83.442133,2024,9,22.0,3.0
2024-09-26,Castle Hayne,New Hanover,34.364167,-77.838611,2024,9,28.0,11.5
2024-09-26,Clemmons Middle,Forsyth,36.026612,-80.341962,2024,9,23.0,23.0
2024-09-26,Durham Armory,Durham,36.0329550008979,-78.904037,2024,9,20.0,30.0
2024-09-26,Garinger High School,Mecklenburg,35.2401000008895,-80.785683,2024,9,26.0,13.0
2024-09-26,Hattie Avenue,Forsyth,36.11094,-80.224501,2024,9,23.0,29.0
2024-09-26,Leggett,Edgecombe,35.988278,-77.5843,2024,9,19.0,17.0
2024-09-26,Linville Falls,Avery,35.972347,-81.933072,2024,9,37.0,
2024-09-26,Mendenhall School,Guilford,36.1090060008986,-79.802314,2024,9,19.0,23.0
2024-09-26,Millbrook School,Wake,35.856111,-78.574167,2024,9,20.0,28.0
2024-09-26,Old High School,Swain,35.498711,-83.310242,2024,9,15.0,
2024-09-26,Pitt Agri. Center,Pitt,35.6412760008938,-77.360126,2024,9,24.0,17.0
2024-09-26,Rockwell,Rowan,35.551868,-80.395039,2024,9,24.0,22.0
2024-09-26,West Johnston Co.,Johnston,35.59095,-78.4622,2024,9,19.0,23.0
2024-09-27,Castle Hayne,New Hanover,34.364167,-77.838611,2024,9,,26.5
2024-09-27,Clemmons Middle,Forsyth,36.026612,-80.341962,2024,9,25.0,20.0
2024-09-27,Durham Armory,Durham,36.0329550008979,-78.904037,2024,9,21.0,32.0
2024-09-27,Hattie Avenue,Forsyth,36.11094,-80.224501,2024,9,23.0,27.0
2024-09-27,Leggett,Edgecombe,35.988278,-77.5843,2024,9,20.0,19.0
2024-09-27,Mendenhall School,Guilford,36.1090060008986,-79.802314,2024,9,24.0,26.0
2024-09-27,Millbrook School,Wake,35.856111,-78.574167,2024,9,22.0,31.0
2024-09-27,Old High School,Swain,35.498711,-83.310242,2024,9,41.0,9.0
2024-09-27,Pitt Agri. Center,Pitt,35.6412760008938,-77.360126,2024,9,22.0,22.0
2024-09-27,Rockwell,Rowan,35.551868,-80.395039,2024,9,25.0,23.0
2024-09-27,West Johnston Co.,Johnston,35.59095,-78.4622,2024,9,24.0,24.0
2024-09-28,Bryson City,Swain,35.434767,-83.442133,2024,9,28.0,23.0
2024-09-28,Castle Hayne,New Hanover,34.364167,-77.838611,2024,9,41.0,20.5
2024-09-28,Clemmons Middle,Forsyth,36.026612,-80.341962,2024,9,38.0,43.0
2024-09-28,Durham Armory,Durham,36.0329550008979,-78.904037,2024,9,39.0,54.0
2024-09-28,Garinger High School,Mecklenburg,35.2401000008895,-80.785683,2024,9,36.0,56.0
2024-09-28,Hattie Avenue,Forsyth,36.11094,-80.224501,2024,9,39.0,56.0
2024-09-28,Leggett,Edgecombe,35.988278,-77.5843,2024,9,34.0,32.0
2024-09-28,Mendenhall School,Guilford,36.1090060008986,-79.802314,2024,9,40.0,52.0
2024-09-28,Millbrook School,Wake,35.856111,-78.574167,2024,9,40.0,51.0
2024-09-28,Old High School,Swain,35.498711,-83.310242,2024,9,32.0,
2024-09-28,Pitt Agri. Center,Pitt,35.6412760008938,-77.360126,2024,9,36.0,32.0
2024-09-28,Rockwell,Rowan,35.551868,-80.395039,2024,9,37.0,52.0
2024-09-28,West Johnston Co.,Johnston,35.59095,-78.4622,2024,9,40.0,40.0
2024-09-29,Bryson City,Swain,35.434767,-83.442133,2024,9,18.0,7.0
2024-09-29,Castle Hayne,New Hanover,34.364167,-77.838611,2024,9,36.0,33.0
2024-09-29,Clemmons Middle,Forsyth,36.026612,-80.341962,2024,9,38.0,43.0
2024-09-29,Durham Armory,Durham,36.0329550008979,-78.904037,2024,9,36.0,56.0
2024-09-29,Garinger High School,Mecklenburg,35.2401000008895,-80.785683,2024,9,34.0,54.0
2024-09-29,Hattie Avenue,Forsyth,36.11094,-80.224501,2024,9,38.0,58.0
2024-09-29,Leggett,Edgecombe,35.988278,-77.5843,2024,9,33.0,
2024-09-29,Mendenhall School,Guilford,36.1090060008986,-79.802314,2024,9,32.0,57.0
2024-09-29,Millbrook School,Wake,35.856111,-78.574167,2024,9,34.0,55.0
2024-09-29,Old High School,Swain,35.498711,-83.310242,2024,9,19.0,
2024-09-29,Pitt Agri. Center,Pitt,35.6412760008938,-77.360126,2024,9,31.0,34.0
2024-09-29,Rockwell,Rowan,35.551868,-80.395039,2024,9,34.0,52.0
2024-09-29,West Johnston Co.,Johnston,35.59095,-78.4622,2024,9,31.0,47.0
2024-09-30,Bryson City,Swain,35.434767,-83.442133,2024,9,19.0,11.0
2024-09-30,Castle Hayne,New Hanover,34.364167,-77.838611,2024,9,36.0,26.5
2024-09-30,Clemmons Middle,Forsyth,36.026612,-80.341962,2024,9,31.0,46.0
2024-09-30,Durham Armory,Durham,36.0329550008979,-78.904037,2024,9,22.0,57.0
2024-09-30,Garinger High School,Mecklenburg,35.2401000008895,-80.785683,2024,9,34.0,56.5
2024-09-30,Hattie Avenue,Forsyth,36.11094,-80.224501,2024,9,32.0,59.0
2024-09-30,Leggett,Edgecombe,35.988278,-77.5843,2024,9,24.0,
2024-09-30,Mendenhall School,Guilford,36.1090060008986,-79.802314,2024,9,25.0,59.0
2024-09-30,Millbrook School,Wake,35.856111,-78.574167,2024,9,27.0,55.0
2024-09-30,Old High School,Swain,35.498711,-83.310242,2024,9,24.0,17.0
2024-09-30,Pitt Agri. Center,Pitt,35.6412760008938,-77.360126,2024,9,25.0,50.0
2024-09-30,Rockwell,Rowan,35.551868,-80.395039,2024,9,28.0,58.0
2024-09-30,West Johnston Co.,Johnston,35.59095,-78.4622,2024,9,31.0,49.0
2024-10-01,Bryson City,Swain,35.434767,-83.442133,2024,10,21.0,7.0
2024-10-01,Castle Hayne,New Hanover,34.364167,-77.838611,2024,10,33.0,44.5
2024-10-01,Clemmons Middle,Forsyth,36.026612,-80.341962,2024,10,22.0,18.0
2024-10-01,Durham Armory,Durham,36.0329550008979,-78.904037,2024,10,18.0,31.0
2024-10-01,Garinger High School,Mecklenburg,35.2401000008895,-80.785683,2024,10,28.0,43.0
2024-10-01,Hattie Avenue,Forsyth,36.11094,-80.224501,2024,10,22.0,22.0
2024-10-01,Leggett,Edgecombe,35.988278,-77.5843,2024,10,23.0,19.0
2024-10-01,Mendenhall School,Guilford,36.1090060008986,-79.802314,2024,10,21.0,11.0
2024-10-01,Millbrook School,Wake,35.856111,-78.574167,2024,10,20.0,25.0
2024-10-01,Old High School,Swain,35.498711,-83.310242,2024,10,21.0,
2024-10-01,Pitt Agri. Center,Pitt,35.6412760008938,-77.360126,2024,10,26.0,19.0
2024-10-01,Rockwell,Rowan,35.551868,-80.395039,2024,10,29.0,25.0
2024-10-01,West Johnston Co.,Johnston,35.59095,-78.4622,2024,10,20.0,16.0
2024-10-02,Bryson City,Swain,35.434767,-83.442133,2024,10,28.0,15.0
2024-10-02,Castle Hayne,New Hanover,34.364167,-77.838611,2024,10,23.0,13.5
2024-10-02,Clemmons Middle,Forsyth,36.026612,-80.341962,2024,10,31.0,20.0
2024-10-02,Durham Armory,Durham,36.0329550008979,-78.904037,2024,10,23.0,33.0
2024-10-02,Garinger High School,Mecklenburg,35.2401000008895,-80.785683,2024,10,35.0,24.0
2024-10-02,Hattie Avenue,Forsyth,36.11094,-80.224501,2024,10,32.0,24.0
2024-10-02,Leggett,Edgecombe,35.988278,-77.5843,2024,10,21.0,26.0
2024-10-02,Mendenhall School,Guilford,36.1090060008986,-79.802314,2024,10,29.0,18.0
2024-10-02,Millbrook School,Wake,35.856111,-78.574167,2024,10,23.0,31.0
2024-10-02,Old High School,Swain,35.498711,-83.310242,2024,10,26.0,
2024-10-02,Pitt Agri. Center,Pitt,35.6412760008938,-77.360126,2024,10,22.0,17.0
2024-10-02,Rockwell,Rowan,35.551868,-80.395039,2024,10,35.0,18.0
2024-10-02,West Johnston Co.,Johnston,35.59095,-78.4622,2024,10,23.0,19.0
2024-10-03,Bryson City,Swain,35.434767,-83.442133,2024,10,26.0,24.0
2024-10-03,Castle Hayne,New Hanover,34.364167,-77.838611,2024,10,28.0,13.5
2024-10-03,Clemmons Middle,Forsyth,36.026612,-80.341962,2024,10,32.0,36.0
2024-10-03,Durham Armory,Durham,36.0329550008979,-78.904037,2024,10,28.0,37.0
2024-10-03,Garinger High School,Mecklenburg,35.2401000008895,-80.785683,2024,10,36.0,42.5
2024-10-03,Hattie Avenue,Forsyth,36.11094,-80.224501,2024,10,33.0,44.0
2024-10-03,Leggett,Edgecombe,35.988278,-77.5843,2024,10,29.0,16.0
2024-10-03,Mendenhall School,Guilford,36.1090060008986,-79.802314,2024,10,29.0,37.0
2024-10-03,Millbrook School,Wake,35.856111,-78.574167,2024,10,27.0,33.0
2024-10-03,Old High School,Swain,35.498711,-83.310242,2024,10,31.0,30.0
2024-10-03,Pitt Agri. Center,Pitt,35.6412760008938,-77.360126,2024,10,28.0,19.0
2024-10-03,Rockwell,Rowan,35.551868,-80.395039,2024,10,31.0,49.0
2024-10-03,West Johnston Co.,Johnston,35.59095,-78.4622,2024,10,30.0,22.0
2024-10-04,Bryson City,Swain,35.434767,-83.442133,2024,10,27.0,37.0
2024-10-04,Castle Hayne,New Hanover,34.364167,-77.838611,2024,10,35.0,17.5
2024-10-04,Clemmons Middle,Forsyth,36.026612,-80.341962,2024,10,31.0,40.0
2024-10-04,Durham Armory,Durham,36.0329550008979,-78.904037,2024,10,37.0,52.0
2024-10-04,Garinger High School,Mecklenburg,35.2401000008895,-80.785683,2024,10,36.0,41.0
2024-10-04,Hattie Avenue,Forsyth,36.11094,-80.224501,2024,10,32.0,44.0
2024-10-04,Leggett,Edgecombe,35.988278,-77.5843,2024,10,31.0,18.0
2024-10-04,Mendenhall School,Guilford,36.1090060008986,-79.802314,2024,10,31.0,39.0
2024-10-04,Millbrook School,Wake,35.856111,-78.574167,2024,10,35.0,40.0
2024-10-04,Old High School,Swain,35.498711,-83.310242,2024,10,26.0,
2024-10-04,Pitt Agri. Center,Pitt,35.6412760008938,-77.360126,2024,10,31.0,28.0
2024-10-04,Rockwell,Rowan,35.551868,-80.395039,2024,10,30.0,39.0
2024-10-04,West Johnston Co.,Johnston,35.59095,-78.4622,2024,10,34.0,32.0
2024-10-05,Bryson City,Swain,35.434767,-83.442133,2024,10,33.0,34.0
2024-10-05,Castle Hayne,New Hanover,34.364167,-77.838611,2024,10,33.0,27.0
2024-10-05,Clemmons Middle,Forsyth,36.026612,-80.341962,2024,10,54.0,46.0
2024-10-05,Durham Armory,Durham,36.0329550008979,-78.904037,2024,10,39.0,53.0
2024-10-05,Garinger High School,Mecklenburg,35.2401000008895,-80.785683,2024,10,50.0,52.0
2024-10-05,Hattie Avenue,Forsyth,36.11094,-80.224501,2024,10,54.0,48.0
2024-10-05,Leggett,Edgecombe,35.988278,-77.5843,2024,10,30.0,46.0
2024-10-05,Mendenhall School,Guilford,36.1090060008986,-79.802314,2024,10,50.0,46.0
2024-10-05,Millbrook School,Wake,35.856111,-78.574167,2024,10,30.0,53.0
2024-10-05,Old High School,Swain,35.498711,-83.310242,2024,10,35.0,
2024-10-05,Pitt Agri. Center,Pitt,35.6412760008938,-77.360126,2024,10,31.0,42.0
2024-10-05,Rockwell,Rowan,35.551868,-80.395039,2024,10,48.0,50.0
2024-10-05,West Johnston Co.,Johnston,35.59095,-78.4622,2024,10,31.0,52.0
2024-10-06,Bryson City,Swain,35.434767,-83.442133,2024,10,38.0,39.0
2024-10-06,Castle Hayne,New Hanover,34.364167,-77.838611,2024,10,44.0,36.5
2024-10-06,Clemmons Middle,Forsyth,36.026612,-80.341962,2024,10,32.0,53.0
2024-10-06,Durham Armory,Durham,36.0329550008979,-78.904037,2024,10,44.0,57.0
2024-10-06,Garinger High School,Mecklenburg,35.2401000008895,-80.785683,2024,10,36.0,57.0
2024-10-06,Hattie Avenue,Forsyth,36.11094,-80.224501,2024,10,36.0,56.0
2024-10-06,Leggett,Edgecombe,35.988278,-77.5843,2024,10,38.0,40.0
2024-10-06,Mendenhall School,Guilford,36.1090060008986,-79.802314,2024,10,39.0,54.0
2024-10-06,Millbrook School,Wake,35.856111,-78.574167,2024,10,44.0,54.5
2024-10-06,Old High School,Swain,35.498711,-83.310242,2024,10,38.0,52.0
2024-10-06,Pitt Agri. Center,Pitt,35.6412760008938,-77.360126,2024,10,43.0,37.0
2024-10-06,Rockwell,Rowan,35.551868,-80.395039,2024,10,28.0,56.0
2024-10-06,West Johnston Co.,Johnston,35.59095,-78.4622,2024,10,45.0,51.0
2024-10-07,Bryson City,Swain,35.434767,-83.442133,2024,10,37.0,33.0
2024-10-07,Castle Hayne,New Hanover,34.364167,-77.838611,2024,10,48.0,41.5
2024-10-07,Clemmons Middle,Forsyth,36.026612,-80.341962,2024,10,39.0,54.0
2024-10-07,Durham Armory,Durham,36.0329550008979,-78.904037,2024,10,38.0,54.0
2024-10-07,Garinger High School,Mecklenburg,35.2401000008895,-80.785683,2024,10,47.0,57.0
2024-10-07,Hattie Avenue,Forsyth,36.11094,-80.224501,2024,10,44.0,55.0
2024-10-07,Leggett,Edgecombe,35.988278,-77.5843,2024,10,40.0,42.0
2024-10-07,Mendenhall School,Guilford,36.1090060008986,-79.802314,2024,10,42.0,51.0
2024-10-07,Millbrook School,Wake,35.856111,-78.574167,2024,10,43.0,54.0
2024-10-07,Old High School,Swain,35.498711,-83.310242,2024,10,41.0,
2024-10-07,Pitt Agri. Center,Pitt,35.6412760008938,-77.360126,2024,10,43.0,43.0
2024-10-07,Rockwell,Rowan,35.551868,-80.395039,2024,10,44.0,54.0
2024-10-07,West Johnston Co.,Johnston,35.59095,-78.4622,2024,10,42.0,49.0
2024-10-08,Bryson City,Swain,35.434767,-83.442133,2024,10,38.0,38.0
2024-10-08,Castle Hayne,New Hanover,34.364167,-77.838611,2024,10,35.0,52.5
2024-10-08,Clemmons Middle,Forsyth,36.026612,-80.341962,2024,10,38.0,51.0
2024-10-08,Durham Armory,Durham,36.0329550008979,-78.904037,2024,10,33.0,53.0
2024-10-08,Garinger High School,Mecklenburg,35.2401000008895,-80.785683,2024,10,41.0,48.0
2024-10-08,Hattie Avenue,Forsyth,36.11094,-80.224501,2024,10,37.0,52.0
2024-10-08,Leggett,Edgecombe,35.988278,-77.5843,2024,10,32.0,32.0
2024-10-08,Mendenhall School,Guilford,36.1090060008986,-79.802314,2024,10,34.0,42.0
2024-10-08,Millbrook School,Wake,35.856111,-78.574167,2024,10,33.0,45.0
2024-10-08,Old High School,Swain,35.498711,-83.310242,2024,10,49.0,
2024-10-08,Pitt Agri. Center,Pitt,35.6412760008938,-77.360126,2024,10,31.0,28.0
2024-10-08,Rockwell,Rowan,35.551868,-80.395039,2024,10,42.0,
2024-10-08,West Johnston Co.,Johnston,35.59095,-78.4622,2024,10,35.0,35.0
2024-10-09,Bryson City,Swain,35.434767,-83.442133,2024,10,32.0,26.0
2024-10-09,Castle Hayne,New Hanover,34.364167,-77.838611,2024,10,33.0,26.0
2024-10-09,Clemmons Middle,Forsyth,36.026612,-80.341962,2024,10,44.0,35.5
2024-10-09,Durham Armory,Durham,36.0329550008979,-78.904037,2024,10,37.0,52.0
2024-10-09,Garinger High School,Mecklenburg,35.2401000008895,-80.785683,2024,10,43.0,54.0
2024-10-09,Hattie Avenue,Forsyth,36.11094,-80.224501,2024,10,44.0,37.5
2024-10-09,Leggett,Edgecombe,35.988278,-77.5843,2024,10,35.0,26.0
2024-10-09,Mendenhall School,Guilford,36.1090060008986,-79.802314,2024,10,43.0,29.0
2024-10-09,Millbrook School,Wake,35.856111,-78.574167,2024,10,38.0,33.0
2024-10-09,Old High School,Swain,35.498711,-83.310242,2024,10,37.0,26.0
2024-10-09,Pitt Agri. Center,Pitt,35.6412760008938,-77.360126,2024,10,36.0,20.0
2024-10-09,Rockwell,Rowan,35.551868,-80.395039,2024,10,45.0,
2024-10-09,West Johnston Co.,Johnston,35.59095,-78.4622,2024,10,39.0,35.0
2024-10-10,Bryson City,Swain,35.434767,-83.442133,2024,10,44.0,17.0
2024-10-10,Castle Hayne,New Hanover,34.364167,-77.838611,2024,10,33.0,21.5
2024-10-10,Clemmons Middle,Forsyth,36.026612,-80.341962,2024,10,35.0,21.0
2024-10-10,Durham Armory,Durham,36.0329550008979,-78.904037,2024,10,32.0,48.0
2024-10-10,Garinger High School,Mecklenburg,35.2401000008895,-80.785683,2024,10,41.0,29.0
2024-10-10,Hattie Avenue,Forsyth,36.11094,-80.224501,2024,10,33.0,21.0
2024-10-10,Leggett,Edgecombe,35.988278,-77.5843,2024,10,32.0,
2024-10-10,Mendenhall School,Guilford,36.1090060008986,-79.802314,2024,10,35.0,24.0
2024-10-10,Millbrook School,Wake,35.856111,-78.574167,2024,10,33.0,20.0
2024-10-10,Old High School,Swain,35.498711,-83.310242,2024,10,46.0,
2024-10-10,Pitt Agri. Center,Pitt,35.6412760008938,-77.360126,2024,10,32.0,19.0
2024-10-10,Rockwell,Rowan,35.551868,-80.395039,2024,10,40.0,
2024-10-10,West Johnston Co.,Johnston,35.59095,-78.4622,2024,10,35.0,27.0
2024-10-11,Bryson City,Swain,35.434767,-83.442133,2024,10,36.0,23.0
2024-10-11,Castle Hayne,New Hanover,34.364167,-77.838611,2024,10,27.0,13.5
2024-10-11,Clemmons Middle,Forsyth,36.026612,-80.341962,2024,10,35.0,25.0
2024-10-11,Durham Armory,Durham,36.0329550008979,-78.904037,2024,10,27.0,46.0
2024-10-11,Garinger High School,Mecklenburg,35.2401000008895,-80.785683,2024,10,32.0,47.0
2024-10-11,Hattie Avenue,Forsyth,36.11094,-80.224501,2024,10,33.0,24.0
2024-10-11,Leggett,Edgecombe,35.988278,-77.5843,2024,10,27.0,
2024-10-11,Mendenhall School,Guilford,36.1090060008986,-79.802314,2024,10,34.0,
2024-10-11,Millbrook School,Wake,35.856111,-78.574167,2024,10,28.0,24.0
2024-10-11,Old High School,Swain,35.498711,-83.310242,2024,10,38.0,
2024-10-11,Pitt Agri. Center,Pitt,35.6412760008938,-77.360126,2024,10,27.0,13.0
2024-10-11,Rockwell,Rowan,35.551868,-80.395039,2024,10,33.0,
2024-10-11,West Johnston Co.,Johnston,35.59095,-78.4622,2024,10,31.0,29.0
2024-10-12,Bryson City,Swain,35.434767,-83.442133,2024,10,34.0,39.0
2024-10-12,Castle Hayne,New Hanover,34.364167,-77.838611,2024,10,38.0,32.0
2024-10-12,Clemmons Middle,Forsyth,36.026612,-80.341962,2024,10,39.0,48.0
2024-10-12,Durham Armory,Durham,36.0329550008979,-78.904037,2024,10,42.0,55.0
2024-10-12,Garinger High School,Mecklenburg,35.2401000008895,-80.785683,2024,10,43.0,55.0
2024-10-12,Hattie Avenue,Forsyth,36.11094,-80.224501,2024,10,41.0,36.0
2024-10-12,Leggett,Edgecombe,35.988278,-77.5843,2024,10,42.0,34.0
2024-10-12,Mendenhall School,Guilford,36.1090060008986,-79.802314,2024,10,44.0,
2024-10-12,Millbrook School,Wake,35.856111,-78.574167,2024,10,41.0,44.5
2024-10-12,Old High School,Swain,35.498711,-83.310242,2024,10,38.0,51.0
2024-10-12,Pitt Agri. Center,Pitt,35.6412760008938,-77.360126,2024,10,42.0,32.0
2024-10-12,Rockwell,Rowan,35.551868,-80.395039,2024,10,47.0,
2024-10-12,West Johnston Co.,Johnston,35.59095,-78.4622,2024,10,41.0,53.0
2024-10-13,Bryson City,Swain,35.434767,-83.442133,2024,10,36.0,50.0
2024-10-13,Castle Hayne,New Hanover,34.364167,-77.838611,2024,10,46.0,36.5
2024-10-13,Clemmons Middle,Forsyth,36.026612,-80.341962,2024,10,44.0,51.0
2024-10-13,Durham Armory,Durham,36.0329550008979,-78.904037,2024,10,44.0,54.0
2024-10-13,Garinger High School,Mecklenburg,35.2401000008895,-80.785683,2024,10,44.0,56.0
2024-10-13,Hattie Avenue,Forsyth,36.11094,-80.224501,2024,10,46.0,54.0
2024-10-13,Leggett,Edgecombe,35.988278,-77.5843,2024,10,44.0,47.0
2024-10-13,Mendenhall School,Guilford,36.1090060008986,-79.802314,2024,10,47.0,
2024-10-13,Millbrook School,Wake,35.856111,-78.574167,2024,10,45.0,47.0
2024-10-13,Old High School,Swain,35.498711,-83.310242,2024,10,43.0,
2024-10-13,Pitt Agri. Center,Pitt,35.6412760008938,-77.360126,2024,10,44.0,39.0
2024-10-13,Rockwell,Rowan,35.551868,-80.395039,2024,10,47.0,
2024-10-13,West Johnston Co.,Johnston,35.59095,-78.4622,2024,10,46.0,53.0
2024-10-14,Bryson City,Swain,35.434767,-83.442133,2024,10,34.0,29.0
2024-10-14,Castle Hayne,New Hanover,34.364167,-77.838611,2024,10,44.0,48.0
2024-10-14,Clemmons Middle,Forsyth,36.026612,-80.341962,2024,10,40.0,38.0
2024-10-14,Durham Armory,Durham,36.0329550008979,-78.904037,2024,10,41.0,
2024-10-14,Garinger High School,Mecklenburg,35.2401000008895,-80.785683,2024,10,43.0,44.0
2024-10-14,Hattie Avenue,Forsyth,36.11094,-80.224501,2024,10,37.0,44.0
2024-10-14,Leggett,Edgecombe,35.988278,-77.5843,2024,10,42.0,38.0
2024-10-14,Mendenhall School,Guilford,36.1090060008986,-79.802314,2024,10,39.0,
2024-10-14,Millbrook School,Wake,35.856111,-78.574167,2024,10,43.0,41.0
2024-10-14,Old High School,Swain,35.498711,-83.310242,2024,10,39.0,
2024-10-14,Pitt Agri. Center,Pitt,35.6412760008938,-77.360126,2024,10,44.0,34.0
2024-10-14,Rockwell,Rowan,35.551868,-80.395039,2024,10,44.0,
2024-10-14,West Johnston Co.,Johnston,35.59095,-78.4622,2024,10,46.0,42.0
2024-10-15,Bryson City,Swain,35.434767,-83.442133,2024,10,29.0,13.0
2024-10-15,Castle Hayne,New Hanover,34.364167,-77.838611,2024,10,31.0,25.0
2024-10-15,Clemmons Middle,Forsyth,36.026612,-80.341962,2024,10,29.0,25.0
2024-10-15,Durham Armory,Durham,36.0329550008979,-78.904037,2024,10,30.0,
2024-10-15,Garinger High School,Mecklenburg,35.2401000008895,-80.785683,2024,10,30.0,18.0
2024-10-15,Hattie Avenue,Forsyth,36.11094,-80.224501,2024,10,30.0,23.5
2024-10-15,Leggett,Edgecombe,35.988278,-77.5843,2024,10,31.0,16.0
2024-10-15,Mendenhall School,Guilford,36.1090060008986,-79.802314,2024,10,29.0,
2024-10-15,Millbrook School,Wake,35.856111,-78.574167,2024,10,31.0,19.5
2024-10-15,Old High School,Swain,35.498711,-83.310242,2024,10,31.0,21.0
2024-10-15,Pitt Agri. Center,Pitt,35.6412760008938,-77.360126,2024,10,31.0,11.0
2024-10-15,Rockwell,Rowan,35.551868,-80.395039,2024,10,31.0,
2024-10-15,West Johnston Co.,Johnston,35.59095,-78.4622,2024,10,33.0,48.0
2024-10-16,Bryson City,Swain,35.434767,-83.442133,2024,10,30.0,11.0
2024-10-16,Castle Hayne,New Hanover,34.364167,-77.838611,2024,10,23.0,21.5
2024-10-16,Clemmons Middle,Forsyth,36.026612,-80.341962,2024,10,25.0,13.0
2024-10-16,Durham Armory,Durham,36.0329550008979,-78.904037,2024,10,25.0,
2024-10-16,Garinger High School,Mecklenburg,35.2401000008895,-80.785683,2024,10,26.0,8.0
2024-10-16,Hattie Avenue,Forsyth,36.11094,-80.224501,2024,10,25.0,15.0
2024-10-16,Leggett,Edgecombe,35.988278,-77.5843,2024,10,27.0,14.0
2024-10-16,Mendenhall School,Guilford,36.1090060008986,-79.802314,2024,10,25.0,9.0
2024-10-16,Millbrook School,Wake,35.856111,-78.574167,2024,10,26.0,15.0
2024-10-16,Old High School,Swain,35.498711,-83.310242,2024,10,32.0,
2024-10-16,Pitt Agri. Center,Pitt,35.6412760008938,-77.360126,2024,10,26.0,8.0
2024-10-16,Rockwell,Rowan,35.551868,-80.395039,2024,10,26.0,7.0
2024-10-16,West Johnston Co.,Johnston,35.59095,-78.4622,2024,10,29.0,18.0
2024-10-17,Bryson City,Swain,35.434767,-83.442133,2024,10,30.0,17.0
2024-10-17,Castle Hayne,New Hanover,34.364167,-77.838611,2024,10,32.0,16.0
2024-10-17,Clemmons Middle,Forsyth,36.026612,-80.341962,2024,10,32.0,23.0
2024-10-17,Durham Armory,Durham,36.0329550008979,-78.904037,2024,10,31.0,
2024-10-17,Garinger High School,Mecklenburg,35.2401000008895,-80.785683,2024,10,33.0,22.0
2024-10-17,Hattie Avenue,Forsyth,36.11094,-80.224501,2024,10,34.0,33.0
2024-10-17,Leggett,Edgecombe,35.988278,-77.5843,2024,10,31.0,19.0
2024-10-17,Mendenhall School,Guilford,36.1090060008986,-79.802314,2024,10,32.0,24.0
2024-10-17,Millbrook School,Wake,35.856111,-78.574167,2024,10,31.0,17.0
2024-10-17,Old High School,Swain,35.498711,-83.310242,2024,10,32.0,
2024-10-17,Pitt Agri. Center,Pitt,35.6412760008938,-77.360126,2024,10,31.0,9.0
2024-10-17,Rockwell,Rowan,35.551868,-80.395039,2024,10,33.0,23.0
2024-10-17,West Johnston Co.,Johnston,35.59095,-78.4622,2024,10,32.0,21.0
2024-10-18,Bryson City,Swain,35.434767,-83.442133,2024,10,32.0,42.0
2024-10-18,Castle Hayne,New Hanover,34.364167,-77.838611,2024,10,34.0,23.0
2024-10-18,Clemmons Middle,Forsyth,36.026612,-80.341962,2024,10,33.0,28.0
2024-10-18,Durham Armory,Durham,36.0329550008979,-78.904037,2024,10,33.0,
2024-10-18,Frying Pan Mountain,Haywood,35.379167,-82.7925,2024,10,47.0,13.0
2024-10-18,Garinger High School,Mecklenburg,35.2401000008895,-80.785683,2024,10,35.0,47.5
2024-10-18,Hattie Avenue,Forsyth,36.11094,-80.224501,2024,10,34.0,29.0
2024-10-18,Leggett,Edgecombe,35.988278,-77.5843,2024,10,33.0,15.0
2024-10-18,Mendenhall School,Guilford,36.1090060008986,-79.802314,2024,10,35.0,34.0
2024-10-18,Millbrook School,Wake,35.856111,-78.574167,2024,10,34.0,27.5
2024-10-18,Old High School,Swain,35.498711,-83.310242,2024,10,40.0,18.0
2024-10-18,Pitt Agri. Center,Pitt,35.6412760008938,-77.360126,2024,10,32.0,25.0
2024-10-18,Rockwell,Rowan,35.551868,-80.395039,2024,10,38.0,33.0
2024-10-18,West Johnston Co.,Johnston,35.59095,-78.4622,2024,10,35.0,31.0
2024-10-19,Bryson City,Swain,35.434767,-83.442133,2024,10,32.0,41.0
2024-10-19,Castle Hayne,New Hanover,34.364167,-77.838611,2024,10,33.0,27.0
2024-10-19,Clemmons Middle,Forsyth,36.026612,-80.341962,2024,10,40.0,32.0
2024-10-19,Durham Armory,Durham,36.0329550008979,-78.904037,2024,10,37.0,44.0
2024-10-19,Frying Pan Mountain,Haywood,35.379167,-82.7925,2024,10,47.0,
2024-10-19,Garinger High School,Mecklenburg,35.2401000008895,-80.785683,2024,10,42.0,48.0
2024-10-19,Hattie Avenue,Forsyth,36.11094,-80.224501,2024,10,38.0,26.0
2024-10-19,Leggett,Edgecombe,35.988278,-77.5843,2024,10,35.0,27.0
2024-10-19,Mendenhall School,Guilford,36.1090060008986,-79.802314,2024,10,40.0,46.0
2024-10-19,Millbrook School,Wake,35.856111,-78.574167,2024,10,39.0,33.0
2024-10-19,Old High School,Swain,35.498711,-83.310242,2024,10,39.0,
2024-10-19,Pitt Agri. Center,Pitt,35.6412760008938,-77.360126,2024,10,34.0,28.0
2024-10-19,Rockwell,Rowan,35.551868,-80.395039,2024,10,41.0,52.0
2024-10-19,West Johnston Co.,Johnston,35.59095,-78.4622,2024,10,39.0,39.0
2024-10-20,Bryson City,Swain,35.434767,-83.442133,2024,10,31.0,27.0
2024-10-20,Castle Hayne,New Hanover,34.364167,-77.838611,2024,10,30.0,24.0
2024-10-20,Clemmons Middle,Forsyth,36.026612,-80.341962,2024,10,40.0,35.0
2024-10-20,Durham Armory,Durham,36.0329550008979,-78.904037,2024,10,38.0,39.0
2024-10-20,Frying Pan Mountain,Haywood,35.379167,-82.7925,2024,10,44.0,
2024-10-20,Garinger High School,Mecklenburg,35.2401000008895,-80.785683,2024,10,44.0,55.0
2024-10-20,Hattie Avenue,Forsyth,36.11094,-80.224501,2024,10,40.0,43.0
2024-10-20,Leggett,Edgecombe,35.988278,-77.5843,2024,10,32.0,32.0
2024-10-20,Mendenhall School,Guilford,36.1090060008986,-79.802314,2024,10,40.0,47.0
2024-10-20,Millbrook School,Wake,35.856111,-78.574167,2024,10,39.0,43.0
2024-10-20,Old High School,Swain,35.498711,-83.310242,2024,10,36.0,
2024-10-20,Pitt Agri. Center,Pitt,35.6412760008938,-77.360126,2024,10,32.0,21.0
2024-10-20,Rockwell,Rowan,35.551868,-80.395039,2024,10,43.0,54.0
2024-10-20,West Johnston Co.,Johnston,35.59095,-78.4622,2024,10,39.0,53.0
2024-10-21,Bryson City,Swain,35.434767,-83.442133,2024,10,32.0,29.0
2024-10-21,Castle Hayne,New Hanover,34.364167,-77.838611,2024,10,36.0,28.0
2024-10-21,Clemmons Middle,Forsyth,36.026612,-80.341962,2024,10,42.0,44.5
2024-10-21,Durham Armory,Durham,36.0329550008979,-78.904037,2024,10,41.0,
2024-10-21,Frying Pan Mountain,Haywood,35.379167,-82.7925,2024,10,48.0,18.0
2024-10-21,Garinger High School,Mecklenburg,35.2401000008895,-80.785683,2024,10,44.0,56.5
2024-10-21,Hattie Avenue,Forsyth,36.11094,-80.224501,2024,10,44.0,42.5
2024-10-21,Leggett,Edgecombe,35.988278,-77.5843,2024,10,43.0,28.0
2024-10-21,Mendenhall School,Guilford,36.1090060008986,-79.802314,2024,10,41.0,36.0
2024-10-21,Millbrook School,Wake,35.856111,-78.574167,2024,10,42.0,46.0
2024-10-21,Old High School,Swain,35.498711,-83.310242,2024,10,38.0,30.0
2024-10-21,Pitt Agri. Center,Pitt,35.6412760008938,-77.360126,2024,10,44.0,27.0
2024-10-21,Rockwell,Rowan,35.551868,-80.395039,2024,10,43.0,50.0
2024-10-21,West Johnston Co.,Johnston,35.59095,-78.4622,2024,10,45.0,60.0
2024-10-22,Bryson City,Swain,35.434767,-83.442133,2024,10,39.0,39.0
2024-10-22,Castle Hayne,New Hanover,34.364167,-77.838611,2024,10,35.0,37.0
2024-10-22,Clemmons Middle,Forsyth,36.026612,-80.341962,2024,10,44.0,37.0
2024-10-22,Durham Armory,Durham,36.0329550008979,-78.904037,2024,10,44.0,
2024-10-22,Frying Pan Mountain,Haywood,35.379167,-82.7925,2024,10,45.0,
2024-10-22,Garinger High School,Mecklenburg,35.2401000008895,-80.785683,2024,10,47.0,
2024-10-22,Hattie Avenue,Forsyth,36.11094,-80.224501,2024,10,50.0,49.0
2024-10-22,Leggett,Edgecombe,35.988278,-77.5843,2024,10,44.0,39.0
2024-10-22,Mendenhall School,Guilford,36.1090060008986,-79.802314,2024,10,54.0,52.0
2024-10-22,Millbrook School,Wake,35.856111,-78.574167,2024,10,46.0,48.0
2024-10-22,Old High School,Swain,35.498711,-83.310242,2024,10,44.0,
2024-10-22,Pitt Agri. Center,Pitt,35.6412760008938,-77.360126,2024,10,44.0,46.0
2024-10-22,Rockwell,Rowan,35.551868,-80.395039,2024,10,44.0,55.0
2024-10-22,West Johnston Co.,Johnston,35.59095,-78.4622,2024,10,47.0,52.0
2024-10-23,Bryson City,Swain,35.434767,-83.442133,2024,10,36.0,50.0
2024-10-23,Castle Hayne,New Hanover,34.364167,-77.838611,2024,10,33.0,36.0
2024-10-23,Clemmons Middle,Forsyth,36.026612,-80.341962,2024,10,47.0,43.0
2024-10-23,Durham Armory,Durham,36.0329550008979,-78.904037,2024,10,44.0,
2024-10-23,Frying Pan Mountain,Haywood,35.379167,-82.7925,2024,10,48.0,
2024-10-23,Garinger High School,Mecklenburg,35.2401000008895,-80.785683,2024,10,44.0,
2024-10-23,Hattie Avenue,Forsyth,36.11094,-80.224501,2024,10,45.0,51.0
2024-10-23,Leggett,Edgecombe,35.988278,-77.5843,2024,10,39.0,46.0
2024-10-23,Mendenhall School,Guilford,36.1090060008986,-79.802314,2024,10,51.0,47.0
2024-10-23,Millbrook School,Wake,35.856111,-78.574167,2024,10,43.0,54.0
2024-10-23,Old High School,Swain,35.498711,-83.310242,2024,10,39.0,
2024-10-23,Pitt Agri. Center,Pitt,35.6412760008938,-77.360126,2024,10,35.0,43.0
2024-10-23,Rockwell,Rowan,35.551868,-80.395039,2024,10,44.0,51.0
2024-10-23,West Johnston Co.,Johnston,35.59095,-78.4622,2024,10,44.0,55.0
2024-10-24,Bryson City,Swain,35.434767,-83.442133,2024,10,42.0,
2024-10-24,Castle Hayne,New Hanover,34.364167,-77.838611,2024,10,47.0,58.0
2024-10-24,Clemmons Middle,Forsyth,36.026612,-80.341962,2024,10,44.0,52.0
2024-10-24,Durham Armory,Durham,36.0329550008979,-78.904037,2024,10,44.0,52.0
2024-10-24,Frying Pan Mountain,Haywood,35.379167,-82.7925,2024,10,64.0,
2024-10-24,Garinger High School,Mecklenburg,35.2401000008895,-80.785683,2024,10,50.0,55.0
2024-10-24,Hattie Avenue,Forsyth,36.11094,-80.224501,2024,10,45.0,54.0
2024-10-24,Leggett,Edgecombe,35.988278,-77.5843,2024,10,40.0,43.0
2024-10-24,Mendenhall School,Guilford,36.1090060008986,-79.802314,2024,10,44.0,50.0
2024-10-24,Millbrook School,Wake,35.856111,-78.574167,2024,10,43.0,54.5
2024-10-24,Old High School,Swain,35.498711,-83.310242,2024,10,48.0,35.0
2024-10-24,Pitt Agri. Center,Pitt,35.6412760008938,-77.360126,2024,10,41.0,44.0
2024-10-24,Rockwell,Rowan,35.551868,-80.395039,2024,10,46.0,41.0
2024-10-24,West Johnston Co.,Johnston,35.59095,-78.4622,2024,10,45.0,
2024-10-25,Bryson City,Swain,35.434767,-83.442133,2024,10,41.0,
2024-10-25,Castle Hayne,New Hanover,34.364167,-77.838611,2024,10,42.0,46.0
2024-10-25,Clemmons Middle,Forsyth,36.026612,-80.341962,2024,10,51.0,57.0
2024-10-25,Durham Armory,Durham,36.0329550008979,-78.904037,2024,10,40.0,51.0
2024-10-25,Frying Pan Mountain,Haywood,35.379167,-82.7925,2024,10,49.0,
2024-10-25,Garinger High School,Mecklenburg,35.2401000008895,-80.785683,2024,10,49.0,
2024-10-25,Hattie Avenue,Forsyth,36.11094,-80.224501,2024,10,51.0,60.0
2024-10-25,Leggett,Edgecombe,35.988278,-77.5843,2024,10,39.0,34.0
2024-10-25,Mendenhall School,Guilford,36.1090060008986,-79.802314,2024,10,50.0,56.0
2024-10-25,Millbrook School,Wake,35.856111,-78.574167,2024,10,40.0,53.0
2024-10-25,Old High School,Swain,35.498711,-83.310242,2024,10,43.0,
2024-10-25,Pitt Agri. Center,Pitt,35.6412760008938,-77.360126,2024,10,42.0,46.0
2024-10-25,Rockwell,Rowan,35.551868,-80.395039,2024,10,54.0,57.0
2024-10-25,West Johnston Co.,Johnston,35.59095,-78.4622,2024,10,43.0,
2024-10-26,Bryson City,Swain,35.434767,-83.442133,2024,10,42.0,59.0
2024-10-26,Castle Hayne,New Hanover,34.364167,-77.838611,2024,10,44.0,58.0
2024-10-26,Clemmons Middle,Forsyth,36.026612,-80.341962,2024,10,42.0,57.0
2024-10-26,Durham Armory,Durham,36.0329550008979,-78.904037,2024,10,43.0,49.0
2024-10-26,Frying Pan Mountain,Haywood,35.379167,-82.7925,2024,10,48.0,
2024-10-26,Garinger High School,Mecklenburg,35.2401000008895,-80.785683,2024,10,50.0,61.0
2024-10-26,Hattie Avenue,Forsyth,36.11094,-80.224501,2024,10,45.0,58.0
2024-10-26,Leggett,Edgecombe,35.988278,-77.5843,2024,10,39.0,53.0
2024-10-26,Mendenhall School,Guilford,36.1090060008986,-79.802314,2024,10,43.0,55.0
2024-10-26,Millbrook School,Wake,35.856111,-78.574167,2024,10,42.0,58.0
2024-10-26,Old High School,Swain,35.498711,-83.310242,2024,10,38.0,
2024-10-26,Pitt Agri. Center,Pitt,35.6412760008938,-77.360126,2024,10,41.0,51.0
2024-10-26,Rockwell,Rowan,35.551868,-80.395039,2024,10,44.0,57.0
2024-10-26,West Johnston Co.,Johnston,35.59095,-78.4622,2024,10,43.0,57.0
2024-10-27,Bryson City,Swain,35.434767,-83.442133,2024,10,31.0,52.0
2024-10-27,Castle Hayne,New Hanover,34.364167,-77.838611,2024,10,29.0,31.0
2024-10-27,Clemmons Middle,Forsyth,36.026612,-80.341962,2024,10,29.0,35.0
2024-10-27,Durham Armory,Durham,36.0329550008979,-78.904037,2024,10,27.0,36.0
2024-10-27,Frying Pan Mountain,Haywood,35.379167,-82.7925,2024,10,38.0,
2024-10-27,Garinger High School,Mecklenburg,35.2401000008895,-80.785683,2024,10,30.0,44.0
2024-10-27,Hattie Avenue,Forsyth,36.11094,-80.224501,2024,10,30.0,35.5
2024-10-27,Leggett,Edgecombe,35.988278,-77.5843,2024,10,25.0,36.0
2024-10-27,Mendenhall School,Guilford,36.1090060008986,-79.802314,2024,10,26.0,40.0
2024-10-27,Millbrook School,Wake,35.856111,-78.574167,2024,10,27.0,34.5
2024-10-27,Old High School,Swain,35.498711,-83.310242,2024,10,33.0,52.0
2024-10-27,Pitt Agri. Center,Pitt,35.6412760008938,-77.360126,2024,10,25.0,24.0
2024-10-27,Rockwell,Rowan,35.551868,-80.395039,2024,10,29.0,35.0
2024-10-27,West Johnston Co.,Johnston,35.59095,-78.4622,2024,10,30.0,38.0
2024-10-28,Bryson City,Swain,35.434767,-83.442133,2024,10,37.0,34.0
2024-10-28,Castle Hayne,New Hanover,34.364167,-77.838611,2024,10,35.0,28.0
2024-10-28,Clemmons Middle,Forsyth,36.026612,-80.341962,2024,10,36.0,47.0
2024-10-28,Durham Armory,Durham,36.0329550008979,-78.904037,2024,10,35.0,47.0
2024-10-28,Frying Pan Mountain,Haywood,35.379167,-82.7925,2024,10,58.0,
2024-10-28,Garinger High School,Mecklenburg,35.2401000008895,-80.785683,2024,10,41.0,54.0
2024-10-28,Hattie Avenue,Forsyth,36.11094,-80.224501,2024,10,38.0,53.0
2024-10-28,Leggett,Edgecombe,35.988278,-77.5843,2024,10,36.0,26.0
2024-10-28,Mendenhall School,Guilford,36.1090060008986,-79.802314,2024,10,36.0,48.0
2024-10-28,Millbrook School,Wake,35.856111,-78.574167,2024,10,36.0,48.0
2024-10-28,Old High School,Swain,35.498711,-83.310242,2024,10,39.0,
2024-10-28,Pitt Agri. Center,Pitt,35.6412760008938,-77.360126,2024,10,37.0,22.0
2024-10-28,Rockwell,Rowan,35.551868,-80.395039,2024,10,34.0,53.0
2024-10-28,West Johnston Co.,Johnston,35.59095,-78.4622,2024,10,39.0,37.0
2024-10-29,Bryson City,Swain,35.434767,-83.442133,2024,10,37.0,42.0
2024-10-29,Castle Hayne,New Hanover,34.364167,-77.838611,2024,10,31.0,25.0
2024-10-29,Clemmons Middle,Forsyth,36.026612,-80.341962,2024,10,44.0,54.0
2024-10-29,Durham Armory,Durham,36.0329550008979,-78.904037,2024,10,38.0,52.0
2024-10-29,Frying Pan Mountain,Haywood,35.379167,-82.7925,2024,10,44.0,
2024-10-29,Garinger High School,Mecklenburg,35.2401000008895,-80.785683,2024,10,37.0,54.0
2024-10-29,Hattie Avenue,Forsyth,36.11094,-80.224501,2024,10,44.0,58.0
2024-10-29,Leggett,Edgecombe,35.988278,-77.5843,2024,10,35.0,34.0
2024-10-29,Mendenhall School,Guilford,36.1090060008986,-79.802314,2024,10,42.0,52.0
2024-10-29,Millbrook School,Wake,35.856111,-78.574167,2024,10,36.0,51.0
2024-10-29,Old High School,Swain,35.498711,-83.310242,2024,10,43.0,
2024-10-29,Pitt Agri. Center,Pitt,35.6412760008938,-77.360126,2024,10,33.0,36.0
2024-10-29,Rockwell,Rowan,35.551868,-80.395039,2024,10,37.0,52.0
2024-10-29,West Johnston Co.,Johnston,35.59095,-78.4622,2024,10,35.0,56.0
2024-10-30,Bryson City,Swain,35.434767,-83.442133,2024,10,35.0,33.0
2024-10-30,Castle Hayne,New Hanover,34.364167,-77.838611,2024,10,40.0,27.0
2024-10-30,Clemmons Middle,Forsyth,36.026612,-80.341962,2024,10,41.0,52.0
2024-10-30,Durham Armory,Durham,36.0329550008979,-78.904037,2024,10,34.0,48.0
2024-10-30,Frying Pan Mountain,Haywood,35.379167,-82.7925,2024,10,33.0,7.0
2024-10-30,Garinger High School,Mecklenburg,35.2401000008895,-80.785683,2024,10,37.0,55.0
2024-10-30,Hattie Avenue,Forsyth,36.11094,-80.224501,2024,10,39.0,56.0
2024-10-30,Leggett,Edgecombe,35.988278,-77.5843,2024,10,31.0,37.0
2024-10-30,Mendenhall School,Guilford,36.1090060008986,-79.802314,2024,10,38.0,52.0
2024-10-30,Millbrook School,Wake,35.856111,-78.574167,2024,10,33.0,53.5
2024-10-30,Old High School,Swain,35.498711,-83.310242,2024,10,41.0,27.0
2024-10-30,Pitt Agri. Center,Pitt,35.6412760008938,-77.360126,2024,10,31.0,40.0
2024-10-30,Rockwell,Rowan,35.551868,-80.395039,2024,10,37.0,41.0
2024-10-30,West Johnston Co.,Johnston,35.59095,-78.4622,2024,10,37.0,53.0
2024-10-31,Bryson City,Swain,35.434767,-83.442133,2024,10,36.0,28.0
2024-10-31,Castle Hayne,New Hanover,34.364167,-77.838611,2024,10,36.0,17.5
2024-10-31,Clemmons Middle,Forsyth,36.026612,-80.341962,2024,10,,46.0
2024-10-31,Durham Armory,Durham,36.0329550008979,-78.904037,2024,10,33.0,42.0
2024-10-31,Frying Pan Mountain,Haywood,35.379167,-82.7925,2024,10,38.0,
2024-10-31,Garinger High School,Mecklenburg,35.2401000008895,-80.785683,2024,10,35.0,47.0
2024-10-31,Hattie Avenue,Forsyth,36.11094,-80.224501,2024,10,,49.0
2024-10-31,Leggett,Edgecombe,35.988278,-77.5843,2024,10,34.0,32.0
2024-10-31,Mendenhall School,Guilford,36.1090060008986,-79.802314,2024,10,38.0,49.0
2024-10-31,Millbrook School,Wake,35.856111,-78.574167,2024,10,34.0,38.0
2024-10-31,Pitt Agri. Center,Pitt,35.6412760008938,-77.360126,2024,10,34.0,19.0
2024-10-31,Rockwell,Rowan,35.551868,-80.395039,2024,10,37.0,40.0
2024-10-31,West Johnston Co.,Johnston,35.59095,-78.4622,2024,10,37.0,31.0
2024-11-01,Bryson City,Swain,35.434767,-83.442133,2024,11,,29.0
2024-11-01,Castle Hayne,New Hanover,34.364167,-77.838611,2024,11,,16.0
2024-11-01,Clemmons Middle,Forsyth,36.026612,-80.341962,2024,11,,44.0
2024-11-01,Durham Armory,Durham,36.0329550008979,-78.904037,2024,11,,26.0
2024-11-01,Frying Pan Mountain,Haywood,35.379167,-82.7925,2024,11,33.0,
2024-11-01,Garinger High School,Mecklenburg,35.2401000008895,-80.785683,2024,11,27.0,48.0
2024-11-01,Hattie Avenue,Forsyth,36.11094,-80.224501,2024,11,,50.0
2024-11-01,Leggett,Edgecombe,35.988278,-77.5843,2024,11,,34.0
2024-11-01,Mendenhall School,Guilford,36.1090060008986,-79.802314,2024,11,,42.0
2024-11-01,Millbrook School,Wake,35.856111,-78.574167,2024,11,31.0,36.0
2024-11-01,Pitt Agri. Center,Pitt,35.6412760008938,-77.360126,2024,11,34.0,21.0
2024-11-01,Rockwell,Rowan,35.551868,-80.395039,2024,11,27.0,47.0
2024-11-01,West Johnston Co.,Johnston,35.59095,-78.4622,2024,11,,38.0
2024-11-02,Bryson City,Swain,35.434767,-83.442133,2024,11,,24.0
2024-11-02,Castle Hayne,New Hanover,34.364167,-77.838611,2024,11,,38.0
2024-11-02,Clemmons Middle,Forsyth,36.026612,-80.341962,2024,11,,35.5
2024-11-02,Durham Armory,Durham,36.0329550008979,-78.904037,2024,11,,37.0
2024-11-02,Frying Pan Mountain,Haywood,35.379167,-82.7925,2024,11,30.0,15.0
2024-11-02,Garinger High School,Mecklenburg,35.2401000008895,-80.785683,2024,11,31.0,52.5
2024-11-02,Hattie Avenue,Forsyth,36.11094,-80.224501,2024,11,,37.5
2024-11-02,Leggett,Edgecombe,35.988278,-77.5843,2024,11,,35.0
2024-11-02,Mendenhall School,Guilford,36.1090060008986,-79.802314,2024,11,,37.0
2024-11-02,Millbrook School,Wake,35.856111,-78.574167,2024,11,34.0,43.0
2024-11-02,Old High School,Swain,35.498711,-83.310242,2024,11,,32.5
2024-11-02,Pitt Agri. Center,Pitt,35.6412760008938,-77.360126,2024,11,31.0,29.0
2024-11-02,Rockwell,Rowan,35.551868,-80.395039,2024,11,33.0,40.0
2024-11-02,West Johnston Co.,Johnston,35.59095,-78.4622,2024,11,,53.0
2024-11-03,Bryson City,Swain,35.434767,-83.442133,2024,11,,38.0
2024-11-03,Castle Hayne,New Hanover,34.364167,-77.838611,2024,11,,24.5
2024-11-03,Clemmons Middle,Forsyth,36.026612,-80.341962,2024,11,,37.0
2024-11-03,Durham Armory,Durham,36.0329550008979,-78.904037,2024,11,,44.0
2024-11-03,Frying Pan Mountain,Haywood,35.379167,-82.7925,2024,11,38.0,
2024-11-03,Garinger High School,Mecklenburg,35.2401000008895,-80.785683,2024,11,36.0,52.0
2024-11-03,Hattie Avenue,Forsyth,36.11094,-80.224501,2024,11,,37.0
2024-11-03,Leggett,Edgecombe,35.988278,-77.5843,2024,11,,38.0
2024-11-03,Mendenhall School,Guilford,36.1090060008986,-79.802314,2024,11,,44.0
2024-11-03,Millbrook School,Wake,35.856111,-78.574167,2024,11,37.0,37.0
2024-11-03,Pitt Agri. Center,Pitt,35.6412760008938,-77.360126,2024,11,36.0,22.0
2024-11-03,Rockwell,Rowan,35.551868,-80.395039,2024,11,37.0,45.0
2024-11-03,West Johnston Co.,Johnston,35.59095,-78.4622,2024,11,,37.0
2024-11-04,Bryson City,Swain,35.434767,-83.442133,2024,11,,23.0
2024-11-04,Castle Hayne,New Hanover,34.364167,-77.838611,2024,11,,25.0
2024-11-04,Clemmons Middle,Forsyth,36.026612,-80.341962,2024,11,,33.0
2024-11-04,Durham Armory,Durham,36.0329550008979,-78.904037,2024,11,,28.0
2024-11-04,Frying Pan Mountain,Haywood,35.379167,-82.7925,2024,11,35.0,
2024-11-04,Garinger High School,Mecklenburg,35.2401000008895,-80.785683,2024,11,30.0,37.0
2024-11-04,Hattie Avenue,Forsyth,36.11094,-80.224501,2024,11,,33.0
2024-11-04,Leggett,Edgecombe,35.988278,-77.5843,2024,11,,28.0
2024-11-04,Mendenhall School,Guilford,36.1090060008986,-79.802314,2024,11,,37.0
2024-11-04,Millbrook School,Wake,35.856111,-78.574167,2024,11,31.0,34.0
2024-11-04,Pitt Agri. Center,Pitt,35.6412760008938,-77.360126,2024,11,,23.0
2024-11-04,Rockwell,Rowan,35.551868,-80.395039,2024,11,30.0,38.0
2024-11-04,West Johnston Co.,Johnston,35.59095,-78.4622,2024,11,,26.0
2024-11-05,Bryson City,Swain,35.434767,-83.442133,2024,11,,22.0
2024-11-05,Castle Hayne,New Hanover,34.364167,-77.838611,2024,11,,27.0
2024-11-05,Clemmons Middle,Forsyth,36.026612,-80.341962,2024,11,,41.0
2024-11-05,Durham Armory,Durham,36.0329550008979,-78.904037,2024,11,,41.0
2024-11-05,Frying Pan Mountain,Haywood,35.379167,-82.7925,2024,11,29.0,1.0
2024-11-05,Garinger High School,Mecklenburg,35.2401000008895,-80.785683,2024,11,20.0,44.0
2024-11-05,Hattie Avenue,Forsyth,36.11094,-80.224501,2024,11,,43.5
2024-11-05,Leggett,Edgecombe,35.988278,-77.5843,2024,11,,26.0
2024-11-05,Mendenhall School,Guilford,36.1090060008986,-79.802314,2024,11,,47.0
2024-11-05,Millbrook School,Wake,35.856111,-78.574167,2024,11,31.0,40.5
2024-11-05,Old High School,Swain,35.498711,-83.310242,2024,11,,18.0
2024-11-05,Pitt Agri. Center,Pitt,35.6412760008938,-77.360126,2024,11,,17.0
2024-11-05,Rockwell,Rowan,35.551868,-80.395039,2024,11,31.0,52.0
2024-11-05,West Johnston Co.,Johnston,35.59095,-78.4622,2024,11,,31.0
2024-11-06,Bryson City,Swain,35.434767,-83.442133,2024,11,,23.0
2024-11-06,Castle Hayne,New Hanover,34.364167,-77.838611,2024,11,,28.0
2024-11-06,Clemmons Middle,Forsyth,36.026612,-80.341962,2024,11,,44.0
2024-11-06,Durham Armory,Durham,36.0329550008979,-78.904037,2024,11,,37.0
2024-11-06,Frying Pan Mountain,Haywood,35.379167,-82.7925,2024,11,28.0,
2024-11-06,Garinger High School,Mecklenburg,35.2401000008895,-80.785683,2024,11,23.0,31.0
2024-11-06,Hattie Avenue,Forsyth,36.11094,-80.224501,2024,11,,46.0
2024-11-06,Leggett,Edgecombe,35.988278,-77.5843,2024,11,,35.0
2024-11-06,Mendenhall School,Guilford,36.1090060008986,-79.802314,2024,11,,47.0
2024-11-06,Millbrook School,Wake,35.856111,-78.574167,2024,11,29.0,45.0
2024-11-06,Pitt Agri. Center,Pitt,35.6412760008938,-77.360126,2024,11,,32.0
2024-11-06,Rockwell,Rowan,35.551868,-80.395039,2024,11,28.0,37.0
2024-11-06,West Johnston Co.,Johnston,35.59095,-78.4622,2024,11,,51.0
2024-11-07,Bryson City,Swain,35.434767,-83.442133,2024,11,,24.0
2024-11-07,Castle Hayne,New Hanover,34.364167,-77.838611,2024,11,,32.0
2024-11-07,Clemmons Middle,Forsyth,36.026612,-80.341962,2024,11,,29.0
2024-11-07,Durham Armory,Durham,36.0329550008979,-78.904037,2024,11,,52.0
2024-11-07,Frying Pan Mountain,Haywood,35.379167,-82.7925,2024,11,31.0,
2024-11-07,Garinger High School,Mecklenburg,35.2401000008895,-80.785683,2024,11,24.0,24.0
2024-11-07,Hattie Avenue,Forsyth,36.11094,-80.224501,2024,11,,32.0
2024-11-07,Leggett,Edgecombe,35.988278,-77.5843,2024,11,,44.0
2024-11-07,Mendenhall School,Guilford,36.1090060008986,-79.802314,2024,11,,33.0
2024-11-07,Millbrook School,Wake,35.856111,-78.574167,2024,11,25.0,48.0
2024-11-07,Pitt Agri. Center,Pitt,35.6412760008938,-77.360126,2024,11,,40.0
2024-11-07,Rockwell,Rowan,35.551868,-80.395039,2024,11,28.0,29.0
2024-11-07,West Johnston Co.,Johnston,35.59095,-78.4622,2024,11,,52.0
2024-11-08,Bryson City,Swain,35.434767,-83.442133,2024,11,,22.0
2024-11-08,Castle Hayne,New Hanover,34.364167,-77.838611,2024,11,,37.0
2024-11-08,Clemmons Middle,Forsyth,36.026612,-80.341962,2024,11,,39.5
2024-11-08,Durham Armory,Durham,36.0329550008979,-78.904037,2024,11,,56.0
2024-11-08,Frying Pan Mountain,Haywood,35.379167,-82.7925,2024,11,33.0,18.0
2024-11-08,Garinger High School,Mecklenburg,35.2401000008895,-80.785683,2024,11,27.0,43.0
2024-11-08,Hattie Avenue,Forsyth,36.11094,-80.224501,2024,11,,47.0
2024-11-08,Leggett,Edgecombe,35.988278,-77.5843,2024,11,,57.0
2024-11-08,Linville Falls,Avery,35.972347,-81.933072,2024,11,,27.0
2024-11-08,Mendenhall School,Guilford,36.1090060008986,-79.802314,2024,11,,45.0
2024-11-08,Millbrook School,Wake,35.856111,-78.574167,2024,11,27.0,58.0
2024-11-08,Old High School,Swain,35.498711,-83.310242,2024,11,,26.0
2024-11-08,Pitt Agri. Center,Pitt,35.6412760008938,-77.360126,2024,11,,55.0
2024-11-08,Rockwell,Rowan,35.551868,-80.395039,2024,11,27.0,49.0
2024-11-08,West Johnston Co.,Johnston,35.59095,-78.4622,2024,11,,56.0
2024-11-09,Bryson City,Swain,35.434767,-83.442133,2024,11,,33.0
2024-11-09,Castle Hayne,New Hanover,34.364167,-77.838611,2024,11,,36.0
2024-11-09,Clemmons Middle,Forsyth,36.026612,-80.341962,2024,11,,33.0
2024-11-09,Durham Armory,Durham,36.0329550008979,-78.904037,2024,11,,42.0
2024-11-09,Frying Pan Mountain,Haywood,35.379167,-82.7925,2024,11,36.0,
2024-11-09,Garinger High School,Mecklenburg,35.2401000008895,-80.785683,2024,11,37.0,31.0
2024-11-09,Hattie Avenue,Forsyth,36.11094,-80.224501,2024,11,,26.0
2024-11-09,Leggett,Edgecombe,35.988278,-77.5843,2024,11,,26.0
2024-11-09,Mendenhall School,Guilford,36.1090060008986,-79.802314,2024,11,,36.0
2024-11-09,Millbrook School,Wake,35.856111,-78.574167,2024,11,34.0,35.0
2024-11-09,Pitt Agri. Center,Pitt,35.6412760008938,-77.360126,2024,11,,22.0
2024-11-09,Rockwell,Rowan,35.551868,-80.395039,2024,11,37.0,44.0
2024-11-09,West Johnston Co.,Johnston,35.59095,-78.4622,2024,11,,33.0
2024-11-10,Bryson City,Swain,35.434767,-83.442133,2024,11,,39.0
2024-11-10,Castle Hayne,New Hanover,34.364167,-77.838611,2024,11,,18.5
2024-11-10,Clemmons Middle,Forsyth,36.026612,-80.341962,2024,11,,44.0
2024-11-10,Durham Armory,Durham,36.0329550008979,-78.904037,2024,11,,46.0
2024-11-10,Frying Pan Mountain,Haywood,35.379167,-82.7925,2024,11,35.0,
2024-11-10,Garinger High School,Mecklenburg,35.2401000008895,-80.785683,2024,11,23.0,47.0
2024-11-10,Hattie Avenue,Forsyth,36.11094,-80.224501,2024,11,,36.0
2024-11-10,Leggett,Edgecombe,35.988278,-77.5843,2024,11,,31.0
2024-11-10,Mendenhall School,Guilford,36.1090060008986,-79.802314,2024,11,,46.0
2024-11-10,Millbrook School,Wake,35.856111,-78.574167,2024,11,26.0,47.0
2024-11-10,Pitt Agri. Center,Pitt,35.6412760008938,-77.360126,2024,11,,21.0
2024-11-10,Rockwell,Rowan,35.551868,-80.395039,2024,11,24.0,52.0
2024-11-10,West Johnston Co.,Johnston,35.59095,-78.4622,2024,11,,44.0
2024-11-11,Bryson City,Swain,35.434767,-83.442133,2024,11,,24.0
2024-11-11,Castle Hayne,New Hanover,34.364167,-77.838611,2024,11,,22.0
2024-11-11,Clemmons Middle,Forsyth,36.026612,-80.341962,2024,11,,46.0
2024-11-11,Durham Armory,Durham,36.0329550008979,-78.904037,2024,11,,42.0
2024-11-11,Frying Pan Mountain,Haywood,35.379167,-82.7925,2024,11,39.0,10.0
2024-11-11,Garinger High School,Mecklenburg,35.2401000008895,-80.785683,2024,11,14.0,44.5
2024-11-11,Hattie Avenue,Forsyth,36.11094,-80.224501,2024,11,,34.0
2024-11-11,Leggett,Edgecombe,35.988278,-77.5843,2024,11,,29.0
2024-11-11,Linville Falls,Avery,35.972347,-81.933072,2024,11,,13.0
2024-11-11,Mendenhall School,Guilford,36.1090060008986,-79.802314,2024,11,,47.0
2024-11-11,Millbrook School,Wake,35.856111,-78.574167,2024,11,19.0,48.0
2024-11-11,Old High School,Swain,35.498711,-83.310242,2024,11,,27.0
2024-11-11,Pitt Agri. Center,Pitt,35.6412760008938,-77.360126,2024,11,,26.0
2024-11-11,Rockwell,Rowan,35.551868,-80.395039,2024,11,18.0,46.0
2024-11-11,West Johnston Co.,Johnston,35.59095,-78.4622,2024,11,,40.0
2024-11-12,Bryson City,Swain,35.434767,-83.442133,2024,11,,24.0
2024-11-12,Castle Hayne,New Hanover,34.364167,-77.838611,2024,11,,39.5
2024-11-12,Clemmons Middle,Forsyth,36.026612,-80.341962,2024,11,,25.0
2024-11-12,Durham Armory,Durham,36.0329550008979,-78.904037,2024,11,,20.0
2024-11-12,Frying Pan Mountain,Haywood,35.379167,-82.7925,2024,11,44.0,
2024-11-12,Garinger High School,Mecklenburg,35.2401000008895,-80.785683,2024,11,35.0,34.0
2024-11-12,Hattie Avenue,Forsyth,36.11094,-80.224501,2024,11,,24.0
2024-11-12,Leggett,Edgecombe,35.988278,-77.5843,2024,11,,22.0
2024-11-12,Mendenhall School,Guilford,36.1090060008986,-79.802314,2024,11,,24.0
2024-11-12,Millbrook School,Wake,35.856111,-78.574167,2024,11,33.0,27.0
2024-11-12,Pitt Agri. Center,Pitt,35.6412760008938,-77.360126,2024,11,,25.0
2024-11-12,Rockwell,Rowan,35.551868,-80.395039,2024,11,35.0,26.0
2024-11-12,West Johnston Co.,Johnston,35.59095,-78.4622,2024,11,,29.0
2024-11-13,Bryson City,Swain,35.434767,-83.442133,2024,11,,16.0
2024-11-13,Castle Hayne,New Hanover,34.364167,-77.838611,2024,11,,28.5
2024-11-13,Clemmons Middle,Forsyth,36.026612,-80.341962,2024,11,,16.0
2024-11-13,Durham Armory,Durham,36.0329550008979,-78.904037,2024,11,,19.0
2024-11-13,Frying Pan Mountain,Haywood,35.379167,-82.7925,2024,11,31.0,
2024-11-13,Garinger High School,Mecklenburg,35.2401000008895,-80.785683,2024,11,31.0,27.0
2024-11-13,Hattie Avenue,Forsyth,36.11094,-80.224501,2024,11,,13.0
2024-11-13,Leggett,Edgecombe,35.988278,-77.5843,2024,11,,27.0
2024-11-13,Mendenhall School,Guilford,36.1090060008986,-79.802314,2024,11,,18.0
2024-11-13,Millbrook School,Wake,35.856111,-78.574167,2024,11,31.0,23.0
2024-11-13,Pitt Agri. Center,Pitt,35.6412760008938,-77.360126,2024,11,,11.0
2024-11-13,Rockwell,Rowan,35.551868,-80.395039,2024,11,31.0,17.0
2024-11-13,West Johnston Co.,Johnston,35.59095,-78.4622,2024,11,,19.0
2024-11-14,Bryson City,Swain,35.434767,-83.442133,2024,11,,20.0
2024-11-14,Castle Hayne,New Hanover,34.364167,-77.838611,2024,11,,19.5
2024-11-14,Clemmons Middle,Forsyth,36.026612,-80.341962,2024,11,,25.0
2024-11-14,Durham Armory,Durham,36.0329550008979,-78.904037,2024,11,,33.0
2024-11-14,Frying Pan Mountain,Haywood,35.379167,-82.7925,2024,11,33.0,5.0
2024-11-14,Garinger High School,Mecklenburg,35.2401000008895,-80.785683,2024,11,19.0,22.5
2024-11-14,Hattie Avenue,Forsyth,36.11094,-80.224501,2024,11,,20.5
2024-11-14,Leggett,Edgecombe,35.988278,-77.5843,2024,11,,21.0
2024-11-14,Linville Falls,Avery,35.972347,-81.933072,2024,11,,12.0
2024-11-14,Mendenhall School,Guilford,36.1090060008986,-79.802314,2024,11,,27.0
2024-11-14,Millbrook School,Wake,35.856111,-78.574167,2024,11,24.0,27.5
2024-11-14,Old High School,Swain,35.498711,-83.310242,2024,11,,17.0
2024-11-14,Pitt Agri. Center,Pitt,35.6412760008938,-77.360126,2024,11,,15.0
2024-11-14,Rockwell,Rowan,35.551868,-80.395039,2024,11,21.0,23.0
2024-11-14,West Johnston Co.,Johnston,35.59095,-78.4622,2024,11,,29.0
2024-11-15,Bryson City,Swain,35.434767,-83.442133,2024,11,,14.0
2024-11-15,Castle Hayne,New Hanover,34.364167,-77.838611,2024,11,,17.0
2024-11-15,Clemmons Middle,Forsyth,36.026612,-80.341962,2024,11,,20.0
2024-11-15,Durham Armory,Durham,36.0329550008979,-78.904037,2024,11,,21.0
2024-11-15,Frying Pan Mountain,Haywood,35.379167,-82.7925,2024,11,42.0,
2024-11-15,Garinger High School,Mecklenburg,35.2401000008895,-80.785683,2024,11,24.0,23.0
2024-11-15,Hattie Avenue,Forsyth,36.11094,-80.224501,2024,11,,16.0
2024-11-15,Leggett,Edgecombe,35.988278,-77.5843,2024,11,,7.0
2024-11-15,Mendenhall School,Guilford,36.1090060008986,-79.802314,2024,11,,13.0
2024-11-15,Millbrook School,Wake,35.856111,-78.574167,2024,11,27.0,22.0
2024-11-15,Pitt Agri. Center,Pitt,35.6412760008938,-77.360126,2024,11,,4.0
2024-11-15,Rockwell,Rowan,35.551868,-80.395039,2024,11,28.0,11.0
2024-11-15,West Johnston Co.,Johnston,35.59095,-78.4622,2024,11,,10.0
2024-11-16,Bryson City,Swain,35.434767,-83.442133,2024,11,,12.0
2024-11-16,Castle Hayne,New Hanover,34.364167,-77.838611,2024,11,,28.5
2024-11-16,Clemmons Middle,Forsyth,36.026612,-80.341962,2024,11,,25.0
2024-11-16,Durham Armory,Durham,36.0329550008979,-78.904037,2024,11,,19.0
2024-11-16,Frying Pan Mountain,Haywood,35.379167,-82.7925,2024,11,61.0,
2024-11-16,Garinger High School,Mecklenburg,35.2401000008895,-80.785683,2024,11,27.0,52.0
2024-11-16,Hattie Avenue,Forsyth,36.11094,-80.224501,2024,11,,28.0
2024-11-16,Leggett,Edgecombe,35.988278,-77.5843,2024,11,,13.0
2024-11-16,Mendenhall School,Guilford,36.1090060008986,-79.802314,2024,11,,37.0
2024-11-16,Millbrook School,Wake,35.856111,-78.574167,2024,11,28.0,25.0
2024-11-16,Pitt Agri. Center,Pitt,35.6412760008938,-77.360126,2024,11,,15.0
2024-11-16,Rockwell,Rowan,35.551868,-80.395039,2024,11,31.0,31.0
2024-11-16,West Johnston Co.,Johnston,35.59095,-78.4622,2024,11,,38.0
2024-11-17,Bryson City,Swain,35.434767,-83.442133,2024,11,,23.0
2024-11-17,Castle Hayne,New Hanover,34.364167,-77.838611,2024,11,,39.5
2024-11-17,Clemmons Middle,Forsyth,36.026612,-80.341962,2024,11,,56.0
2024-11-17,Durham Armory,Durham,36.0329550008979,-78.904037,2024,11,,51.0
2024-11-17,Frying Pan Mountain,Haywood,35.379167,-82.7925,2024,11,48.0,6.0
2024-11-17,Garinger High School,Mecklenburg,35.2401000008895,-80.785683,2024,11,33.0,66.0
2024-11-17,Hattie Avenue,Forsyth,36.11094,-80.224501,2024,11,,47.5
2024-11-17,Leggett,Edgecombe,35.988278,-77.5843,2024,11,,27.0
2024-11-17,Linville Falls,Avery,35.972347,-81.933072,2024,11,,19.0
2024-11-17,Mendenhall School,Guilford,36.1090060008986,-79.802314,2024,11,,53.0
2024-11-17,Millbrook School,Wake,35.856111,-78.574167,2024,11,31.0,54.5
2024-11-17,Old High School,Swain,35.498711,-83.310242,2024,11,,17.0
2024-11-17,Pitt Agri. Center,Pitt,35.6412760008938,-77.360126,2024,11,,27.0
2024-11-17,Rockwell,Rowan,35.551868,-80.395039,2024,11,36.0,61.0
2024-11-17,West Johnston Co.,Johnston,35.59095,-78.4622,2024,11,,46.0
2024-11-18,Bryson City,Swain,35.434767,-83.442133,2024,11,,51.0
2024-11-18,Clemmons Middle,Forsyth,36.026612,-80.341962,2024,11,,58.0
2024-11-18,Durham Armory,Durham,36.0329550008979,-78.904037,2024,11,,54.0
2024-11-18,Frying Pan Mountain,Haywood,35.379167,-82.7925,2024,11,45.0,
2024-11-18,Garinger High School,Mecklenburg,35.2401000008895,-80.785683,2024,11,33.0,63.0
2024-11-18,Hattie Avenue,Forsyth,36.11094,-80.224501,2024,11,,55.0
2024-11-18,Mendenhall School,Guilford,36.1090060008986,-79.802314,2024,11,,59.0
2024-11-18,Millbrook School,Wake,35.856111,-78.574167,2024,11,32.0,56.0
2024-11-18,Pitt Agri. Center,Pitt,35.6412760008938,-77.360126,2024,11,,47.0
2024-11-18,Rockwell,Rowan,35.551868,-80.395039,2024,11,33.0,71.0
2024-11-18,West Johnston Co.,Johnston,35.59095,-78.4622,2024,11,,50.0
2024-11-19,Bryson City,Swain,35.434767,-83.442133,2024,11,,60.0
2024-11-19,Castle Hayne,New Hanover,34.364167,-77.838611,2024,11,,60.5
2024-11-19,Clemmons Middle,Forsyth,36.026612,-80.341962,2024,11,,56.0
2024-11-19,Durham Armory,Durham,36.0329550008979,-78.904037,2024,11,,60.0
2024-11-19,Frying Pan Mountain,Haywood,35.379167,-82.7925,2024,11,40.0,
2024-11-19,Garinger High School,Mecklenburg,35.2401000008895,-80.785683,2024,11,27.0,59.0
2024-11-19,Hattie Avenue,Forsyth,36.11094,-80.224501,2024,11,,55.0
2024-11-19,Mendenhall School,Guilford,36.1090060008986,-79.802314,2024,11,,58.0
2024-11-19,Millbrook School,Wake,35.856111,-78.574167,2024,11,29.0,66.0
2024-11-19,Pitt Agri. Center,Pitt,35.6412760008938,-77.360126,2024,11,,60.0
2024-11-19,Rockwell,Rowan,35.551868,-80.395039,2024,11,31.0,59.0
2024-11-19,West Johnston Co.,Johnston,35.59095,-78.4622,2024,11,,67.0
2024-11-20,Bryson City,Swain,35.434767,-83.442133,2024,11,,31.0
2024-11-20,Castle Hayne,New Hanover,34.364167,-77.838611,2024,11,,39.0
2024-11-20,Clemmons Middle,Forsyth,36.026612,-80.341962,2024,11,,42.0
2024-11-20,Durham Armory,Durham,36.0329550008979,-78.904037,2024,11,,53.0
2024-11-20,Frying Pan Mountain,Haywood,35.379167,-82.7925,2024,11,34.0,
2024-11-20,Garinger High School,Mecklenburg,35.2401000008895,-80.785683,2024,11,23.0,35.0
2024-11-20,Hattie Avenue,Forsyth,36.11094,-80.224501,2024,11,,34.5
2024-11-20,Leggett,Edgecombe,35.988278,-77.5843,2024,11,,48.0
2024-11-20,Mendenhall School,Guilford,36.1090060008986,-79.802314,2024,11,,43.0
2024-11-20,Millbrook School,Wake,35.856111,-78.574167,2024,11,31.0,50.0
2024-11-20,Old High School,Swain,35.498711,-83.310242,2024,11,,21.0
2024-11-20,Pitt Agri. Center,Pitt,35.6412760008938,-77.360126,2024,11,,49.0
2024-11-20,Rockwell,Rowan,35.551868,-80.395039,2024,11,29.0,32.0
2024-11-20,West Johnston Co.,Johnston,35.59095,-78.4622,2024,11,,52.0
2024-11-21,Bryson City,Swain,35.434767,-83.442133,2024,11,,6.0
2024-11-21,Castle Hayne,New Hanover,34.364167,-77.838611,2024,11,,19.0
2024-11-21,Clemmons Middle,Forsyth,36.026612,-80.341962,2024,11,,12.0
2024-11-21,Frying Pan Mountain,Haywood,35.379167,-82.7925,2024,11,35.0,
2024-11-21,Garinger High School,Mecklenburg,35.2401000008895,-80.785683,2024,11,31.0,12.0
2024-11-21,Hattie Avenue,Forsyth,36.11094,-80.224501,2024,11,,10.0
2024-11-21,Leggett,Edgecombe,35.988278,-77.5843,2024,11,,9.0
2024-11-21,Mendenhall School,Guilford,36.1090060008986,-79.802314,2024,11,,12.0
2024-11-21,Millbrook School,Wake,35.856111,-78.574167,2024,11,33.0,12.0
2024-11-21,Pitt Agri. Center,Pitt,35.6412760008938,-77.360126,2024,11,,0.0
2024-11-21,Rockwell,Rowan,35.551868,-80.395039,2024,11,32.0,8.0
2024-11-21,West Johnston Co.,Johnston,35.59095,-78.4622,2024,11,,6.0
2024-11-22,Bryson City,Swain,35.434767,-83.442133,2024,11,,8.0
2024-11-22,Castle Hayne,New Hanover,34.364167,-77.838611,2024,11,,25.0
2024-11-22,Clemmons Middle,Forsyth,36.026612,-80.341962,2024,11,,11.0
2024-11-22,Durham Armory,Durham,36.0329550008979,-78.904037,2024,11,,17.0
2024-11-22,Frying Pan Mountain,Haywood,35.379167,-82.7925,2024,11,25.0,
2024-11-22,Garinger High School,Mecklenburg,35.2401000008895,-80.785683,2024,11,18.0,9.0
2024-11-22,Hattie Avenue,Forsyth,36.11094,-80.224501,2024,11,,12.0
2024-11-22,Leggett,Edgecombe,35.988278,-77.5843,2024,11,,11.0
2024-11-22,Mendenhall School,Guilford,36.1090060008986,-79.802314,2024,11,,5.0
2024-11-22,Millbrook School,Wake,35.856111,-78.574167,2024,11,18.0,10.0
2024-11-22,Pitt Agri. Center,Pitt,35.6412760008938,-77.360126,2024,11,,0.0
2024-11-22,Rockwell,Rowan,35.551868,-80.395039,2024,11,19.0,3.0
2024-11-22,West Johnston Co.,Johnston,35.59095,-78.4622,2024,11,,1.0
2024-11-23,Bryson City,Swain,35.434767,-83.442133,2024,11,,7.0
2024-11-23,Castle Hayne,New Hanover,34.364167,-77.838611,2024,11,,19.5
2024-11-23,Clemmons Middle,Forsyth,36.026612,-80.341962,2024,11,,7.0
2024-11-23,Durham Armory,Durham,36.0329550008979,-78.904037,2024,11,,18.0
2024-11-23,Frying Pan Mountain,Haywood,35.379167,-82.7925,2024,11,44.0,2.0
2024-11-23,Garinger High School,Mecklenburg,35.2401000008895,-80.785683,2024,11,23.0,43.0
2024-11-23,Hattie Avenue,Forsyth,36.11094,-80.224501,2024,11,,7.5
2024-11-23,Leggett,Edgecombe,35.988278,-77.5843,2024,11,,6.0
2024-11-23,Mendenhall School,Guilford,36.1090060008986,-79.802314,2024,11,,9.0
2024-11-23,Millbrook School,Wake,35.856111,-78.574167,2024,11,20.0,11.5
2024-11-23,Old High School,Swain,35.498711,-83.310242,2024,11,,11.0
2024-11-23,Pitt Agri. Center,Pitt,35.6412760008938,-77.360126,2024,11,,0.0
2024-11-23,Rockwell,Rowan,35.551868,-80.395039,2024,11,22.0,15.0
2024-11-23,West Johnston Co.,Johnston,35.59095,-78.4622,2024,11,,12.0
2024-11-24,Bryson City,Swain,35.434767,-83.442133,2024,11,,26.0
2024-11-24,Castle Hayne,New Hanover,34.364167,-77.838611,2024,11,,32.5
2024-11-24,Clemmons Middle,Forsyth,36.026612,-80.341962,2024,11,,29.0
2024-11-24,Durham Armory,Durham,36.0329550008979,-78.904037,2024,11,,42.0
2024-11-24,Frying Pan Mountain,Haywood,35.379167,-82.7925,2024,11,46.0,
2024-11-24,Garinger High School,Mecklenburg,35.2401000008895,-80.785683,2024,11,29.0,72.0
2024-11-24,Hattie Avenue,Forsyth,36.11094,-80.224501,2024,11,,44.0
2024-11-24,Leggett,Edgecombe,35.988278,-77.5843,2024,11,,20.0
2024-11-24,Mendenhall School,Guilford,36.1090060008986,-79.802314,2024,11,,46.0
2024-11-24,Millbrook School,Wake,35.856111,-78.574167,2024,11,24.0,36.0
2024-11-24,Pitt Agri. Center,Pitt,35.6412760008938,-77.360126,2024,11,,22.0
2024-11-24,Rockwell,Rowan,35.551868,-80.395039,2024,11,29.0,57.0
2024-11-24,West Johnston Co.,Johnston,35.59095,-78.4622,2024,11,,18.0
2024-11-25,Bryson City,Swain,35.434767,-83.442133,2024,11,,31.0
2024-11-25,Castle Hayne,New Hanover,34.364167,-77.838611,2024,11,,46.0
2024-11-25,Clemmons Middle,Forsyth,36.026612,-80.341962,2024,11,,50.0
2024-11-25,Durham Armory,Durham,36.0329550008979,-78.904037,2024,11,,56.0
2024-11-25,Frying Pan Mountain,Haywood,35.379167,-82.7925,2024,11,43.0,
2024-11-25,Garinger High School,Mecklenburg,35.2401000008895,-80.785683,2024,11,32.0,55.0
2024-11-25,Hattie Avenue,Forsyth,36.11094,-80.224501,2024,11,,55.0
2024-11-25,Leggett,Edgecombe,35.988278,-77.5843,2024,11,,44.0
2024-11-25,Mendenhall School,Guilford,36.1090060008986,-79.802314,2024,11,,64.0
2024-11-25,Millbrook School,Wake,35.856111,-78.574167,2024,11,27.0,64.0
2024-11-25,Pitt Agri. Center,Pitt,35.6412760008938,-77.360126,2024,11,,51.0
2024-11-25,Rockwell,Rowan,35.551868,-80.395039,2024,11,34.0,55.0
2024-11-25,West Johnston Co.,Johnston,35.59095,-78.4622,2024,11,,55.0
2024-11-26,Bryson City,Swain,35.434767,-83.442133,2024,11,,37.0
2024-11-26,Castle Hayne,New Hanover,34.364167,-77.838611,2024,11,,39.0
2024-11-26,Clemmons Middle,Forsyth,36.026612,-80.341962,2024,11,,44.0
2024-11-26,Durham Armory,Durham,36.0329550008979,-78.904037,2024,11,,55.0
2024-11-26,Frying Pan Mountain,Haywood,35.379167,-82.7925,2024,11,40.0,9.0
2024-11-26,Garinger High School,Mecklenburg,35.2401000008895,-80.785683,2024,11,27.0,37.0
2024-11-26,Hattie Avenue,Forsyth,36.11094,-80.224501,2024,11,,46.0
2024-11-26,Leggett,Edgecombe,35.988278,-77.5843,2024,11,,41.0
2024-11-26,Mendenhall School,Guilford,36.1090060008986,-79.802314,2024,11,,50.0
2024-11-26,Millbrook School,Wake,35.856111,-78.574167,2024,11,28.0,52.0
2024-11-26,Old High School,Swain,35.498711,-83.310242,2024,11,,23.0
2024-11-26,Rockwell,Rowan,35.551868,-80.395039,2024,11,31.0,26.0
2024-11-26,West Johnston Co.,Johnston,35.59095,-78.4622,2024,11,,52.0
2024-11-27,Bryson City,Swain,35.434767,-83.442133,2024,11,,30.0
2024-11-27,Castle Hayne,New Hanover,34.364167,-77.838611,2024,11,,42.0
2024-11-27,Clemmons Middle,Forsyth,36.026612,-80.341962,2024,11,,51.0
2024-11-27,Durham Armory,Durham,36.0329550008979,-78.904037,2024,11,,48.0
2024-11-27,Garinger High School,Mecklenburg,35.2401000008895,-80.785683,2024,11,26.0,52.0
2024-11-27,Hattie Avenue,Forsyth,36.11094,-80.224501,2024,11,,52.0
2024-11-27,Leggett,Edgecombe,35.988278,-77.5843,2024,11,,24.0
2024-11-27,Mendenhall School,Guilford,36.1090060008986,-79.802314,2024,11,,40.0
2024-11-27,Millbrook School,Wake,35.856111,-78.574167,2024,11,27.0,36.0
2024-11-27,Rockwell,Rowan,35.551868,-80.395039,2024,11,30.0,41.0
2024-11-27,West Johnston Co.,Johnston,35.59095,-78.4622,2024,11,,42.0
2024-11-28,Bryson City,Swain,35.434767,-83.442133,2024,11,,21.0
2024-11-28,Castle Hayne,New Hanover,34.364167,-77.838611,2024,11,,35.5
2024-11-28,Clemmons Middle,Forsyth,36.026612,-80.341962,2024,11,,48.0
2024-11-28,Durham Armory,Durham,36.0329550008979,-78.904037,2024,11,,53.0
2024-11-28,Frying Pan Mountain,Haywood,35.379167,-82.7925,2024,11,31.0,
2024-11-28,Garinger High School,Mecklenburg,35.2401000008895,-80.785683,2024,11,26.0,44.0
2024-11-28,Hattie Avenue,Forsyth,36.11094,-80.224501,2024,11,,52.0
2024-11-28,Leggett,Edgecombe,35.988278,-77.5843,2024,11,,30.0
2024-11-28,Mendenhall School,Guilford,36.1090060008986,-79.802314,2024,11,,37.0
2024-11-28,Millbrook School,Wake,35.856111,-78.574167,2024,11,28.0,41.0
2024-11-28,Rockwell,Rowan,35.551868,-80.395039,2024,11,31.0,34.0
2024-11-28,West Johnston Co.,Johnston,35.59095,-78.4622,2024,11,,36.0
2024-11-29,Bryson City,Swain,35.434767,-83.442133,2024,11,,22.0
2024-11-29,Castle Hayne,New Hanover,34.364167,-77.838611,2024,11,,30.5
2024-11-29,Clemmons Middle,Forsyth,36.026612,-80.341962,2024,11,,29.0
2024-11-29,Durham Armory,Durham,36.0329550008979,-78.904037,2024,11,,27.0
2024-11-29,Frying Pan Mountain,Haywood,35.379167,-82.7925,2024,11,34.0,13.0
2024-11-29,Garinger High School,Mecklenburg,35.2401000008895,-80.785683,2024,11,29.0,25.5
2024-11-29,Hattie Avenue,Forsyth,36.11094,-80.224501,2024,11,,32.0
2024-11-29,Leggett,Edgecombe,35.988278,-77.5843,2024,11,,15.0
2024-11-29,Linville Falls,Avery,35.972347,-81.933072,2024,11,,20.0
2024-11-29,Mendenhall School,Guilford,36.1090060008986,-79.802314,2024,11,,22.0
2024-11-29,Millbrook School,Wake,35.856111,-78.574167,2024,11,31.0,21.0
2024-11-29,Rockwell,Rowan,35.551868,-80.395039,2024,11,31.0,16.0
2024-11-29,West Johnston Co.,Johnston,35.59095,-78.4622,2024,11,,15.0
2024-11-30,Bryson City,Swain,35.434767,-83.442133,2024,11,,8.0
2024-11-30,Castle Hayne,New Hanover,34.364167,-77.838611,2024,11,,29.0
2024-11-30,Clemmons Middle,Forsyth,36.026612,-80.341962,2024,11,,27.0
2024-11-30,Durham Armory,Durham,36.0329550008979,-78.904037,2024,11,,35.0
2024-11-30,Garinger High School,Mecklenburg,35.2401000008895,-80.785683,2024,11,33.0,48.0
2024-11-30,Hattie Avenue,Forsyth,36.11094,-80.224501,2024,11,,27.0
2024-11-30,Leggett,Edgecombe,35.988278,-77.5843,2024,11,,19.0
2024-11-30,Mendenhall School,Guilford,36.1090060008986,-79.802314,2024,11,,28.0
2024-11-30,Millbrook School,Wake,35.856111,-78.574167,2024,11,34.0,37.0
2024-11-30,Rockwell,Rowan,35.551868,-80.395039,2024,11,36.0,29.0
2024-11-30,West Johnston Co.,Johnston,35.59095,-78.4622,2024,11,,17.0
2024-12-01,Bryson City,Swain,35.434767,-83.442133,2024,12,,22.0
2024-12-01,Castle Hayne,New Hanover,34.364167,-77.838611,2024,12,,38.0
2024-12-01,Clemmons Middle,Forsyth,36.026612,-80.341962,2024,12,,38.0
2024-12-01,Durham Armory,Durham,36.0329550008979,-78.904037,2024,12,,47.0
2024-12-01,Garinger High School,Mecklenburg,35.2401000008895,-80.785683,2024,12,30.0,63.0
2024-12-01,Hattie Avenue,Forsyth,36.11094,-80.224501,2024,12,,34.0
2024-12-01,Leggett,Edgecombe,35.988278,-77.5843,2024,12,,29.0
2024-12-01,Mendenhall School,Guilford,36.1090060008986,-79.802314,2024,12,,32.0
2024-12-01,Millbrook School,Wake,35.856111,-78.574167,2024,12,31.0,53.0
2024-12-01,Rockwell,Rowan,35.551868,-80.395039,2024,12,34.0,40.0
2024-12-01,West Johnston Co.,Johnston,35.59095,-78.4622,2024,12,,43.0
2024-12-02,Bryson City,Swain,35.434767,-83.442133,2024,12,,12.0
2024-12-02,Castle Hayne,New Hanover,34.364167,-77.838611,2024,12,,31.0
2024-12-02,Clemmons Middle,Forsyth,36.026612,-80.341962,2024,12,,24.0
2024-12-02,Durham Armory,Durham,36.0329550008979,-78.904037,2024,12,,31.0
2024-12-02,Frying Pan Mountain,Haywood,35.379167,-82.7925,2024,12,,12.0
2024-12-02,Garinger High School,Mecklenburg,35.2401000008895,-80.785683,2024,12,32.0,32.0
2024-12-02,Hattie Avenue,Forsyth,36.11094,-80.224501,2024,12,,33.0
2024-12-02,Leggett,Edgecombe,35.988278,-77.5843,2024,12,,17.0
2024-12-02,Linville Falls,Avery,35.972347,-81.933072,2024,12,,11.0
2024-12-02,Mendenhall School,Guilford,36.1090060008986,-79.802314,2024,12,,19.0
2024-12-02,Millbrook School,Wake,35.856111,-78.574167,2024,12,33.0,22.0
2024-12-02,Old High School,Swain,35.498711,-83.310242,2024,12,,13.0
2024-12-02,Rockwell,Rowan,35.551868,-80.395039,2024,12,35.0,15.0
2024-12-02,West Johnston Co.,Johnston,35.59095,-78.4622,2024,12,,11.0
2024-12-03,Bryson City,Swain,35.434767,-83.442133,2024,12,,19.0
2024-12-03,Castle Hayne,New Hanover,34.364167,-77.838611,2024,12,,36.0
2024-12-03,Clemmons Middle,Forsyth,36.026612,-80.341962,2024,12,,33.0
2024-12-03,Durham Armory,Durham,36.0329550008979,-78.904037,2024,12,,32.0
2024-12-03,Garinger High School,Mecklenburg,35.2401000008895,-80.785683,2024,12,26.0,29.0
2024-12-03,Hattie Avenue,Forsyth,36.11094,-80.224501,2024,12,,33.0
2024-12-03,Leggett,Edgecombe,35.988278,-77.5843,2024,12,,17.0
2024-12-03,Mendenhall School,Guilford,36.1090060008986,-79.802314,2024,12,,23.0
2024-12-03,Millbrook School,Wake,35.856111,-78.574167,2024,12,27.0,21.5
2024-12-03,Rockwell,Rowan,35.551868,-80.395039,2024,12,28.0,20.0
2024-12-03,West Johnston Co.,Johnston,35.59095,-78.4622,2024,12,,12.0
2024-12-04,Bryson City,Swain,35.434767,-83.442133,2024,12,,47.0
2024-12-04,Castle Hayne,New Hanover,34.364167,-77.838611,2024,12,,40.0
2024-12-04,Clemmons Middle,Forsyth,36.026612,-80.341962,2024,12,,53.0
2024-12-04,Durham Armory,Durham,36.0329550008979,-78.904037,2024,12,,51.0
2024-12-04,Garinger High School,Mecklenburg,35.2401000008895,-80.785683,2024,12,32.0,52.0
2024-12-04,Hattie Avenue,Forsyth,36.11094,-80.224501,2024,12,,55.0
2024-12-04,Leggett,Edgecombe,35.988278,-77.5843,2024,12,,42.0
2024-12-04,Mendenhall School,Guilford,36.1090060008986,-79.802314,2024,12,,52.0
2024-12-04,Millbrook School,Wake,35.856111,-78.574167,2024,12,31.0,52.0
2024-12-04,Rockwell,Rowan,35.551868,-80.395039,2024,12,33.0,53.0
2024-12-04,West Johnston Co.,Johnston,35.59095,-78.4622,2024,12,,35.0
2024-12-05,Bryson City,Swain,35.434767,-83.442133,2024,12,,37.0
2024-12-05,Castle Hayne,New Hanover,34.364167,-77.838611,2024,12,,50.5
2024-12-05,Clemmons Middle,Forsyth,36.026612,-80.341962,2024,12,,47.0
2024-12-05,Durham Armory,Durham,36.0329550008979,-78.904037,2024,12,,59.0
2024-12-05,Garinger High School,Mecklenburg,35.2401000008895,-80.785683,2024,12,35.0,47.5
2024-12-05,Hattie Avenue,Forsyth,36.11094,-80.224501,2024,12,,49.0
2024-12-05,Leggett,Edgecombe,35.988278,-77.5843,2024,12,,44.0
2024-12-05,Linville Falls,Avery,35.972347,-81.933072,2024,12,,16.0
2024-12-05,Mendenhall School,Guilford,36.1090060008986,-79.802314,2024,12,,46.0
2024-12-05,Millbrook School,Wake,35.856111,-78.574167,2024,12,34.0,51.5
2024-12-05,Rockwell,Rowan,35.551868,-80.395039,2024,12,37.0,32.0
2024-12-05,West Johnston Co.,Johnston,35.59095,-78.4622,2024,12,,42.0
2024-12-06,Bryson City,Swain,35.434767,-83.442133,2024,12,,21.0
2024-12-06,Castle Hayne,New Hanover,34.364167,-77.838611,2024,12,,36.0
2024-12-06,Clemmons Middle,Forsyth,36.026612,-80.341962,2024,12,,29.0
2024-12-06,Durham Armory,Durham,36.0329550008979,-78.904037,2024,12,,46.0
2024-12-06,Garinger High School,Mecklenburg,35.2401000008895,-80.785683,2024,12,30.0,38.0
2024-12-06,Hattie Avenue,Forsyth,36.11094,-80.224501,2024,12,,26.0
2024-12-06,Leggett,Edgecombe,35.988278,-77.5843,2024,12,,11.0
2024-12-06,Mendenhall School,Guilford,36.1090060008986,-79.802314,2024,12,,26.0
2024-12-06,Millbrook School,Wake,35.856111,-78.574167,2024,12,28.0,28.0
2024-12-06,Rockwell,Rowan,35.551868,-80.395039,2024,12,31.0,23.0
2024-12-06,West Johnston Co.,Johnston,35.59095,-78.4622,2024,12,,10.0
2024-12-07,Bryson City,Swain,35.434767,-83.442133,2024,12,,28.0
2024-12-07,Castle Hayne,New Hanover,34.364167,-77.838611,2024,12,,36.5
2024-12-07,Clemmons Middle,Forsyth,36.026612,-80.341962,2024,12,,50.0
2024-12-07,Durham Armory,Durham,36.0329550008979,-78.904037,2024,12,,42.0
2024-12-07,Garinger High School,Mecklenburg,35.2401000008895,-80.785683,2024,12,31.0,63.0
2024-12-07,Hattie Avenue,Forsyth,36.11094,-80.224501,2024,12,,52.0
2024-12-07,Leggett,Edgecombe,35.988278,-77.5843,2024,12,,24.0
2024-12-07,Mendenhall School,Guilford,36.1090060008986,-79.802314,2024,12,,46.0
2024-12-07,Millbrook School,Wake,35.856111,-78.574167,2024,12,31.0,56.0
2024-12-07,Rockwell,Rowan,35.551868,-80.395039,2024,12,31.0,59.0
2024-12-07,West Johnston Co.,Johnston,35.59095,-78.4622,2024,12,,32.0
2024-12-08,Bryson City,Swain,35.434767,-83.442133,2024,12,,33.0
2024-12-08,Castle Hayne,New Hanover,34.364167,-77.838611,2024,12,,41.5
2024-12-08,Clemmons Middle,Forsyth,36.026612,-80.341962,2024,12,,49.5
2024-12-08,Durham Armory,Durham,36.0329550008979,-78.904037,2024,12,,57.0
2024-12-08,Frying Pan Mountain,Haywood,35.379167,-82.7925,2024,12,,5.0
2024-12-08,Garinger High School,Mecklenburg,35.2401000008895,-80.785683,2024,12,34.0,52.5
2024-12-08,Hattie Avenue,Forsyth,36.11094,-80.224501,2024,12,,51.5
2024-12-08,Leggett,Edgecombe,35.988278,-77.5843,2024,12,,53.0
2024-12-08,Linville Falls,Avery,35.972347,-81.933072,2024,12,,6.0
2024-12-08,Mendenhall School,Guilford,36.1090060008986,-79.802314,2024,12,,52.0
2024-12-08,Millbrook School,Wake,35.856111,-78.574167,2024,12,35.0,54.0
2024-12-08,Old High School,Swain,35.498711,-83.310242,2024,12,,16.0
2024-12-08,Rockwell,Rowan,35.551868,-80.395039,2024,12,37.0,52.0
2024-12-08,West Johnston Co.,Johnston,35.59095,-78.4622,2024,12,,54.0
2024-12-09,Bryson City,Swain,35.434767,-83.442133,2024,12,,32.0
2024-12-09,Castle Hayne,New Hanover,34.364167,-77.838611,2024,12,,44.5
2024-12-09,Clemmons Middle,Forsyth,36.026612,-80.341962,2024,12,,57.0
2024-12-09,Durham Armory,Durham,36.0329550008979,-78.904037,2024,12,,56.0
2024-12-09,Garinger High School,Mecklenburg,35.2401000008895,-80.785683,2024,12,19.0,53.0
2024-12-09,Hattie Avenue,Forsyth,36.11094,-80.224501,2024,12,,57.0
2024-12-09,Leggett,Edgecombe,35.988278,-77.5843,2024,12,,47.0
2024-12-09,Mendenhall School,Guilford,36.1090060008986,-79.802314,2024,12,,56.0
2024-12-09,Millbrook School,Wake,35.856111,-78.574167,2024,12,27.0,49.0
2024-12-09,Rockwell,Rowan,35.551868,-80.395039,2024,12,23.0,56.0
2024-12-09,West Johnston Co.,Johnston,35.59095,-78.4622,2024,12,,58.0
2024-12-10,Bryson City,Swain,35.434767,-83.442133,2024,12,,23.0
2024-12-10,Castle Hayne,New Hanover,34.364167,-77.838611,2024,12,,24.5
2024-12-10,Clemmons Middle,Forsyth,36.026612,-80.341962,2024,12,,58.0
2024-12-10,Durham Armory,Durham,36.0329550008979,-78.904037,2024,12,,57.0
2024-12-10,Garinger High School,Mecklenburg,35.2401000008895,-80.785683,2024,12,27.0,45.0
2024-12-10,Hattie Avenue,Forsyth,36.11094,-80.224501,2024,12,,57.0
2024-12-10,Leggett,Edgecombe,35.988278,-77.5843,2024,12,,57.0
2024-12-10,Mendenhall School,Guilford,36.1090060008986,-79.802314,2024,12,,55.0
2024-12-10,Millbrook School,Wake,35.856111,-78.574167,2024,12,26.0,60.0
2024-12-10,Pitt Agri. Center,Pitt,35.6412760008938,-77.360126,2024,12,,52.0
2024-12-10,Rockwell,Rowan,35.551868,-80.395039,2024,12,28.0,51.0
2024-12-10,West Johnston Co.,Johnston,35.59095,-78.4622,2024,12,,57.0
2024-12-11,Bryson City,Swain,35.434767,-83.442133,2024,12,,10.0
2024-12-11,Castle Hayne,New Hanover,34.364167,-77.838611,2024,12,,24.5
2024-12-11,Clemmons Middle,Forsyth,36.026612,-80.341962,2024,12,,14.0
2024-12-11,Durham Armory,Durham,36.0329550008979,-78.904037,2024,12,,21.0
2024-12-11,Frying Pan Mountain,Haywood,35.379167,-82.7925,2024,12,,6.0
2024-12-11,Garinger High School,Mecklenburg,35.2401000008895,-80.785683,2024,12,26.0,17.5
2024-12-11,Hattie Avenue,Forsyth,36.11094,-80.224501,2024,12,,18.5
2024-12-11,Leggett,Edgecombe,35.988278,-77.5843,2024,12,,18.0
2024-12-11,Linville Falls,Avery,35.972347,-81.933072,2024,12,,6.0
2024-12-11,Mendenhall School,Guilford,36.1090060008986,-79.802314,2024,12,,13.0
2024-12-11,Millbrook School,Wake,35.856111,-78.574167,2024,12,,19.5
2024-12-11,Pitt Agri. Center,Pitt,35.6412760008938,-77.360126,2024,12,,5.0
2024-12-11,Rockwell,Rowan,35.551868,-80.395039,2024,12,27.0,11.0
2024-12-11,West Johnston Co.,Johnston,35.59095,-78.4622,2024,12,,14.0
2024-12-12,Bryson City,Swain,35.434767,-83.442133,2024,12,,19.0
2024-12-12,Castle Hayne,New Hanover,34.364167,-77.838611,2024,12,,32.0
2024-12-12,Clemmons Middle,Forsyth,36.026612,-80.341962,2024,12,,22.0
2024-12-12,Durham Armory,Durham,36.0329550008979,-78.904037,2024,12,,47.0
2024-12-12,Garinger High School,Mecklenburg,35.2401000008895,-80.785683,2024,12,31.0,42.0
2024-12-12,Hattie Avenue,Forsyth,36.11094,-80.224501,2024,12,,36.0
2024-12-12,Leggett,Edgecombe,35.988278,-77.5843,2024,12,,22.0
2024-12-12,Mendenhall School,Guilford,36.1090060008986,-79.802314,2024,12,,31.0
2024-12-12,Millbrook School,Wake,35.856111,-78.574167,2024,12,,33.0
2024-12-12,Pitt Agri. Center,Pitt,35.6412760008938,-77.360126,2024,12,,11.0
2024-12-12,West Johnston Co.,Johnston,35.59095,-78.4622,2024,12,,8.0
2024-12-13,Bryson City,Swain,35.434767,-83.442133,2024,12,,41.0
2024-12-13,Castle Hayne,New Hanover,34.364167,-77.838611,2024,12,,42.0
2024-12-13,Clemmons Middle,Forsyth,36.026612,-80.341962,2024,12,,51.0
2024-12-13,Durham Armory,Durham,36.0329550008979,-78.904037,2024,12,,57.0
2024-12-13,Garinger High School,Mecklenburg,35.2401000008895,-80.785683,2024,12,24.0,56.0
2024-12-13,Hattie Avenue,Forsyth,36.11094,-80.224501,2024,12,,57.0
2024-12-13,Leggett,Edgecombe,35.988278,-77.5843,2024,12,,33.0
2024-12-13,Mendenhall School,Guilford,36.1090060008986,-79.802314,2024,12,,52.0
2024-12-13,Millbrook School,Wake,35.856111,-78.574167,2024,12,24.0,51.0
2024-12-13,Pitt Agri. Center,Pitt,35.6412760008938,-77.360126,2024,12,,33.0
2024-12-13,West Johnston Co.,Johnston,35.59095,-78.4622,2024,12,,31.0
2024-12-14,Bryson City,Swain,35.434767,-83.442133,2024,12,,29.0
2024-12-14,Castle Hayne,New Hanover,34.364167,-77.838611,2024,12,,32.0
2024-12-14,Clemmons Middle,Forsyth,36.026612,-80.341962,2024,12,,46.5
2024-12-14,Durham Armory,Durham,36.0329550008979,-78.904037,2024,12,,55.0
2024-12-14,Frying Pan Mountain,Haywood,35.379167,-82.7925,2024,12,,23.0
2024-12-14,Garinger High School,Mecklenburg,35.2401000008895,-80.785683,2024,12,23.0,55.0
2024-12-14,Hattie Avenue,Forsyth,36.11094,-80.224501,2024,12,,50.5
2024-12-14,Leggett,Edgecombe,35.988278,-77.5843,2024,12,,34.0
2024-12-14,Linville Falls,Avery,35.972347,-81.933072,2024,12,,26.0
2024-12-14,Mendenhall School,Guilford,36.1090060008986,-79.802314,2024,12,,53.0
2024-12-14,Millbrook School,Wake,35.856111,-78.574167,2024,12,26.0,41.5
2024-12-14,Old High School,Swain,35.498711,-83.310242,2024,12,,19.0
2024-12-14,Pitt Agri. Center,Pitt,35.6412760008938,-77.360126,2024,12,,21.0
2024-12-14,Rockwell,Rowan,35.551868,-80.395039,2024,12,24.0,64.0
2024-12-14,West Johnston Co.,Johnston,35.59095,-78.4622,2024,12,,36.0
2024-12-15,Bryson City,Swain,35.434767,-83.442133,2024,12,,19.0
2024-12-15,Castle Hayne,New Hanover,34.364167,-77.838611,2024,12,,21.5
2024-12-15,Clemmons Middle,Forsyth,36.026612,-80.341962,2024,12,,41.0
2024-12-15,Durham Armory,Durham,36.0329550008979,-78.904037,2024,12,,44.0
2024-12-15,Garinger High School,Mecklenburg,35.2401000008895,-80.785683,2024,12,21.0,40.0
2024-12-15,Hattie Avenue,Forsyth,36.11094,-80.224501,2024,12,,42.0
2024-12-15,Leggett,Edgecombe,35.988278,-77.5843,2024,12,,26.0
2024-12-15,Mendenhall School,Guilford,36.1090060008986,-79.802314,2024,12,,29.0
2024-12-15,Millbrook School,Wake,35.856111,-78.574167,2024,12,27.0,29.0
2024-12-15,Pitt Agri. Center,Pitt,35.6412760008938,-77.360126,2024,12,,14.0
2024-12-15,Rockwell,Rowan,35.551868,-80.395039,2024,12,24.0,42.0
2024-12-15,West Johnston Co.,Johnston,35.59095,-78.4622,2024,12,,27.0
2024-12-16,Bryson City,Swain,35.434767,-83.442133,2024,12,,24.0
2024-12-16,Castle Hayne,New Hanover,34.364167,-77.838611,2024,12,,19.5
2024-12-16,Clemmons Middle,Forsyth,36.026612,-80.341962,2024,12,,44.0
2024-12-16,Durham Armory,Durham,36.0329550008979,-78.904037,2024,12,,47.0
2024-12-16,Garinger High School,Mecklenburg,35.2401000008895,-80.785683,2024,12,14.0,42.0
2024-12-16,Hattie Avenue,Forsyth,36.11094,-80.224501,2024,12,,45.0
2024-12-16,Leggett,Edgecombe,35.988278,-77.5843,2024,12,,23.0
2024-12-16,Mendenhall School,Guilford,36.1090060008986,-79.802314,2024,12,,34.0
2024-12-16,Millbrook School,Wake,35.856111,-78.574167,2024,12,9.0,48.0
2024-12-16,Pitt Agri. Center,Pitt,35.6412760008938,-77.360126,2024,12,,22.0
2024-12-16,Rockwell,Rowan,35.551868,-80.395039,2024,12,19.0,34.0
2024-12-16,West Johnston Co.,Johnston,35.59095,-78.4622,2024,12,,39.0
2024-12-17,Bryson City,Swain,35.434767,-83.442133,2024,12,,17.0
2024-12-17,Castle Hayne,New Hanover,34.364167,-77.838611,2024,12,,19.0
2024-12-17,Clemmons Middle,Forsyth,36.026612,-80.341962,2024,12,,49.0
2024-12-17,Durham Armory,Durham,36.0329550008979,-78.904037,2024,12,,56.0
2024-12-17,Frying Pan Mountain,Haywood,35.379167,-82.7925,2024,12,,6.0
2024-12-17,Garinger High School,Mecklenburg,35.2401000008895,-80.785683,2024,12,23.0,51.0
2024-12-17,Hattie Avenue,Forsyth,36.11094,-80.224501,2024,12,,45.5
2024-12-17,Leggett,Edgecombe,35.988278,-77.5843,2024,12,,34.0
2024-12-17,Linville Falls,Avery,35.972347,-81.933072,2024,12,,13.0
2024-12-17,Mendenhall School,Guilford,36.1090060008986,-79.802314,2024,12,,46.0
2024-12-17,Millbrook School,Wake,35.856111,-78.574167,2024,12,26.0,55.0
2024-12-17,Pitt Agri. Center,Pitt,35.6412760008938,-77.360126,2024,12,,28.0
2024-12-17,Rockwell,Rowan,35.551868,-80.395039,2024,12,,51.0
2024-12-17,West Johnston Co.,Johnston,35.59095,-78.4622,2024,12,,62.0
2024-12-18,Bryson City,Swain,35.434767,-83.442133,2024,12,,26.0
2024-12-18,Castle Hayne,New Hanover,34.364167,-77.838611,2024,12,,17.0
2024-12-18,Clemmons Middle,Forsyth,36.026612,-80.341962,2024,12,,54.0
2024-12-18,Durham Armory,Durham,36.0329550008979,-78.904037,2024,12,,53.0
2024-12-18,Garinger High School,Mecklenburg,35.2401000008895,-80.785683,2024,12,25.0,50.0
2024-12-18,Hattie Avenue,Forsyth,36.11094,-80.224501,2024,12,,51.0
2024-12-18,Leggett,Edgecombe,35.988278,-77.5843,2024,12,,49.0
2024-12-18,Mendenhall School,Guilford,36.1090060008986,-79.802314,2024,12,,52.0
2024-12-18,Millbrook School,Wake,35.856111,-78.574167,2024,12,21.0,55.0
2024-12-18,Pitt Agri. Center,Pitt,35.6412760008938,-77.360126,2024,12,,36.0
2024-12-18,Rockwell,Rowan,35.551868,-80.395039,2024,12,28.0,54.0
2024-12-18,West Johnston Co.,Johnston,35.59095,-78.4622,2024,12,,55.0
2024-12-19,Bryson City,Swain,35.434767,-83.442133,2024,12,,9.0
2024-12-19,Castle Hayne,New Hanover,34.364167,-77.838611,2024,12,,25.5
2024-12-19,Clemmons Middle,Forsyth,36.026612,-80.341962,2024,12,,17.0
2024-12-19,Durham Armory,Durham,36.0329550008979,-78.904037,2024,12,,28.0
2024-12-19,Garinger High School,Mecklenburg,35.2401000008895,-80.785683,2024,12,26.0,26.0
2024-12-19,Hattie Avenue,Forsyth,36.11094,-80.224501,2024,12,,16.0
2024-12-19,Leggett,Edgecombe,35.988278,-77.5843,2024,12,,12.0
2024-12-19,Mendenhall School,Guilford,36.1090060008986,-79.802314,2024,12,,9.0
2024-12-19,Millbrook School,Wake,35.856111,-78.574167,2024,12,25.0,21.0
2024-12-19,Pitt Agri. Center,Pitt,35.6412760008938,-77.360126,2024,12,,10.0
2024-12-19,Rockwell,Rowan,35.551868,-80.395039,2024,12,27.0,11.0
2024-12-19,West Johnston Co.,Johnston,35.59095,-78.4622,2024,12,,20.0
2024-12-20,Bryson City,Swain,35.434767,-83.442133,2024,12,,17.0
2024-12-20,Castle Hayne,New Hanover,34.364167,-77.838611,2024,12,,37.0
2024-12-20,Clemmons Middle,Forsyth,36.026612,-80.341962,2024,12,,29.0
2024-12-20,Durham Armory,Durham,36.0329550008979,-78.904037,2024,12,,48.0
2024-12-20,Frying Pan Mountain,Haywood,35.379167,-82.7925,2024,12,,7.0
2024-12-20,Garinger High School,Mecklenburg,35.2401000008895,-80.785683,2024,12,21.0,34.5
2024-12-20,Hattie Avenue,Forsyth,36.11094,-80.224501,2024,12,,27.5
2024-12-20,Leggett,Edgecombe,35.988278,-77.5843,2024,12,,24.0
2024-12-20,Linville Falls,Avery,35.972347,-81.933072,2024,12,,13.0
2024-12-20,Mendenhall School,Guilford,36.1090060008986,-79.802314,2024,12,,21.0
2024-12-20,Millbrook School,Wake,35.856111,-78.574167,2024,12,19.0,39.5
2024-12-20,Old High School,Swain,35.498711,-83.310242,2024,12,,22.0
2024-12-20,Pitt Agri. Center,Pitt,35.6412760008938,-77.360126,2024,12,,21.0
2024-12-20,Rockwell,Rowan,35.551868,-80.395039,2024,12,21.0,29.0
2024-12-20,West Johnston Co.,Johnston,35.59095,-78.4622,2024,12,,32.0
2024-12-21,Bryson City,Swain,35.434767,-83.442133,2024,12,,21.0
2024-12-21,Castle Hayne,New Hanover,34.364167,-77.838611,2024,12,,33.0
2024-12-21,Clemmons Middle,Forsyth,36.026612,-80.341962,2024,12,,22.0
2024-12-21,Durham Armory,Durham,36.0329550008979,-78.904037,2024,12,,26.0
2024-12-21,Garinger High School,Mecklenburg,35.2401000008895,-80.785683,2024,12,28.0,21.0
2024-12-21,Hattie Avenue,Forsyth,36.11094,-80.224501,2024,12,,13.0
2024-12-21,Leggett,Edgecombe,35.988278,-77.5843,2024,12,,15.0
2024-12-21,Mendenhall School,Guilford,36.1090060008986,-79.802314,2024,12,,7.0
2024-12-21,Millbrook School,Wake,35.856111,-78.574167,2024,12,27.0,12.0
2024-12-21,Pitt Agri. Center,Pitt,35.6412760008938,-77.360126,2024,12,,17.0
2024-12-21,Rockwell,Rowan,35.551868,-80.395039,2024,12,29.0,7.0
2024-12-21,West Johnston Co.,Johnston,35.59095,-78.4622,2024,12,,0.0
2024-12-22,Bryson City,Swain,35.434767,-83.442133,2024,12,,36.0
2024-12-22,Castle Hayne,New Hanover,34.364167,-77.838611,2024,12,,26.5
2024-12-22,Clemmons Middle,Forsyth,36.026612,-80.341962,2024,12,,29.0
2024-12-22,Durham Armory,Durham,36.0329550008979,-78.904037,2024,12,,44.0
2024-12-22,Garinger High School,Mecklenburg,35.2401000008895,-80.785683,2024,12,32.0,27.0
2024-12-22,Hattie Avenue,Forsyth,36.11094,-80.224501,2024,12,,41.0
2024-12-22,Leggett,Edgecombe,35.988278,-77.5843,2024,12,,15.0
2024-12-22,Mendenhall School,Guilford,36.1090060008986,-79.802314,2024,12,,44.0
2024-12-22,Millbrook School,Wake,35.856111,-78.574167,2024,12,33.0,24.0
2024-12-22,Pitt Agri. Center,Pitt,35.6412760008938,-77.360126,2024,12,,11.0
2024-12-22,Rockwell,Rowan,35.551868,-80.395039,2024,12,33.0,26.0
2024-12-22,West Johnston Co.,Johnston,35.59095,-78.4622,2024,12,,3.0
2024-12-23,Bryson City,Swain,35.434767,-83.442133,2024,12,,51.0
2024-12-23,Castle Hayne,New Hanover,34.364167,-77.838611,2024,12,,31.5
2024-12-23,Clemmons Middle,Forsyth,36.026612,-80.341962,2024,12,,59.0
2024-12-23,Durham Armory,Durham,36.0329550008979,-78.904037,2024,12,,57.0
2024-12-23,Frying Pan Mountain,Haywood,35.379167,-82.7925,2024,12,,11.0
2024-12-23,Garinger High School,Mecklenburg,35.2401000008895,-80.785683,2024,12,32.0,52.5
2024-12-23,Hattie Avenue,Forsyth,36.11094,-80.224501,2024,12,,57.5
2024-12-23,Leggett,Edgecombe,35.988278,-77.5843,2024,12,,21.0
2024-12-23,Linville Falls,Avery,35.972347,-81.933072,2024,12,,23.0
2024-12-23,Mendenhall School,Guilford,36.1090060008986,-79.802314,2024,12,,60.0
2024-12-23,Millbrook School,Wake,35.856111,-78.574167,2024,12,32.0,39.5
2024-12-23,Pitt Agri. Center,Pitt,35.6412760008938,-77.360126,2024,12,,14.0
2024-12-23,Rockwell,Rowan,35.551868,-80.395039,2024,12,33.0,53.0
2024-12-23,West Johnston Co.,Johnston,35.59095,-78.4622,2024,12,,18.0
2024-12-24,Bryson City,Swain,35.434767,-83.442133,2024,12,,63.0
2024-12-24,Castle Hayne,New Hanover,34.364167,-77.838611,2024,12,,20.0
2024-12-24,Clemmons Middle,Forsyth,36.026612,-80.341962,2024,12,,62.0
2024-12-24,Durham Armory,Durham,36.0329550008979,-78.904037,2024,12,,58.0
2024-12-24,Garinger High School,Mecklenburg,35.2401000008895,-80.785683,2024,12,27.0,68.0
2024-12-24,Hattie Avenue,Forsyth,36.11094,-80.224501,2024,12,,61.0
2024-12-24,Leggett,Edgecombe,35.988278,-77.5843,2024,12,,26.0
2024-12-24,Mendenhall School,Guilford,36.1090060008986,-79.802314,2024,12,,59.0
2024-12-24,Millbrook School,Wake,35.856111,-78.574167,2024,12,30.0,46.0
2024-12-24,Pitt Agri. Center,Pitt,35.6412760008938,-77.360126,2024,12,,19.0
2024-12-24,Rockwell,Rowan,35.551868,-80.395039,2024,12,31.0,59.0
2024-12-24,West Johnston Co.,Johnston,35.59095,-78.4622,2024,12,,41.0
2024-12-25,Bryson City,Swain,35.434767,-83.442133,2024,12,,59.0
2024-12-25,Castle Hayne,New Hanover,34.364167,-77.838611,2024,12,,37.5
2024-12-25,Clemmons Middle,Forsyth,36.026612,-80.341962,2024,12,,53.0
2024-12-25,Durham Armory,Durham,36.0329550008979,-78.904037,2024,12,,65.0
2024-12-25,Garinger High School,Mecklenburg,35.2401000008895,-80.785683,2024,12,34.0,59.0
2024-12-25,Hattie Avenue,Forsyth,36.11094,-80.224501,2024,12,,47.0
2024-12-25,Leggett,Edgecombe,35.988278,-77.5843,2024,12,,32.0
2024-12-25,Mendenhall School,Guilford,36.1090060008986,-79.802314,2024,12,,51.0
2024-12-25,Millbrook School,Wake,35.856111,-78.574167,2024,12,29.0,48.0
2024-12-25,Pitt Agri. Center,Pitt,35.6412760008938,-77.360126,2024,12,,21.0
2024-12-25,Rockwell,Rowan,35.551868,-80.395039,2024,12,33.0,61.0
2024-12-25,West Johnston Co.,Johnston,35.59095,-78.4622,2024,12,,38.0
2024-12-26,Bryson City,Swain,35.434767,-83.442133,2024,12,,56.0
2024-12-26,Castle Hayne,New Hanover,34.364167,-77.838611,2024,12,,36.0
2024-12-26,Clemmons Middle,Forsyth,36.026612,-80.341962,2024,12,,55.0
2024-12-26,Durham Armory,Durham,36.0329550008979,-78.904037,2024,12,,57.0
2024-12-26,Frying Pan Mountain,Haywood,35.379167,-82.7925,2024,12,,19.0
2024-12-26,Garinger High School,Mecklenburg,35.2401000008895,-80.785683,2024,12,29.0,53.5
2024-12-26,Hattie Avenue,Forsyth,36.11094,-80.224501,2024,12,,56.0
2024-12-26,Leggett,Edgecombe,35.988278,-77.5843,2024,12,,48.0
2024-12-26,Linville Falls,Avery,35.972347,-81.933072,2024,12,,38.0
2024-12-26,Mendenhall School,Guilford,36.1090060008986,-79.802314,2024,12,,51.0
2024-12-26,Millbrook School,Wake,35.856111,-78.574167,2024,12,28.0,52.0
2024-12-26,Old High School,Swain,35.498711,-83.310242,2024,12,,34.0
2024-12-26,Pitt Agri. Center,Pitt,35.6412760008938,-77.360126,2024,12,,30.0
2024-12-26,Rockwell,Rowan,35.551868,-80.395039,2024,12,29.0,64.0
2024-12-26,West Johnston Co.,Johnston,35.59095,-78.4622,2024,12,,39.0
2024-12-27,Bryson City,Swain,35.434767,-83.442133,2024,12,,27.0
2024-12-27,Castle Hayne,New Hanover,34.364167,-77.838611,2024,12,,31.0
2024-12-27,Clemmons Middle,Forsyth,36.026612,-80.341962,2024,12,,59.0
2024-12-27,Durham Armory,Durham,36.0329550008979,-78.904037,2024,12,,62.0
2024-12-27,Garinger High School,Mecklenburg,35.2401000008895,-80.785683,2024,12,20.0,56.0
2024-12-27,Hattie Avenue,Forsyth,36.11094,-80.224501,2024,12,,58.0
2024-12-27,Leggett,Edgecombe,35.988278,-77.5843,2024,12,,52.0
2024-12-27,Mendenhall School,Guilford,36.1090060008986,-79.802314,2024,12,,55.0
2024-12-27,Millbrook School,Wake,35.856111,-78.574167,2024,12,22.0,58.0
2024-12-27,Pitt Agri. Center,Pitt,35.6412760008938,-77.360126,2024,12,,35.0
2024-12-27,Rockwell,Rowan,35.551868,-80.395039,2024,12,22.0,54.0
2024-12-27,West Johnston Co.,Johnston,35.59095,-78.4622,2024,12,,49.0
2024-12-28,Bryson City,Swain,35.434767,-83.442133,2024,12,,18.0
2024-12-28,Castle Hayne,New Hanover,34.364167,-77.838611,2024,12,,17.0
2024-12-28,Clemmons Middle,Forsyth,36.026612,-80.341962,2024,12,,25.0
2024-12-28,Durham Armory,Durham,36.0329550008979,-78.904037,2024,12,,57.0
2024-12-28,Garinger High School,Mecklenburg,35.2401000008895,-80.785683,2024,12,16.0,28.0
2024-12-28,Hattie Avenue,Forsyth,36.11094,-80.224501,2024,12,,27.0
2024-12-28,Leggett,Edgecombe,35.988278,-77.5843,2024,12,,25.0
2024-12-28,Mendenhall School,Guilford,36.1090060008986,-79.802314,2024,12,,31.0
2024-12-28,Millbrook School,Wake,35.856111,-78.574167,2024,12,30.0,46.0
2024-12-28,Pitt Agri. Center,Pitt,35.6412760008938,-77.360126,2024,12,,10.0
2024-12-28,Rockwell,Rowan,35.551868,-80.395039,2024,12,19.0,28.0
2024-12-28,West Johnston Co.,Johnston,35.59095,-78.4622,2024,12,,36.0
2024-12-29,Bryson City,Swain,35.434767,-83.442133,2024,12,,9.0
2024-12-29,Castle Hayne,New Hanover,34.364167,-77.838611,2024,12,,21.5
2024-12-29,Clemmons Middle,Forsyth,36.026612,-80.341962,2024,12,,19.0
2024-12-29,Durham Armory,Durham,36.0329550008979,-78.904037,2024,12,,23.0
2024-12-29,Frying Pan Mountain,Haywood,35.379167,-82.7925,2024,12,,2.0
2024-12-29,Garinger High School,Mecklenburg,35.2401000008895,-80.785683,2024,12,34.0,16.0
2024-12-29,Hattie Avenue,Forsyth,36.11094,-80.224501,2024,12,,20.5
2024-12-29,Leggett,Edgecombe,35.988278,-77.5843,2024,12,,12.0
2024-12-29,Linville Falls,Avery,35.972347,-81.933072,2024,12,,4.0
2024-12-29,Mendenhall School,Guilford,36.1090060008986,-79.802314,2024,12,,17.0
2024-12-29,Millbrook School,Wake,35.856111,-78.574167,2024,12,36.0,18.0
2024-12-29,Pitt Agri. Center,Pitt,35.6412760008938,-77.360126,2024,12,,7.0
2024-12-29,Rockwell,Rowan,35.551868,-80.395039,2024,12,34.0,18.0
2024-12-29,West Johnston Co.,Johnston,35.59095,-78.4622,2024,12,,8.0
2024-12-30,Bryson City,Swain,35.434767,-83.442133,2024,12,,24.0
2024-12-30,Castle Hayne,New Hanover,34.364167,-77.838611,2024,12,,25.0
2024-12-30,Clemmons Middle,Forsyth,36.026612,-80.341962,2024,12,,23.0
2024-12-30,Durham Armory,Durham,36.0329550008979,-78.904037,2024,12,,39.0
2024-12-30,Garinger High School,Mecklenburg,35.2401000008895,-80.785683,2024,12,29.0,32.0
2024-12-30,Hattie Avenue,Forsyth,36.11094,-80.224501,2024,12,,32.0
2024-12-30,Leggett,Edgecombe,35.988278,-77.5843,2024,12,,9.0
2024-12-30,Mendenhall School,Guilford,36.1090060008986,-79.802314,2024,12,,19.0
2024-12-30,Millbrook School,Wake,35.856111,-78.574167,2024,12,32.0,23.0
2024-12-30,Pitt Agri. Center,Pitt,35.6412760008938,-77.360126,2024,12,,8.0
2024-12-30,Rockwell,Rowan,35.551868,-80.395039,2024,12,32.0,16.0
2024-12-30,West Johnston Co.,Johnston,35.59095,-78.4622,2024,12,,11.0
2024-12-31,Bryson City,Swain,35.434767,-83.442133,2024,12,,25.0
2024-12-31,Castle Hayne,New Hanover,34.364167,-77.838611,2024,12,,35.5
2024-12-31,Clemmons Middle,Forsyth,36.026612,-80.341962,2024,12,,53.0
2024-12-31,Durham Armory,Durham,36.0329550008979,-78.904037,2024,12,,36.0
2024-12-31,Garinger High School,Mecklenburg,35.2401000008895,-80.785683,2024,12,,48.0
2024-12-31,Hattie Avenue,Forsyth,36.11094,-80.224501,2024,12,,54.0
2024-12-31,Leggett,Edgecombe,35.988278,-77.5843,2024,12,,21.0
2024-12-31,Mendenhall School,Guilford,36.1090060008986,-79.802314,2024,12,,46.0
2024-12-31,Millbrook School,Wake,35.856111,-78.574167,2024,12,,43.0
2024-12-31,Pitt Agri. Center,Pitt,35.6412760008938,-77.360126,2024,12,,33.0
2024-12-31,Rockwell,Rowan,35.551868,-80.395039,2024,12,,33.0
2024-12-31,West Johnston Co.,Johnston,35.59095,-78.4622,2024,12,,31.0
2025-01-01,Bryson City,Swain,35.434767,-83.442133,2025,1,,7.0
2025-01-01,Castle Hayne,New Hanover,34.364167,-77.838611,2025,1,,23.0
2025-01-01,Clemmons Middle,Forsyth,36.026612,-80.341962,2025,1,,6.5
2025-01-01,Durham Armory,Durham,36.0329550008979,-78.904037,2025,1,,18.0
2025-01-01,Garinger High School,Mecklenburg,35.2401000008895,-80.785683,2025,1,30.0,13.0
2025-01-01,Hattie Avenue,Forsyth,36.11094,-80.224501,2025,1,,7.0
2025-01-01,Leggett,Edgecombe,35.988278,-77.5843,2025,1,,4.0
2025-01-01,Linville Falls,Avery,35.972347,-81.933072,2025,1,,4.0
2025-01-01,Mendenhall School,Guilford,36.1090060008986,-79.802314,2025,1,,8.0
2025-01-01,Millbrook School,Wake,35.856111,-78.574167,2025,1,31.0,11.5
2025-01-01,Pitt Agri. Center,Pitt,35.6412760008938,-77.360126,2025,1,,0.0
2025-01-01,Rockwell,Rowan,35.551868,-80.395039,2025,1,29.0,4.0
2025-01-01,West Johnston Co.,Johnston,35.59095,-78.4622,2025,1,,0.0
2025-01-02,Bryson City,Swain,35.434767,-83.442133,2025,1,,11.0
2025-01-02,Castle Hayne,New Hanover,34.364167,-77.838611,2025,1,,27.0
2025-01-02,Clemmons Middle,Forsyth,36.026612,-80.341962,2025,1,,26.0
2025-01-02,Durham Armory,Durham,36.0329550008979,-78.904037,2025,1,,33.0
2025-01-02,Garinger High School,Mecklenburg,35.2401000008895,-80.785683,2025,1,29.0,43.0
2025-01-02,Hattie Avenue,Forsyth,36.11094,-80.224501,2025,1,,22.0
2025-01-02,Leggett,Edgecombe,35.988278,-77.5843,2025,1,,16.0
2025-01-02,Mendenhall School,Guilford,36.1090060008986,-79.802314,2025,1,,22.0
2025-01-02,Millbrook School,Wake,35.856111,-78.574167,2025,1,29.0,23.0
2025-01-02,Pitt Agri. Center,Pitt,35.6412760008938,-77.360126,2025,1,,9.0
2025-01-02,Rockwell,Rowan,35.551868,-80.395039,2025,1,31.0,21.0
2025-01-02,West Johnston Co.,Johnston,35.59095,-78.4622,2025,1,,3.0
2025-01-03,Bryson City,Swain,35.434767,-83.442133,2025,1,,25.0
2025-01-03,Castle Hayne,New Hanover,34.364167,-77.838611,2025,1,,35.5
2025-01-03,Clemmons Middle,Forsyth,36.026612,-80.341962,2025,1,,25.0
2025-01-03,Durham Armory,Durham,36.0329550008979,-78.904037,2025,1,,37.0
2025-01-03,Garinger High School,Mecklenburg,35.2401000008895,-80.785683,2025,1,30.0,40.0
2025-01-03,Hattie Avenue,Forsyth,36.11094,-80.224501,2025,1,,23.0
2025-01-03,Leggett,Edgecombe,35.988278,-77.5843,2025,1,,22.0
2025-01-03,Mendenhall School,Guilford,36.1090060008986,-79.802314,2025,1,,14.0
2025-01-03,Millbrook School,Wake,35.856111,-78.574167,2025,1,31.0,27.0
2025-01-03,Pitt Agri. Center,Pitt,35.6412760008938,-77.360126,2025,1,,15.0
2025-01-03,Rockwell,Rowan,35.551868,-80.395039,2025,1,31.0,25.0
2025-01-03,West Johnston Co.,Johnston,35.59095,-78.4622,2025,1,,21.0
2025-01-04,Bryson City,Swain,35.434767,-83.442133,2025,1,,3.0
2025-01-04,Castle Hayne,New Hanover,34.364167,-77.838611,2025,1,,29.0
2025-01-04,Clemmons Middle,Forsyth,36.026612,-80.341962,2025,1,,18.0
2025-01-04,Durham Armory,Durham,36.0329550008979,-78.904037,2025,1,,16.0
2025-01-04,Frying Pan Mountain,Haywood,35.379167,-82.7925,2025,1,,4.0
2025-01-04,Garinger High School,Mecklenburg,35.2401000008895,-80.785683,2025,1,31.0,28.0
2025-01-04,Hattie Avenue,Forsyth,36.11094,-80.224501,2025,1,,15.0
2025-01-04,Leggett,Edgecombe,35.988278,-77.5843,2025,1,,13.0
2025-01-04,Linville Falls,Avery,35.972347,-81.933072,2025,1,,7.0
2025-01-04,Mendenhall School,Guilford,36.1090060008986,-79.802314,2025,1,,12.0
2025-01-04,Millbrook School,Wake,35.856111,-78.574167,2025,1,29.0,19.5
2025-01-04,Pitt Agri. Center,Pitt,35.6412760008938,-77.360126,2025,1,,8.0
2025-01-04,Rockwell,Rowan,35.551868,-80.395039,2025,1,31.0,48.0
2025-01-04,West Johnston Co.,Johnston,35.59095,-78.4622,2025,1,,0.0
2025-01-05,Bryson City,Swain,35.434767,-83.442133,2025,1,,28.0
2025-01-05,Castle Hayne,New Hanover,34.364167,-77.838611,2025,1,,36.5
2025-01-05,Clemmons Middle,Forsyth,36.026612,-80.341962,2025,1,,49.0
2025-01-05,Durham Armory,Durham,36.0329550008979,-78.904037,2025,1,,19.0
2025-01-05,Garinger High School,Mecklenburg,35.2401000008895,-80.785683,2025,1,24.0,53.0
2025-01-05,Hattie Avenue,Forsyth,36.11094,-80.224501,2025,1,,28.0
2025-01-05,Leggett,Edgecombe,35.988278,-77.5843,2025,1,,15.0
2025-01-05,Mendenhall School,Guilford,36.1090060008986,-79.802314,2025,1,,31.0
2025-01-05,Millbrook School,Wake,35.856111,-78.574167,2025,1,33.0,19.0
2025-01-05,Pitt Agri. Center,Pitt,35.6412760008938,-77.360126,2025,1,,9.0
2025-01-05,Rockwell,Rowan,35.551868,-80.395039,2025,1,29.0,52.0
2025-01-05,West Johnston Co.,Johnston,35.59095,-78.4622,2025,1,,9.0
2025-01-06,Bryson City,Swain,35.434767,-83.442133,2025,1,,13.0
2025-01-06,Castle Hayne,New Hanover,34.364167,-77.838611,2025,1,,31.5
2025-01-06,Clemmons Middle,Forsyth,36.026612,-80.341962,2025,1,,42.0
2025-01-06,Durham Armory,Durham,36.0329550008979,-78.904037,2025,1,,23.0
2025-01-06,Garinger High School,Mecklenburg,35.2401000008895,-80.785683,2025,1,22.0,48.0
2025-01-06,Hattie Avenue,Forsyth,36.11094,-80.224501,2025,1,,39.0
2025-01-06,Leggett,Edgecombe,35.988278,-77.5843,2025,1,,33.0
2025-01-06,Mendenhall School,Guilford,36.1090060008986,-79.802314,2025,1,,25.0
2025-01-06,Millbrook School,Wake,35.856111,-78.574167,2025,1,24.0,22.0
2025-01-06,Pitt Agri. Center,Pitt,35.6412760008938,-77.360126,2025,1,,10.0
2025-01-06,Rockwell,Rowan,35.551868,-80.395039,2025,1,26.0,33.0
2025-01-06,West Johnston Co.,Johnston,35.59095,-78.4622,2025,1,,17.0
2025-01-07,Bryson City,Swain,35.434767,-83.442133,2025,1,,11.0
2025-01-07,Castle Hayne,New Hanover,34.364167,-77.838611,2025,1,,29.5
2025-01-07,Clemmons Middle,Forsyth,36.026612,-80.341962,2025,1,,15.5
2025-01-07,Durham Armory,Durham,36.0329550008979,-78.904037,2025,1,,25.0
2025-01-07,Frying Pan Mountain,Haywood,35.379167,-82.7925,2025,1,,5.0
2025-01-07,Garinger High School,Mecklenburg,35.2401000008895,-80.785683,2025,1,27.0,19.0
2025-01-07,Hattie Avenue,Forsyth,36.11094,-80.224501,2025,1,,17.0
2025-01-07,Leggett,Edgecombe,35.988278,-77.5843,2025,1,,19.0
2025-01-07,Linville Falls,Avery,35.972347,-81.933072,2025,1,,8.0
2025-01-07,Mendenhall School,Guilford,36.1090060008986,-79.802314,2025,1,,18.0
2025-01-07,Millbrook School,Wake,35.856111,-78.574167,2025,1,29.0,17.5
2025-01-07,Pitt Agri. Center,Pitt,35.6412760008938,-77.360126,2025,1,,14.0
2025-01-07,Rockwell,Rowan,35.551868,-80.395039,2025,1,,12.0
2025-01-07,West Johnston Co.,Johnston,35.59095,-78.4622,2025,1,,4.0
2025-01-08,Bryson City,Swain,35.434767,-83.442133,2025,1,,9.0
2025-01-08,Castle Hayne,New Hanover,34.364167,-77.838611,2025,1,,38.0
2025-01-08,Clemmons Middle,Forsyth,36.026612,-80.341962,2025,1,,33.0
2025-01-08,Durham Armory,Durham,36.0329550008979,-78.904037,2025,1,,27.0
2025-01-08,Garinger High School,Mecklenburg,35.2401000008895,-80.785683,2025,1,25.0,37.0
2025-01-08,Hattie Avenue,Forsyth,36.11094,-80.224501,2025,1,,28.0
2025-01-08,Leggett,Edgecombe,35.988278,-77.5843,2025,1,,23.0
2025-01-08,Mendenhall School,Guilford,36.1090060008986,-79.802314,2025,1,,21.0
2025-01-08,Millbrook School,Wake,35.856111,-78.574167,2025,1,31.0,25.0
2025-01-08,Pitt Agri. Center,Pitt,35.6412760008938,-77.360126,2025,1,,22.0
2025-01-08,Rockwell,Rowan,35.551868,-80.395039,2025,1,30.0,24.0
2025-01-08,West Johnston Co.,Johnston,35.59095,-78.4622,2025,1,,7.0
2025-01-09,Bryson City,Swain,35.434767,-83.442133,2025,1,,17.0
2025-01-09,Castle Hayne,New Hanover,34.364167,-77.838611,2025,1,,43.0
2025-01-09,Clemmons Middle,Forsyth,36.026612,-80.341962,2025,1,,33.0
2025-01-09,Garinger High School,Mecklenburg,35.2401000008895,-80.785683,2025,1,35.0,34.0
2025-01-09,Hattie Avenue,Forsyth,36.11094,-80.224501,2025,1,,31.0
2025-01-09,Leggett,Edgecombe,35.988278,-77.5843,2025,1,,25.0
2025-01-09,Mendenhall School,Guilford,36.1090060008986,-79.802314,2025,1,,19.0
2025-01-09,Millbrook School,Wake,35.856111,-78.574167,2025,1,33.0,26.0
2025-01-09,Pitt Agri. Center,Pitt,35.6412760008938,-77.360126,2025,1,,26.0
2025-01-09,Rockwell,Rowan,35.551868,-80.395039,2025,1,36.0,19.0
2025-01-09,West Johnston Co.,Johnston,35.59095,-78.4622,2025,1,,8.0
2025-01-10,Bryson City,Swain,35.434767,-83.442133,2025,1,,38.0
2025-01-10,Castle Hayne,New Hanover,34.364167,-77.838611,2025,1,,58.5
2025-01-10,Clemmons Middle,Forsyth,36.026612,-80.341962,2025,1,,52.0
2025-01-10,Frying Pan Mountain,Haywood,35.379167,-82.7925,2025,1,,1.0
2025-01-10,Garinger High School,Mecklenburg,35.2401000008895,-80.785683,2025,1,23.0,50.5
2025-01-10,Hattie Avenue,Forsyth,36.11094,-80.224501,2025,1,,48.0
2025-01-10,Leggett,Edgecombe,35.988278,-77.5843,2025,1,,33.0
2025-01-10,Linville Falls,Avery,35.972347,-81.933072,2025,1,,23.0
2025-01-10,Mendenhall School,Guilford,36.1090060008986,-79.802314,2025,1,,45.0
2025-01-10,Millbrook School,Wake,35.856111,-78.574167,2025,1,25.0,45.5
2025-01-10,Pitt Agri. Center,Pitt,35.6412760008938,-77.360126,2025,1,,31.0
2025-01-10,Rockwell,Rowan,35.551868,-80.395039,2025,1,29.0,42.0
2025-01-10,West Johnston Co.,Johnston,35.59095,-78.4622,2025,1,,26.0
2025-01-11,Bryson City,Swain,35.434767,-83.442133,2025,1,,19.0
2025-01-11,Castle Hayne,New Hanover,34.364167,-77.838611,2025,1,,30.5
2025-01-11,Clemmons Middle,Forsyth,36.026612,-80.341962,2025,1,,54.0
2025-01-11,Durham Armory,Durham,36.0329550008979,-78.904037,2025,1,,42.0
2025-01-11,Garinger High School,Mecklenburg,35.2401000008895,-80.785683,2025,1,30.0,31.0
2025-01-11,Hattie Avenue,Forsyth,36.11094,-80.224501,2025,1,,56.0
2025-01-11,Leggett,Edgecombe,35.988278,-77.5843,2025,1,,22.0
2025-01-11,Mendenhall School,Guilford,36.1090060008986,-79.802314,2025,1,,49.0
2025-01-11,Millbrook School,Wake,35.856111,-78.574167,2025,1,31.0,34.0
2025-01-11,Pitt Agri. Center,Pitt,35.6412760008938,-77.360126,2025,1,,18.0
2025-01-11,Rockwell,Rowan,35.551868,-80.395039,2025,1,33.0,29.0
2025-01-11,West Johnston Co.,Johnston,35.59095,-78.4622,2025,1,,24.0
2025-01-12,Bryson City,Swain,35.434767,-83.442133,2025,1,,32.0
2025-01-12,Castle Hayne,New Hanover,34.364167,-77.838611,2025,1,,39.0
2025-01-12,Clemmons Middle,Forsyth,36.026612,-80.341962,2025,1,,45.0
2025-01-12,Durham Armory,Durham,36.0329550008979,-78.904037,2025,1,,48.0
2025-01-12,Garinger High School,Mecklenburg,35.2401000008895,-80.785683,2025,1,33.0,44.0
2025-01-12,Hattie Avenue,Forsyth,36.11094,-80.224501,2025,1,,50.0
2025-01-12,Leggett,Edgecombe,35.988278,-77.5843,2025,1,,23.0
2025-01-12,Mendenhall School,Guilford,36.1090060008986,-79.802314,2025,1,,54.0
2025-01-12,Millbrook School,Wake,35.856111,-78.574167,2025,1,30.0,51.0
2025-01-12,Pitt Agri. Center,Pitt,35.6412760008938,-77.360126,2025,1,,28.0
2025-01-12,Rockwell,Rowan,35.551868,-80.395039,2025,1,33.0,34.0
2025-01-12,West Johnston Co.,Johnston,35.59095,-78.4622,2025,1,,22.0
2025-01-13,Bryson City,Swain,35.434767,-83.442133,2025,1,,38.0
2025-01-13,Castle Hayne,New Hanover,34.364167,-77.838611,2025,1,,45.5
2025-01-13,Clemmons Middle,Forsyth,36.026612,-80.341962,2025,1,,62.5
2025-01-13,Durham Armory,Durham,36.0329550008979,-78.904037,2025,1,,55.0
2025-01-13,Frying Pan Mountain,Haywood,35.379167,-82.7925,2025,1,,13.0
2025-01-13,Garinger High School,Mecklenburg,35.2401000008895,-80.785683,2025,1,26.0,55.5
2025-01-13,Hattie Avenue,Forsyth,36.11094,-80.224501,2025,1,,48.5
2025-01-13,Leggett,Edgecombe,35.988278,-77.5843,2025,1,,34.0
2025-01-13,Linville Falls,Avery,35.972347,-81.933072,2025,1,,28.0
2025-01-13,Mendenhall School,Guilford,36.1090060008986,-79.802314,2025,1,,46.0
2025-01-13,Millbrook School,Wake,35.856111,-78.574167,2025,1,30.0,52.5
2025-01-13,Pitt Agri. Center,Pitt,35.6412760008938,-77.360126,2025,1,,43.0
2025-01-13,Rockwell,Rowan,35.551868,-80.395039,2025,1,32.0,55.0
2025-01-13,West Johnston Co.,Johnston,35.59095,-78.4622,2025,1,,50.0
2025-01-14,Bryson City,Swain,35.434767,-83.442133,2025,1,,13.0
2025-01-14,Castle Hayne,New Hanover,34.364167,-77.838611,2025,1,,48.0
2025-01-14,Clemmons Middle,Forsyth,36.026612,-80.341962,2025,1,,23.0
2025-01-14,Durham Armory,Durham,36.0329550008979,-78.904037,2025,1,,30.0
2025-01-14,Garinger High School,Mecklenburg,35.2401000008895,-80.785683,2025,1,36.0,30.0
2025-01-14,Hattie Avenue,Forsyth,36.11094,-80.224501,2025,1,,21.0
2025-01-14,Leggett,Edgecombe,35.988278,-77.5843,2025,1,,28.0
2025-01-14,Mendenhall School,Guilford,36.1090060008986,-79.802314,2025,1,,17.0
2025-01-14,Millbrook School,Wake,35.856111,-78.574167,2025,1,35.0,24.0
2025-01-14,Pitt Agri. Center,Pitt,35.6412760008938,-77.360126,2025,1,,25.0
2025-01-14,Rockwell,Rowan,35.551868,-80.395039,2025,1,38.0,23.0
2025-01-14,West Johnston Co.,Johnston,35.59095,-78.4622,2025,1,,18.0
2025-01-15,Bryson City,Swain,35.434767,-83.442133,2025,1,,17.0
2025-01-15,Castle Hayne,New Hanover,34.364167,-77.838611,2025,1,,42.0
2025-01-15,Clemmons Middle,Forsyth,36.026612,-80.341962,2025,1,,38.0
2025-01-15,Durham Armory,Durham,36.0329550008979,-78.904037,2025,1,,42.0
2025-01-15,Garinger High School,Mecklenburg,35.2401000008895,-80.785683,2025,1,32.0,39.0
2025-01-15,Hattie Avenue,Forsyth,36.11094,-80.224501,2025,1,,43.0
2025-01-15,Leggett,Edgecombe,35.988278,-77.5843,2025,1,,21.0
2025-01-15,Mendenhall School,Guilford,36.1090060008986,-79.802314,2025,1,,32.0
2025-01-15,Millbrook School,Wake,35.856111,-78.574167,2025,1,31.0,34.0
2025-01-15,Pitt Agri. Center,Pitt,35.6412760008938,-77.360126,2025,1,,17.0
2025-01-15,Rockwell,Rowan,35.551868,-80.395039,2025,1,36.0,28.0
2025-01-15,West Johnston Co.,Johnston,35.59095,-78.4622,2025,1,,7.0
2025-01-16,Bryson City,Swain,35.434767,-83.442133,2025,1,,24.0
2025-01-16,Castle Hayne,New Hanover,34.364167,-77.838611,2025,1,,55.0
2025-01-16,Clemmons Middle,Forsyth,36.026612,-80.341962,2025,1,,53.0
2025-01-16,Durham Armory,Durham,36.0329550008979,-78.904037,2025,1,,52.0
2025-01-16,Frying Pan Mountain,Haywood,35.379167,-82.7925,2025,1,,7.0
2025-01-16,Garinger High School,Mecklenburg,35.2401000008895,-80.785683,2025,1,36.0,47.5
2025-01-16,Hattie Avenue,Forsyth,36.11094,-80.224501,2025,1,,50.5
2025-01-16,Leggett,Edgecombe,35.988278,-77.5843,2025,1,,45.0
2025-01-16,Mendenhall School,Guilford,36.1090060008986,-79.802314,2025,1,,54.0
2025-01-16,Millbrook School,Wake,35.856111,-78.574167,2025,1,33.0,53.0
2025-01-16,Pitt Agri. Center,Pitt,35.6412760008938,-77.360126,2025,1,,44.0
2025-01-16,Rockwell,Rowan,35.551868,-80.395039,2025,1,37.0,52.0
2025-01-16,West Johnston Co.,Johnston,35.59095,-78.4622,2025,1,,39.0
2025-01-17,Bryson City,Swain,35.434767,-83.442133,2025,1,,27.0
2025-01-17,Castle Hayne,New Hanover,34.364167,-77.838611,2025,1,,42.0
2025-01-17,Clemmons Middle,Forsyth,36.026612,-80.341962,2025,1,,38.0
2025-01-17,Durham Armory,Durham,36.0329550008979,-78.904037,2025,1,,32.0
2025-01-17,Garinger High School,Mecklenburg,35.2401000008895,-80.785683,2025,1,35.0,37.0
2025-01-17,Hattie Avenue,Forsyth,36.11094,-80.224501,2025,1,,41.0
2025-01-17,Leggett,Edgecombe,35.988278,-77.5843,2025,1,,26.0
2025-01-17,Mendenhall School,Guilford,36.1090060008986,-79.802314,2025,1,,30.0
2025-01-17,Millbrook School,Wake,35.856111,-78.574167,2025,1,33.0,37.0
2025-01-17,Pitt Agri. Center,Pitt,35.6412760008938,-77.360126,2025,1,,22.0
2025-01-17,Rockwell,Rowan,35.551868,-80.395039,2025,1,37.0,42.0
2025-01-17,West Johnston Co.,Johnston,35.59095,-78.4622,2025,1,,23.0
2025-01-18,Bryson City,Swain,35.434767,-83.442133,2025,1,,47.0
2025-01-18,Castle Hayne,New Hanover,34.364167,-77.838611,2025,1,,37.5
2025-01-18,Clemmons Middle,Forsyth,36.026612,-80.341962,2025,1,,52.0
2025-01-18,Durham Armory,Durham,36.0329550008979,-78.904037,2025,1,,52.0
2025-01-18,Garinger High School,Mecklenburg,35.2401000008895,-80.785683,2025,1,29.0,40.0
2025-01-18,Hattie Avenue,Forsyth,36.11094,-80.224501,2025,1,,54.0
2025-01-18,Leggett,Edgecombe,35.988278,-77.5843,2025,1,,41.0
2025-01-18,Mendenhall School,Guilford,36.1090060008986,-79.802314,2025,1,,52.0
2025-01-18,Millbrook School,Wake,35.856111,-78.574167,2025,1,24.0,58.0
2025-01-18,Pitt Agri. Center,Pitt,35.6412760008938,-77.360126,2025,1,,35.0
2025-01-18,Rockwell,Rowan,35.551868,-80.395039,2025,1,30.0,45.0
2025-01-18,West Johnston Co.,Johnston,35.59095,-78.4622,2025,1,,52.0
2025-01-19,Bryson City,Swain,35.434767,-83.442133,2025,1,,11.0
2025-01-19,Castle Hayne,New Hanover,34.364167,-77.838611,2025,1,,35.0
2025-01-19,Clemmons Middle,Forsyth,36.026612,-80.341962,2025,1,,55.0
2025-01-19,Durham Armory,Durham,36.0329550008979,-78.904037,2025,1,,54.0
2025-01-19,Frying Pan Mountain,Haywood,35.379167,-82.7925,2025,1,,20.0
2025-01-19,Garinger High School,Mecklenburg,35.2401000008895,-80.785683,2025,1,26.0,39.0
2025-01-19,Hattie Avenue,Forsyth,36.11094,-80.224501,2025,1,,51.0
2025-01-19,Leggett,Edgecombe,35.988278,-77.5843,2025,1,,37.0
2025-01-19,Linville Falls,Avery,35.972347,-81.933072,2025,1,,47.0
2025-01-19,Mendenhall School,Guilford,36.1090060008986,-79.802314,2025,1,,42.0
2025-01-19,Millbrook School,Wake,35.856111,-78.574167,2025,1,30.0,53.5
2025-01-19,Old High School,Swain,35.498711,-83.310242,2025,1,,13.0
2025-01-19,Pitt Agri. Center,Pitt,35.6412760008938,-77.360126,2025,1,,21.0
2025-01-19,Rockwell,Rowan,35.551868,-80.395039,2025,1,30.0,37.0
2025-01-19,West Johnston Co.,Johnston,35.59095,-78.4622,2025,1,,35.0
2025-01-20,Bryson City,Swain,35.434767,-83.442133,2025,1,,9.0
2025-01-20,Castle Hayne,New Hanover,34.364167,-77.838611,2025,1,,28.5
2025-01-20,Clemmons Middle,Forsyth,36.026612,-80.341962,2025,1,,36.0
2025-01-20,Durham Armory,Durham,36.0329550008979,-78.904037,2025,1,,21.0
2025-01-20,Garinger High School,Mecklenburg,35.2401000008895,-80.785683,2025,1,33.0,21.0
2025-01-20,Hattie Avenue,Forsyth,36.11094,-80.224501,2025,1,,21.0
2025-01-20,Leggett,Edgecombe,35.988278,-77.5843,2025,1,,15.0
2025-01-20,Mendenhall School,Guilford,36.1090060008986,-79.802314,2025,1,,17.0
2025-01-20,Millbrook School,Wake,35.856111,-78.574167,2025,1,34.0,19.0
2025-01-20,Pitt Agri. Center,Pitt,35.6412760008938,-77.360126,2025,1,,13.0
2025-01-20,Rockwell,Rowan,35.551868,-80.395039,2025,1,33.0,12.0
2025-01-20,West Johnston Co.,Johnston,35.59095,-78.4622,2025,1,,4.0
2025-01-21,Bryson City,Swain,35.434767,-83.442133,2025,1,,7.0
2025-01-21,Castle Hayne,New Hanover,34.364167,-77.838611,2025,1,,36.5
2025-01-21,Clemmons Middle,Forsyth,36.026612,-80.341962,2025,1,,35.0
2025-01-21,Durham Armory,Durham,36.0329550008979,-78.904037,2025,1,,31.0
2025-01-21,Garinger High School,Mecklenburg,35.2401000008895,-80.785683,2025,1,28.0,25.0
2025-01-21,Hattie Avenue,Forsyth,36.11094,-80.224501,2025,1,,29.0
2025-01-21,Leggett,Edgecombe,35.988278,-77.5843,2025,1,,21.0
2025-01-21,Mendenhall School,Guilford,36.1090060008986,-79.802314,2025,1,,12.0
2025-01-21,Millbrook School,Wake,35.856111,-78.574167,2025,1,31.0,23.0
2025-01-21,Pitt Agri. Center,Pitt,35.6412760008938,-77.360126,2025,1,,21.0
2025-01-21,Rockwell,Rowan,35.551868,-80.395039,2025,1,29.0,22.0
2025-01-21,West Johnston Co.,Johnston,35.59095,-78.4622,2025,1,,2.0
2025-01-22,Bryson City,Swain,35.434767,-83.442133,2025,1,,27.0
2025-01-22,Castle Hayne,New Hanover,34.364167,-77.838611,2025,1,,41.5
2025-01-22,Clemmons Middle,Forsyth,36.026612,-80.341962,2025,1,,52.0
2025-01-22,Durham Armory,Durham,36.0329550008979,-78.904037,2025,1,,40.0
2025-01-22,Garinger High School,Mecklenburg,35.2401000008895,-80.785683,2025,1,33.0,44.5
2025-01-22,Hattie Avenue,Forsyth,36.11094,-80.224501,2025,1,,41.5
2025-01-22,Leggett,Edgecombe,35.988278,-77.5843,2025,1,,25.0
2025-01-22,Linville Falls,Avery,35.972347,-81.933072,2025,1,,18.0
2025-01-22,Mendenhall School,Guilford,36.1090060008986,-79.802314,2025,1,,44.0
2025-01-22,Millbrook School,Wake,35.856111,-78.574167,2025,1,31.0,42.5
2025-01-22,Pitt Agri. Center,Pitt,35.6412760008938,-77.360126,2025,1,,26.0
2025-01-22,Rockwell,Rowan,35.551868,-80.395039,2025,1,32.0,35.0
2025-01-22,West Johnston Co.,Johnston,35.59095,-78.4622,2025,1,,15.0
2025-01-23,Bryson City,Swain,35.434767,-83.442133,2025,1,,42.0
2025-01-23,Castle Hayne,New Hanover,34.364167,-77.838611,2025,1,,50.0
2025-01-23,Clemmons Middle,Forsyth,36.026612,-80.341962,2025,1,,74.0
2025-01-23,Durham Armory,Durham,36.0329550008979,-78.904037,2025,1,,59.0
2025-01-23,Garinger High School,Mecklenburg,35.2401000008895,-80.785683,2025,1,29.0,57.0
2025-01-23,Hattie Avenue,Forsyth,36.11094,-80.224501,2025,1,,63.0
2025-01-23,Leggett,Edgecombe,35.988278,-77.5843,2025,1,,44.0
2025-01-23,Mendenhall School,Guilford,36.1090060008986,-79.802314,2025,1,,58.0
2025-01-23,Millbrook School,Wake,35.856111,-78.574167,2025,1,28.0,55.0
2025-01-23,Pitt Agri. Center,Pitt,35.6412760008938,-77.360126,2025,1,,48.0
2025-01-23,Rockwell,Rowan,35.551868,-80.395039,2025,1,30.0,59.0
2025-01-23,West Johnston Co.,Johnston,35.59095,-78.4622,2025,1,,37.0
2025-01-24,Bryson City,Swain,35.434767,-83.442133,2025,1,,39.0
2025-01-24,Castle Hayne,New Hanover,34.364167,-77.838611,2025,1,,53.0
2025-01-24,Clemmons Middle,Forsyth,36.026612,-80.341962,2025,1,,70.0
2025-01-24,Durham Armory,Durham,36.0329550008979,-78.904037,2025,1,,55.0
2025-01-24,Garinger High School,Mecklenburg,35.2401000008895,-80.785683,2025,1,34.0,66.0
2025-01-24,Hattie Avenue,Forsyth,36.11094,-80.224501,2025,1,,62.0
2025-01-24,Leggett,Edgecombe,35.988278,-77.5843,2025,1,,36.0
2025-01-24,Mendenhall School,Guilford,36.1090060008986,-79.802314,2025,1,,57.0
2025-01-24,Millbrook School,Wake,35.856111,-78.574167,2025,1,34.0,57.0
2025-01-24,Pitt Agri. Center,Pitt,35.6412760008938,-77.360126,2025,1,,53.0
2025-01-24,Rockwell,Rowan,35.551868,-80.395039,2025,1,34.0,63.0
2025-01-24,West Johnston Co.,Johnston,35.59095,-78.4622,2025,1,,32.0
2025-01-25,Bryson City,Swain,35.434767,-83.442133,2025,1,,49.0
2025-01-25,Castle Hayne,New Hanover,34.364167,-77.838611,2025,1,,46.0
2025-01-25,Clemmons Middle,Forsyth,36.026612,-80.341962,2025,1,,55.0
2025-01-25,Durham Armory,Durham,36.0329550008979,-78.904037,2025,1,,55.0
2025-01-25,Frying Pan Mountain,Haywood,35.379167,-82.7925,2025,1,,6.0
2025-01-25,Garinger High School,Mecklenburg,35.2401000008895,-80.785683,2025,1,36.0,67.5
2025-01-25,Hattie Avenue,Forsyth,36.11094,-80.224501,2025,1,,55.0
2025-01-25,Leggett,Edgecombe,35.988278,-77.5843,2025,1,,37.0
2025-01-25,Linville Falls,Avery,35.972347,-81.933072,2025,1,,18.0
2025-01-25,Mendenhall School,Guilford,36.1090060008986,-79.802314,2025,1,,56.0
2025-01-25,Millbrook School,Wake,35.856111,-78.574167,2025,1,33.0,57.5
2025-01-25,Old High School,Swain,35.498711,-83.310242,2025,1,,19.0
2025-01-25,Pitt Agri. Center,Pitt,35.6412760008938,-77.360126,2025,1,,41.0
2025-01-25,Rockwell,Rowan,35.551868,-80.395039,2025,1,36.0,64.0
2025-01-25,West Johnston Co.,Johnston,35.59095,-78.4622,2025,1,,43.0
2025-01-26,Bryson City,Swain,35.434767,-83.442133,2025,1,,54.0
2025-01-26,Castle Hayne,New Hanover,34.364167,-77.838611,2025,1,,39.0
2025-01-26,Clemmons Middle,Forsyth,36.026612,-80.341962,2025,1,,61.0
2025-01-26,Durham Armory,Durham,36.0329550008979,-78.904037,2025,1,,57.0
2025-01-26,Garinger High School,Mecklenburg,35.2401000008895,-80.785683,2025,1,36.0,57.0
2025-01-26,Hattie Avenue,Forsyth,36.11094,-80.224501,2025,1,,55.0
2025-01-26,Leggett,Edgecombe,35.988278,-77.5843,2025,1,,43.0
2025-01-26,Mendenhall School,Guilford,36.1090060008986,-79.802314,2025,1,,56.0
2025-01-26,Millbrook School,Wake,35.856111,-78.574167,2025,1,39.0,55.0
2025-01-26,Pitt Agri. Center,Pitt,35.6412760008938,-77.360126,2025,1,,47.0
2025-01-26,Rockwell,Rowan,35.551868,-80.395039,2025,1,40.0,56.0
2025-01-26,West Johnston Co.,Johnston,35.59095,-78.4622,2025,1,,49.0
2025-01-27,Bryson City,Swain,35.434767,-83.442133,2025,1,,43.0
2025-01-27,Castle Hayne,New Hanover,34.364167,-77.838611,2025,1,,43.5
2025-01-27,Clemmons Middle,Forsyth,36.026612,-80.341962,2025,1,,54.0
2025-01-27,Durham Armory,Durham,36.0329550008979,-78.904037,2025,1,,52.0
2025-01-27,Garinger High School,Mecklenburg,35.2401000008895,-80.785683,2025,1,23.0,48.0
2025-01-27,Hattie Avenue,Forsyth,36.11094,-80.224501,2025,1,,55.0
2025-01-27,Leggett,Edgecombe,35.988278,-77.5843,2025,1,,43.0
2025-01-27,Mendenhall School,Guilford,36.1090060008986,-79.802314,2025,1,,55.0
2025-01-27,Millbrook School,Wake,35.856111,-78.574167,2025,1,30.0,52.0
2025-01-27,Pitt Agri. Center,Pitt,35.6412760008938,-77.360126,2025,1,,42.0
2025-01-27,Rockwell,Rowan,35.551868,-80.395039,2025,1,28.0,65.0
2025-01-27,West Johnston Co.,Johnston,35.59095,-78.4622,2025,1,,50.0
2025-01-28,Bryson City,Swain,35.434767,-83.442133,2025,1,,19.0
2025-01-28,Castle Hayne,New Hanover,34.364167,-77.838611,2025,1,,33.5
2025-01-28,Clemmons Middle,Forsyth,36.026612,-80.341962,2025,1,,35.0
2025-01-28,Durham Armory,Durham,36.0329550008979,-78.904037,2025,1,,44.0
2025-01-28,Frying Pan Mountain,Haywood,35.379167,-82.7925,2025,1,,10.0
2025-01-28,Garinger High School,Mecklenburg,35.2401000008895,-80.785683,2025,1,35.0,27.0
2025-01-28,Hattie Avenue,Forsyth,36.11094,-80.224501,2025,1,,28.5
2025-01-28,Leggett,Edgecombe,35.988278,-77.5843,2025,1,,31.0
2025-01-28,Linville Falls,Avery,35.972347,-81.933072,2025,1,,13.0
2025-01-28,Mendenhall School,Guilford,36.1090060008986,-79.802314,2025,1,,34.0
2025-01-28,Millbrook School,Wake,35.856111,-78.574167,2025,1,36.0,42.0
2025-01-28,Pitt Agri. Center,Pitt,35.6412760008938,-77.360126,2025,1,,21.0
2025-01-28,Rockwell,Rowan,35.551868,-80.395039,2025,1,37.0,28.0
2025-01-28,West Johnston Co.,Johnston,35.59095,-78.4622,2025,1,,24.0
2025-01-29,Bryson City,Swain,35.434767,-83.442133,2025,1,,21.0
2025-01-29,Castle Hayne,New Hanover,34.364167,-77.838611,2025,1,,37.0
2025-01-29,Clemmons Middle,Forsyth,36.026612,-80.341962,2025,1,,29.0
2025-01-29,Durham Armory,Durham,36.0329550008979,-78.904037,2025,1,,32.0
2025-01-29,Garinger High School,Mecklenburg,35.2401000008895,-80.785683,2025,1,38.0,33.5
2025-01-29,Hattie Avenue,Forsyth,36.11094,-80.224501,2025,1,,30.0
2025-01-29,Leggett,Edgecombe,35.988278,-77.5843,2025,1,,27.0
2025-01-29,Mendenhall School,Guilford,36.1090060008986,-79.802314,2025,1,,38.0
2025-01-29,Millbrook School,Wake,35.856111,-78.574167,2025,1,39.0,29.0
2025-01-29,Pitt Agri. Center,Pitt,35.6412760008938,-77.360126,2025,1,,26.0
2025-01-29,Rockwell,Rowan,35.551868,-80.395039,2025,1,41.0,23.0
2025-01-29,West Johnston Co.,Johnston,35.59095,-78.4622,2025,1,,43.0
2025-01-30,Bryson City,Swain,35.434767,-83.442133,2025,1,,54.0
2025-01-30,Castle Hayne,New Hanover,34.364167,-77.838611,2025,1,,36.0
2025-01-30,Clemmons Middle,Forsyth,36.026612,-80.341962,2025,1,,41.0
2025-01-30,Durham Armory,Durham,36.0329550008979,-78.904037,2025,1,,31.0
2025-01-30,Garinger High School,Mecklenburg,35.2401000008895,-80.785683,2025,1,37.0,41.0
2025-01-30,Hattie Avenue,Forsyth,36.11094,-80.224501,2025,1,,31.0
2025-01-30,Leggett,Edgecombe,35.988278,-77.5843,2025,1,,22.0
2025-01-30,Mendenhall School,Guilford,36.1090060008986,-79.802314,2025,1,,34.0
2025-01-30,Millbrook School,Wake,35.856111,-78.574167,2025,1,39.0,27.0
2025-01-30,Pitt Agri. Center,Pitt,35.6412760008938,-77.360126,2025,1,,21.0
2025-01-30,Rockwell,Rowan,35.551868,-80.395039,2025,1,38.0,43.0
2025-01-30,West Johnston Co.,Johnston,35.59095,-78.4622,2025,1,,28.0
2025-01-31,Bryson City,Swain,35.434767,-83.442133,2025,1,,47.0
2025-01-31,Castle Hayne,New Hanover,34.364167,-77.838611,2025,1,,33.0
2025-01-31,Clemmons Middle,Forsyth,36.026612,-80.341962,2025,1,,53.0
2025-01-31,Durham Armory,Durham,36.0329550008979,-78.904037,2025,1,,49.0
2025-01-31,Frying Pan Mountain,Haywood,35.379167,-82.7925,2025,1,,20.0
2025-01-31,Garinger High School,Mecklenburg,35.2401000008895,-80.785683,2025,1,38.0,49.0
2025-01-31,Hattie Avenue,Forsyth,36.11094,-80.224501,2025,1,,56.5
2025-01-31,Leggett,Edgecombe,35.988278,-77.5843,2025,1,,49.0
2025-01-31,Linville Falls,Avery,35.972347,-81.933072,2025,1,,41.0
2025-01-31,Mendenhall School,Guilford,36.1090060008986,-79.802314,2025,1,,51.0
2025-01-31,Millbrook School,Wake,35.856111,-78.574167,2025,1,40.0,53.0
2025-01-31,Old High School,Swain,35.498711,-83.310242,2025,1,,32.0
2025-01-31,Pitt Agri. Center,Pitt,35.6412760008938,-77.360126,2025,1,,36.0
2025-01-31,Rockwell,Rowan,35.551868,-80.395039,2025,1,38.0,48.0
2025-01-31,West Johnston Co.,Johnston,35.59095,-78.4622,2025,1,,52.0
2025-02-01,Bryson City,Swain,35.434767,-83.442133,2025,2,,32.0
2025-02-01,Castle Hayne,New Hanover,34.364167,-77.838611,2025,2,,29.0
2025-02-01,Clemmons Middle,Forsyth,36.026612,-80.341962,2025,2,,27.0
2025-02-01,Durham Armory,Durham,36.0329550008979,-78.904037,2025,2,,30.0
2025-02-01,Garinger High School,Mecklenburg,35.2401000008895,-80.785683,2025,2,37.0,23.0
2025-02-01,Hattie Avenue,Forsyth,36.11094,-80.224501,2025,2,,28.0
2025-02-01,Leggett,Edgecombe,35.988278,-77.5843,2025,2,,13.0
2025-02-01,Mendenhall School,Guilford,36.1090060008986,-79.802314,2025,2,,20.0
2025-02-01,Millbrook School,Wake,35.856111,-78.574167,2025,2,33.0,22.0
2025-02-01,Pitt Agri. Center,Pitt,35.6412760008938,-77.360126,2025,2,,10.0
2025-02-01,Rockwell,Rowan,35.551868,-80.395039,2025,2,35.0,17.0
2025-02-01,West Johnston Co.,Johnston,35.59095,-78.4622,2025,2,,7.0
2025-02-02,Bryson City,Swain,35.434767,-83.442133,2025,2,,49.0
2025-02-02,Castle Hayne,New Hanover,34.364167,-77.838611,2025,2,,25.0
2025-02-02,Clemmons Middle,Forsyth,36.026612,-80.341962,2025,2,,30.0
2025-02-02,Durham Armory,Durham,36.0329550008979,-78.904037,2025,2,,27.0
2025-02-02,Garinger High School,Mecklenburg,35.2401000008895,-80.785683,2025,2,35.0,43.0
2025-02-02,Hattie Avenue,Forsyth,36.11094,-80.224501,2025,2,,31.0
2025-02-02,Leggett,Edgecombe,35.988278,-77.5843,2025,2,,21.0
2025-02-02,Mendenhall School,Guilford,36.1090060008986,-79.802314,2025,2,,32.0
2025-02-02,Millbrook School,Wake,35.856111,-78.574167,2025,2,32.0,23.0
2025-02-02,Pitt Agri. Center,Pitt,35.6412760008938,-77.360126,2025,2,,12.0
2025-02-02,Rockwell,Rowan,35.551868,-80.395039,2025,2,32.0,26.0
2025-02-02,West Johnston Co.,Johnston,35.59095,-78.4622,2025,2,,17.0
2025-02-03,Bryson City,Swain,35.434767,-83.442133,2025,2,,46.0
2025-02-03,Castle Hayne,New Hanover,34.364167,-77.838611,2025,2,,34.0
2025-02-03,Clemmons Middle,Forsyth,36.026612,-80.341962,2025,2,,57.0
2025-02-03,Durham Armory,Durham,36.0329550008979,-78.904037,2025,2,,51.0
2025-02-03,Frying Pan Mountain,Haywood,35.379167,-82.7925,2025,2,,18.0
2025-02-03,Garinger High School,Mecklenburg,35.2401000008895,-80.785683,2025,2,36.0,56.5
2025-02-03,Hattie Avenue,Forsyth,36.11094,-80.224501,2025,2,,55.0
2025-02-03,Leggett,Edgecombe,35.988278,-77.5843,2025,2,,31.0
2025-02-03,Linville Falls,Avery,35.972347,-81.933072,2025,2,,31.0
2025-02-03,Mendenhall School,Guilford,36.1090060008986,-79.802314,2025,2,,55.0
2025-02-03,Millbrook School,Wake,35.856111,-78.574167,2025,2,32.0,46.5
2025-02-03,Pitt Agri. Center,Pitt,35.6412760008938,-77.360126,2025,2,,29.0
2025-02-03,Rockwell,Rowan,35.551868,-80.395039,2025,2,36.0,55.0
2025-02-03,West Johnston Co.,Johnston,35.59095,-78.4622,2025,2,,39.0
2025-02-04,Bryson City,Swain,35.434767,-83.442133,2025,2,,52.0
2025-02-04,Castle Hayne,New Hanover,34.364167,-77.838611,2025,2,,49.0
2025-02-04,Clemmons Middle,Forsyth,36.026612,-80.341962,2025,2,,38.0
2025-02-04,Durham Armory,Durham,36.0329550008979,-78.904037,2025,2,,57.0
2025-02-04,Garinger High School,Mecklenburg,35.2401000008895,-80.785683,2025,2,41.0,56.0
2025-02-04,Hattie Avenue,Forsyth,36.11094,-80.224501,2025,2,,53.0
2025-02-04,Leggett,Edgecombe,35.988278,-77.5843,2025,2,,48.0
2025-02-04,Mendenhall School,Guilford,36.1090060008986,-79.802314,2025,2,,49.0
2025-02-04,Millbrook School,Wake,35.856111,-78.574167,2025,2,41.0,53.0
2025-02-04,Pitt Agri. Center,Pitt,35.6412760008938,-77.360126,2025,2,,46.0
2025-02-04,Rockwell,Rowan,35.551868,-80.395039,2025,2,42.0,52.0
2025-02-04,West Johnston Co.,Johnston,35.59095,-78.4622,2025,2,,51.0
2025-02-05,Bryson City,Swain,35.434767,-83.442133,2025,2,,49.0
2025-02-05,Castle Hayne,New Hanover,34.364167,-77.838611,2025,2,,46.0
2025-02-05,Clemmons Middle,Forsyth,36.026612,-80.341962,2025,2,,33.0
2025-02-05,Durham Armory,Durham,36.0329550008979,-78.904037,2025,2,,43.0
2025-02-05,Garinger High School,Mecklenburg,35.2401000008895,-80.785683,2025,2,31.0,52.0
2025-02-05,Hattie Avenue,Forsyth,36.11094,-80.224501,2025,2,,32.0
2025-02-05,Leggett,Edgecombe,35.988278,-77.5843,2025,2,,26.0
2025-02-05,Mendenhall School,Guilford,36.1090060008986,-79.802314,2025,2,,22.0
2025-02-05,Millbrook School,Wake,35.856111,-78.574167,2025,2,31.0,29.0
2025-02-05,Pitt Agri. Center,Pitt,35.6412760008938,-77.360126,2025,2,,12.0
2025-02-05,Rockwell,Rowan,35.551868,-80.395039,2025,2,31.0,38.0
2025-02-05,West Johnston Co.,Johnston,35.59095,-78.4622,2025,2,,20.0
2025-02-06,Bryson City,Swain,35.434767,-83.442133,2025,2,,46.0
2025-02-06,Castle Hayne,New Hanover,34.364167,-77.838611,2025,2,,57.0
2025-02-06,Clemmons Middle,Forsyth,36.026612,-80.341962,2025,2,,57.0
2025-02-06,Durham Armory,Durham,36.0329550008979,-78.904037,2025,2,,55.0
2025-02-06,Frying Pan Mountain,Haywood,35.379167,-82.7925,2025,2,,23.0
2025-02-06,Garinger High School,Mecklenburg,35.2401000008895,-80.785683,2025,2,31.0,56.0
2025-02-06,Hattie Avenue,Forsyth,36.11094,-80.224501,2025,2,,58.5
2025-02-06,Leggett,Edgecombe,35.988278,-77.5843,2025,2,,36.0
2025-02-06,Linville Falls,Avery,35.972347,-81.933072,2025,2,,39.0
2025-02-06,Mendenhall School,Guilford,36.1090060008986,-79.802314,2025,2,,55.0
2025-02-06,Millbrook School,Wake,35.856111,-78.574167,2025,2,19.0,58.0
2025-02-06,Old High School,Swain,35.498711,-83.310242,2025,2,,51.0
2025-02-06,Pitt Agri. Center,Pitt,35.6412760008938,-77.360126,2025,2,,47.0
2025-02-06,Rockwell,Rowan,35.551868,-80.395039,2025,2,31.0,57.0
2025-02-06,West Johnston Co.,Johnston,35.59095,-78.4622,2025,2,,57.0
2025-02-07,Bryson City,Swain,35.434767,-83.442133,2025,2,,19.0
2025-02-07,Castle Hayne,New Hanover,34.364167,-77.838611,2025,2,,56.0
2025-02-07,Clemmons Middle,Forsyth,36.026612,-80.341962,2025,2,,38.0
2025-02-07,Durham Armory,Durham,36.0329550008979,-78.904037,2025,2,,46.0
2025-02-07,Garinger High School,Mecklenburg,35.2401000008895,-80.785683,2025,2,34.0,47.0
2025-02-07,Hattie Avenue,Forsyth,36.11094,-80.224501,2025,2,,39.0
2025-02-07,Leggett,Edgecombe,35.988278,-77.5843,2025,2,,36.0
2025-02-07,Mendenhall School,Guilford,36.1090060008986,-79.802314,2025,2,,24.0
2025-02-07,Millbrook School,Wake,35.856111,-78.574167,2025,2,41.0,44.0
2025-02-07,Pitt Agri. Center,Pitt,35.6412760008938,-77.360126,2025,2,,36.0
2025-02-07,Rockwell,Rowan,35.551868,-80.395039,2025,2,40.0,31.0
2025-02-07,West Johnston Co.,Johnston,35.59095,-78.4622,2025,2,,44.0
2025-02-08,Bryson City,Swain,35.434767,-83.442133,2025,2,,32.0
2025-02-08,Castle Hayne,New Hanover,34.364167,-77.838611,2025,2,,49.0
2025-02-08,Clemmons Middle,Forsyth,36.026612,-80.341962,2025,2,,30.0
2025-02-08,Durham Armory,Durham,36.0329550008979,-78.904037,2025,2,,44.0
2025-02-08,Garinger High School,Mecklenburg,35.2401000008895,-80.785683,2025,2,29.0,53.0
2025-02-08,Hattie Avenue,Forsyth,36.11094,-80.224501,2025,2,,35.0
2025-02-08,Leggett,Edgecombe,35.988278,-77.5843,2025,2,,34.0
2025-02-08,Mendenhall School,Guilford,36.1090060008986,-79.802314,2025,2,,28.0
2025-02-08,Millbrook School,Wake,35.856111,-78.574167,2025,2,25.0,37.0
2025-02-08,Pitt Agri. Center,Pitt,35.6412760008938,-77.360126,2025,2,,21.0
2025-02-08,Rockwell,Rowan,35.551868,-80.395039,2025,2,29.0,43.0
2025-02-08,West Johnston Co.,Johnston,35.59095,-78.4622,2025,2,,34.0
2025-02-09,Bryson City,Swain,35.434767,-83.442133,2025,2,,21.0
2025-02-09,Castle Hayne,New Hanover,34.364167,-77.838611,2025,2,,53.5
2025-02-09,Clemmons Middle,Forsyth,36.026612,-80.341962,2025,2,,38.0
2025-02-09,Durham Armory,Durham,36.0329550008979,-78.904037,2025,2,,46.0
2025-02-09,Frying Pan Mountain,Haywood,35.379167,-82.7925,2025,2,,14.0
2025-02-09,Garinger High School,Mecklenburg,35.2401000008895,-80.785683,2025,2,39.0,41.0
2025-02-09,Hattie Avenue,Forsyth,36.11094,-80.224501,2025,2,,38.0
2025-02-09,Leggett,Edgecombe,35.988278,-77.5843,2025,2,,36.0
2025-02-09,Linville Falls,Avery,35.972347,-81.933072,2025,2,,17.0
2025-02-09,Mendenhall School,Guilford,36.1090060008986,-79.802314,2025,2,,38.0
2025-02-09,Millbrook School,Wake,35.856111,-78.574167,2025,2,35.0,46.0
2025-02-09,Pitt Agri. Center,Pitt,35.6412760008938,-77.360126,2025,2,,43.0
2025-02-09,Rockwell,Rowan,35.551868,-80.395039,2025,2,36.0,37.0
2025-02-09,West Johnston Co.,Johnston,35.59095,-78.4622,2025,2,,46.0
2025-02-10,Bryson City,Swain,35.434767,-83.442133,2025,2,,18.0
2025-02-10,Castle Hayne,New Hanover,34.364167,-77.838611,2025,2,,25.5
2025-02-10,Clemmons Middle,Forsyth,36.026612,-80.341962,2025,2,,34.0
2025-02-10,Durham Armory,Durham,36.0329550008979,-78.904037,2025,2,,37.0
2025-02-10,Garinger High School,Mecklenburg,35.2401000008895,-80.785683,2025,2,26.0,28.0
2025-02-10,Hattie Avenue,Forsyth,36.11094,-80.224501,2025,2,,32.0
2025-02-10,Leggett,Edgecombe,35.988278,-77.5843,2025,2,,26.0
2025-02-10,Mendenhall School,Guilford,36.1090060008986,-79.802314,2025,2,,19.0
2025-02-10,Millbrook School,Wake,35.856111,-78.574167,2025,2,30.0,32.0
2025-02-10,Pitt Agri. Center,Pitt,35.6412760008938,-77.360126,2025,2,,16.0
2025-02-10,Rockwell,Rowan,35.551868,-80.395039,2025,2,28.0,27.0
2025-02-10,West Johnston Co.,Johnston,35.59095,-78.4622,2025,2,,27.0
2025-02-11,Bryson City,Swain,35.434767,-83.442133,2025,2,,21.0
2025-02-11,Castle Hayne,New Hanover,34.364167,-77.838611,2025,2,,33.0
2025-02-11,Clemmons Middle,Forsyth,36.026612,-80.341962,2025,2,,51.0
2025-02-11,Durham Armory,Durham,36.0329550008979,-78.904037,2025,2,,45.0
2025-02-11,Garinger High School,Mecklenburg,35.2401000008895,-80.785683,2025,2,28.0,39.0
2025-02-11,Hattie Avenue,Forsyth,36.11094,-80.224501,2025,2,,52.0
2025-02-11,Leggett,Edgecombe,35.988278,-77.5843,2025,2,,31.0
2025-02-11,Mendenhall School,Guilford,36.1090060008986,-79.802314,2025,2,,40.0
2025-02-11,Millbrook School,Wake,35.856111,-78.574167,2025,2,29.0,39.0
2025-02-11,Pitt Agri. Center,Pitt,35.6412760008938,-77.360126,2025,2,,27.0
2025-02-11,Rockwell,Rowan,35.551868,-80.395039,2025,2,30.0,36.0
2025-02-11,West Johnston Co.,Johnston,35.59095,-78.4622,2025,2,,30.0
2025-02-12,Bryson City,Swain,35.434767,-83.442133,2025,2,,23.0
2025-02-12,Castle Hayne,New Hanover,34.364167,-77.838611,2025,2,,18.5
2025-02-12,Clemmons Middle,Forsyth,36.026612,-80.341962,2025,2,,10.0
2025-02-12,Durham Armory,Durham,36.0329550008979,-78.904037,2025,2,,14.0
2025-02-12,Frying Pan Mountain,Haywood,35.379167,-82.7925,2025,2,,2.0
2025-02-12,Garinger High School,Mecklenburg,35.2401000008895,-80.785683,2025,2,20.0,8.0
2025-02-12,Hattie Avenue,Forsyth,36.11094,-80.224501,2025,2,,8.5
2025-02-12,Leggett,Edgecombe,35.988278,-77.5843,2025,2,,11.0
2025-02-12,Linville Falls,Avery,35.972347,-81.933072,2025,2,,18.0
2025-02-12,Mendenhall School,Guilford,36.1090060008986,-79.802314,2025,2,,2.0
2025-02-12,Millbrook School,Wake,35.856111,-78.574167,2025,2,27.0,10.5
2025-02-12,Old High School,Swain,35.498711,-83.310242,2025,2,,20.0
2025-02-12,Pitt Agri. Center,Pitt,35.6412760008938,-77.360126,2025,2,,6.0
2025-02-12,Rockwell,Rowan,35.551868,-80.395039,2025,2,24.0,3.0
2025-02-12,West Johnston Co.,Johnston,35.59095,-78.4622,2025,2,,16.0
2025-02-13,Bryson City,Swain,35.434767,-83.442133,2025,2,,15.0
2025-02-13,Castle Hayne,New Hanover,34.364167,-77.838611,2025,2,,32.5
2025-02-13,Clemmons Middle,Forsyth,36.026612,-80.341962,2025,2,,21.0
2025-02-13,Durham Armory,Durham,36.0329550008979,-78.904037,2025,2,,19.0
2025-02-13,Garinger High School,Mecklenburg,35.2401000008895,-80.785683,2025,2,,19.0
2025-02-13,Hattie Avenue,Forsyth,36.11094,-80.224501,2025,2,,22.0
2025-02-13,Leggett,Edgecombe,35.988278,-77.5843,2025,2,,14.0
2025-02-13,Mendenhall School,Guilford,36.1090060008986,-79.802314,2025,2,,10.0
2025-02-13,Millbrook School,Wake,35.856111,-78.574167,2025,2,25.0,21.0
2025-02-13,Pitt Agri. Center,Pitt,35.6412760008938,-77.360126,2025,2,,14.0
2025-02-13,Rockwell,Rowan,35.551868,-80.395039,2025,2,28.0,20.0
2025-02-13,West Johnston Co.,Johnston,35.59095,-78.4622,2025,2,,24.0
2025-02-14,Bryson City,Swain,35.434767,-83.442133,2025,2,,34.0
2025-02-14,Castle Hayne,New Hanover,34.364167,-77.838611,2025,2,,30.0
2025-02-14,Clemmons Middle,Forsyth,36.026612,-80.341962,2025,2,,33.0
2025-02-14,Durham Armory,Durham,36.0329550008979,-78.904037,2025,2,,34.0
2025-02-14,Garinger High School,Mecklenburg,35.2401000008895,-80.785683,2025,2,35.0,38.0
2025-02-14,Hattie Avenue,Forsyth,36.11094,-80.224501,2025,2,,33.0
2025-02-14,Leggett,Edgecombe,35.988278,-77.5843,2025,2,,25.0
2025-02-14,Mendenhall School,Guilford,36.1090060008986,-79.802314,2025,2,,32.0
2025-02-14,Millbrook School,Wake,35.856111,-78.574167,2025,2,34.0,38.0
2025-02-14,Pitt Agri. Center,Pitt,35.6412760008938,-77.360126,2025,2,,18.0
2025-02-14,Rockwell,Rowan,35.551868,-80.395039,2025,2,34.0,28.0
2025-02-14,West Johnston Co.,Johnston,35.59095,-78.4622,2025,2,,28.0
2025-02-15,Bryson City,Swain,35.434767,-83.442133,2025,2,,46.0
2025-02-15,Castle Hayne,New Hanover,34.364167,-77.838611,2025,2,,29.0
2025-02-15,Clemmons Middle,Forsyth,36.026612,-80.341962,2025,2,,41.0
2025-02-15,Durham Armory,Durham,36.0329550008979,-78.904037,2025,2,,32.0
2025-02-15,Frying Pan Mountain,Haywood,35.379167,-82.7925,2025,2,,8.0
2025-02-15,Garinger High School,Mecklenburg,35.2401000008895,-80.785683,2025,2,23.0,39.0
2025-02-15,Hattie Avenue,Forsyth,36.11094,-80.224501,2025,2,,39.0
2025-02-15,Leggett,Edgecombe,35.988278,-77.5843,2025,2,,24.0
2025-02-15,Linville Falls,Avery,35.972347,-81.933072,2025,2,,22.0
2025-02-15,Mendenhall School,Guilford,36.1090060008986,-79.802314,2025,2,,34.0
2025-02-15,Millbrook School,Wake,35.856111,-78.574167,2025,2,29.0,28.0
2025-02-15,Pitt Agri. Center,Pitt,35.6412760008938,-77.360126,2025,2,,17.0
2025-02-15,Rockwell,Rowan,35.551868,-80.395039,2025,2,23.0,42.0
2025-02-15,West Johnston Co.,Johnston,35.59095,-78.4622,2025,2,,36.0
2025-02-16,Bryson City,Swain,35.434767,-83.442133,2025,2,,19.0
2025-02-16,Castle Hayne,New Hanover,34.364167,-77.838611,2025,2,,27.0
2025-02-16,Clemmons Middle,Forsyth,36.026612,-80.341962,2025,2,,14.0
2025-02-16,Durham Armory,Durham,36.0329550008979,-78.904037,2025,2,,15.0
2025-02-16,Garinger High School,Mecklenburg,35.2401000008895,-80.785683,2025,2,33.0,24.0
2025-02-16,Hattie Avenue,Forsyth,36.11094,-80.224501,2025,2,,16.0
2025-02-16,Leggett,Edgecombe,35.988278,-77.5843,2025,2,,14.0
2025-02-16,Mendenhall School,Guilford,36.1090060008986,-79.802314,2025,2,,9.0
2025-02-16,Millbrook School,Wake,35.856111,-78.574167,2025,2,33.0,17.0
2025-02-16,Pitt Agri. Center,Pitt,35.6412760008938,-77.360126,2025,2,,9.0
2025-02-16,Rockwell,Rowan,35.551868,-80.395039,2025,2,31.0,13.0
2025-02-16,West Johnston Co.,Johnston,35.59095,-78.4622,2025,2,,24.0
2025-02-17,Bryson City,Swain,35.434767,-83.442133,2025,2,,19.0
2025-02-17,Castle Hayne,New Hanover,34.364167,-77.838611,2025,2,,20.5
2025-02-17,Clemmons Middle,Forsyth,36.026612,-80.341962,2025,2,,20.0
2025-02-17,Durham Armory,Durham,36.0329550008979,-78.904037,2025,2,,21.0
2025-02-17,Garinger High School,Mecklenburg,35.2401000008895,-80.785683,2025,2,39.0,28.0
2025-02-17,Hattie Avenue,Forsyth,36.11094,-80.224501,2025,2,,19.0
2025-02-17,Leggett,Edgecombe,35.988278,-77.5843,2025,2,,17.0
2025-02-17,Mendenhall School,Guilford,36.1090060008986,-79.802314,2025,2,,13.0
2025-02-17,Millbrook School,Wake,35.856111,-78.574167,2025,2,38.0,18.0
2025-02-17,Pitt Agri. Center,Pitt,35.6412760008938,-77.360126,2025,2,,11.0
2025-02-17,Rockwell,Rowan,35.551868,-80.395039,2025,2,37.0,17.0
2025-02-17,West Johnston Co.,Johnston,35.59095,-78.4622,2025,2,,12.0
2025-02-18,Bryson City,Swain,35.434767,-83.442133,2025,2,,34.0
2025-02-18,Castle Hayne,New Hanover,34.364167,-77.838611,2025,2,,30.5
2025-02-18,Clemmons Middle,Forsyth,36.026612,-80.341962,2025,2,,29.0
2025-02-18,Durham Armory,Durham,36.0329550008979,-78.904037,2025,2,,19.0
2025-02-18,Frying Pan Mountain,Haywood,35.379167,-82.7925,2025,2,,10.0
2025-02-18,Garinger High School,Mecklenburg,35.2401000008895,-80.785683,2025,2,37.0,47.0
2025-02-18,Hattie Avenue,Forsyth,36.11094,-80.224501,2025,2,,25.0
2025-02-18,Leggett,Edgecombe,35.988278,-77.5843,2025,2,,13.0
2025-02-18,Linville Falls,Avery,35.972347,-81.933072,2025,2,,14.0
2025-02-18,Mendenhall School,Guilford,36.1090060008986,-79.802314,2025,2,,19.0
2025-02-18,Millbrook School,Wake,35.856111,-78.574167,2025,2,38.0,22.5
2025-02-18,Old High School,Swain,35.498711,-83.310242,2025,2,,13.0
2025-02-18,Pitt Agri. Center,Pitt,35.6412760008938,-77.360126,2025,2,,16.0
2025-02-18,Rockwell,Rowan,35.551868,-80.395039,2025,2,38.0,54.0
2025-02-18,West Johnston Co.,Johnston,35.59095,-78.4622,2025,2,,24.0
2025-02-19,Bryson City,Swain,35.434767,-83.442133,2025,2,,42.0
2025-02-19,Castle Hayne,New Hanover,34.364167,-77.838611,2025,2,,25.5
2025-02-19,Clemmons Middle,Forsyth,36.026612,-80.341962,2025,2,,31.0
2025-02-19,Durham Armory,Durham,36.0329550008979,-78.904037,2025,2,,37.0
2025-02-19,Garinger High School,Mecklenburg,35.2401000008895,-80.785683,2025,2,27.0,51.0
2025-02-19,Hattie Avenue,Forsyth,36.11094,-80.224501,2025,2,,30.0
2025-02-19,Leggett,Edgecombe,35.988278,-77.5843,2025,2,,23.0
2025-02-19,Mendenhall School,Guilford,36.1090060008986,-79.802314,2025,2,,29.0
2025-02-19,Millbrook School,Wake,35.856111,-78.574167,2025,2,30.0,28.0
2025-02-19,Pitt Agri. Center,Pitt,35.6412760008938,-77.360126,2025,2,,18.0
2025-02-19,Rockwell,Rowan,35.551868,-80.395039,2025,2,29.0,46.0
2025-02-19,West Johnston Co.,Johnston,35.59095,-78.4622,2025,2,,17.0
2025-02-20,Bryson City,Swain,35.434767,-83.442133,2025,2,,22.0
2025-02-20,Castle Hayne,New Hanover,34.364167,-77.838611,2025,2,,47.0
2025-02-20,Clemmons Middle,Forsyth,36.026612,-80.341962,2025,2,,33.0
2025-02-20,Durham Armory,Durham,36.0329550008979,-78.904037,2025,2,,32.0
2025-02-20,Garinger High School,Mecklenburg,35.2401000008895,-80.785683,2025,2,35.0,39.0
2025-02-20,Hattie Avenue,Forsyth,36.11094,-80.224501,2025,2,,32.0
2025-02-20,Leggett,Edgecombe,35.988278,-77.5843,2025,2,,25.0
2025-02-20,Mendenhall School,Guilford,36.1090060008986,-79.802314,2025,2,,27.0
2025-02-20,Millbrook School,Wake,35.856111,-78.574167,2025,2,35.0,23.0
2025-02-20,Pitt Agri. Center,Pitt,35.6412760008938,-77.360126,2025,2,,22.0
2025-02-20,Rockwell,Rowan,35.551868,-80.395039,2025,2,35.0,27.0
2025-02-20,West Johnston Co.,Johnston,35.59095,-78.4622,2025,2,,19.0
2025-02-21,Bryson City,Swain,35.434767,-83.442133,2025,2,,16.0
2025-02-21,Castle Hayne,New Hanover,34.364167,-77.838611,2025,2,,38.5
2025-02-21,Clemmons Middle,Forsyth,36.026612,-80.341962,2025,2,,22.0
2025-02-21,Durham Armory,Durham,36.0329550008979,-78.904037,2025,2,,28.0
2025-02-21,Frying Pan Mountain,Haywood,35.379167,-82.7925,2025,2,,6.0
2025-02-21,Garinger High School,Mecklenburg,35.2401000008895,-80.785683,2025,2,32.0,33.0
2025-02-21,Hattie Avenue,Forsyth,36.11094,-80.224501,2025,2,,16.5
2025-02-21,Leggett,Edgecombe,35.988278,-77.5843,2025,2,,22.0
2025-02-21,Linville Falls,Avery,35.972347,-81.933072,2025,2,,9.0
2025-02-21,Mendenhall School,Guilford,36.1090060008986,-79.802314,2025,2,,24.0
2025-02-21,Millbrook School,Wake,35.856111,-78.574167,2025,2,35.0,22.0
2025-02-21,Pitt Agri. Center,Pitt,35.6412760008938,-77.360126,2025,2,,19.0
2025-02-21,Rockwell,Rowan,35.551868,-80.395039,2025,2,34.0,17.0
2025-02-21,West Johnston Co.,Johnston,35.59095,-78.4622,2025,2,,16.0
2025-02-22,Bryson City,Swain,35.434767,-83.442133,2025,2,,51.0
2025-02-22,Castle Hayne,New Hanover,34.364167,-77.838611,2025,2,,56.0
2025-02-22,Clemmons Middle,Forsyth,36.026612,-80.341962,2025,2,,31.0
2025-02-22,Durham Armory,Durham,36.0329550008979,-78.904037,2025,2,,36.0
2025-02-22,Garinger High School,Mecklenburg,35.2401000008895,-80.785683,2025,2,40.0,42.0
2025-02-22,Hattie Avenue,Forsyth,36.11094,-80.224501,2025,2,,30.0
2025-02-22,Leggett,Edgecombe,35.988278,-77.5843,2025,2,,25.0
2025-02-22,Mendenhall School,Guilford,36.1090060008986,-79.802314,2025,2,,29.0
2025-02-22,Millbrook School,Wake,35.856111,-78.574167,2025,2,33.0,31.0
2025-02-22,Pitt Agri. Center,Pitt,35.6412760008938,-77.360126,2025,2,,32.0
2025-02-22,Rockwell,Rowan,35.551868,-80.395039,2025,2,39.0,51.0
2025-02-22,West Johnston Co.,Johnston,35.59095,-78.4622,2025,2,,27.0
2025-02-23,Bryson City,Swain,35.434767,-83.442133,2025,2,,51.0
2025-02-23,Castle Hayne,New Hanover,34.364167,-77.838611,2025,2,,46.5
2025-02-23,Clemmons Middle,Forsyth,36.026612,-80.341962,2025,2,,44.0
2025-02-23,Durham Armory,Durham,36.0329550008979,-78.904037,2025,2,,44.0
2025-02-23,Garinger High School,Mecklenburg,35.2401000008895,-80.785683,2025,2,44.0,55.0
2025-02-23,Hattie Avenue,Forsyth,36.11094,-80.224501,2025,2,,33.0
2025-02-23,Leggett,Edgecombe,35.988278,-77.5843,2025,2,,32.0
2025-02-23,Mendenhall School,Guilford,36.1090060008986,-79.802314,2025,2,,46.0
2025-02-23,Millbrook School,Wake,35.856111,-78.574167,2025,2,41.0,43.0
2025-02-23,Pitt Agri. Center,Pitt,35.6412760008938,-77.360126,2025,2,,42.0
2025-02-23,Rockwell,Rowan,35.551868,-80.395039,2025,2,41.0,49.0
2025-02-23,West Johnston Co.,Johnston,35.59095,-78.4622,2025,2,,47.0
2025-02-24,Bryson City,Swain,35.434767,-83.442133,2025,2,,35.0
2025-02-24,Castle Hayne,New Hanover,34.364167,-77.838611,2025,2,,61.5
2025-02-24,Clemmons Middle,Forsyth,36.026612,-80.341962,2025,2,,52.5
2025-02-24,Durham Armory,Durham,36.0329550008979,-78.904037,2025,2,,40.0
2025-02-24,Frying Pan Mountain,Haywood,35.379167,-82.7925,2025,2,,15.0
2025-02-24,Garinger High School,Mecklenburg,35.2401000008895,-80.785683,2025,2,50.0,66.0
2025-02-24,Hattie Avenue,Forsyth,36.11094,-80.224501,2025,2,,42.0
2025-02-24,Leggett,Edgecombe,35.988278,-77.5843,2025,2,,31.0
2025-02-24,Linville Falls,Avery,35.972347,-81.933072,2025,2,,14.0
2025-02-24,Mendenhall School,Guilford,36.1090060008986,-79.802314,2025,2,,43.0
2025-02-24,Millbrook School,Wake,35.856111,-78.574167,2025,2,43.0,52.0
2025-02-24,Old High School,Swain,35.498711,-83.310242,2025,2,,16.0
2025-02-24,Pitt Agri. Center,Pitt,35.6412760008938,-77.360126,2025,2,,38.0
2025-02-24,Rockwell,Rowan,35.551868,-80.395039,2025,2,46.0,60.0
2025-02-24,West Johnston Co.,Johnston,35.59095,-78.4622,2025,2,,53.0
2025-02-25,Bryson City,Swain,35.434767,-83.442133,2025,2,,41.0
2025-02-25,Castle Hayne,New Hanover,34.364167,-77.838611,2025,2,,69.0
2025-02-25,Clemmons Middle,Forsyth,36.026612,-80.341962,2025,2,,52.0
2025-02-25,Durham Armory,Durham,36.0329550008979,-78.904037,2025,2,,55.0
2025-02-25,Garinger High School,Mecklenburg,35.2401000008895,-80.785683,2025,2,49.0,62.0
2025-02-25,Hattie Avenue,Forsyth,36.11094,-80.224501,2025,2,46.0,58.0
2025-02-25,Leggett,Edgecombe,35.988278,-77.5843,2025,2,,51.0
2025-02-25,Mendenhall School,Guilford,36.1090060008986,-79.802314,2025,2,,48.0
2025-02-25,Millbrook School,Wake,35.856111,-78.574167,2025,2,47.0,61.0
2025-02-25,Pitt Agri. Center,Pitt,35.6412760008938,-77.360126,2025,2,,58.0
2025-02-25,Rockwell,Rowan,35.551868,-80.395039,2025,2,49.0,55.0
2025-02-25,West Johnston Co.,Johnston,35.59095,-78.4622,2025,2,,60.0
2025-02-26,Bryson City,Swain,35.434767,-83.442133,2025,2,,29.0
2025-02-26,Castle Hayne,New Hanover,34.364167,-77.838611,2025,2,,78.0
2025-02-26,Clemmons Middle,Forsyth,36.026612,-80.341962,2025,2,,39.0
2025-02-26,Durham Armory,Durham,36.0329550008979,-78.904037,2025,2,,49.0
2025-02-26,Garinger High School,Mecklenburg,35.2401000008895,-80.785683,2025,2,51.0,59.0
2025-02-26,Hattie Avenue,Forsyth,36.11094,-80.224501,2025,2,54.0,33.0
2025-02-26,Leggett,Edgecombe,35.988278,-77.5843,2025,2,,46.0
2025-02-26,Mendenhall School,Guilford,36.1090060008986,-79.802314,2025,2,,33.0
2025-02-26,Millbrook School,Wake,35.856111,-78.574167,2025,2,42.0,53.0
2025-02-26,Pitt Agri. Center,Pitt,35.6412760008938,-77.360126,2025,2,,51.0
2025-02-26,Rockwell,Rowan,35.551868,-80.395039,2025,2,49.0,54.0
2025-02-26,West Johnston Co.,Johnston,35.59095,-78.4622,2025,2,,57.0
2025-02-27,Bryson City,Swain,35.434767,-83.442133,2025,2,,34.0
2025-02-27,Castle Hayne,New Hanover,34.364167,-77.838611,2025,2,,69.0
2025-02-27,Clemmons Middle,Forsyth,36.026612,-80.341962,2025,2,45.0,55.0
2025-02-27,Durham Armory,Durham,36.0329550008979,-78.904037,2025,2,,65.0
2025-02-27,Frying Pan Mountain,Haywood,35.379167,-82.7925,2025,2,,25.0
2025-02-27,Garinger High School,Mecklenburg,35.2401000008895,-80.785683,2025,2,46.0,57.5
2025-02-27,Hattie Avenue,Forsyth,36.11094,-80.224501,2025,2,44.0,55.5
2025-02-27,Leggett,Edgecombe,35.988278,-77.5843,2025,2,,62.0
2025-02-27,Linville Falls,Avery,35.972347,-81.933072,2025,2,,30.0
2025-02-27,Mendenhall School,Guilford,36.1090060008986,-79.802314,2025,2,,55.0
2025-02-27,Millbrook School,Wake,35.856111,-78.574167,2025,2,47.0,65.0
2025-02-27,Pitt Agri. Center,Pitt,35.6412760008938,-77.360126,2025,2,,61.0
2025-02-27,Rockwell,Rowan,35.551868,-80.395039,2025,2,44.0,55.0
2025-02-27,West Johnston Co.,Johnston,35.59095,-78.4622,2025,2,,64.0
2025-02-28,Bryson City,Swain,35.434767,-83.442133,2025,2,,19.0
2025-02-28,Castle Hayne,New Hanover,34.364167,-77.838611,2025,2,,26.0
2025-02-28,Clemmons Middle,Forsyth,36.026612,-80.341962,2025,2,45.0,13.0
2025-02-28,Durham Armory,Durham,36.0329550008979,-78.904037,2025,2,,23.0
2025-02-28,Garinger High School,Mecklenburg,35.2401000008895,-80.785683,2025,2,45.0,19.0
2025-02-28,Hattie Avenue,Forsyth,36.11094,-80.224501,2025,2,44.0,14.0
2025-02-28,Leggett,Edgecombe,35.988278,-77.5843,2025,2,,19.0
2025-02-28,Mendenhall School,Guilford,36.1090060008986,-79.802314,2025,2,,12.0
2025-02-28,Millbrook School,Wake,35.856111,-78.574167,2025,2,42.0,24.0
2025-02-28,Pitt Agri. Center,Pitt,35.6412760008938,-77.360126,2025,2,,17.0
2025-02-28,Rockwell,Rowan,35.551868,-80.395039,2025,2,44.0,18.0
2025-02-28,West Johnston Co.,Johnston,35.59095,-78.4622,2025,2,,16.0
2025-03-01,Bryson City,Swain,35.434767,-83.442133,2025,3,43.0,17.0
2025-03-01,Castle Hayne,New Hanover,34.364167,-77.838611,2025,3,51.0,57.5
2025-03-01,Clemmons Middle,Forsyth,36.026612,-80.341962,2025,3,48.0,28.0
2025-03-01,Durham Armory,Durham,36.0329550008979,-78.904037,2025,3,,45.0
2025-03-01,Frying Pan Mountain,Haywood,35.379167,-82.7925,2025,3,46.0,
2025-03-01,Garinger High School,Mecklenburg,35.2401000008895,-80.785683,2025,3,49.0,32.0
2025-03-01,Hattie Avenue,Forsyth,36.11094,-80.224501,2025,3,47.0,29.0
2025-03-01,Leggett,Edgecombe,35.988278,-77.5843,2025,3,0.0,36.0
2025-03-01,Linville Falls,Avery,35.972347,-81.933072,2025,3,47.0,
2025-03-01,Mendenhall School,Guilford,36.1090060008986,-79.802314,2025,3,47.0,24.0
2025-03-01,Millbrook School,Wake,35.856111,-78.574167,2025,3,48.0,37.0
2025-03-01,Pitt Agri. Center,Pitt,35.6412760008938,-77.360126,2025,3,49.0,35.0
2025-03-01,Rockwell,Rowan,35.551868,-80.395039,2025,3,47.0,33.0
2025-03-01,West Johnston Co.,Johnston,35.59095,-78.4622,2025,3,,39.0
2025-03-02,Bryson City,Swain,35.434767,-83.442133,2025,3,40.0,12.0
2025-03-02,Castle Hayne,New Hanover,34.364167,-77.838611,2025,3,36.0,22.5
2025-03-02,Clemmons Middle,Forsyth,36.026612,-80.341962,2025,3,41.0,18.0
2025-03-02,Durham Armory,Durham,36.0329550008979,-78.904037,2025,3,,23.0
2025-03-02,Frying Pan Mountain,Haywood,35.379167,-82.7925,2025,3,45.0,16.0
2025-03-02,Garinger High School,Mecklenburg,35.2401000008895,-80.785683,2025,3,40.0,25.5
2025-03-02,Hattie Avenue,Forsyth,36.11094,-80.224501,2025,3,41.0,21.5
2025-03-02,Leggett,Edgecombe,35.988278,-77.5843,2025,3,0.0,19.0
2025-03-02,Linville Falls,Avery,35.972347,-81.933072,2025,3,43.0,23.0
2025-03-02,Mendenhall School,Guilford,36.1090060008986,-79.802314,2025,3,39.0,22.0
2025-03-02,Millbrook School,Wake,35.856111,-78.574167,2025,3,38.0,18.0
2025-03-02,Old High School,Swain,35.498711,-83.310242,2025,3,,13.0
2025-03-02,Pitt Agri. Center,Pitt,35.6412760008938,-77.360126,2025,3,39.0,12.0
2025-03-02,Rockwell,Rowan,35.551868,-80.395039,2025,3,38.0,26.0
2025-03-02,West Johnston Co.,Johnston,35.59095,-78.4622,2025,3,,9.0
2025-03-03,Bryson City,Swain,35.434767,-83.442133,2025,3,42.0,27.0
2025-03-03,Castle Hayne,New Hanover,34.364167,-77.838611,2025,3,41.0,28.5
2025-03-03,Clemmons Middle,Forsyth,36.026612,-80.341962,2025,3,44.0,48.0
2025-03-03,Durham Armory,Durham,36.0329550008979,-78.904037,2025,3,,32.0
2025-03-03,Frying Pan Mountain,Haywood,35.379167,-82.7925,2025,3,47.0,
2025-03-03,Garinger High School,Mecklenburg,35.2401000008895,-80.785683,2025,3,42.0,40.0
2025-03-03,Hattie Avenue,Forsyth,36.11094,-80.224501,2025,3,44.0,33.0
2025-03-03,Leggett,Edgecombe,35.988278,-77.5843,2025,3,0.0,24.0
2025-03-03,Linville Falls,Avery,35.972347,-81.933072,2025,3,44.0,
2025-03-03,Mendenhall School,Guilford,36.1090060008986,-79.802314,2025,3,41.0,31.0
2025-03-03,Millbrook School,Wake,35.856111,-78.574167,2025,3,40.0,39.0
2025-03-03,Pitt Agri. Center,Pitt,35.6412760008938,-77.360126,2025,3,42.0,17.0
2025-03-03,Rockwell,Rowan,35.551868,-80.395039,2025,3,42.0,44.0
2025-03-03,West Johnston Co.,Johnston,35.59095,-78.4622,2025,3,,37.0
2025-03-04,Bryson City,Swain,35.434767,-83.442133,2025,3,43.0,48.0
2025-03-04,Castle Hayne,New Hanover,34.364167,-77.838611,2025,3,42.0,25.0
2025-03-04,Clemmons Middle,Forsyth,36.026612,-80.341962,2025,3,44.0,35.0
2025-03-04,Durham Armory,Durham,36.0329550008979,-78.904037,2025,3,43.0,51.0
2025-03-04,Frying Pan Mountain,Haywood,35.379167,-82.7925,2025,3,44.0,
2025-03-04,Garinger High School,Mecklenburg,35.2401000008895,-80.785683,2025,3,42.0,29.0
2025-03-04,Hattie Avenue,Forsyth,36.11094,-80.224501,2025,3,44.0,34.0
2025-03-04,Leggett,Edgecombe,35.988278,-77.5843,2025,3,,26.0
2025-03-04,Linville Falls,Avery,35.972347,-81.933072,2025,3,44.0,
2025-03-04,Mendenhall School,Guilford,36.1090060008986,-79.802314,2025,3,43.0,32.0
2025-03-04,Millbrook School,Wake,35.856111,-78.574167,2025,3,40.0,34.0
2025-03-04,Pitt Agri. Center,Pitt,35.6412760008938,-77.360126,2025,3,43.0,17.0
2025-03-04,Rockwell,Rowan,35.551868,-80.395039,2025,3,39.0,28.0
2025-03-04,West Johnston Co.,Johnston,35.59095,-78.4622,2025,3,,42.0
2025-03-05,Bryson City,Swain,35.434767,-83.442133,2025,3,35.0,25.0
2025-03-05,Castle Hayne,New Hanover,34.364167,-77.838611,2025,3,38.0,52.5
2025-03-05,Clemmons Middle,Forsyth,36.026612,-80.341962,2025,3,44.0,34.0
2025-03-05,Durham Armory,Durham,36.0329550008979,-78.904037,2025,3,37.0,25.0
2025-03-05,Garinger High School,Mecklenburg,35.2401000008895,-80.785683,2025,3,42.0,38.0
2025-03-05,Hattie Avenue,Forsyth,36.11094,-80.224501,2025,3,44.0,33.0
2025-03-05,Leggett,Edgecombe,35.988278,-77.5843,2025,3,,32.0
2025-03-05,Linville Falls,Avery,35.972347,-81.933072,2025,3,45.0,20.0
2025-03-05,Mendenhall School,Guilford,36.1090060008986,-79.802314,2025,3,43.0,33.0
2025-03-05,Millbrook School,Wake,35.856111,-78.574167,2025,3,35.0,31.0
2025-03-05,Pitt Agri. Center,Pitt,35.6412760008938,-77.360126,2025,3,38.0,30.0
2025-03-05,Rockwell,Rowan,35.551868,-80.395039,2025,3,41.0,30.0
2025-03-05,West Johnston Co.,Johnston,35.59095,-78.4622,2025,3,,31.0
2025-03-06,Bryson City,Swain,35.434767,-83.442133,2025,3,36.0,13.0
2025-03-06,Castle Hayne,New Hanover,34.364167,-77.838611,2025,3,32.0,25.0
2025-03-06,Clemmons Middle,Forsyth,36.026612,-80.341962,2025,3,36.0,9.0
2025-03-06,Durham Armory,Durham,36.0329550008979,-78.904037,2025,3,34.0,12.0
2025-03-06,Frying Pan Mountain,Haywood,35.379167,-82.7925,2025,3,42.0,
2025-03-06,Garinger High School,Mecklenburg,35.2401000008895,-80.785683,2025,3,35.0,7.0
2025-03-06,Hattie Avenue,Forsyth,36.11094,-80.224501,2025,3,35.0,10.0
2025-03-06,Leggett,Edgecombe,35.988278,-77.5843,2025,3,36.0,11.0
2025-03-06,Linville Falls,Avery,35.972347,-81.933072,2025,3,38.0,
2025-03-06,Mendenhall School,Guilford,36.1090060008986,-79.802314,2025,3,34.0,6.0
2025-03-06,Millbrook School,Wake,35.856111,-78.574167,2025,3,33.0,11.0
2025-03-06,Pitt Agri. Center,Pitt,35.6412760008938,-77.360126,2025,3,34.0,3.0
2025-03-06,Rockwell,Rowan,35.551868,-80.395039,2025,3,32.0,4.0
2025-03-06,West Johnston Co.,Johnston,35.59095,-78.4622,2025,3,36.0,0.0
2025-03-07,Bryson City,Swain,35.434767,-83.442133,2025,3,32.0,20.0
2025-03-07,Castle Hayne,New Hanover,34.364167,-77.838611,2025,3,38.0,25.0
2025-03-07,Clemmons Middle,Forsyth,36.026612,-80.341962,2025,3,35.0,23.0
2025-03-07,Durham Armory,Durham,36.0329550008979,-78.904037,2025,3,36.0,46.0
2025-03-07,Frying Pan Mountain,Haywood,35.379167,-82.7925,2025,3,45.0,
2025-03-07,Garinger High School,Mecklenburg,35.2401000008895,-80.785683,2025,3,39.0,26.0
2025-03-07,Hattie Avenue,Forsyth,36.11094,-80.224501,2025,3,33.0,25.0
2025-03-07,Leggett,Edgecombe,35.988278,-77.5843,2025,3,39.0,30.0
2025-03-07,Linville Falls,Avery,35.972347,-81.933072,2025,3,41.0,
2025-03-07,Mendenhall School,Guilford,36.1090060008986,-79.802314,2025,3,33.0,22.0
2025-03-07,Millbrook School,Wake,35.856111,-78.574167,2025,3,34.0,47.0
2025-03-07,Pitt Agri. Center,Pitt,35.6412760008938,-77.360126,2025,3,38.0,12.0
2025-03-07,Rockwell,Rowan,35.551868,-80.395039,2025,3,31.0,23.0
2025-03-07,West Johnston Co.,Johnston,35.59095,-78.4622,2025,3,40.0,26.0
2025-03-08,Bryson City,Swain,35.434767,-83.442133,2025,3,43.0,41.0
2025-03-08,Castle Hayne,New Hanover,34.364167,-77.838611,2025,3,45.0,55.0
2025-03-08,Clemmons Middle,Forsyth,36.026612,-80.341962,2025,3,43.0,32.0
2025-03-08,Durham Armory,Durham,36.0329550008979,-78.904037,2025,3,42.0,59.0
2025-03-08,Frying Pan Mountain,Haywood,35.379167,-82.7925,2025,3,46.0,27.0
2025-03-08,Garinger High School,Mecklenburg,35.2401000008895,-80.785683,2025,3,44.0,52.0
2025-03-08,Hattie Avenue,Forsyth,36.11094,-80.224501,2025,3,41.0,46.5
2025-03-08,Leggett,Edgecombe,35.988278,-77.5843,2025,3,44.0,47.0
2025-03-08,Linville Falls,Avery,35.972347,-81.933072,2025,3,42.0,26.0
2025-03-08,Mendenhall School,Guilford,36.1090060008986,-79.802314,2025,3,42.0,34.0
2025-03-08,Millbrook School,Wake,35.856111,-78.574167,2025,3,43.0,50.0
2025-03-08,Old High School,Swain,35.498711,-83.310242,2025,3,,28.0
2025-03-08,Pitt Agri. Center,Pitt,35.6412760008938,-77.360126,2025,3,46.0,51.0
2025-03-08,Rockwell,Rowan,35.551868,-80.395039,2025,3,42.0,51.0
2025-03-08,West Johnston Co.,Johnston,35.59095,-78.4622,2025,3,47.0,
2025-03-09,Bryson City,Swain,35.434767,-83.442133,2025,3,40.0,25.0
2025-03-09,Castle Hayne,New Hanover,34.364167,-77.838611,2025,3,37.0,37.5
2025-03-09,Clemmons Middle,Forsyth,36.026612,-80.341962,2025,3,44.0,22.0
2025-03-09,Durham Armory,Durham,36.0329550008979,-78.904037,2025,3,41.0,16.0
2025-03-09,Frying Pan Mountain,Haywood,35.379167,-82.7925,2025,3,44.0,
2025-03-09,Garinger High School,Mecklenburg,35.2401000008895,-80.785683,2025,3,43.0,23.0
2025-03-09,Hattie Avenue,Forsyth,36.11094,-80.224501,2025,3,44.0,24.0
2025-03-09,Leggett,Edgecombe,35.988278,-77.5843,2025,3,44.0,32.0
2025-03-09,Linville Falls,Avery,35.972347,-81.933072,2025,3,44.0,
2025-03-09,Mendenhall School,Guilford,36.1090060008986,-79.802314,2025,3,44.0,22.0
2025-03-09,Millbrook School,Wake,35.856111,-78.574167,2025,3,41.0,26.0
2025-03-09,Pitt Agri. Center,Pitt,35.6412760008938,-77.360126,2025,3,41.0,23.0
2025-03-09,Rockwell,Rowan,35.551868,-80.395039,2025,3,42.0,24.0
2025-03-09,West Johnston Co.,Johnston,35.59095,-78.4622,2025,3,43.0,
2025-03-10,Bryson City,Swain,35.434767,-83.442133,2025,3,40.0,29.0
2025-03-10,Castle Hayne,New Hanover,34.364167,-77.838611,2025,3,38.0,37.0
2025-03-10,Clemmons Middle,Forsyth,36.026612,-80.341962,2025,3,43.0,30.0
2025-03-10,Durham Armory,Durham,36.0329550008979,-78.904037,2025,3,40.0,36.0
2025-03-10,Frying Pan Mountain,Haywood,35.379167,-82.7925,2025,3,48.0,
2025-03-10,Garinger High School,Mecklenburg,35.2401000008895,-80.785683,2025,3,30.0,46.0
2025-03-10,Hattie Avenue,Forsyth,36.11094,-80.224501,2025,3,44.0,34.0
2025-03-10,Leggett,Edgecombe,35.988278,-77.5843,2025,3,41.0,28.0
2025-03-10,Linville Falls,Avery,35.972347,-81.933072,2025,3,43.0,
2025-03-10,Mendenhall School,Guilford,36.1090060008986,-79.802314,2025,3,38.0,26.0
2025-03-10,Millbrook School,Wake,35.856111,-78.574167,2025,3,39.0,44.0
2025-03-10,Pitt Agri. Center,Pitt,35.6412760008938,-77.360126,2025,3,41.0,31.0
2025-03-10,Rockwell,Rowan,35.551868,-80.395039,2025,3,35.0,40.0
2025-03-10,West Johnston Co.,Johnston,35.59095,-78.4622,2025,3,41.0,
2025-03-11,Bryson City,Swain,35.434767,-83.442133,2025,3,48.0,30.0
2025-03-11,Castle Hayne,New Hanover,34.364167,-77.838611,2025,3,43.0,26.5
2025-03-11,Clemmons Middle,Forsyth,36.026612,-80.341962,2025,3,64.0,31.0
2025-03-11,Durham Armory,Durham,36.0329550008979,-78.904037,2025,3,48.0,35.0
2025-03-11,Frying Pan Mountain,Haywood,35.379167,-82.7925,2025,3,74.0,20.0
2025-03-11,Garinger High School,Mecklenburg,35.2401000008895,-80.785683,2025,3,49.0,34.0
2025-03-11,Hattie Avenue,Forsyth,36.11094,-80.224501,2025,3,64.0,30.0
2025-03-11,Leggett,Edgecombe,35.988278,-77.5843,2025,3,46.0,22.0
2025-03-11,Linville Falls,Avery,35.972347,-81.933072,2025,3,51.0,21.0
2025-03-11,Mendenhall School,Guilford,36.1090060008986,-79.802314,2025,3,58.0,30.0
2025-03-11,Millbrook School,Wake,35.856111,-78.574167,2025,3,47.0,32.5
2025-03-11,Pitt Agri. Center,Pitt,35.6412760008938,-77.360126,2025,3,44.0,25.0
2025-03-11,Rockwell,Rowan,35.551868,-80.395039,2025,3,50.0,29.0
2025-03-11,West Johnston Co.,Johnston,35.59095,-78.4622,2025,3,51.0,
2025-03-12,Bryson City,Swain,35.434767,-83.442133,2025,3,49.0,44.0
2025-03-12,Castle Hayne,New Hanover,34.364167,-77.838611,2025,3,74.0,51.0
2025-03-12,Clemmons Middle,Forsyth,36.026612,-80.341962,2025,3,87.0,52.0
2025-03-12,Durham Armory,Durham,36.0329550008979,-78.904037,2025,3,71.0,55.0
2025-03-12,Frying Pan Mountain,Haywood,35.379167,-82.7925,2025,3,74.0,
2025-03-12,Garinger High School,Mecklenburg,35.2401000008895,-80.785683,2025,3,74.0,53.0
2025-03-12,Hattie Avenue,Forsyth,36.11094,-80.224501,2025,3,84.0,52.0
2025-03-12,Leggett,Edgecombe,35.988278,-77.5843,2025,3,64.0,51.0
2025-03-12,Linville Falls,Avery,35.972347,-81.933072,2025,3,71.0,
2025-03-12,Mendenhall School,Guilford,36.1090060008986,-79.802314,2025,3,77.0,54.0
2025-03-12,Millbrook School,Wake,35.856111,-78.574167,2025,3,64.0,53.0
2025-03-12,Pitt Agri. Center,Pitt,35.6412760008938,-77.360126,2025,3,71.0,53.0
2025-03-12,Rockwell,Rowan,35.551868,-80.395039,2025,3,64.0,52.0
2025-03-12,West Johnston Co.,Johnston,35.59095,-78.4622,2025,3,84.0,54.0
2025-03-13,Bryson City,Swain,35.434767,-83.442133,2025,3,50.0,53.0
2025-03-13,Castle Hayne,New Hanover,34.364167,-77.838611,2025,3,64.0,65.5
2025-03-13,Clemmons Middle,Forsyth,36.026612,-80.341962,2025,3,84.0,62.0
2025-03-13,Durham Armory,Durham,36.0329550008979,-78.904037,2025,3,45.0,68.0
2025-03-13,Frying Pan Mountain,Haywood,35.379167,-82.7925,2025,3,74.0,
2025-03-13,Garinger High School,Mecklenburg,35.2401000008895,-80.785683,2025,3,54.0,68.0
2025-03-13,Hattie Avenue,Forsyth,36.11094,-80.224501,2025,3,80.0,63.0
2025-03-13,Leggett,Edgecombe,35.988278,-77.5843,2025,3,37.0,60.0
2025-03-13,Linville Falls,Avery,35.972347,-81.933072,2025,3,67.0,
2025-03-13,Mendenhall School,Guilford,36.1090060008986,-79.802314,2025,3,51.0,59.0
2025-03-13,Millbrook School,Wake,35.856111,-78.574167,2025,3,49.0,69.0
2025-03-13,Pitt Agri. Center,Pitt,35.6412760008938,-77.360126,2025,3,49.0,60.0
2025-03-13,Rockwell,Rowan,35.551868,-80.395039,2025,3,64.0,65.0
2025-03-13,West Johnston Co.,Johnston,35.59095,-78.4622,2025,3,64.0,66.0
2025-03-14,Bryson City,Swain,35.434767,-83.442133,2025,3,49.0,52.0
2025-03-14,Castle Hayne,New Hanover,34.364167,-77.838611,2025,3,31.0,57.5
2025-03-14,Clemmons Middle,Forsyth,36.026612,-80.341962,2025,3,50.0,66.0
2025-03-14,Durham Armory,Durham,36.0329550008979,-78.904037,2025,3,31.0,
2025-03-14,Frying Pan Mountain,Haywood,35.379167,-82.7925,2025,3,64.0,52.0
2025-03-14,Garinger High School,Mecklenburg,35.2401000008895,-80.785683,2025,3,48.0,75.0
2025-03-14,Hattie Avenue,Forsyth,36.11094,-80.224501,2025,3,50.0,66.0
2025-03-14,Leggett,Edgecombe,35.988278,-77.5843,2025,3,33.0,53.0
2025-03-14,Linville Falls,Avery,35.972347,-81.933072,2025,3,67.0,57.0
2025-03-14,Mendenhall School,Guilford,36.1090060008986,-79.802314,2025,3,42.0,61.0
2025-03-14,Millbrook School,Wake,35.856111,-78.574167,2025,3,30.0,61.5
2025-03-14,Old High School,Swain,35.498711,-83.310242,2025,3,,44.0
2025-03-14,Pitt Agri. Center,Pitt,35.6412760008938,-77.360126,2025,3,33.0,52.0
2025-03-14,Rockwell,Rowan,35.551868,-80.395039,2025,3,41.0,79.0
2025-03-14,West Johnston Co.,Johnston,35.59095,-78.4622,2025,3,31.0,56.0
2025-03-15,Bryson City,Swain,35.434767,-83.442133,2025,3,44.0,51.0
2025-03-15,Castle Hayne,New Hanover,34.364167,-77.838611,2025,3,37.0,33.0
2025-03-15,Clemmons Middle,Forsyth,36.026612,-80.341962,2025,3,36.0,63.0
2025-03-15,Durham Armory,Durham,36.0329550008979,-78.904037,2025,3,35.0,54.0
2025-03-15,Frying Pan Mountain,Haywood,35.379167,-82.7925,2025,3,41.0,
2025-03-15,Garinger High School,Mecklenburg,35.2401000008895,-80.785683,2025,3,36.0,55.0
2025-03-15,Hattie Avenue,Forsyth,36.11094,-80.224501,2025,3,37.0,63.0
2025-03-15,Leggett,Edgecombe,35.988278,-77.5843,2025,3,39.0,58.0
2025-03-15,Linville Falls,Avery,35.972347,-81.933072,2025,3,41.0,
2025-03-15,Mendenhall School,Guilford,36.1090060008986,-79.802314,2025,3,34.0,59.0
2025-03-15,Millbrook School,Wake,35.856111,-78.574167,2025,3,33.0,58.0
2025-03-15,Pitt Agri. Center,Pitt,35.6412760008938,-77.360126,2025,3,38.0,43.0
2025-03-15,Rockwell,Rowan,35.551868,-80.395039,2025,3,31.0,59.0
2025-03-15,West Johnston Co.,Johnston,35.59095,-78.4622,2025,3,40.0,55.0
2025-03-16,Bryson City,Swain,35.434767,-83.442133,2025,3,43.0,50.0
2025-03-16,Castle Hayne,New Hanover,34.364167,-77.838611,2025,3,34.0,45.5
2025-03-16,Clemmons Middle,Forsyth,36.026612,-80.341962,2025,3,41.0,43.0
2025-03-16,Durham Armory,Durham,36.0329550008979,-78.904037,2025,3,33.0,38.0
2025-03-16,Garinger High School,Mecklenburg,35.2401000008895,-80.785683,2025,3,39.0,42.0
2025-03-16,Hattie Avenue,Forsyth,36.11094,-80.224501,2025,3,41.0,46.0
2025-03-16,Leggett,Edgecombe,35.988278,-77.5843,2025,3,34.0,31.0
2025-03-16,Linville Falls,Avery,35.972347,-81.933072,2025,3,43.0,
2025-03-16,Mendenhall School,Guilford,36.1090060008986,-79.802314,2025,3,36.0,37.0
2025-03-16,Millbrook School,Wake,35.856111,-78.574167,2025,3,31.0,27.0
2025-03-16,Pitt Agri. Center,Pitt,35.6412760008938,-77.360126,2025,3,33.0,29.0
2025-03-16,Rockwell,Rowan,35.551868,-80.395039,2025,3,35.0,31.0
2025-03-16,West Johnston Co.,Johnston,35.59095,-78.4622,2025,3,32.0,23.0
2025-03-17,Bryson City,Swain,35.434767,-83.442133,2025,3,36.0,23.0
2025-03-17,Castle Hayne,New Hanover,34.364167,-77.838611,2025,3,31.0,41.0
2025-03-17,Clemmons Middle,Forsyth,36.026612,-80.341962,2025,3,32.0,20.0
2025-03-17,Durham Armory,Durham,36.0329550008979,-78.904037,2025,3,31.0,43.0
2025-03-17,Frying Pan Mountain,Haywood,35.379167,-82.7925,2025,3,44.0,8.0
2025-03-17,Garinger High School,Mecklenburg,35.2401000008895,-80.785683,2025,3,33.0,17.0
2025-03-17,Hattie Avenue,Forsyth,36.11094,-80.224501,2025,3,33.0,21.5
2025-03-17,Leggett,Edgecombe,35.988278,-77.5843,2025,3,31.0,28.0
2025-03-17,Linville Falls,Avery,35.972347,-81.933072,2025,3,33.0,11.0
2025-03-17,Mendenhall School,Guilford,36.1090060008986,-79.802314,2025,3,31.0,19.0
2025-03-17,Millbrook School,Wake,35.856111,-78.574167,2025,3,30.0,27.5
2025-03-17,Pitt Agri. Center,Pitt,35.6412760008938,-77.360126,2025,3,31.0,25.0
2025-03-17,Rockwell,Rowan,35.551868,-80.395039,2025,3,32.0,12.0
2025-03-17,West Johnston Co.,Johnston,35.59095,-78.4622,2025,3,31.0,23.0
2025-03-18,Bryson City,Swain,35.434767,-83.442133,2025,3,42.0,28.0
2025-03-18,Castle Hayne,New Hanover,34.364167,-77.838611,2025,3,41.0,21.5
2025-03-18,Clemmons Middle,Forsyth,36.026612,-80.341962,2025,3,46.0,22.0
2025-03-18,Durham Armory,Durham,36.0329550008979,-78.904037,2025,3,42.0,
2025-03-18,Frying Pan Mountain,Haywood,35.379167,-82.7925,2025,3,48.0,
2025-03-18,Garinger High School,Mecklenburg,35.2401000008895,-80.785683,2025,3,42.0,14.0
2025-03-18,Hattie Avenue,Forsyth,36.11094,-80.224501,2025,3,44.0,19.0
2025-03-18,Leggett,Edgecombe,35.988278,-77.5843,2025,3,41.0,16.0
2025-03-18,Linville Falls,Avery,35.972347,-81.933072,2025,3,47.0,
2025-03-18,Mendenhall School,Guilford,36.1090060008986,-79.802314,2025,3,43.0,13.0
2025-03-18,Millbrook School,Wake,35.856111,-78.574167,2025,3,41.0,18.0
2025-03-18,Pitt Agri. Center,Pitt,35.6412760008938,-77.360126,2025,3,40.0,14.0
2025-03-18,Rockwell,Rowan,35.551868,-80.395039,2025,3,43.0,11.0
2025-03-18,West Johnston Co.,Johnston,35.59095,-78.4622,2025,3,44.0,21.0
2025-03-19,Bryson City,Swain,35.434767,-83.442133,2025,3,47.0,38.0
2025-03-19,Castle Hayne,New Hanover,34.364167,-77.838611,2025,3,58.0,56.5
2025-03-19,Clemmons Middle,Forsyth,36.026612,-80.341962,2025,3,67.0,52.0
2025-03-19,Durham Armory,Durham,36.0329550008979,-78.904037,2025,3,67.0,
2025-03-19,Frying Pan Mountain,Haywood,35.379167,-82.7925,2025,3,50.0,
2025-03-19,Garinger High School,Mecklenburg,35.2401000008895,-80.785683,2025,3,50.0,52.0
2025-03-19,Hattie Avenue,Forsyth,36.11094,-80.224501,2025,3,67.0,52.0
2025-03-19,Leggett,Edgecombe,35.988278,-77.5843,2025,3,47.0,32.0
2025-03-19,Linville Falls,Avery,35.972347,-81.933072,2025,3,58.0,
2025-03-19,Mendenhall School,Guilford,36.1090060008986,-79.802314,2025,3,74.0,59.0
2025-03-19,Millbrook School,Wake,35.856111,-78.574167,2025,3,58.0,57.0
2025-03-19,Pitt Agri. Center,Pitt,35.6412760008938,-77.360126,2025,3,45.0,32.0
2025-03-19,Rockwell,Rowan,35.551868,-80.395039,2025,3,54.0,53.0
2025-03-19,West Johnston Co.,Johnston,35.59095,-78.4622,2025,3,64.0,60.0
2025-03-20,Bryson City,Swain,35.434767,-83.442133,2025,3,32.0,25.0
2025-03-20,Castle Hayne,New Hanover,34.364167,-77.838611,2025,3,45.0,53.5
2025-03-20,Clemmons Middle,Forsyth,36.026612,-80.341962,2025,3,41.0,56.0
2025-03-20,Durham Armory,Durham,36.0329550008979,-78.904037,2025,3,39.0,
2025-03-20,Frying Pan Mountain,Haywood,35.379167,-82.7925,2025,3,40.0,
2025-03-20,Garinger High School,Mecklenburg,35.2401000008895,-80.785683,2025,3,41.0,52.5
2025-03-20,Hattie Avenue,Forsyth,36.11094,-80.224501,2025,3,40.0,58.5
2025-03-20,Leggett,Edgecombe,35.988278,-77.5843,2025,3,42.0,51.0
2025-03-20,Linville Falls,Avery,35.972347,-81.933072,2025,3,38.0,51.0
2025-03-20,Mendenhall School,Guilford,36.1090060008986,-79.802314,2025,3,40.0,58.0
2025-03-20,Millbrook School,Wake,35.856111,-78.574167,2025,3,39.0,56.5
2025-03-20,Old High School,Swain,35.498711,-83.310242,2025,3,,29.0
2025-03-20,Pitt Agri. Center,Pitt,35.6412760008938,-77.360126,2025,3,43.0,37.0
2025-03-20,Rockwell,Rowan,35.551868,-80.395039,2025,3,38.0,55.0
2025-03-20,West Johnston Co.,Johnston,35.59095,-78.4622,2025,3,44.0,54.0
2025-03-21,Bryson City,Swain,35.434767,-83.442133,2025,3,43.0,16.0
2025-03-21,Castle Hayne,New Hanover,34.364167,-77.838611,2025,3,39.0,19.0
2025-03-21,Clemmons Middle,Forsyth,36.026612,-80.341962,2025,3,45.0,20.0
2025-03-21,Durham Armory,Durham,36.0329550008979,-78.904037,2025,3,41.0,
2025-03-21,Frying Pan Mountain,Haywood,35.379167,-82.7925,2025,3,46.0,
2025-03-21,Garinger High School,Mecklenburg,35.2401000008895,-80.785683,2025,3,44.0,19.0
2025-03-21,Hattie Avenue,Forsyth,36.11094,-80.224501,2025,3,44.0,22.0
2025-03-21,Leggett,Edgecombe,35.988278,-77.5843,2025,3,40.0,11.0
2025-03-21,Linville Falls,Avery,35.972347,-81.933072,2025,3,44.0,
2025-03-21,Mendenhall School,Guilford,36.1090060008986,-79.802314,2025,3,43.0,14.0
2025-03-21,Millbrook School,Wake,35.856111,-78.574167,2025,3,40.0,15.0
2025-03-21,Pitt Agri. Center,Pitt,35.6412760008938,-77.360126,2025,3,40.0,1.0
2025-03-21,Rockwell,Rowan,35.551868,-80.395039,2025,3,44.0,17.0
2025-03-21,West Johnston Co.,Johnston,35.59095,-78.4622,2025,3,43.0,9.0
2025-03-22,Bryson City,Swain,35.434767,-83.442133,2025,3,46.0,19.0
2025-03-22,Castle Hayne,New Hanover,34.364167,-77.838611,2025,3,49.0,55.0
2025-03-22,Clemmons Middle,Forsyth,36.026612,-80.341962,2025,3,50.0,49.0
2025-03-22,Durham Armory,Durham,36.0329550008979,-78.904037,2025,3,49.0,
2025-03-22,Frying Pan Mountain,Haywood,35.379167,-82.7925,2025,3,48.0,
2025-03-22,Garinger High School,Mecklenburg,35.2401000008895,-80.785683,2025,3,54.0,42.0
2025-03-22,Hattie Avenue,Forsyth,36.11094,-80.224501,2025,3,50.0,53.0
2025-03-22,Leggett,Edgecombe,35.988278,-77.5843,2025,3,50.0,37.0
2025-03-22,Linville Falls,Avery,35.972347,-81.933072,2025,3,49.0,
2025-03-22,Mendenhall School,Guilford,36.1090060008986,-79.802314,2025,3,48.0,37.0
2025-03-22,Millbrook School,Wake,35.856111,-78.574167,2025,3,47.0,46.0
2025-03-22,Pitt Agri. Center,Pitt,35.6412760008938,-77.360126,2025,3,48.0,39.0
2025-03-22,Rockwell,Rowan,35.551868,-80.395039,2025,3,48.0,36.0
2025-03-22,West Johnston Co.,Johnston,35.59095,-78.4622,2025,3,51.0,48.0
2025-03-23,Bryson City,Swain,35.434767,-83.442133,2025,3,58.0,20.0
2025-03-23,Castle Hayne,New Hanover,34.364167,-77.838611,2025,3,41.0,46.0
2025-03-23,Clemmons Middle,Forsyth,36.026612,-80.341962,2025,3,50.0,24.0
2025-03-23,Durham Armory,Durham,36.0329550008979,-78.904037,2025,3,46.0,
2025-03-23,Frying Pan Mountain,Haywood,35.379167,-82.7925,2025,3,61.0,
2025-03-23,Garinger High School,Mecklenburg,35.2401000008895,-80.785683,2025,3,48.0,35.5
2025-03-23,Hattie Avenue,Forsyth,36.11094,-80.224501,2025,3,50.0,28.0
2025-03-23,Leggett,Edgecombe,35.988278,-77.5843,2025,3,43.0,30.0
2025-03-23,Linville Falls,Avery,35.972347,-81.933072,2025,3,61.0,44.0
2025-03-23,Mendenhall School,Guilford,36.1090060008986,-79.802314,2025,3,47.0,22.0
2025-03-23,Millbrook School,Wake,35.856111,-78.574167,2025,3,44.0,38.0
2025-03-23,Pitt Agri. Center,Pitt,35.6412760008938,-77.360126,2025,3,41.0,31.0
2025-03-23,Rockwell,Rowan,35.551868,-80.395039,2025,3,45.0,21.0
2025-03-23,West Johnston Co.,Johnston,35.59095,-78.4622,2025,3,46.0,42.0
2025-03-24,Bryson City,Swain,35.434767,-83.442133,2025,3,44.0,28.0
2025-03-24,Castle Hayne,New Hanover,34.364167,-77.838611,2025,3,,54.0
2025-03-24,Clemmons Middle,Forsyth,36.026612,-80.341962,2025,3,42.0,53.0
2025-03-24,Durham Armory,Durham,36.0329550008979,-78.904037,2025,3,36.0,
2025-03-24,Frying Pan Mountain,Haywood,35.379167,-82.7925,2025,3,45.0,
2025-03-24,Garinger High School,Mecklenburg,35.2401000008895,-80.785683,2025,3,40.0,54.0
2025-03-24,Hattie Avenue,Forsyth,36.11094,-80.224501,2025,3,41.0,55.0
2025-03-24,Leggett,Edgecombe,35.988278,-77.5843,2025,3,45.0,42.0
2025-03-24,Linville Falls,Avery,35.972347,-81.933072,2025,3,45.0,
2025-03-24,Mendenhall School,Guilford,36.1090060008986,-79.802314,2025,3,37.0,55.0
2025-03-24,Millbrook School,Wake,35.856111,-78.574167,2025,3,37.0,53.0
2025-03-24,Pitt Agri. Center,Pitt,35.6412760008938,-77.360126,2025,3,46.0,46.0
2025-03-24,Rockwell,Rowan,35.551868,-80.395039,2025,3,36.0,55.0
2025-03-24,West Johnston Co.,Johnston,35.59095,-78.4622,2025,3,44.0,53.0
2025-03-25,Bryson City,Swain,35.434767,-83.442133,2025,3,47.0,19.0
2025-03-25,Castle Hayne,New Hanover,34.364167,-77.838611,2025,3,48.0,112.5
2025-03-25,Clemmons Middle,Forsyth,36.026612,-80.341962,2025,3,50.0,15.0
2025-03-25,Durham Armory,Durham,36.0329550008979,-78.904037,2025,3,45.0,
2025-03-25,Frying Pan Mountain,Haywood,35.379167,-82.7925,2025,3,46.0,
2025-03-25,Garinger High School,Mecklenburg,35.2401000008895,-80.785683,2025,3,49.0,20.0
2025-03-25,Hattie Avenue,Forsyth,36.11094,-80.224501,2025,3,49.0,16.0
2025-03-25,Leggett,Edgecombe,35.988278,-77.5843,2025,3,49.0,15.0
2025-03-25,Linville Falls,Avery,35.972347,-81.933072,2025,3,48.0,
2025-03-25,Mendenhall School,Guilford,36.1090060008986,-79.802314,2025,3,48.0,12.0
2025-03-25,Millbrook School,Wake,35.856111,-78.574167,2025,3,45.0,23.0
2025-03-25,Pitt Agri. Center,Pitt,35.6412760008938,-77.360126,2025,3,48.0,11.0
2025-03-25,Rockwell,Rowan,35.551868,-80.395039,2025,3,46.0,16.0
2025-03-25,West Johnston Co.,Johnston,35.59095,-78.4622,2025,3,50.0,23.0
2025-03-26,Bryson City,Swain,35.434767,-83.442133,2025,3,47.0,24.0
2025-03-26,Castle Hayne,New Hanover,34.364167,-77.838611,2025,3,45.0,100.5
2025-03-26,Clemmons Middle,Forsyth,36.026612,-80.341962,2025,3,47.0,21.5
2025-03-26,Durham Armory,Durham,36.0329550008979,-78.904037,2025,3,44.0,
2025-03-26,Frying Pan Mountain,Haywood,35.379167,-82.7925,2025,3,47.0,18.0
2025-03-26,Garinger High School,Mecklenburg,35.2401000008895,-80.785683,2025,3,46.0,21.0
2025-03-26,Hattie Avenue,Forsyth,36.11094,-80.224501,2025,3,46.0,19.5
2025-03-26,Leggett,Edgecombe,35.988278,-77.5843,2025,3,45.0,17.0
2025-03-26,Linville Falls,Avery,35.972347,-81.933072,2025,3,46.0,14.0
2025-03-26,Mendenhall School,Guilford,36.1090060008986,-79.802314,2025,3,44.0,17.0
2025-03-26,Millbrook School,Wake,35.856111,-78.574167,2025,3,44.0,21.5
2025-03-26,Old High School,Swain,35.498711,-83.310242,2025,3,,23.0
2025-03-26,Pitt Agri. Center,Pitt,35.6412760008938,-77.360126,2025,3,44.0,12.0
2025-03-26,Rockwell,Rowan,35.551868,-80.395039,2025,3,44.0,18.0
2025-03-26,West Johnston Co.,Johnston,35.59095,-78.4622,2025,3,46.0,17.0
2025-03-27,Bryson City,Swain,35.434767,-83.442133,2025,3,43.0,37.0
2025-03-27,Castle Hayne,New Hanover,34.364167,-77.838611,2025,3,46.0,68.5
2025-03-27,Clemmons Middle,Forsyth,36.026612,-80.341962,2025,3,54.0,23.0
2025-03-27,Durham Armory,Durham,36.0329550008979,-78.904037,2025,3,49.0,54.0
2025-03-27,Frying Pan Mountain,Haywood,35.379167,-82.7925,2025,3,49.0,
2025-03-27,Garinger High School,Mecklenburg,35.2401000008895,-80.785683,2025,3,48.0,37.0
2025-03-27,Hattie Avenue,Forsyth,36.11094,-80.224501,2025,3,51.0,28.0
2025-03-27,Leggett,Edgecombe,35.988278,-77.5843,2025,3,49.0,21.0
2025-03-27,Linville Falls,Avery,35.972347,-81.933072,2025,3,51.0,
2025-03-27,Mendenhall School,Guilford,36.1090060008986,-79.802314,2025,3,49.0,24.0
2025-03-27,Millbrook School,Wake,35.856111,-78.574167,2025,3,48.0,24.0
2025-03-27,Pitt Agri. Center,Pitt,35.6412760008938,-77.360126,2025,3,47.0,26.0
2025-03-27,Rockwell,Rowan,35.551868,-80.395039,2025,3,47.0,27.0
2025-03-27,West Johnston Co.,Johnston,35.59095,-78.4622,2025,3,50.0,22.0
2025-03-28,Bryson City,Swain,35.434767,-83.442133,2025,3,51.0,56.0
2025-03-28,Castle Hayne,New Hanover,34.364167,-77.838611,2025,3,46.0,27.0
2025-03-28,Clemmons Middle,Forsyth,36.026612,-80.341962,2025,3,77.0,52.0
2025-03-28,Durham Armory,Durham,36.0329550008979,-78.904037,2025,3,58.0,56.0
2025-03-28,Frying Pan Mountain,Haywood,35.379167,-82.7925,2025,3,61.0,
2025-03-28,Garinger High School,Mecklenburg,35.2401000008895,-80.785683,2025,3,58.0,48.0
2025-03-28,Hattie Avenue,Forsyth,36.11094,-80.224501,2025,3,77.0,54.0
2025-03-28,Leggett,Edgecombe,35.988278,-77.5843,2025,3,58.0,42.0
2025-03-28,Linville Falls,Avery,35.972347,-81.933072,2025,3,80.0,
2025-03-28,Mendenhall School,Guilford,36.1090060008986,-79.802314,2025,3,71.0,47.0
2025-03-28,Millbrook School,Wake,35.856111,-78.574167,2025,3,58.0,51.0
2025-03-28,Pitt Agri. Center,Pitt,35.6412760008938,-77.360126,2025,3,50.0,27.0
2025-03-28,Rockwell,Rowan,35.551868,-80.395039,2025,3,54.0,50.0
2025-03-28,West Johnston Co.,Johnston,35.59095,-78.4622,2025,3,64.0,47.0
2025-03-29,Bryson City,Swain,35.434767,-83.442133,2025,3,37.0,66.0
2025-03-29,Castle Hayne,New Hanover,34.364167,-77.838611,2025,3,42.0,26.5
2025-03-29,Clemmons Middle,Forsyth,36.026612,-80.341962,2025,3,46.0,41.0
2025-03-29,Durham Armory,Durham,36.0329550008979,-78.904037,2025,3,41.0,51.0
2025-03-29,Frying Pan Mountain,Haywood,35.379167,-82.7925,2025,3,44.0,41.0
2025-03-29,Garinger High School,Mecklenburg,35.2401000008895,-80.785683,2025,3,43.0,37.5
2025-03-29,Hattie Avenue,Forsyth,36.11094,-80.224501,2025,3,46.0,41.5
2025-03-29,Leggett,Edgecombe,35.988278,-77.5843,2025,3,44.0,37.0
2025-03-29,Linville Falls,Avery,35.972347,-81.933072,2025,3,46.0,68.0
2025-03-29,Mendenhall School,Guilford,36.1090060008986,-79.802314,2025,3,45.0,35.0
2025-03-29,Millbrook School,Wake,35.856111,-78.574167,2025,3,41.0,40.0
2025-03-29,Pitt Agri. Center,Pitt,35.6412760008938,-77.360126,2025,3,40.0,28.0
2025-03-29,Rockwell,Rowan,35.551868,-80.395039,2025,3,42.0,36.0
2025-03-29,West Johnston Co.,Johnston,35.59095,-78.4622,2025,3,44.0,32.0
2025-03-30,Bryson City,Swain,35.434767,-83.442133,2025,3,27.0,34.0
2025-03-30,Castle Hayne,New Hanover,34.364167,-77.838611,2025,3,39.0,23.0
2025-03-30,Clemmons Middle,Forsyth,36.026612,-80.341962,2025,3,43.0,36.0
2025-03-30,Durham Armory,Durham,36.0329550008979,-78.904037,2025,3,38.0,49.0
2025-03-30,Frying Pan Mountain,Haywood,35.379167,-82.7925,2025,3,32.0,
2025-03-30,Garinger High School,Mecklenburg,35.2401000008895,-80.785683,2025,3,40.0,33.0
2025-03-30,Hattie Avenue,Forsyth,36.11094,-80.224501,2025,3,44.0,39.0
2025-03-30,Leggett,Edgecombe,35.988278,-77.5843,2025,3,41.0,29.0
2025-03-30,Linville Falls,Avery,35.972347,-81.933072,2025,3,38.0,
2025-03-30,Mendenhall School,Guilford,36.1090060008986,-79.802314,2025,3,40.0,29.0
2025-03-30,Millbrook School,Wake,35.856111,-78.574167,2025,3,37.0,29.0
2025-03-30,Pitt Agri. Center,Pitt,35.6412760008938,-77.360126,2025,3,38.0,26.0
2025-03-30,Rockwell,Rowan,35.551868,-80.395039,2025,3,36.0,38.0
2025-03-30,West Johnston Co.,Johnston,35.59095,-78.4622,2025,3,40.0,27.0
2025-03-31,Bryson City,Swain,35.434767,-83.442133,2025,3,35.0,14.0
2025-03-31,Castle Hayne,New Hanover,34.364167,-77.838611,2025,3,32.0,21.0
2025-03-31,Clemmons Middle,Forsyth,36.026612,-80.341962,2025,3,31.0,33.0
2025-03-31,Durham Armory,Durham,36.0329550008979,-78.904037,2025,3,31.0,50.0
2025-03-31,Frying Pan Mountain,Haywood,35.379167,-82.7925,2025,3,44.0,
2025-03-31,Garinger High School,Mecklenburg,35.2401000008895,-80.785683,2025,3,24.0,32.0
2025-03-31,Hattie Avenue,Forsyth,36.11094,-80.224501,2025,3,31.0,33.0
2025-03-31,Leggett,Edgecombe,35.988278,-77.5843,2025,3,32.0,29.0
2025-03-31,Linville Falls,Avery,35.972347,-81.933072,2025,3,40.0,
2025-03-31,Mendenhall School,Guilford,36.1090060008986,-79.802314,2025,3,31.0,32.0
2025-03-31,Millbrook School,Wake,35.856111,-78.574167,2025,3,31.0,39.0
2025-03-31,Pitt Agri. Center,Pitt,35.6412760008938,-77.360126,2025,3,31.0,25.0
2025-03-31,Rockwell,Rowan,35.551868,-80.395039,2025,3,25.0,33.0
2025-03-31,West Johnston Co.,Johnston,35.59095,-78.4622,2025,3,32.0,26.0
2025-04-01,Bryson City,Swain,35.434767,-83.442133,2025,4,38.0,12.0
2025-04-01,Castle Hayne,New Hanover,34.364167,-77.838611,2025,4,32.0,32.0
2025-04-01,Clemmons Middle,Forsyth,36.026612,-80.341962,2025,4,37.0,10.0
2025-04-01,Durham Armory,Durham,36.0329550008979,-78.904037,2025,4,31.0,16.0
2025-04-01,Frying Pan Mountain,Haywood,35.379167,-82.7925,2025,4,37.0,8.0
2025-04-01,Garinger High School,Mecklenburg,35.2401000008895,-80.785683,2025,4,37.0,14.5
2025-04-01,Hattie Avenue,Forsyth,36.11094,-80.224501,2025,4,34.0,10.5
2025-04-01,Leggett,Edgecombe,35.988278,-77.5843,2025,4,,15.0
2025-04-01,Linville Falls,Avery,35.972347,-81.933072,2025,4,37.0,4.0
2025-04-01,Mendenhall School,Guilford,36.1090060008986,-79.802314,2025,4,32.0,9.0
2025-04-01,Millbrook School,Wake,35.856111,-78.574167,2025,4,31.0,15.0
2025-04-01,Old High School,Swain,35.498711,-83.310242,2025,4,,14.0
2025-04-01,Pitt Agri. Center,Pitt,35.6412760008938,-77.360126,2025,4,31.0,9.0
2025-04-01,Rockwell,Rowan,35.551868,-80.395039,2025,4,34.0,7.0
2025-04-01,West Johnston Co.,Johnston,35.59095,-78.4622,2025,4,34.0,10.0
2025-04-02,Bryson City,Swain,35.434767,-83.442133,2025,4,27.0,33.0
2025-04-02,Castle Hayne,New Hanover,34.364167,-77.838611,2025,4,37.0,37.5
2025-04-02,Clemmons Middle,Forsyth,36.026612,-80.341962,2025,4,32.0,39.0
2025-04-02,Durham Armory,Durham,36.0329550008979,-78.904037,2025,4,37.0,36.0
2025-04-02,Frying Pan Mountain,Haywood,35.379167,-82.7925,2025,4,30.0,
2025-04-02,Garinger High School,Mecklenburg,35.2401000008895,-80.785683,2025,4,28.0,52.0
2025-04-02,Hattie Avenue,Forsyth,36.11094,-80.224501,2025,4,32.0,37.0
2025-04-02,Leggett,Edgecombe,35.988278,-77.5843,2025,4,40.0,27.0
2025-04-02,Linville Falls,Avery,35.972347,-81.933072,2025,4,28.0,
2025-04-02,Mendenhall School,Guilford,36.1090060008986,-79.802314,2025,4,35.0,48.0
2025-04-02,Millbrook School,Wake,35.856111,-78.574167,2025,4,37.0,34.0
2025-04-02,Pitt Agri. Center,Pitt,35.6412760008938,-77.360126,2025,4,37.0,23.0
2025-04-02,Rockwell,Rowan,35.551868,-80.395039,2025,4,31.0,51.0
2025-04-02,West Johnston Co.,Johnston,35.59095,-78.4622,2025,4,39.0,38.0
2025-04-03,Bryson City,Swain,35.434767,-83.442133,2025,4,34.0,41.0
2025-04-03,Castle Hayne,New Hanover,34.364167,-77.838611,2025,4,23.0,39.0
2025-04-03,Clemmons Middle,Forsyth,36.026612,-80.341962,2025,4,31.0,47.0
2025-04-03,Durham Armory,Durham,36.0329550008979,-78.904037,2025,4,28.0,52.0
2025-04-03,Frying Pan Mountain,Haywood,35.379167,-82.7925,2025,4,30.0,
2025-04-03,Garinger High School,Mecklenburg,35.2401000008895,-80.785683,2025,4,27.0,40.0
2025-04-03,Hattie Avenue,Forsyth,36.11094,-80.224501,2025,4,29.0,51.0
2025-04-03,Leggett,Edgecombe,35.988278,-77.5843,2025,4,31.0,37.0
2025-04-03,Linville Falls,Avery,35.972347,-81.933072,2025,4,31.0,
2025-04-03,Mendenhall School,Guilford,36.1090060008986,-79.802314,2025,4,28.0,46.0
2025-04-03,Millbrook School,Wake,35.856111,-78.574167,2025,4,31.0,53.0
2025-04-03,Pitt Agri. Center,Pitt,35.6412760008938,-77.360126,2025,4,28.0,41.0
2025-04-03,Rockwell,Rowan,35.551868,-80.395039,2025,4,28.0,44.0
2025-04-03,West Johnston Co.,Johnston,35.59095,-78.4622,2025,4,31.0,39.0
2025-04-04,Bryson City,Swain,35.434767,-83.442133,2025,4,36.0,35.0
2025-04-04,Castle Hayne,New Hanover,34.364167,-77.838611,2025,4,27.0,38.5
2025-04-04,Clemmons Middle,Forsyth,36.026612,-80.341962,2025,4,38.0,52.0
2025-04-04,Durham Armory,Durham,36.0329550008979,-78.904037,2025,4,31.0,55.0
2025-04-04,Frying Pan Mountain,Haywood,35.379167,-82.7925,2025,4,33.0,31.0
2025-04-04,Garinger High School,Mecklenburg,35.2401000008895,-80.785683,2025,4,32.0,51.5
2025-04-04,Hattie Avenue,Forsyth,36.11094,-80.224501,2025,4,38.0,53.0
2025-04-04,Leggett,Edgecombe,35.988278,-77.5843,2025,4,32.0,48.0
2025-04-04,Linville Falls,Avery,35.972347,-81.933072,2025,4,32.0,34.0
2025-04-04,Mendenhall School,Guilford,36.1090060008986,-79.802314,2025,4,37.0,51.0
2025-04-04,Millbrook School,Wake,35.856111,-78.574167,2025,4,32.0,57.5
2025-04-04,Pitt Agri. Center,Pitt,35.6412760008938,-77.360126,2025,4,30.0,44.0
2025-04-04,Rockwell,Rowan,35.551868,-80.395039,2025,4,35.0,47.0
2025-04-04,West Johnston Co.,Johnston,35.59095,-78.4622,2025,4,32.0,54.0
2025-04-05,Bryson City,Swain,35.434767,-83.442133,2025,4,44.0,38.0
2025-04-05,Castle Hayne,New Hanover,34.364167,-77.838611,2025,4,32.0,23.5
2025-04-05,Clemmons Middle,Forsyth,36.026612,-80.341962,2025,4,38.0,52.0
2025-04-05,Durham Armory,Durham,36.0329550008979,-78.904037,2025,4,33.0,55.0
2025-04-05,Frying Pan Mountain,Haywood,35.379167,-82.7925,2025,4,41.0,
2025-04-05,Garinger High School,Mecklenburg,35.2401000008895,-80.785683,2025,4,35.0,46.0
2025-04-05,Hattie Avenue,Forsyth,36.11094,-80.224501,2025,4,38.0,52.0
2025-04-05,Leggett,Edgecombe,35.988278,-77.5843,2025,4,31.0,50.0
2025-04-05,Linville Falls,Avery,35.972347,-81.933072,2025,4,43.0,
2025-04-05,Mendenhall School,Guilford,36.1090060008986,-79.802314,2025,4,35.0,53.0
2025-04-05,Millbrook School,Wake,35.856111,-78.574167,2025,4,31.0,55.0
2025-04-05,Pitt Agri. Center,Pitt,35.6412760008938,-77.360126,2025,4,29.0,29.0
2025-04-05,Rockwell,Rowan,35.551868,-80.395039,2025,4,33.0,51.0
2025-04-05,West Johnston Co.,Johnston,35.59095,-78.4622,2025,4,32.0,46.0
2025-04-06,Bryson City,Swain,35.434767,-83.442133,2025,4,32.0,16.0
2025-04-06,Castle Hayne,New Hanover,34.364167,-77.838611,2025,4,31.0,36.0
2025-04-06,Clemmons Middle,Forsyth,36.026612,-80.341962,2025,4,46.0,32.0
2025-04-06,Durham Armory,Durham,36.0329550008979,-78.904037,2025,4,40.0,36.0
2025-04-06,Frying Pan Mountain,Haywood,35.379167,-82.7925,2025,4,42.0,
2025-04-06,Garinger High School,Mecklenburg,35.2401000008895,-80.785683,2025,4,38.0,34.0
2025-04-06,Hattie Avenue,Forsyth,36.11094,-80.224501,2025,4,45.0,37.0
2025-04-06,Leggett,Edgecombe,35.988278,-77.5843,2025,4,36.0,39.0
2025-04-06,Linville Falls,Avery,35.972347,-81.933072,2025,4,45.0,
2025-04-06,Mendenhall School,Guilford,36.1090060008986,-79.802314,2025,4,45.0,34.0
2025-04-06,Millbrook School,Wake,35.856111,-78.574167,2025,4,36.0,42.0
2025-04-06,Pitt Agri. Center,Pitt,35.6412760008938,-77.360126,2025,4,34.0,32.0
2025-04-06,Rockwell,Rowan,35.551868,-80.395039,2025,4,43.0,38.0
2025-04-06,West Johnston Co.,Johnston,35.59095,-78.4622,2025,4,35.0,36.0
2025-04-07,Bryson City,Swain,35.434767,-83.442133,2025,4,28.0,8.0
2025-04-07,Castle Hayne,New Hanover,34.364167,-77.838611,2025,4,33.0,36.5
2025-04-07,Clemmons Middle,Forsyth,36.026612,-80.341962,2025,4,29.0,27.5
2025-04-07,Durham Armory,Durham,36.0329550008979,-78.904037,2025,4,24.0,37.0
2025-04-07,Frying Pan Mountain,Haywood,35.379167,-82.7925,2025,4,44.0,8.0
2025-04-07,Garinger High School,Mecklenburg,35.2401000008895,-80.785683,2025,4,28.0,31.5
2025-04-07,Hattie Avenue,Forsyth,36.11094,-80.224501,2025,4,28.0,30.0
2025-04-07,Leggett,Edgecombe,35.988278,-77.5843,2025,4,28.0,36.0
2025-04-07,Linville Falls,Avery,35.972347,-81.933072,2025,4,43.0,8.0
2025-04-07,Mendenhall School,Guilford,36.1090060008986,-79.802314,2025,4,27.0,38.0
2025-04-07,Millbrook School,Wake,35.856111,-78.574167,2025,4,24.0,39.5
2025-04-07,Old High School,Swain,35.498711,-83.310242,2025,4,,12.0
2025-04-07,Pitt Agri. Center,Pitt,35.6412760008938,-77.360126,2025,4,31.0,29.0
2025-04-07,Rockwell,Rowan,35.551868,-80.395039,2025,4,29.0,33.0
2025-04-07,West Johnston Co.,Johnston,35.59095,-78.4622,2025,4,26.0,38.0
2025-04-08,Bryson City,Swain,35.434767,-83.442133,2025,4,48.0,25.0
2025-04-08,Castle Hayne,New Hanover,34.364167,-77.838611,2025,4,43.0,31.5
2025-04-08,Clemmons Middle,Forsyth,36.026612,-80.341962,2025,4,50.0,23.0
2025-04-08,Durham Armory,Durham,36.0329550008979,-78.904037,2025,4,44.0,31.5
2025-04-08,Frying Pan Mountain,Haywood,35.379167,-82.7925,2025,4,49.0,
2025-04-08,Garinger High School,Mecklenburg,35.2401000008895,-80.785683,2025,4,51.0,30.0
2025-04-08,Hattie Avenue,Forsyth,36.11094,-80.224501,2025,4,49.0,23.0
2025-04-08,Leggett,Edgecombe,35.988278,-77.5843,2025,4,37.0,23.0
2025-04-08,Linville Falls,Avery,35.972347,-81.933072,2025,4,48.0,
2025-04-08,Mendenhall School,Guilford,36.1090060008986,-79.802314,2025,4,47.0,19.0
2025-04-08,Millbrook School,Wake,35.856111,-78.574167,2025,4,45.0,21.0
2025-04-08,Pitt Agri. Center,Pitt,35.6412760008938,-77.360126,2025,4,37.0,13.0
2025-04-08,Rockwell,Rowan,35.551868,-80.395039,2025,4,46.0,23.0
2025-04-08,West Johnston Co.,Johnston,35.59095,-78.4622,2025,4,48.0,21.0
2025-04-09,Bryson City,Swain,35.434767,-83.442133,2025,4,46.0,27.0
2025-04-09,Castle Hayne,New Hanover,34.364167,-77.838611,2025,4,44.0,54.5
2025-04-09,Clemmons Middle,Forsyth,36.026612,-80.341962,2025,4,48.0,24.0
2025-04-09,Durham Armory,Durham,36.0329550008979,-78.904037,2025,4,46.0,34.0
2025-04-09,Frying Pan Mountain,Haywood,35.379167,-82.7925,2025,4,48.0,
2025-04-09,Garinger High School,Mecklenburg,35.2401000008895,-80.785683,2025,4,47.0,36.0
2025-04-09,Hattie Avenue,Forsyth,36.11094,-80.224501,2025,4,49.0,23.0
2025-04-09,Leggett,Edgecombe,35.988278,-77.5843,2025,4,45.0,26.0
2025-04-09,Linville Falls,Avery,35.972347,-81.933072,2025,4,48.0,
2025-04-09,Mendenhall School,Guilford,36.1090060008986,-79.802314,2025,4,45.0,21.0
2025-04-09,Millbrook School,Wake,35.856111,-78.574167,2025,4,44.0,23.0
2025-04-09,Pitt Agri. Center,Pitt,35.6412760008938,-77.360126,2025,4,44.0,23.0
2025-04-09,Rockwell,Rowan,35.551868,-80.395039,2025,4,44.0,31.0
2025-04-09,West Johnston Co.,Johnston,35.59095,-78.4622,2025,4,46.0,26.0
2025-04-10,Bryson City,Swain,35.434767,-83.442133,2025,4,37.0,51.0
2025-04-10,Castle Hayne,New Hanover,34.364167,-77.838611,2025,4,46.0,53.0
2025-04-10,Clemmons Middle,Forsyth,36.026612,-80.341962,2025,4,38.0,52.0
2025-04-10,Durham Armory,Durham,36.0329550008979,-78.904037,2025,4,44.0,39.5
2025-04-10,Frying Pan Mountain,Haywood,35.379167,-82.7925,2025,4,61.0,
2025-04-10,Garinger High School,Mecklenburg,35.2401000008895,-80.785683,2025,4,41.0,49.0
2025-04-10,Hattie Avenue,Forsyth,36.11094,-80.224501,2025,4,40.0,47.5
2025-04-10,Leggett,Edgecombe,35.988278,-77.5843,2025,4,45.0,34.0
2025-04-10,Linville Falls,Avery,35.972347,-81.933072,2025,4,38.0,33.0
2025-04-10,Mendenhall School,Guilford,36.1090060008986,-79.802314,2025,4,42.0,38.0
2025-04-10,Millbrook School,Wake,35.856111,-78.574167,2025,4,45.0,31.0
2025-04-10,Pitt Agri. Center,Pitt,35.6412760008938,-77.360126,2025,4,44.0,25.0
2025-04-10,Rockwell,Rowan,35.551868,-80.395039,2025,4,39.0,47.0
2025-04-10,West Johnston Co.,Johnston,35.59095,-78.4622,2025,4,48.0,32.0
2025-04-11,Bryson City,Swain,35.434767,-83.442133,2025,4,40.0,23.0
2025-04-11,Castle Hayne,New Hanover,34.364167,-77.838611,2025,4,45.0,29.5
2025-04-11,Clemmons Middle,Forsyth,36.026612,-80.341962,2025,4,36.0,35.0
2025-04-11,Durham Armory,Durham,36.0329550008979,-78.904037,2025,4,30.0,38.0
2025-04-11,Frying Pan Mountain,Haywood,35.379167,-82.7925,2025,4,44.0,
2025-04-11,Garinger High School,Mecklenburg,35.2401000008895,-80.785683,2025,4,40.0,29.0
2025-04-11,Hattie Avenue,Forsyth,36.11094,-80.224501,2025,4,35.0,27.0
2025-04-11,Leggett,Edgecombe,35.988278,-77.5843,2025,4,32.0,17.0
2025-04-11,Linville Falls,Avery,35.972347,-81.933072,2025,4,45.0,
2025-04-11,Mendenhall School,Guilford,36.1090060008986,-79.802314,2025,4,31.0,21.0
2025-04-11,Millbrook School,Wake,35.856111,-78.574167,2025,4,37.0,24.0
2025-04-11,Pitt Agri. Center,Pitt,35.6412760008938,-77.360126,2025,4,35.0,15.0
2025-04-11,Rockwell,Rowan,35.551868,-80.395039,2025,4,40.0,21.0
2025-04-11,West Johnston Co.,Johnston,35.59095,-78.4622,2025,4,42.0,24.0
2025-04-12,Bryson City,Swain,35.434767,-83.442133,2025,4,42.0,27.0
2025-04-12,Castle Hayne,New Hanover,34.364167,-77.838611,2025,4,34.0,21.0
2025-04-12,Clemmons Middle,Forsyth,36.026612,-80.341962,2025,4,40.0,38.0
2025-04-12,Durham Armory,Durham,36.0329550008979,-78.904037,2025,4,33.0,27.0
2025-04-12,Frying Pan Mountain,Haywood,35.379167,-82.7925,2025,4,46.0,
2025-04-12,Garinger High School,Mecklenburg,35.2401000008895,-80.785683,2025,4,38.0,40.0
2025-04-12,Hattie Avenue,Forsyth,36.11094,-80.224501,2025,4,40.0,36.0
2025-04-12,Leggett,Edgecombe,35.988278,-77.5843,2025,4,30.0,14.0
2025-04-12,Linville Falls,Avery,35.972347,-81.933072,2025,4,42.0,
2025-04-12,Mendenhall School,Guilford,36.1090060008986,-79.802314,2025,4,37.0,18.0
2025-04-12,Millbrook School,Wake,35.856111,-78.574167,2025,4,36.0,18.0
2025-04-12,Pitt Agri. Center,Pitt,35.6412760008938,-77.360126,2025,4,32.0,7.0
2025-04-12,Rockwell,Rowan,35.551868,-80.395039,2025,4,38.0,29.0
2025-04-12,West Johnston Co.,Johnston,35.59095,-78.4622,2025,4,33.0,16.0
2025-04-13,Bryson City,Swain,35.434767,-83.442133,2025,4,42.0,26.0
2025-04-13,Castle Hayne,New Hanover,34.364167,-77.838611,2025,4,41.0,36.0
2025-04-13,Clemmons Middle,Forsyth,36.026612,-80.341962,2025,4,47.0,26.0
2025-04-13,Durham Armory,Durham,36.0329550008979,-78.904037,2025,4,43.0,28.5
2025-04-13,Frying Pan Mountain,Haywood,35.379167,-82.7925,2025,4,67.0,
2025-04-13,Garinger High School,Mecklenburg,35.2401000008895,-80.785683,2025,4,48.0,43.0
2025-04-13,Hattie Avenue,Forsyth,36.11094,-80.224501,2025,4,47.0,25.0
2025-04-13,Leggett,Edgecombe,35.988278,-77.5843,2025,4,43.0,29.0
2025-04-13,Linville Falls,Avery,35.972347,-81.933072,2025,4,48.0,18.0
2025-04-13,Mendenhall School,Guilford,36.1090060008986,-79.802314,2025,4,44.0,28.0
2025-04-13,Millbrook School,Wake,35.856111,-78.574167,2025,4,44.0,27.0
2025-04-13,Old High School,Swain,35.498711,-83.310242,2025,4,,21.0
2025-04-13,Pitt Agri. Center,Pitt,35.6412760008938,-77.360126,2025,4,44.0,23.0
2025-04-13,Rockwell,Rowan,35.551868,-80.395039,2025,4,45.0,37.0
2025-04-13,West Johnston Co.,Johnston,35.59095,-78.4622,2025,4,45.0,31.0
2025-04-14,Bryson City,Swain,35.434767,-83.442133,2025,4,71.0,49.0
2025-04-14,Castle Hayne,New Hanover,34.364167,-77.838611,2025,4,51.0,52.0
2025-04-14,Clemmons Middle,Forsyth,36.026612,-80.341962,2025,4,77.0,53.0
2025-04-14,Durham Armory,Durham,36.0329550008979,-78.904037,2025,4,51.0,53.0
2025-04-14,Frying Pan Mountain,Haywood,35.379167,-82.7925,2025,4,77.0,
2025-04-14,Garinger High School,Mecklenburg,35.2401000008895,-80.785683,2025,4,77.0,52.0
2025-04-14,Hattie Avenue,Forsyth,36.11094,-80.224501,2025,4,71.0,53.0
2025-04-14,Leggett,Edgecombe,35.988278,-77.5843,2025,4,58.0,52.0
2025-04-14,Linville Falls,Avery,35.972347,-81.933072,2025,4,67.0,
2025-04-14,Mendenhall School,Guilford,36.1090060008986,-79.802314,2025,4,67.0,52.0
2025-04-14,Millbrook School,Wake,35.856111,-78.574167,2025,4,48.0,54.0
2025-04-14,Pitt Agri. Center,Pitt,35.6412760008938,-77.360126,2025,4,50.0,52.0
2025-04-14,Rockwell,Rowan,35.551868,-80.395039,2025,4,67.0,54.0
2025-04-14,West Johnston Co.,Johnston,35.59095,-78.4622,2025,4,50.0,57.0
2025-04-15,Bryson City,Swain,35.434767,-83.442133,2025,4,44.0,32.0
2025-04-15,Castle Hayne,New Hanover,34.364167,-77.838611,2025,4,46.0,60.0
2025-04-15,Clemmons Middle,Forsyth,36.026612,-80.341962,2025,4,45.0,36.0
2025-04-15,Durham Armory,Durham,36.0329550008979,-78.904037,2025,4,44.0,48.0
2025-04-15,Frying Pan Mountain,Haywood,35.379167,-82.7925,2025,4,45.0,
2025-04-15,Garinger High School,Mecklenburg,35.2401000008895,-80.785683,2025,4,44.0,46.0
2025-04-15,Hattie Avenue,Forsyth,36.11094,-80.224501,2025,4,44.0,35.0
2025-04-15,Leggett,Edgecombe,35.988278,-77.5843,2025,4,44.0,53.0
2025-04-15,Linville Falls,Avery,35.972347,-81.933072,2025,4,44.0,
2025-04-15,Mendenhall School,Guilford,36.1090060008986,-79.802314,2025,4,43.0,37.0
2025-04-15,Millbrook School,Wake,35.856111,-78.574167,2025,4,44.0,43.0
2025-04-15,Pitt Agri. Center,Pitt,35.6412760008938,-77.360126,2025,4,45.0,51.0
2025-04-15,Rockwell,Rowan,35.551868,-80.395039,2025,4,44.0,42.0
2025-04-15,West Johnston Co.,Johnston,35.59095,-78.4622,2025,4,48.0,43.0
2025-04-16,Bryson City,Swain,35.434767,-83.442133,2025,4,49.0,22.0
2025-04-16,Castle Hayne,New Hanover,34.364167,-77.838611,2025,4,45.0,32.5
2025-04-16,Clemmons Middle,Forsyth,36.026612,-80.341962,2025,4,47.0,26.0
2025-04-16,Durham Armory,Durham,36.0329550008979,-78.904037,2025,4,44.0,33.5
2025-04-16,Frying Pan Mountain,Haywood,35.379167,-82.7925,2025,4,54.0,
2025-04-16,Garinger High School,Mecklenburg,35.2401000008895,-80.785683,2025,4,47.0,32.0
2025-04-16,Hattie Avenue,Forsyth,36.11094,-80.224501,2025,4,47.0,30.0
2025-04-16,Leggett,Edgecombe,35.988278,-77.5843,2025,4,44.0,28.0
2025-04-16,Linville Falls,Avery,35.972347,-81.933072,2025,4,48.0,17.0
2025-04-16,Mendenhall School,Guilford,36.1090060008986,-79.802314,2025,4,46.0,22.0
2025-04-16,Millbrook School,Wake,35.856111,-78.574167,2025,4,45.0,26.5
2025-04-16,Pitt Agri. Center,Pitt,35.6412760008938,-77.360126,2025,4,44.0,19.0
2025-04-16,Rockwell,Rowan,35.551868,-80.395039,2025,4,45.0,24.0
2025-04-16,West Johnston Co.,Johnston,35.59095,-78.4622,2025,4,48.0,32.0
2025-04-17,Bryson City,Swain,35.434767,-83.442133,2025,4,50.0,30.0
2025-04-17,Castle Hayne,New Hanover,34.364167,-77.838611,2025,4,51.0,52.0
2025-04-17,Clemmons Middle,Forsyth,36.026612,-80.341962,2025,4,61.0,34.0
2025-04-17,Durham Armory,Durham,36.0329550008979,-78.904037,2025,4,51.0,42.5
2025-04-17,Frying Pan Mountain,Haywood,35.379167,-82.7925,2025,4,58.0,
2025-04-17,Garinger High School,Mecklenburg,35.2401000008895,-80.785683,2025,4,77.0,46.0
2025-04-17,Hattie Avenue,Forsyth,36.11094,-80.224501,2025,4,67.0,34.0
2025-04-17,Leggett,Edgecombe,35.988278,-77.5843,2025,4,48.0,26.0
2025-04-17,Linville Falls,Avery,35.972347,-81.933072,2025,4,67.0,
2025-04-17,Mendenhall School,Guilford,36.1090060008986,-79.802314,2025,4,61.0,37.0
2025-04-17,Millbrook School,Wake,35.856111,-78.574167,2025,4,54.0,33.0
2025-04-17,Pitt Agri. Center,Pitt,35.6412760008938,-77.360126,2025,4,48.0,32.0
2025-04-17,Rockwell,Rowan,35.551868,-80.395039,2025,4,50.0,46.0
2025-04-17,West Johnston Co.,Johnston,35.59095,-78.4622,2025,4,54.0,46.0
2025-04-18,Bryson City,Swain,35.434767,-83.442133,2025,4,87.0,62.0
2025-04-18,Castle Hayne,New Hanover,34.364167,-77.838611,2025,4,51.0,42.0
2025-04-18,Clemmons Middle,Forsyth,36.026612,-80.341962,2025,4,90.0,55.0
2025-04-18,Durham Armory,Durham,36.0329550008979,-78.904037,2025,4,58.0,56.5
2025-04-18,Frying Pan Mountain,Haywood,35.379167,-82.7925,2025,4,84.0,
2025-04-18,Garinger High School,Mecklenburg,35.2401000008895,-80.785683,2025,4,71.0,55.0
2025-04-18,Hattie Avenue,Forsyth,36.11094,-80.224501,2025,4,90.0,55.0
2025-04-18,Leggett,Edgecombe,35.988278,-77.5843,2025,4,54.0,41.0
2025-04-18,Linville Falls,Avery,35.972347,-81.933072,2025,4,90.0,
2025-04-18,Mendenhall School,Guilford,36.1090060008986,-79.802314,2025,4,64.0,54.0
2025-04-18,Millbrook School,Wake,35.856111,-78.574167,2025,4,51.0,53.0
2025-04-18,Pitt Agri. Center,Pitt,35.6412760008938,-77.360126,2025,4,50.0,33.0
2025-04-18,Rockwell,Rowan,35.551868,-80.395039,2025,4,54.0,55.0
2025-04-18,West Johnston Co.,Johnston,35.59095,-78.4622,2025,4,61.0,52.0
2025-04-19,Bryson City,Swain,35.434767,-83.442133,2025,4,64.0,80.0
2025-04-19,Castle Hayne,New Hanover,34.364167,-77.838611,2025,4,44.0,23.5
2025-04-19,Clemmons Middle,Forsyth,36.026612,-80.341962,2025,4,44.0,55.0
2025-04-19,Durham Armory,Durham,36.0329550008979,-78.904037,2025,4,41.0,53.5
2025-04-19,Frying Pan Mountain,Haywood,35.379167,-82.7925,2025,4,74.0,
2025-04-19,Garinger High School,Mecklenburg,35.2401000008895,-80.785683,2025,4,45.0,53.5
2025-04-19,Hattie Avenue,Forsyth,36.11094,-80.224501,2025,4,46.0,58.0
2025-04-19,Leggett,Edgecombe,35.988278,-77.5843,2025,4,44.0,39.0
2025-04-19,Linville Falls,Avery,35.972347,-81.933072,2025,4,51.0,54.0
2025-04-19,Mendenhall School,Guilford,36.1090060008986,-79.802314,2025,4,44.0,54.0
2025-04-19,Millbrook School,Wake,35.856111,-78.574167,2025,4,43.0,46.5
2025-04-19,Old High School,Swain,35.498711,-83.310242,2025,4,54.0,69.0
2025-04-19,Pitt Agri. Center,Pitt,35.6412760008938,-77.360126,2025,4,41.0,33.0
2025-04-19,Rockwell,Rowan,35.551868,-80.395039,2025,4,42.0,57.0
2025-04-19,West Johnston Co.,Johnston,35.59095,-78.4622,2025,4,45.0,43.0
2025-04-20,Bryson City,Swain,35.434767,-83.442133,2025,4,54.0,76.0
2025-04-20,Castle Hayne,New Hanover,34.364167,-77.838611,2025,4,38.0,37.5
2025-04-20,Clemmons Middle,Forsyth,36.026612,-80.341962,2025,4,45.0,60.0
2025-04-20,Durham Armory,Durham,36.0329550008979,-78.904037,2025,4,40.0,57.5
2025-04-20,Frying Pan Mountain,Haywood,35.379167,-82.7925,2025,4,50.0,
2025-04-20,Garinger High School,Mecklenburg,35.2401000008895,-80.785683,2025,4,38.0,51.0
2025-04-20,Hattie Avenue,Forsyth,36.11094,-80.224501,2025,4,47.0,61.0
2025-04-20,Leggett,Edgecombe,35.988278,-77.5843,2025,4,41.0,51.0
2025-04-20,Linville Falls,Avery,35.972347,-81.933072,2025,4,50.0,
2025-04-20,Mendenhall School,Guilford,36.1090060008986,-79.802314,2025,4,43.0,57.0
2025-04-20,Millbrook School,Wake,35.856111,-78.574167,2025,4,39.0,54.0
2025-04-20,Old High School,Swain,35.498711,-83.310242,2025,4,49.0,64.0
2025-04-20,Pitt Agri. Center,Pitt,35.6412760008938,-77.360126,2025,4,40.0,57.0
2025-04-20,Rockwell,Rowan,35.551868,-80.395039,2025,4,38.0,51.0
2025-04-20,West Johnston Co.,Johnston,35.59095,-78.4622,2025,4,37.0,53.0
2025-04-21,Bryson City,Swain,35.434767,-83.442133,2025,4,45.0,44.0
2025-04-21,Castle Hayne,New Hanover,34.364167,-77.838611,2025,4,46.0,46.0
2025-04-21,Clemmons Middle,Forsyth,36.026612,-80.341962,2025,4,47.0,53.0
2025-04-21,Durham Armory,Durham,36.0329550008979,-78.904037,2025,4,44.0,56.5
2025-04-21,Frying Pan Mountain,Haywood,35.379167,-82.7925,2025,4,49.0,
2025-04-21,Garinger High School,Mecklenburg,35.2401000008895,-80.785683,2025,4,46.0,50.0
2025-04-21,Hattie Avenue,Forsyth,36.11094,-80.224501,2025,4,47.0,54.0
2025-04-21,Leggett,Edgecombe,35.988278,-77.5843,2025,4,46.0,52.0
2025-04-21,Linville Falls,Avery,35.972347,-81.933072,2025,4,46.0,
2025-04-21,Mendenhall School,Guilford,36.1090060008986,-79.802314,2025,4,49.0,52.0
2025-04-21,Millbrook School,Wake,35.856111,-78.574167,2025,4,46.0,57.0
2025-04-21,Old High School,Swain,35.498711,-83.310242,2025,4,45.0,52.0
2025-04-21,Pitt Agri. Center,Pitt,35.6412760008938,-77.360126,2025,4,44.0,42.0
2025-04-21,Rockwell,Rowan,35.551868,-80.395039,2025,4,44.0,49.0
2025-04-21,West Johnston Co.,Johnston,35.59095,-78.4622,2025,4,49.0,42.0
2025-04-22,Bryson City,Swain,35.434767,-83.442133,2025,4,31.0,34.0
2025-04-22,Castle Hayne,New Hanover,34.364167,-77.838611,2025,4,44.0,45.0
2025-04-22,Clemmons Middle,Forsyth,36.026612,-80.341962,2025,4,39.0,53.0
2025-04-22,Durham Armory,Durham,36.0329550008979,-78.904037,2025,4,40.0,55.5
2025-04-22,Frying Pan Mountain,Haywood,35.379167,-82.7925,2025,4,44.0,
2025-04-22,Garinger High School,Mecklenburg,35.2401000008895,-80.785683,2025,4,44.0,52.0
2025-04-22,Hattie Avenue,Forsyth,36.11094,-80.224501,2025,4,37.0,53.0
2025-04-22,Leggett,Edgecombe,35.988278,-77.5843,2025,4,43.0,54.0
2025-04-22,Linville Falls,Avery,35.972347,-81.933072,2025,4,42.0,24.0
2025-04-22,Mendenhall School,Guilford,36.1090060008986,-79.802314,2025,4,37.0,46.0
2025-04-22,Millbrook School,Wake,35.856111,-78.574167,2025,4,43.0,55.5
2025-04-22,Old High School,Swain,35.498711,-83.310242,2025,4,,37.0
2025-04-22,Pitt Agri. Center,Pitt,35.6412760008938,-77.360126,2025,4,42.0,53.0
2025-04-22,Rockwell,Rowan,35.551868,-80.395039,2025,4,42.0,53.0
2025-04-22,West Johnston Co.,Johnston,35.59095,-78.4622,2025,4,40.0,57.0
2025-04-23,Bryson City,Swain,35.434767,-83.442133,2025,4,38.0,16.0
2025-04-23,Castle Hayne,New Hanover,34.364167,-77.838611,2025,4,34.0,50.5
2025-04-23,Clemmons Middle,Forsyth,36.026612,-80.341962,2025,4,71.0,39.0
2025-04-23,Durham Armory,Durham,36.0329550008979,-78.904037,2025,4,48.0,50.5
2025-04-23,Frying Pan Mountain,Haywood,35.379167,-82.7925,2025,4,44.0,
2025-04-23,Garinger High School,Mecklenburg,35.2401000008895,-80.785683,2025,4,46.0,46.0
2025-04-23,Hattie Avenue,Forsyth,36.11094,-80.224501,2025,4,67.0,39.0
2025-04-23,Leggett,Edgecombe,35.988278,-77.5843,2025,4,44.0,53.0
2025-04-23,Linville Falls,Avery,35.972347,-81.933072,2025,4,45.0,
2025-04-23,Mendenhall School,Guilford,36.1090060008986,-79.802314,2025,4,48.0,42.0
2025-04-23,Millbrook School,Wake,35.856111,-78.574167,2025,4,43.0,52.0
2025-04-23,Old High School,Swain,35.498711,-83.310242,2025,4,36.0,29.0
2025-04-23,Pitt Agri. Center,Pitt,35.6412760008938,-77.360126,2025,4,42.0,56.0
2025-04-23,Rockwell,Rowan,35.551868,-80.395039,2025,4,43.0,42.0
2025-04-23,West Johnston Co.,Johnston,35.59095,-78.4622,2025,4,41.0,57.0
2025-04-24,Bryson City,Swain,35.434767,-83.442133,2025,4,32.0,27.0
2025-04-24,Castle Hayne,New Hanover,34.364167,-77.838611,2025,4,38.0,50.5
2025-04-24,Clemmons Middle,Forsyth,36.026612,-80.341962,2025,4,39.0,55.0
2025-04-24,Durham Armory,Durham,36.0329550008979,-78.904037,2025,4,51.0,57.0
2025-04-24,Frying Pan Mountain,Haywood,35.379167,-82.7925,2025,4,41.0,
2025-04-24,Garinger High School,Mecklenburg,35.2401000008895,-80.785683,2025,4,26.0,55.0
2025-04-24,Hattie Avenue,Forsyth,36.11094,-80.224501,2025,4,40.0,55.0
2025-04-24,Leggett,Edgecombe,35.988278,-77.5843,2025,4,47.0,48.0
2025-04-24,Linville Falls,Avery,35.972347,-81.933072,2025,4,42.0,
2025-04-24,Mendenhall School,Guilford,36.1090060008986,-79.802314,2025,4,46.0,55.0
2025-04-24,Millbrook School,Wake,35.856111,-78.574167,2025,4,51.0,58.0
2025-04-24,Old High School,Swain,35.498711,-83.310242,2025,4,33.0,37.0
2025-04-24,Pitt Agri. Center,Pitt,35.6412760008938,-77.360126,2025,4,46.0,51.0
2025-04-24,Rockwell,Rowan,35.551868,-80.395039,2025,4,32.0,54.0
2025-04-24,West Johnston Co.,Johnston,35.59095,-78.4622,2025,4,51.0,53.0
2025-04-25,Bryson City,Swain,35.434767,-83.442133,2025,4,35.0,47.0
2025-04-25,Castle Hayne,New Hanover,34.364167,-77.838611,2025,4,44.0,39.5
2025-04-25,Clemmons Middle,Forsyth,36.026612,-80.341962,2025,4,39.0,61.0
2025-04-25,Durham Armory,Durham,36.0329550008979,-78.904037,2025,4,36.0,54.5
2025-04-25,Frying Pan Mountain,Haywood,35.379167,-82.7925,2025,4,40.0,19.0
2025-04-25,Garinger High School,Mecklenburg,35.2401000008895,-80.785683,2025,4,38.0,50.0
2025-04-25,Hattie Avenue,Forsyth,36.11094,-80.224501,2025,4,40.0,60.0
2025-04-25,Leggett,Edgecombe,35.988278,-77.5843,2025,4,44.0,40.0
2025-04-25,Linville Falls,Avery,35.972347,-81.933072,2025,4,34.0,32.0
2025-04-25,Mendenhall School,Guilford,36.1090060008986,-79.802314,2025,4,38.0,54.0
2025-04-25,Millbrook School,Wake,35.856111,-78.574167,2025,4,41.0,54.5
2025-04-25,Old High School,Swain,35.498711,-83.310242,2025,4,35.0,44.5
2025-04-25,Pitt Agri. Center,Pitt,35.6412760008938,-77.360126,2025,4,42.0,30.0
2025-04-25,Rockwell,Rowan,35.551868,-80.395039,2025,4,36.0,
2025-04-25,West Johnston Co.,Johnston,35.59095,-78.4622,2025,4,44.0,55.0
2025-04-26,Bryson City,Swain,35.434767,-83.442133,2025,4,40.0,33.0
2025-04-26,Castle Hayne,New Hanover,34.364167,-77.838611,2025,4,35.0,33.0
2025-04-26,Clemmons Middle,Forsyth,36.026612,-80.341962,2025,4,37.0,38.0
2025-04-26,Durham Armory,Durham,36.0329550008979,-78.904037,2025,4,37.0,45.0
2025-04-26,Frying Pan Mountain,Haywood,35.379167,-82.7925,2025,4,43.0,
2025-04-26,Garinger High School,Mecklenburg,35.2401000008895,-80.785683,2025,4,40.0,33.0
2025-04-26,Hattie Avenue,Forsyth,36.11094,-80.224501,2025,4,38.0,38.0
2025-04-26,Leggett,Edgecombe,35.988278,-77.5843,2025,4,40.0,35.0
2025-04-26,Linville Falls,Avery,35.972347,-81.933072,2025,4,44.0,
2025-04-26,Mendenhall School,Guilford,36.1090060008986,-79.802314,2025,4,35.0,34.0
2025-04-26,Millbrook School,Wake,35.856111,-78.574167,2025,4,38.0,41.0
2025-04-26,Old High School,Swain,35.498711,-83.310242,2025,4,37.0,41.0
2025-04-26,Pitt Agri. Center,Pitt,35.6412760008938,-77.360126,2025,4,40.0,34.0
2025-04-26,Rockwell,Rowan,35.551868,-80.395039,2025,4,39.0,
2025-04-26,West Johnston Co.,Johnston,35.59095,-78.4622,2025,4,37.0,36.0
2025-04-27,Bryson City,Swain,35.434767,-83.442133,2025,4,45.0,31.0
2025-04-27,Castle Hayne,New Hanover,34.364167,-77.838611,2025,4,42.0,32.5
2025-04-27,Clemmons Middle,Forsyth,36.026612,-80.341962,2025,4,49.0,28.0
2025-04-27,Durham Armory,Durham,36.0329550008979,-78.904037,2025,4,44.0,30.0
2025-04-27,Frying Pan Mountain,Haywood,35.379167,-82.7925,2025,4,64.0,
2025-04-27,Garinger High School,Mecklenburg,35.2401000008895,-80.785683,2025,4,54.0,28.0
2025-04-27,Hattie Avenue,Forsyth,36.11094,-80.224501,2025,4,50.0,33.0
2025-04-27,Leggett,Edgecombe,35.988278,-77.5843,2025,4,44.0,17.0
2025-04-27,Linville Falls,Avery,35.972347,-81.933072,2025,4,46.0,
2025-04-27,Mendenhall School,Guilford,36.1090060008986,-79.802314,2025,4,45.0,23.0
2025-04-27,Millbrook School,Wake,35.856111,-78.574167,2025,4,44.0,24.0
2025-04-27,Old High School,Swain,35.498711,-83.310242,2025,4,44.0,37.0
2025-04-27,Pitt Agri. Center,Pitt,35.6412760008938,-77.360126,2025,4,44.0,16.0
2025-04-27,Rockwell,Rowan,35.551868,-80.395039,2025,4,47.0,
2025-04-27,West Johnston Co.,Johnston,35.59095,-78.4622,2025,4,44.0,18.0
2025-04-28,Bryson City,Swain,35.434767,-83.442133,2025,4,45.0,36.0
2025-04-28,Castle Hayne,New Hanover,34.364167,-77.838611,2025,4,49.0,32.5
2025-04-28,Clemmons Middle,Forsyth,36.026612,-80.341962,2025,4,50.0,36.0
2025-04-28,Durham Armory,Durham,36.0329550008979,-78.904037,2025,4,61.0,30.5
2025-04-28,Frying Pan Mountain,Haywood,35.379167,-82.7925,2025,4,50.0,24.0
2025-04-28,Garinger High School,Mecklenburg,35.2401000008895,-80.785683,2025,4,51.0,44.0
2025-04-28,Hattie Avenue,Forsyth,36.11094,-80.224501,2025,4,58.0,38.0
2025-04-28,Leggett,Edgecombe,35.988278,-77.5843,2025,4,46.0,17.0
2025-04-28,Linville Falls,Avery,35.972347,-81.933072,2025,4,50.0,26.0
2025-04-28,Mendenhall School,Guilford,36.1090060008986,-79.802314,2025,4,49.0,34.0
2025-04-28,Millbrook School,Wake,35.856111,-78.574167,2025,4,47.0,31.0
2025-04-28,Old High School,Swain,35.498711,-83.310242,2025,4,47.0,41.0
2025-04-28,Pitt Agri. Center,Pitt,35.6412760008938,-77.360126,2025,4,45.0,21.0
2025-04-28,Rockwell,Rowan,35.551868,-80.395039,2025,4,46.0,
2025-04-28,West Johnston Co.,Johnston,35.59095,-78.4622,2025,4,50.0,35.0
2025-04-29,Bryson City,Swain,35.434767,-83.442133,2025,4,42.0,47.0
2025-04-29,Castle Hayne,New Hanover,34.364167,-77.838611,2025,4,45.0,54.5
2025-04-29,Clemmons Middle,Forsyth,36.026612,-80.341962,2025,4,47.0,49.0
2025-04-29,Durham Armory,Durham,36.0329550008979,-78.904037,2025,4,47.0,54.5
2025-04-29,Frying Pan Mountain,Haywood,35.379167,-82.7925,2025,4,43.0,
2025-04-29,Garinger High School,Mecklenburg,35.2401000008895,-80.785683,2025,4,44.0,42.0
2025-04-29,Hattie Avenue,Forsyth,36.11094,-80.224501,2025,4,49.0,47.0
2025-04-29,Leggett,Edgecombe,35.988278,-77.5843,2025,4,51.0,31.0
2025-04-29,Linville Falls,Avery,35.972347,-81.933072,2025,4,46.0,
2025-04-29,Mendenhall School,Guilford,36.1090060008986,-79.802314,2025,4,51.0,41.0
2025-04-29,Millbrook School,Wake,35.856111,-78.574167,2025,4,49.0,43.0
2025-04-29,Old High School,Swain,35.498711,-83.310242,2025,4,44.0,47.0
2025-04-29,Pitt Agri. Center,Pitt,35.6412760008938,-77.360126,2025,4,48.0,32.0
2025-04-29,Rockwell,Rowan,35.551868,-80.395039,2025,4,45.0,
2025-04-29,West Johnston Co.,Johnston,35.59095,-78.4622,2025,4,51.0,36.0
2025-04-30,Bryson City,Swain,35.434767,-83.442133,2025,4,37.0,51.0
2025-04-30,Castle Hayne,New Hanover,34.364167,-77.838611,2025,4,42.0,39.0
2025-04-30,Clemmons Middle,Forsyth,36.026612,-80.341962,2025,4,44.0,52.0
2025-04-30,Durham Armory,Durham,36.0329550008979,-78.904037,2025,4,43.0,55.5
2025-04-30,Frying Pan Mountain,Haywood,35.379167,-82.7925,2025,4,44.0,
2025-04-30,Garinger High School,Mecklenburg,35.2401000008895,-80.785683,2025,4,44.0,52.0
2025-04-30,Hattie Avenue,Forsyth,36.11094,-80.224501,2025,4,44.0,53.0
2025-04-30,Leggett,Edgecombe,35.988278,-77.5843,2025,4,46.0,53.0
2025-04-30,Linville Falls,Avery,35.972347,-81.933072,2025,4,37.0,
2025-04-30,Mendenhall School,Guilford,36.1090060008986,-79.802314,2025,4,43.0,52.0
2025-04-30,Millbrook School,Wake,35.856111,-78.574167,2025,4,42.0,54.0
2025-04-30,Old High School,Swain,35.498711,-83.310242,2025,4,38.0,53.0
2025-04-30,Pitt Agri. Center,Pitt,35.6412760008938,-77.360126,2025,4,44.0,44.0
2025-04-30,Rockwell,Rowan,35.551868,-80.395039,2025,4,45.0,
2025-04-30,West Johnston Co.,Johnston,35.59095,-78.4622,2025,4,,54.0
2025-05-01,Bryson City,Swain,35.434767,-83.442133,2025,5,37.0,46.0
2025-05-01,Castle Hayne,New Hanover,34.364167,-77.838611,2025,5,43.0,28.0
2025-05-01,Clemmons Middle,Forsyth,36.026612,-80.341962,2025,5,45.0,52.5
2025-05-01,Durham Armory,Durham,36.0329550008979,-78.904037,2025,5,42.0,56.5
2025-05-01,Frying Pan Mountain,Haywood,35.379167,-82.7925,2025,5,46.0,34.0
2025-05-01,Garinger High School,Mecklenburg,35.2401000008895,-80.785683,2025,5,43.0,50.0
2025-05-01,Hattie Avenue,Forsyth,36.11094,-80.224501,2025,5,45.0,54.0
2025-05-01,Leggett,Edgecombe,35.988278,-77.5843,2025,5,47.0,53.0
2025-05-01,Linville Falls,Avery,35.972347,-81.933072,2025,5,42.0,41.0
2025-05-01,Mendenhall School,Guilford,36.1090060008986,-79.802314,2025,5,46.0,60.0
2025-05-01,Millbrook School,Wake,35.856111,-78.574167,2025,5,44.0,55.5
2025-05-01,Old High School,Swain,35.498711,-83.310242,2025,5,34.0,53.0
2025-05-01,Pitt Agri. Center,Pitt,35.6412760008938,-77.360126,2025,5,44.0,39.0
2025-05-01,Rockwell,Rowan,35.551868,-80.395039,2025,5,44.0,51.0
2025-05-01,West Johnston Co.,Johnston,35.59095,-78.4622,2025,5,47.0,52.0
2025-05-02,Bryson City,Swain,35.434767,-83.442133,2025,5,30.0,31.0
2025-05-02,Castle Hayne,New Hanover,34.364167,-77.838611,2025,5,41.0,35.0
2025-05-02,Clemmons Middle,Forsyth,36.026612,-80.341962,2025,5,47.0,48.0
2025-05-02,Durham Armory,Durham,36.0329550008979,-78.904037,2025,5,44.0,49.5
2025-05-02,Frying Pan Mountain,Haywood,35.379167,-82.7925,2025,5,44.0,
2025-05-02,Garinger High School,Mecklenburg,35.2401000008895,-80.785683,2025,5,43.0,44.0
2025-05-02,Hattie Avenue,Forsyth,36.11094,-80.224501,2025,5,48.0,51.0
2025-05-02,Leggett,Edgecombe,35.988278,-77.5843,2025,5,46.0,42.0
2025-05-02,Linville Falls,Avery,35.972347,-81.933072,2025,5,44.0,
2025-05-02,Mendenhall School,Guilford,36.1090060008986,-79.802314,2025,5,49.0,52.0
2025-05-02,Millbrook School,Wake,35.856111,-78.574167,2025,5,45.0,48.0
2025-05-02,Old High School,Swain,35.498711,-83.310242,2025,5,31.0,32.0
2025-05-02,Pitt Agri. Center,Pitt,35.6412760008938,-77.360126,2025,5,42.0,47.0
2025-05-02,Rockwell,Rowan,35.551868,-80.395039,2025,5,43.0,47.0
2025-05-02,West Johnston Co.,Johnston,35.59095,-78.4622,2025,5,44.0,42.0
2025-05-03,Bryson City,Swain,35.434767,-83.442133,2025,5,28.0,12.0
2025-05-03,Castle Hayne,New Hanover,34.364167,-77.838611,2025,5,42.0,34.5
2025-05-03,Clemmons Middle,Forsyth,36.026612,-80.341962,2025,5,34.0,43.0
2025-05-03,Durham Armory,Durham,36.0329550008979,-78.904037,2025,5,40.0,37.5
2025-05-03,Frying Pan Mountain,Haywood,35.379167,-82.7925,2025,5,46.0,
2025-05-03,Garinger High School,Mecklenburg,35.2401000008895,-80.785683,2025,5,31.0,42.0
2025-05-03,Hattie Avenue,Forsyth,36.11094,-80.224501,2025,5,35.0,46.0
2025-05-03,Leggett,Edgecombe,35.988278,-77.5843,2025,5,42.0,39.0
2025-05-03,Linville Falls,Avery,35.972347,-81.933072,2025,5,39.0,
2025-05-03,Mendenhall School,Guilford,36.1090060008986,-79.802314,2025,5,32.0,41.0
2025-05-03,Millbrook School,Wake,35.856111,-78.574167,2025,5,39.0,37.0
2025-05-03,Old High School,Swain,35.498711,-83.310242,2025,5,30.0,20.0
2025-05-03,Pitt Agri. Center,Pitt,35.6412760008938,-77.360126,2025,5,40.0,40.0
2025-05-03,Rockwell,Rowan,35.551868,-80.395039,2025,5,31.0,33.0
2025-05-03,West Johnston Co.,Johnston,35.59095,-78.4622,2025,5,39.0,31.0
2025-05-04,Bryson City,Swain,35.434767,-83.442133,2025,5,36.0,16.0
2025-05-04,Castle Hayne,New Hanover,34.364167,-77.838611,2025,5,40.0,28.0
2025-05-04,Clemmons Middle,Forsyth,36.026612,-80.341962,2025,5,43.0,21.0
2025-05-04,Durham Armory,Durham,36.0329550008979,-78.904037,2025,5,39.0,29.5
2025-05-04,Frying Pan Mountain,Haywood,35.379167,-82.7925,2025,5,42.0,11.0
2025-05-04,Garinger High School,Mecklenburg,35.2401000008895,-80.785683,2025,5,40.0,16.0
2025-05-04,Hattie Avenue,Forsyth,36.11094,-80.224501,2025,5,44.0,23.5
2025-05-04,Leggett,Edgecombe,35.988278,-77.5843,2025,5,33.0,26.0
2025-05-04,Linville Falls,Avery,35.972347,-81.933072,2025,5,41.0,11.0
2025-05-04,Mendenhall School,Guilford,36.1090060008986,-79.802314,2025,5,43.0,16.0
2025-05-04,Millbrook School,Wake,35.856111,-78.574167,2025,5,35.0,33.5
2025-05-04,Old High School,Swain,35.498711,-83.310242,2025,5,38.0,21.0
2025-05-04,Pitt Agri. Center,Pitt,35.6412760008938,-77.360126,2025,5,30.0,21.0
2025-05-04,Rockwell,Rowan,35.551868,-80.395039,2025,5,40.0,16.0
2025-05-04,West Johnston Co.,Johnston,35.59095,-78.4622,2025,5,35.0,22.0
2025-05-05,Bryson City,Swain,35.434767,-83.442133,2025,5,35.0,21.0
2025-05-05,Castle Hayne,New Hanover,34.364167,-77.838611,2025,5,41.0,25.0
2025-05-05,Clemmons Middle,Forsyth,36.026612,-80.341962,2025,5,47.0,33.0
2025-05-05,Durham Armory,Durham,36.0329550008979,-78.904037,2025,5,34.0,42.0
2025-05-05,Frying Pan Mountain,Haywood,35.379167,-82.7925,2025,5,43.0,
2025-05-05,Garinger High School,Mecklenburg,35.2401000008895,-80.785683,2025,5,44.0,24.0
2025-05-05,Hattie Avenue,Forsyth,36.11094,-80.224501,2025,5,47.0,33.0
2025-05-05,Leggett,Edgecombe,35.988278,-77.5843,2025,5,36.0,21.0
2025-05-05,Linville Falls,Avery,35.972347,-81.933072,2025,5,41.0,
2025-05-05,Mendenhall School,Guilford,36.1090060008986,-79.802314,2025,5,44.0,30.0
2025-05-05,Millbrook School,Wake,35.856111,-78.574167,2025,5,33.0,34.0
2025-05-05,Pitt Agri. Center,Pitt,35.6412760008938,-77.360126,2025,5,32.0,28.0
2025-05-05,Rockwell,Rowan,35.551868,-80.395039,2025,5,43.0,26.0
2025-05-05,West Johnston Co.,Johnston,35.59095,-78.4622,2025,5,36.0,32.0
2025-05-06,Bryson City,Swain,35.434767,-83.442133,2025,5,41.0,26.0
2025-05-06,Castle Hayne,New Hanover,34.364167,-77.838611,2025,5,48.0,31.5
2025-05-06,Clemmons Middle,Forsyth,36.026612,-80.341962,2025,5,47.0,26.0
2025-05-06,Durham Armory,Durham,36.0329550008979,-78.904037,2025,5,44.0,37.5
2025-05-06,Frying Pan Mountain,Haywood,35.379167,-82.7925,2025,5,46.0,
2025-05-06,Garinger High School,Mecklenburg,35.2401000008895,-80.785683,2025,5,47.0,31.0
2025-05-06,Hattie Avenue,Forsyth,36.11094,-80.224501,2025,5,47.0,29.0
2025-05-06,Leggett,Edgecombe,35.988278,-77.5843,2025,5,46.0,28.0
2025-05-06,Linville Falls,Avery,35.972347,-81.933072,2025,5,42.0,
2025-05-06,Mendenhall School,Guilford,36.1090060008986,-79.802314,2025,5,46.0,28.0
2025-05-06,Millbrook School,Wake,35.856111,-78.574167,2025,5,44.0,30.0
2025-05-06,Pitt Agri. Center,Pitt,35.6412760008938,-77.360126,2025,5,47.0,37.0
2025-05-06,Rockwell,Rowan,35.551868,-80.395039,2025,5,47.0,28.0
2025-05-06,West Johnston Co.,Johnston,35.59095,-78.4622,2025,5,45.0,33.0
2025-05-07,Bryson City,Swain,35.434767,-83.442133,2025,5,25.0,29.0
2025-05-07,Castle Hayne,New Hanover,34.364167,-77.838611,2025,5,48.0,43.0
2025-05-07,Clemmons Middle,Forsyth,36.026612,-80.341962,2025,5,44.0,34.5
2025-05-07,Durham Armory,Durham,36.0329550008979,-78.904037,2025,5,44.0,41.5
2025-05-07,Frying Pan Mountain,Haywood,35.379167,-82.7925,2025,5,39.0,11.0
2025-05-07,Garinger High School,Mecklenburg,35.2401000008895,-80.785683,2025,5,43.0,41.5
2025-05-07,Hattie Avenue,Forsyth,36.11094,-80.224501,2025,5,45.0,38.0
2025-05-07,Leggett,Edgecombe,35.988278,-77.5843,2025,5,45.0,37.0
2025-05-07,Linville Falls,Avery,35.972347,-81.933072,2025,5,44.0,20.0
2025-05-07,Mendenhall School,Guilford,36.1090060008986,-79.802314,2025,5,48.0,32.0
2025-05-07,Millbrook School,Wake,35.856111,-78.574167,2025,5,44.0,36.0
2025-05-07,Pitt Agri. Center,Pitt,35.6412760008938,-77.360126,2025,5,48.0,38.0
2025-05-07,Rockwell,Rowan,35.551868,-80.395039,2025,5,41.0,41.0
2025-05-07,West Johnston Co.,Johnston,35.59095,-78.4622,2025,5,45.0,39.0
2025-05-08,Bryson City,Swain,35.434767,-83.442133,2025,5,37.0,31.0
2025-05-08,Castle Hayne,New Hanover,34.364167,-77.838611,2025,5,50.0,52.0
2025-05-08,Clemmons Middle,Forsyth,36.026612,-80.341962,2025,5,44.0,36.0
2025-05-08,Durham Armory,Durham,36.0329550008979,-78.904037,2025,5,47.0,51.0
2025-05-08,Frying Pan Mountain,Haywood,35.379167,-82.7925,2025,5,51.0,
2025-05-08,Garinger High School,Mecklenburg,35.2401000008895,-80.785683,2025,5,47.0,43.0
2025-05-08,Hattie Avenue,Forsyth,36.11094,-80.224501,2025,5,49.0,41.0
2025-05-08,Leggett,Edgecombe,35.988278,-77.5843,2025,5,58.0,52.0
2025-05-08,Linville Falls,Avery,35.972347,-81.933072,2025,5,43.0,
2025-05-08,Mendenhall School,Guilford,36.1090060008986,-79.802314,2025,5,51.0,41.0
2025-05-08,Millbrook School,Wake,35.856111,-78.574167,2025,5,49.0,50.0
2025-05-08,Pitt Agri. Center,Pitt,35.6412760008938,-77.360126,2025,5,47.0,47.0
2025-05-08,Rockwell,Rowan,35.551868,-80.395039,2025,5,45.0,48.0
2025-05-08,West Johnston Co.,Johnston,35.59095,-78.4622,2025,5,43.0,52.0
2025-05-09,Bryson City,Swain,35.434767,-83.442133,2025,5,41.0,23.0
2025-05-09,Castle Hayne,New Hanover,34.364167,-77.838611,2025,5,44.0,30.0
2025-05-09,Clemmons Middle,Forsyth,36.026612,-80.341962,2025,5,45.0,30.0
2025-05-09,Durham Armory,Durham,36.0329550008979,-78.904037,2025,5,42.0,35.0
2025-05-09,Frying Pan Mountain,Haywood,35.379167,-82.7925,2025,5,48.0,
2025-05-09,Garinger High School,Mecklenburg,35.2401000008895,-80.785683,2025,5,47.0,22.0
2025-05-09,Hattie Avenue,Forsyth,36.11094,-80.224501,2025,5,46.0,30.0
2025-05-09,Leggett,Edgecombe,35.988278,-77.5843,2025,5,43.0,31.0
2025-05-09,Mendenhall School,Guilford,36.1090060008986,-79.802314,2025,5,44.0,26.0
2025-05-09,Millbrook School,Wake,35.856111,-78.574167,2025,5,44.0,30.0
2025-05-09,Pitt Agri. Center,Pitt,35.6412760008938,-77.360126,2025,5,48.0,23.0
2025-05-09,Rockwell,Rowan,35.551868,-80.395039,2025,5,43.0,30.0
2025-05-09,West Johnston Co.,Johnston,35.59095,-78.4622,2025,5,48.0,21.0
2025-05-10,Bryson City,Swain,35.434767,-83.442133,2025,5,26.0,33.0
2025-05-10,Castle Hayne,New Hanover,34.364167,-77.838611,2025,5,41.0,32.5
2025-05-10,Clemmons Middle,Forsyth,36.026612,-80.341962,2025,5,48.0,33.0
2025-05-10,Durham Armory,Durham,36.0329550008979,-78.904037,2025,5,43.0,33.0
2025-05-10,Frying Pan Mountain,Haywood,35.379167,-82.7925,2025,5,44.0,22.0
2025-05-10,Garinger High School,Mecklenburg,35.2401000008895,-80.785683,2025,5,37.0,30.5
2025-05-10,Hattie Avenue,Forsyth,36.11094,-80.224501,2025,5,49.0,28.0
2025-05-10,Leggett,Edgecombe,35.988278,-77.5843,2025,5,48.0,27.0
2025-05-10,Linville Falls,Avery,35.972347,-81.933072,2025,5,43.0,
2025-05-10,Mendenhall School,Guilford,36.1090060008986,-79.802314,2025,5,44.0,29.0
2025-05-10,Millbrook School,Wake,35.856111,-78.574167,2025,5,43.0,28.0
2025-05-10,Pitt Agri. Center,Pitt,35.6412760008938,-77.360126,2025,5,47.0,23.0
2025-05-10,Rockwell,Rowan,35.551868,-80.395039,2025,5,36.0,27.0
2025-05-10,West Johnston Co.,Johnston,35.59095,-78.4622,2025,5,42.0,31.0
2025-05-11,Bryson City,Swain,35.434767,-83.442133,2025,5,33.0,22.0
2025-05-11,Castle Hayne,New Hanover,34.364167,-77.838611,2025,5,36.0,21.5
2025-05-11,Clemmons Middle,Forsyth,36.026612,-80.341962,2025,5,37.0,41.0
2025-05-11,Durham Armory,Durham,36.0329550008979,-78.904037,2025,5,22.0,51.5
2025-05-11,Frying Pan Mountain,Haywood,35.379167,-82.7925,2025,5,36.0,
2025-05-11,Garinger High School,Mecklenburg,35.2401000008895,-80.785683,2025,5,30.0,47.0
2025-05-11,Hattie Avenue,Forsyth,36.11094,-80.224501,2025,5,36.0,42.0
2025-05-11,Leggett,Edgecombe,35.988278,-77.5843,2025,5,36.0,38.0
2025-05-11,Linville Falls,Avery,35.972347,-81.933072,2025,5,40.0,
2025-05-11,Mendenhall School,Guilford,36.1090060008986,-79.802314,2025,5,31.0,46.0
2025-05-11,Millbrook School,Wake,35.856111,-78.574167,2025,5,32.0,41.0
2025-05-11,Pitt Agri. Center,Pitt,35.6412760008938,-77.360126,2025,5,35.0,33.0
2025-05-11,Rockwell,Rowan,35.551868,-80.395039,2025,5,23.0,43.0
2025-05-11,West Johnston Co.,Johnston,35.59095,-78.4622,2025,5,27.0,48.0
2025-05-12,Bryson City,Swain,35.434767,-83.442133,2025,5,23.0,20.0
2025-05-12,Castle Hayne,New Hanover,34.364167,-77.838611,2025,5,23.0,24.0
2025-05-12,Clemmons Middle,Forsyth,36.026612,-80.341962,2025,5,24.0,24.0
2025-05-12,Durham Armory,Durham,36.0329550008979,-78.904037,2025,5,25.0,29.5
2025-05-12,Frying Pan Mountain,Haywood,35.379167,-82.7925,2025,5,39.0,
2025-05-12,Garinger High School,Mecklenburg,35.2401000008895,-80.785683,2025,5,22.0,18.0
2025-05-12,Hattie Avenue,Forsyth,36.11094,-80.224501,2025,5,25.0,25.0
2025-05-12,Leggett,Edgecombe,35.988278,-77.5843,2025,5,31.0,22.0
2025-05-12,Linville Falls,Avery,35.972347,-81.933072,2025,5,33.0,
2025-05-12,Mendenhall School,Guilford,36.1090060008986,-79.802314,2025,5,24.0,24.0
2025-05-12,Millbrook School,Wake,35.856111,-78.574167,2025,5,25.0,27.0
2025-05-12,Pitt Agri. Center,Pitt,35.6412760008938,-77.360126,2025,5,29.0,24.0
2025-05-12,Rockwell,Rowan,35.551868,-80.395039,2025,5,21.0,17.0
2025-05-12,West Johnston Co.,Johnston,35.59095,-78.4622,2025,5,28.0,23.0
2025-05-13,Bryson City,Swain,35.434767,-83.442133,2025,5,36.0,16.0
2025-05-13,Castle Hayne,New Hanover,34.364167,-77.838611,2025,5,32.0,23.5
2025-05-13,Clemmons Middle,Forsyth,36.026612,-80.341962,2025,5,39.0,30.0
2025-05-13,Durham Armory,Durham,36.0329550008979,-78.904037,2025,5,30.0,21.5
2025-05-13,Frying Pan Mountain,Haywood,35.379167,-82.7925,2025,5,41.0,9.0
2025-05-13,Garinger High School,Mecklenburg,35.2401000008895,-80.785683,2025,5,39.0,18.0
2025-05-13,Hattie Avenue,Forsyth,36.11094,-80.224501,2025,5,42.0,24.5
2025-05-13,Leggett,Edgecombe,35.988278,-77.5843,2025,5,30.0,18.0
2025-05-13,Linville Falls,Avery,35.972347,-81.933072,2025,5,43.0,11.0
2025-05-13,Mendenhall School,Guilford,36.1090060008986,-79.802314,2025,5,37.0,17.0
2025-05-13,Millbrook School,Wake,35.856111,-78.574167,2025,5,32.0,19.0
2025-05-13,Pitt Agri. Center,Pitt,35.6412760008938,-77.360126,2025,5,25.0,9.0
2025-05-13,Rockwell,Rowan,35.551868,-80.395039,2025,5,34.0,15.0
2025-05-13,West Johnston Co.,Johnston,35.59095,-78.4622,2025,5,29.0,19.0
2025-05-14,Bryson City,Swain,35.434767,-83.442133,2025,5,35.0,27.0
2025-05-14,Castle Hayne,New Hanover,34.364167,-77.838611,2025,5,38.0,40.0
2025-05-14,Clemmons Middle,Forsyth,36.026612,-80.341962,2025,5,39.0,29.0
2025-05-14,Durham Armory,Durham,36.0329550008979,-78.904037,2025,5,32.0,36.5
2025-05-14,Frying Pan Mountain,Haywood,35.379167,-82.7925,2025,5,46.0,
2025-05-14,Garinger High School,Mecklenburg,35.2401000008895,-80.785683,2025,5,42.0,23.0
2025-05-14,Hattie Avenue,Forsyth,36.11094,-80.224501,2025,5,41.0,24.0
2025-05-14,Leggett,Edgecombe,35.988278,-77.5843,2025,5,37.0,33.0
2025-05-14,Linville Falls,Avery,35.972347,-81.933072,2025,5,41.0,
2025-05-14,Mendenhall School,Guilford,36.1090060008986,-79.802314,2025,5,31.0,31.0
2025-05-14,Millbrook School,Wake,35.856111,-78.574167,2025,5,34.0,31.0
2025-05-14,Pitt Agri. Center,Pitt,35.6412760008938,-77.360126,2025,5,35.0,29.0
2025-05-14,Rockwell,Rowan,35.551868,-80.395039,2025,5,44.0,22.0
2025-05-14,West Johnston Co.,Johnston,35.59095,-78.4622,2025,5,36.0,26.0
2025-05-15,Bryson City,Swain,35.434767,-83.442133,2025,5,39.0,45.0
2025-05-15,Castle Hayne,New Hanover,34.364167,-77.838611,2025,5,45.0,42.0
2025-05-15,Clemmons Middle,Forsyth,36.026612,-80.341962,2025,5,48.0,52.0
2025-05-15,Durham Armory,Durham,36.0329550008979,-78.904037,2025,5,35.0,51.5
2025-05-15,Frying Pan Mountain,Haywood,35.379167,-82.7925,2025,5,46.0,
2025-05-15,Garinger High School,Mecklenburg,35.2401000008895,-80.785683,2025,5,44.0,47.0
2025-05-15,Hattie Avenue,Forsyth,36.11094,-80.224501,2025,5,51.0,51.0
2025-05-15,Leggett,Edgecombe,35.988278,-77.5843,2025,5,40.0,53.0
2025-05-15,Linville Falls,Avery,35.972347,-81.933072,2025,5,42.0,
2025-05-15,Mendenhall School,Guilford,36.1090060008986,-79.802314,2025,5,48.0,52.0
2025-05-15,Millbrook School,Wake,35.856111,-78.574167,2025,5,39.0,54.0
2025-05-15,Pitt Agri. Center,Pitt,35.6412760008938,-77.360126,2025,5,36.0,51.0
2025-05-15,Rockwell,Rowan,35.551868,-80.395039,2025,5,47.0,52.0
2025-05-15,West Johnston Co.,Johnston,35.59095,-78.4622,2025,5,42.0,50.0
2025-05-16,Bryson City,Swain,35.434767,-83.442133,2025,5,22.0,51.0
2025-05-16,Castle Hayne,New Hanover,34.364167,-77.838611,2025,5,38.0,56.0
2025-05-16,Clemmons Middle,Forsyth,36.026612,-80.341962,2025,5,32.0,59.0
2025-05-16,Durham Armory,Durham,36.0329550008979,-78.904037,2025,5,35.0,56.0
2025-05-16,Frying Pan Mountain,Haywood,35.379167,-82.7925,2025,5,42.0,40.0
2025-05-16,Garinger High School,Mecklenburg,35.2401000008895,-80.785683,2025,5,44.0,57.5
2025-05-16,Hattie Avenue,Forsyth,36.11094,-80.224501,2025,5,35.0,55.5
2025-05-16,Leggett,Edgecombe,35.988278,-77.5843,2025,5,38.0,59.0
2025-05-16,Linville Falls,Avery,35.972347,-81.933072,2025,5,34.0,51.0
2025-05-16,Mendenhall School,Guilford,36.1090060008986,-79.802314,2025,5,37.0,54.0
2025-05-16,Millbrook School,Wake,35.856111,-78.574167,2025,5,39.0,58.5
2025-05-16,Pitt Agri. Center,Pitt,35.6412760008938,-77.360126,2025,5,42.0,58.0
2025-05-16,Rockwell,Rowan,35.551868,-80.395039,2025,5,36.0,57.0
2025-05-16,West Johnston Co.,Johnston,35.59095,-78.4622,2025,5,39.0,58.0
2025-05-17,Bryson City,Swain,35.434767,-83.442133,2025,5,46.0,26.0
2025-05-17,Castle Hayne,New Hanover,34.364167,-77.838611,2025,5,34.0,54.5
2025-05-17,Clemmons Middle,Forsyth,36.026612,-80.341962,2025,5,44.0,31.0
2025-05-17,Durham Armory,Durham,36.0329550008979,-78.904037,2025,5,41.0,37.0
2025-05-17,Frying Pan Mountain,Haywood,35.379167,-82.7925,2025,5,48.0,
2025-05-17,Garinger High School,Mecklenburg,35.2401000008895,-80.785683,2025,5,41.0,33.0
2025-05-17,Hattie Avenue,Forsyth,36.11094,-80.224501,2025,5,44.0,27.0
2025-05-17,Leggett,Edgecombe,35.988278,-77.5843,2025,5,44.0,47.0
2025-05-17,Linville Falls,Avery,35.972347,-81.933072,2025,5,48.0,
2025-05-17,Mendenhall School,Guilford,36.1090060008986,-79.802314,2025,5,44.0,28.0
2025-05-17,Millbrook School,Wake,35.856111,-78.574167,2025,5,41.0,39.0
2025-05-17,Pitt Agri. Center,Pitt,35.6412760008938,-77.360126,2025,5,41.0,47.0
2025-05-17,Rockwell,Rowan,35.551868,-80.395039,2025,5,42.0,28.0
2025-05-17,West Johnston Co.,Johnston,35.59095,-78.4622,2025,5,43.0,48.0
2025-05-18,Bryson City,Swain,35.434767,-83.442133,2025,5,45.0,37.0
2025-05-18,Castle Hayne,New Hanover,34.364167,-77.838611,2025,5,44.0,43.5
2025-05-18,Clemmons Middle,Forsyth,36.026612,-80.341962,2025,5,44.0,22.0
2025-05-18,Durham Armory,Durham,36.0329550008979,-78.904037,2025,5,43.0,32.5
2025-05-18,Frying Pan Mountain,Haywood,35.379167,-82.7925,2025,5,48.0,
2025-05-18,Garinger High School,Mecklenburg,35.2401000008895,-80.785683,2025,5,44.0,29.0
2025-05-18,Hattie Avenue,Forsyth,36.11094,-80.224501,2025,5,44.0,23.0
2025-05-18,Leggett,Edgecombe,35.988278,-77.5843,2025,5,40.0,29.0
2025-05-18,Linville Falls,Avery,35.972347,-81.933072,2025,5,47.0,
2025-05-18,Mendenhall School,Guilford,36.1090060008986,-79.802314,2025,5,44.0,23.0
2025-05-18,Millbrook School,Wake,35.856111,-78.574167,2025,5,44.0,26.0
2025-05-18,Pitt Agri. Center,Pitt,35.6412760008938,-77.360126,2025,5,43.0,26.0
2025-05-18,Rockwell,Rowan,35.551868,-80.395039,2025,5,44.0,32.0
2025-05-18,West Johnston Co.,Johnston,35.59095,-78.4622,2025,5,45.0,36.0
2025-05-19,Bryson City,Swain,35.434767,-83.442133,2025,5,31.0,33.0
2025-05-19,Castle Hayne,New Hanover,34.364167,-77.838611,2025,5,42.0,46.0
2025-05-19,Clemmons Middle,Forsyth,36.026612,-80.341962,2025,5,46.0,39.5
2025-05-19,Durham Armory,Durham,36.0329550008979,-78.904037,2025,5,48.0,31.5
2025-05-19,Frying Pan Mountain,Haywood,35.379167,-82.7925,2025,5,39.0,24.0
2025-05-19,Garinger High School,Mecklenburg,35.2401000008895,-80.785683,2025,5,47.0,45.5
2025-05-19,Hattie Avenue,Forsyth,36.11094,-80.224501,2025,5,45.0,32.5
2025-05-19,Leggett,Edgecombe,35.988278,-77.5843,2025,5,44.0,32.0
2025-05-19,Linville Falls,Avery,35.972347,-81.933072,2025,5,40.0,26.0
2025-05-19,Mendenhall School,Guilford,36.1090060008986,-79.802314,2025,5,48.0,26.0
2025-05-19,Millbrook School,Wake,35.856111,-78.574167,2025,5,49.0,32.0
2025-05-19,Pitt Agri. Center,Pitt,35.6412760008938,-77.360126,2025,5,48.0,32.0
2025-05-19,Rockwell,Rowan,35.551868,-80.395039,2025,5,48.0,37.0
2025-05-19,West Johnston Co.,Johnston,35.59095,-78.4622,2025,5,50.0,39.0
2025-05-20,Bryson City,Swain,35.434767,-83.442133,2025,5,28.0,39.0
2025-05-20,Castle Hayne,New Hanover,34.364167,-77.838611,2025,5,45.0,40.5
2025-05-20,Clemmons Middle,Forsyth,36.026612,-80.341962,2025,5,49.0,37.0
2025-05-20,Durham Armory,Durham,36.0329550008979,-78.904037,2025,5,50.0,41.0
2025-05-20,Frying Pan Mountain,Haywood,35.379167,-82.7925,2025,5,34.0,
2025-05-20,Garinger High School,Mecklenburg,35.2401000008895,-80.785683,2025,5,44.0,53.0
2025-05-20,Hattie Avenue,Forsyth,36.11094,-80.224501,2025,5,58.0,34.0
2025-05-20,Leggett,Edgecombe,35.988278,-77.5843,2025,5,42.0,34.0
2025-05-20,Linville Falls,Avery,35.972347,-81.933072,2025,5,37.0,
2025-05-20,Mendenhall School,Guilford,36.1090060008986,-79.802314,2025,5,47.0,38.0
2025-05-20,Millbrook School,Wake,35.856111,-78.574167,2025,5,47.0,37.0
2025-05-20,Pitt Agri. Center,Pitt,35.6412760008938,-77.360126,2025,5,43.0,30.0
2025-05-20,Rockwell,Rowan,35.551868,-80.395039,2025,5,39.0,54.0
2025-05-20,West Johnston Co.,Johnston,35.59095,-78.4622,2025,5,,45.0
2025-05-21,Bryson City,Swain,35.434767,-83.442133,2025,5,43.0,18.0
2025-05-21,Castle Hayne,New Hanover,34.364167,-77.838611,2025,5,43.0,50.5
2025-05-21,Clemmons Middle,Forsyth,36.026612,-80.341962,2025,5,44.0,38.0
2025-05-21,Durham Armory,Durham,36.0329550008979,-78.904037,2025,5,34.0,38.0
2025-05-21,Frying Pan Mountain,Haywood,35.379167,-82.7925,2025,5,45.0,
2025-05-21,Garinger High School,Mecklenburg,35.2401000008895,-80.785683,2025,5,43.0,40.0
2025-05-21,Hattie Avenue,Forsyth,36.11094,-80.224501,2025,5,40.0,34.0
2025-05-21,Leggett,Edgecombe,35.988278,-77.5843,2025,5,30.0,31.0
2025-05-21,Linville Falls,Avery,35.972347,-81.933072,2025,5,44.0,
2025-05-21,Mendenhall School,Guilford,36.1090060008986,-79.802314,2025,5,40.0,44.0
2025-05-21,Millbrook School,Wake,35.856111,-78.574167,2025,5,32.0,39.0
2025-05-21,Pitt Agri. Center,Pitt,35.6412760008938,-77.360126,2025,5,36.0,30.0
2025-05-21,Rockwell,Rowan,35.551868,-80.395039,2025,5,42.0,46.0
2025-05-21,West Johnston Co.,Johnston,35.59095,-78.4622,2025,5,,37.0
2025-05-22,Bryson City,Swain,35.434767,-83.442133,2025,5,49.0,14.0
2025-05-22,Castle Hayne,New Hanover,34.364167,-77.838611,2025,5,50.0,33.0
2025-05-22,Clemmons Middle,Forsyth,36.026612,-80.341962,2025,5,48.0,14.0
2025-05-22,Durham Armory,Durham,36.0329550008979,-78.904037,2025,5,45.0,32.0
2025-05-22,Frying Pan Mountain,Haywood,35.379167,-82.7925,2025,5,50.0,12.0
2025-05-22,Garinger High School,Mecklenburg,35.2401000008895,-80.785683,2025,5,50.0,18.5
2025-05-22,Hattie Avenue,Forsyth,36.11094,-80.224501,2025,5,46.0,16.5
2025-05-22,Leggett,Edgecombe,35.988278,-77.5843,2025,5,44.0,21.0
2025-05-22,Linville Falls,Avery,35.972347,-81.933072,2025,5,49.0,12.0
2025-05-22,Mendenhall School,Guilford,36.1090060008986,-79.802314,2025,5,45.0,17.0
2025-05-22,Millbrook School,Wake,35.856111,-78.574167,2025,5,47.0,23.0
2025-05-22,Pitt Agri. Center,Pitt,35.6412760008938,-77.360126,2025,5,46.0,21.0
2025-05-22,Rockwell,Rowan,35.551868,-80.395039,2025,5,49.0,16.0
2025-05-22,West Johnston Co.,Johnston,35.59095,-78.4622,2025,5,46.0,18.0
2025-05-23,Bryson City,Swain,35.434767,-83.442133,2025,5,42.0,23.0
2025-05-23,Castle Hayne,New Hanover,34.364167,-77.838611,2025,5,47.0,33.0
2025-05-23,Clemmons Middle,Forsyth,36.026612,-80.341962,2025,5,40.0,14.0
2025-05-23,Durham Armory,Durham,36.0329550008979,-78.904037,2025,5,40.0,20.5
2025-05-23,Frying Pan Mountain,Haywood,35.379167,-82.7925,2025,5,42.0,
2025-05-23,Garinger High School,Mecklenburg,35.2401000008895,-80.785683,2025,5,44.0,14.0
2025-05-23,Hattie Avenue,Forsyth,36.11094,-80.224501,2025,5,37.0,13.0
2025-05-23,Leggett,Edgecombe,35.988278,-77.5843,2025,5,,23.0
2025-05-23,Linville Falls,Avery,35.972347,-81.933072,2025,5,41.0,
2025-05-23,Mendenhall School,Guilford,36.1090060008986,-79.802314,2025,5,37.0,16.0
2025-05-23,Millbrook School,Wake,35.856111,-78.574167,2025,5,42.0,14.0
2025-05-23,Pitt Agri. Center,Pitt,35.6412760008938,-77.360126,2025,5,44.0,10.0
2025-05-23,Rockwell,Rowan,35.551868,-80.395039,2025,5,42.0,8.0
2025-05-23,West Johnston Co.,Johnston,35.59095,-78.4622,2025,5,42.0,13.0
2025-05-24,Bryson City,Swain,35.434767,-83.442133,2025,5,31.0,31.0
2025-05-24,Castle Hayne,New Hanover,34.364167,-77.838611,2025,5,44.0,24.0
2025-05-24,Clemmons Middle,Forsyth,36.026612,-80.341962,2025,5,43.0,24.0
2025-05-24,Durham Armory,Durham,36.0329550008979,-78.904037,2025,5,45.0,30.0
2025-05-24,Frying Pan Mountain,Haywood,35.379167,-82.7925,2025,5,45.0,
2025-05-24,Garinger High School,Mecklenburg,35.2401000008895,-80.785683,2025,5,44.0,31.0
2025-05-24,Hattie Avenue,Forsyth,36.11094,-80.224501,2025,5,43.0,23.0
2025-05-24,Leggett,Edgecombe,35.988278,-77.5843,2025,5,44.0,28.0
2025-05-24,Linville Falls,Avery,35.972347,-81.933072,2025,5,43.0,
2025-05-24,Mendenhall School,Guilford,36.1090060008986,-79.802314,2025,5,44.0,24.0
2025-05-24,Millbrook School,Wake,35.856111,-78.574167,2025,5,45.0,22.0
2025-05-24,Pitt Agri. Center,Pitt,35.6412760008938,-77.360126,2025,5,46.0,22.0
2025-05-24,Rockwell,Rowan,35.551868,-80.395039,2025,5,44.0,29.0
2025-05-24,West Johnston Co.,Johnston,35.59095,-78.4622,2025,5,44.0,29.0
2025-05-25,Bryson City,Swain,35.434767,-83.442133,2025,5,29.0,36.0
2025-05-25,Castle Hayne,New Hanover,34.364167,-77.838611,2025,5,43.0,35.5
2025-05-25,Clemmons Middle,Forsyth,36.026612,-80.341962,2025,5,42.0,36.0
2025-05-25,Durham Armory,Durham,36.0329550008979,-78.904037,2025,5,41.0,33.5
2025-05-25,Frying Pan Mountain,Haywood,35.379167,-82.7925,2025,5,33.0,12.0
2025-05-25,Garinger High School,Mecklenburg,35.2401000008895,-80.785683,2025,5,39.0,53.5
2025-05-25,Hattie Avenue,Forsyth,36.11094,-80.224501,2025,5,45.0,33.5
2025-05-25,Leggett,Edgecombe,35.988278,-77.5843,2025,5,39.0,36.0
2025-05-25,Linville Falls,Avery,35.972347,-81.933072,2025,5,40.0,26.0
2025-05-25,Mendenhall School,Guilford,36.1090060008986,-79.802314,2025,5,40.0,37.0
2025-05-25,Millbrook School,Wake,35.856111,-78.574167,2025,5,41.0,32.5
2025-05-25,Pitt Agri. Center,Pitt,35.6412760008938,-77.360126,2025,5,41.0,34.0
2025-05-25,Rockwell,Rowan,35.551868,-80.395039,2025,5,35.0,46.0
2025-05-25,West Johnston Co.,Johnston,35.59095,-78.4622,2025,5,39.0,39.0
2025-05-26,Bryson City,Swain,35.434767,-83.442133,2025,5,31.0,23.0
2025-05-26,Castle Hayne,New Hanover,34.364167,-77.838611,2025,5,31.0,29.0
2025-05-26,Clemmons Middle,Forsyth,36.026612,-80.341962,2025,5,26.0,33.0
2025-05-26,Durham Armory,Durham,36.0329550008979,-78.904037,2025,5,28.0,44.5
2025-05-26,Frying Pan Mountain,Haywood,35.379167,-82.7925,2025,5,27.0,
2025-05-26,Garinger High School,Mecklenburg,35.2401000008895,-80.785683,2025,5,30.0,53.0
2025-05-26,Hattie Avenue,Forsyth,36.11094,-80.224501,2025,5,25.0,28.0
2025-05-26,Leggett,Edgecombe,35.988278,-77.5843,2025,5,31.0,30.0
2025-05-26,Linville Falls,Avery,35.972347,-81.933072,2025,5,29.0,
2025-05-26,Mendenhall School,Guilford,36.1090060008986,-79.802314,2025,5,21.0,33.0
2025-05-26,Millbrook School,Wake,35.856111,-78.574167,2025,5,31.0,31.0
2025-05-26,Pitt Agri. Center,Pitt,35.6412760008938,-77.360126,2025,5,32.0,17.0
2025-05-26,Rockwell,Rowan,35.551868,-80.395039,2025,5,26.0,49.0
2025-05-26,West Johnston Co.,Johnston,35.59095,-78.4622,2025,5,32.0,29.0
2025-05-27,Bryson City,Swain,35.434767,-83.442133,2025,5,18.0,18.0
2025-05-27,Castle Hayne,New Hanover,34.364167,-77.838611,2025,5,33.0,22.0
2025-05-27,Clemmons Middle,Forsyth,36.026612,-80.341962,2025,5,29.0,15.0
2025-05-27,Durham Armory,Durham,36.0329550008979,-78.904037,2025,5,,16.5
2025-05-27,Frying Pan Mountain,Haywood,35.379167,-82.7925,2025,5,31.0,
2025-05-27,Garinger High School,Mecklenburg,35.2401000008895,-80.785683,2025,5,25.0,5.0
2025-05-27,Hattie Avenue,Forsyth,36.11094,-80.224501,2025,5,31.0,12.0
2025-05-27,Leggett,Edgecombe,35.988278,-77.5843,2025,5,30.0,22.0
2025-05-27,Linville Falls,Avery,35.972347,-81.933072,2025,5,29.0,
2025-05-27,Mendenhall School,Guilford,36.1090060008986,-79.802314,2025,5,27.0,11.0
2025-05-27,Millbrook School,Wake,35.856111,-78.574167,2025,5,25.0,17.0
2025-05-27,Pitt Agri. Center,Pitt,35.6412760008938,-77.360126,2025,5,27.0,14.0
2025-05-27,Rockwell,Rowan,35.551868,-80.395039,2025,5,24.0,10.0
2025-05-27,West Johnston Co.,Johnston,35.59095,-78.4622,2025,5,29.0,16.0
2025-05-28,Bryson City,Swain,35.434767,-83.442133,2025,5,26.0,39.0
2025-05-28,Castle Hayne,New Hanover,34.364167,-77.838611,2025,5,26.0,28.5
2025-05-28,Clemmons Middle,Forsyth,36.026612,-80.341962,2025,5,24.0,14.0
2025-05-28,Durham Armory,Durham,36.0329550008979,-78.904037,2025,5,25.0,13.5
2025-05-28,Frying Pan Mountain,Haywood,35.379167,-82.7925,2025,5,36.0,14.0
2025-05-28,Garinger High School,Mecklenburg,35.2401000008895,-80.785683,2025,5,24.0,19.5
2025-05-28,Hattie Avenue,Forsyth,36.11094,-80.224501,2025,5,26.0,12.0
2025-05-28,Leggett,Edgecombe,35.988278,-77.5843,2025,5,26.0,19.0
2025-05-28,Linville Falls,Avery,35.972347,-81.933072,2025,5,27.0,12.0
2025-05-28,Mendenhall School,Guilford,36.1090060008986,-79.802314,2025,5,27.0,14.0
2025-05-28,Millbrook School,Wake,35.856111,-78.574167,2025,5,24.0,16.0
2025-05-28,Pitt Agri. Center,Pitt,35.6412760008938,-77.360126,2025,5,26.0,17.0
2025-05-28,Rockwell,Rowan,35.551868,-80.395039,2025,5,27.0,13.0
2025-05-28,West Johnston Co.,Johnston,35.59095,-78.4622,2025,5,24.0,18.0
2025-05-29,Bryson City,Swain,35.434767,-83.442133,2025,5,24.0,32.0
2025-05-29,Castle Hayne,New Hanover,34.364167,-77.838611,2025,5,26.0,40.0
2025-05-29,Clemmons Middle,Forsyth,36.026612,-80.341962,2025,5,31.0,38.0
2025-05-29,Durham Armory,Durham,36.0329550008979,-78.904037,2025,5,30.0,32.5
2025-05-29,Frying Pan Mountain,Haywood,35.379167,-82.7925,2025,5,41.0,
2025-05-29,Garinger High School,Mecklenburg,35.2401000008895,-80.785683,2025,5,31.0,34.0
2025-05-29,Hattie Avenue,Forsyth,36.11094,-80.224501,2025,5,31.0,33.0
2025-05-29,Leggett,Edgecombe,35.988278,-77.5843,2025,5,27.0,31.0
2025-05-29,Linville Falls,Avery,35.972347,-81.933072,2025,5,29.0,
2025-05-29,Mendenhall School,Guilford,36.1090060008986,-79.802314,2025,5,32.0,29.0
2025-05-29,Millbrook School,Wake,35.856111,-78.574167,2025,5,31.0,37.0
2025-05-29,Pitt Agri. Center,Pitt,35.6412760008938,-77.360126,2025,5,26.0,28.0
2025-05-29,Rockwell,Rowan,35.551868,-80.395039,2025,5,30.0,34.0
2025-05-29,West Johnston Co.,Johnston,35.59095,-78.4622,2025,5,25.0,37.0
2025-05-30,Bryson City,Swain,35.434767,-83.442133,2025,5,41.0,14.0
2025-05-30,Castle Hayne,New Hanover,34.364167,-77.838611,2025,5,32.0,23.5
2025-05-30,Clemmons Middle,Forsyth,36.026612,-80.341962,2025,5,44.0,22.0
2025-05-30,Durham Armory,Durham,36.0329550008979,-78.904037,2025,5,37.0,22.5
2025-05-30,Frying Pan Mountain,Haywood,35.379167,-82.7925,2025,5,44.0,
2025-05-30,Garinger High School,Mecklenburg,35.2401000008895,-80.785683,2025,5,35.0,24.0
2025-05-30,Hattie Avenue,Forsyth,36.11094,-80.224501,2025,5,41.0,19.0
2025-05-30,Leggett,Edgecombe,35.988278,-77.5843,2025,5,38.0,28.0
2025-05-30,Linville Falls,Avery,35.972347,-81.933072,2025,5,44.0,
2025-05-30,Mendenhall School,Guilford,36.1090060008986,-79.802314,2025,5,41.0,17.0
2025-05-30,Millbrook School,Wake,35.856111,-78.574167,2025,5,34.0,26.0
2025-05-30,Pitt Agri. Center,Pitt,35.6412760008938,-77.360126,2025,5,33.0,23.0
2025-05-30,Rockwell,Rowan,35.551868,-80.395039,2025,5,39.0,21.0
2025-05-30,West Johnston Co.,Johnston,35.59095,-78.4622,2025,5,35.0,21.0
2025-05-31,Bryson City,Swain,35.434767,-83.442133,2025,5,48.0,48.0
2025-05-31,Castle Hayne,New Hanover,34.364167,-77.838611,2025,5,44.0,43.5
2025-05-31,Clemmons Middle,Forsyth,36.026612,-80.341962,2025,5,44.0,52.5
2025-05-31,Durham Armory,Durham,36.0329550008979,-78.904037,2025,5,42.0,52.5
2025-05-31,Frying Pan Mountain,Haywood,35.379167,-82.7925,2025,5,51.0,53.0
2025-05-31,Garinger High School,Mecklenburg,35.2401000008895,-80.785683,2025,5,45.0,49.0
2025-05-31,Hattie Avenue,Forsyth,36.11094,-80.224501,2025,5,43.0,52.0
2025-05-31,Leggett,Edgecombe,35.988278,-77.5843,2025,5,44.0,46.0
2025-05-31,Linville Falls,Avery,35.972347,-81.933072,2025,5,48.0,48.0
2025-05-31,Mendenhall School,Guilford,36.1090060008986,-79.802314,2025,5,42.0,45.0
2025-05-31,Millbrook School,Wake,35.856111,-78.574167,2025,5,44.0,45.5
2025-05-31,Pitt Agri. Center,Pitt,35.6412760008938,-77.360126,2025,5,46.0,34.0
2025-05-31,Rockwell,Rowan,35.551868,-80.395039,2025,5,44.0,39.0
2025-05-31,West Johnston Co.,Johnston,35.59095,-78.4622,2025,5,45.0,43.0
2025-06-01,Bryson City,Swain,35.434767,-83.442133,2025,6,44.0,54.0
2025-06-01,Castle Hayne,New Hanover,34.364167,-77.838611,2025,6,51.0,52.0
2025-06-01,Clemmons Middle,Forsyth,36.026612,-80.341962,2025,6,44.0,62.0
2025-06-01,Durham Armory,Durham,36.0329550008979,-78.904037,2025,6,44.0,53.5
2025-06-01,Frying Pan Mountain,Haywood,35.379167,-82.7925,2025,6,47.0,
2025-06-01,Garinger High School,Mecklenburg,35.2401000008895,-80.785683,2025,6,50.0,58.0
2025-06-01,Hattie Avenue,Forsyth,36.11094,-80.224501,2025,6,45.0,58.0
2025-06-01,Leggett,Edgecombe,35.988278,-77.5843,2025,6,44.0,44.0
2025-06-01,Linville Falls,Avery,35.972347,-81.933072,2025,6,46.0,
2025-06-01,Mendenhall School,Guilford,36.1090060008986,-79.802314,2025,6,44.0,55.0
2025-06-01,Millbrook School,Wake,35.856111,-78.574167,2025,6,45.0,53.0
2025-06-01,Pitt Agri. Center,Pitt,35.6412760008938,-77.360126,2025,6,44.0,44.0
2025-06-01,Rockwell,Rowan,35.551868,-80.395039,2025,6,42.0,56.0
2025-06-01,West Johnston Co.,Johnston,35.59095,-78.4622,2025,6,45.0,49.0
2025-06-02,Bryson City,Swain,35.434767,-83.442133,2025,6,44.0,62.0
2025-06-02,Castle Hayne,New Hanover,34.364167,-77.838611,2025,6,40.0,53.5
2025-06-02,Clemmons Middle,Forsyth,36.026612,-80.341962,2025,6,67.0,43.0
2025-06-02,Durham Armory,Durham,36.0329550008979,-78.904037,2025,6,43.0,39.0
2025-06-02,Frying Pan Mountain,Haywood,35.379167,-82.7925,2025,6,44.0,
2025-06-02,Garinger High School,Mecklenburg,35.2401000008895,-80.785683,2025,6,50.0,50.0
2025-06-02,Hattie Avenue,Forsyth,36.11094,-80.224501,2025,6,67.0,29.0
2025-06-02,Leggett,Edgecombe,35.988278,-77.5843,2025,6,44.0,33.0
2025-06-02,Linville Falls,Avery,35.972347,-81.933072,2025,6,46.0,
2025-06-02,Mendenhall School,Guilford,36.1090060008986,-79.802314,2025,6,46.0,23.0
2025-06-02,Millbrook School,Wake,35.856111,-78.574167,2025,6,44.0,41.0
2025-06-02,Pitt Agri. Center,Pitt,35.6412760008938,-77.360126,2025,6,44.0,36.0
2025-06-02,Rockwell,Rowan,35.551868,-80.395039,2025,6,49.0,39.0
2025-06-02,West Johnston Co.,Johnston,35.59095,-78.4622,2025,6,45.0,35.0
2025-06-03,Bryson City,Swain,35.434767,-83.442133,2025,6,48.0,68.0
2025-06-03,Castle Hayne,New Hanover,34.364167,-77.838611,2025,6,49.0,48.5
2025-06-03,Clemmons Middle,Forsyth,36.026612,-80.341962,2025,6,51.0,54.0
2025-06-03,Durham Armory,Durham,36.0329550008979,-78.904037,2025,6,77.0,43.0
2025-06-03,Frying Pan Mountain,Haywood,35.379167,-82.7925,2025,6,49.0,57.0
2025-06-03,Garinger High School,Mecklenburg,35.2401000008895,-80.785683,2025,6,61.0,53.5
2025-06-03,Hattie Avenue,Forsyth,36.11094,-80.224501,2025,6,64.0,53.0
2025-06-03,Leggett,Edgecombe,35.988278,-77.5843,2025,6,49.0,37.0
2025-06-03,Linville Falls,Avery,35.972347,-81.933072,2025,6,50.0,55.0
2025-06-03,Mendenhall School,Guilford,36.1090060008986,-79.802314,2025,6,58.0,51.0
2025-06-03,Millbrook School,Wake,35.856111,-78.574167,2025,6,58.0,46.5
2025-06-03,Pitt Agri. Center,Pitt,35.6412760008938,-77.360126,2025,6,44.0,34.0
2025-06-03,Rockwell,Rowan,35.551868,-80.395039,2025,6,46.0,59.0
2025-06-03,West Johnston Co.,Johnston,35.59095,-78.4622,2025,6,50.0,46.0
2025-06-04,Bryson City,Swain,35.434767,-83.442133,2025,6,44.0,68.0
2025-06-04,Castle Hayne,New Hanover,34.364167,-77.838611,2025,6,47.0,30.0
2025-06-04,Clemmons Middle,Forsyth,36.026612,-80.341962,2025,6,51.0,67.0
2025-06-04,Durham Armory,Durham,36.0329550008979,-78.904037,2025,6,71.0,56.5
2025-06-04,Frying Pan Mountain,Haywood,35.379167,-82.7925,2025,6,44.0,
2025-06-04,Garinger High School,Mecklenburg,35.2401000008895,-80.785683,2025,6,49.0,61.0
2025-06-04,Hattie Avenue,Forsyth,36.11094,-80.224501,2025,6,64.0,61.0
2025-06-04,Leggett,Edgecombe,35.988278,-77.5843,2025,6,49.0,44.0
2025-06-04,Linville Falls,Avery,35.972347,-81.933072,2025,6,49.0,
2025-06-04,Mendenhall School,Guilford,36.1090060008986,-79.802314,2025,6,49.0,59.0
2025-06-04,Millbrook School,Wake,35.856111,-78.574167,2025,6,54.0,51.0
2025-06-04,Pitt Agri. Center,Pitt,35.6412760008938,-77.360126,2025,6,44.0,40.0
2025-06-04,Rockwell,Rowan,35.551868,-80.395039,2025,6,43.0,62.0
2025-06-04,West Johnston Co.,Johnston,35.59095,-78.4622,2025,6,50.0,51.0
2025-06-05,Bryson City,Swain,35.434767,-83.442133,2025,6,36.0,60.0
2025-06-05,Castle Hayne,New Hanover,34.364167,-77.838611,2025,6,23.0,30.0
2025-06-05,Clemmons Middle,Forsyth,36.026612,-80.341962,2025,6,30.0,52.0
2025-06-05,Durham Armory,Durham,36.0329550008979,-78.904037,2025,6,24.0,36.5
2025-06-05,Frying Pan Mountain,Haywood,35.379167,-82.7925,2025,6,40.0,
2025-06-05,Garinger High School,Mecklenburg,35.2401000008895,-80.785683,2025,6,25.0,19.0
2025-06-05,Hattie Avenue,Forsyth,36.11094,-80.224501,2025,6,30.0,43.0
2025-06-05,Leggett,Edgecombe,35.988278,-77.5843,2025,6,25.0,39.0
2025-06-05,Linville Falls,Avery,35.972347,-81.933072,2025,6,31.0,
2025-06-05,Mendenhall School,Guilford,36.1090060008986,-79.802314,2025,6,17.0,50.0
2025-06-05,Millbrook School,Wake,35.856111,-78.574167,2025,6,20.0,39.0
2025-06-05,Pitt Agri. Center,Pitt,35.6412760008938,-77.360126,2025,6,21.0,31.0
2025-06-05,Rockwell,Rowan,35.551868,-80.395039,2025,6,24.0,32.0
2025-06-05,West Johnston Co.,Johnston,35.59095,-78.4622,2025,6,21.0,40.0
2025-06-06,Bryson City,Swain,35.434767,-83.442133,2025,6,32.0,54.0
2025-06-06,Castle Hayne,New Hanover,34.364167,-77.838611,2025,6,27.0,38.0
2025-06-06,Clemmons Middle,Forsyth,36.026612,-80.341962,2025,6,40.0,52.0
2025-06-06,Durham Armory,Durham,36.0329550008979,-78.904037,2025,6,42.0,52.0
2025-06-06,Frying Pan Mountain,Haywood,35.379167,-82.7925,2025,6,36.0,43.0
2025-06-06,Garinger High School,Mecklenburg,35.2401000008895,-80.785683,2025,6,48.0,52.0
2025-06-06,Hattie Avenue,Forsyth,36.11094,-80.224501,2025,6,41.0,46.0
2025-06-06,Leggett,Edgecombe,35.988278,-77.5843,2025,6,35.0,43.0
2025-06-06,Linville Falls,Avery,35.972347,-81.933072,2025,6,37.0,51.0
2025-06-06,Mendenhall School,Guilford,36.1090060008986,-79.802314,2025,6,45.0,51.0
2025-06-06,Millbrook School,Wake,35.856111,-78.574167,2025,6,41.0,50.5
2025-06-06,Pitt Agri. Center,Pitt,35.6412760008938,-77.360126,2025,6,33.0,42.0
2025-06-06,Rockwell,Rowan,35.551868,-80.395039,2025,6,43.0,51.0
2025-06-06,West Johnston Co.,Johnston,35.59095,-78.4622,2025,6,40.0,63.0
2025-06-07,Bryson City,Swain,35.434767,-83.442133,2025,6,38.0,12.0
2025-06-07,Castle Hayne,New Hanover,34.364167,-77.838611,2025,6,31.0,53.5
2025-06-07,Clemmons Middle,Forsyth,36.026612,-80.341962,2025,6,37.0,31.0
2025-06-07,Durham Armory,Durham,36.0329550008979,-78.904037,2025,6,36.0,33.5
2025-06-07,Frying Pan Mountain,Haywood,35.379167,-82.7925,2025,6,43.0,
2025-06-07,Garinger High School,Mecklenburg,35.2401000008895,-80.785683,2025,6,40.0,34.0
2025-06-07,Hattie Avenue,Forsyth,36.11094,-80.224501,2025,6,35.0,25.0
2025-06-07,Leggett,Edgecombe,35.988278,-77.5843,2025,6,41.0,48.0
2025-06-07,Linville Falls,Avery,35.972347,-81.933072,2025,6,35.0,
2025-06-07,Mendenhall School,Guilford,36.1090060008986,-79.802314,2025,6,37.0,32.0
2025-06-07,Millbrook School,Wake,35.856111,-78.574167,2025,6,35.0,38.0
2025-06-07,Pitt Agri. Center,Pitt,35.6412760008938,-77.360126,2025,6,38.0,54.0
2025-06-07,Rockwell,Rowan,35.551868,-80.395039,2025,6,36.0,32.0
2025-06-07,West Johnston Co.,Johnston,35.59095,-78.4622,2025,6,35.0,43.0
2025-06-08,Bryson City,Swain,35.434767,-83.442133,2025,6,41.0,26.0
2025-06-08,Castle Hayne,New Hanover,34.364167,-77.838611,2025,6,30.0,37.0
2025-06-08,Clemmons Middle,Forsyth,36.026612,-80.341962,2025,6,34.0,29.0
2025-06-08,Durham Armory,Durham,36.0329550008979,-78.904037,2025,6,31.0,35.0
2025-06-08,Frying Pan Mountain,Haywood,35.379167,-82.7925,2025,6,42.0,
2025-06-08,Garinger High School,Mecklenburg,35.2401000008895,-80.785683,2025,6,36.0,41.0
2025-06-08,Hattie Avenue,Forsyth,36.11094,-80.224501,2025,6,36.0,23.0
2025-06-08,Leggett,Edgecombe,35.988278,-77.5843,2025,6,35.0,49.0
2025-06-08,Linville Falls,Avery,35.972347,-81.933072,2025,6,42.0,
2025-06-08,Mendenhall School,Guilford,36.1090060008986,-79.802314,2025,6,35.0,34.0
2025-06-08,Millbrook School,Wake,35.856111,-78.574167,2025,6,32.0,39.0
2025-06-08,Pitt Agri. Center,Pitt,35.6412760008938,-77.360126,2025,6,31.0,31.0
2025-06-08,Rockwell,Rowan,35.551868,-80.395039,2025,6,32.0,31.0
2025-06-08,West Johnston Co.,Johnston,35.59095,-78.4622,2025,6,31.0,50.0
2025-06-09,Bryson City,Swain,35.434767,-83.442133,2025,6,34.0,24.0
2025-06-09,Castle Hayne,New Hanover,34.364167,-77.838611,2025,6,36.0,40.5
2025-06-09,Clemmons Middle,Forsyth,36.026612,-80.341962,2025,6,46.0,31.0
2025-06-09,Durham Armory,Durham,36.0329550008979,-78.904037,2025,6,44.0,34.0
2025-06-09,Frying Pan Mountain,Haywood,35.379167,-82.7925,2025,6,42.0,19.0
2025-06-09,Garinger High School,Mecklenburg,35.2401000008895,-80.785683,2025,6,46.0,34.0
2025-06-09,Hattie Avenue,Forsyth,36.11094,-80.224501,2025,6,49.0,23.0
2025-06-09,Leggett,Edgecombe,35.988278,-77.5843,2025,6,44.0,46.0
2025-06-09,Linville Falls,Avery,35.972347,-81.933072,2025,6,42.0,26.0
2025-06-09,Mendenhall School,Guilford,36.1090060008986,-79.802314,2025,6,51.0,27.0
2025-06-09,Millbrook School,Wake,35.856111,-78.574167,2025,6,44.0,36.0
2025-06-09,Pitt Agri. Center,Pitt,35.6412760008938,-77.360126,2025,6,43.0,48.0
2025-06-09,Rockwell,Rowan,35.551868,-80.395039,2025,6,47.0,26.0
2025-06-09,West Johnston Co.,Johnston,35.59095,-78.4622,2025,6,43.0,43.0
2025-06-10,Bryson City,Swain,35.434767,-83.442133,2025,6,35.0,23.0
2025-06-10,Castle Hayne,New Hanover,34.364167,-77.838611,2025,6,28.0,28.0
2025-06-10,Clemmons Middle,Forsyth,36.026612,-80.341962,2025,6,37.0,32.0
2025-06-10,Durham Armory,Durham,36.0329550008979,-78.904037,2025,6,33.0,33.5
2025-06-10,Frying Pan Mountain,Haywood,35.379167,-82.7925,2025,6,49.0,
2025-06-10,Garinger High School,Mecklenburg,35.2401000008895,-80.785683,2025,6,33.0,28.0
2025-06-10,Hattie Avenue,Forsyth,36.11094,-80.224501,2025,6,42.0,24.0
2025-06-10,Leggett,Edgecombe,35.988278,-77.5843,2025,6,36.0,30.0
2025-06-10,Linville Falls,Avery,35.972347,-81.933072,2025,6,40.0,
2025-06-10,Mendenhall School,Guilford,36.1090060008986,-79.802314,2025,6,41.0,33.0
2025-06-10,Millbrook School,Wake,35.856111,-78.574167,2025,6,33.0,34.0
2025-06-10,Pitt Agri. Center,Pitt,35.6412760008938,-77.360126,2025,6,26.0,25.0
2025-06-10,Rockwell,Rowan,35.551868,-80.395039,2025,6,38.0,29.0
2025-06-10,West Johnston Co.,Johnston,35.59095,-78.4622,2025,6,31.0,30.0
2025-06-11,Bryson City,Swain,35.434767,-83.442133,2025,6,44.0,57.0
2025-06-11,Castle Hayne,New Hanover,34.364167,-77.838611,2025,6,29.0,27.0
2025-06-11,Clemmons Middle,Forsyth,36.026612,-80.341962,2025,6,61.0,56.0
2025-06-11,Durham Armory,Durham,36.0329550008979,-78.904037,2025,6,41.0,51.0
2025-06-11,Frying Pan Mountain,Haywood,35.379167,-82.7925,2025,6,42.0,
2025-06-11,Garinger High School,Mecklenburg,35.2401000008895,-80.785683,2025,6,77.0,52.0
2025-06-11,Hattie Avenue,Forsyth,36.11094,-80.224501,2025,6,67.0,52.0
2025-06-11,Leggett,Edgecombe,35.988278,-77.5843,2025,6,42.0,42.0
2025-06-11,Linville Falls,Avery,35.972347,-81.933072,2025,6,44.0,
2025-06-11,Mendenhall School,Guilford,36.1090060008986,-79.802314,2025,6,43.0,54.0
2025-06-11,Millbrook School,Wake,35.856111,-78.574167,2025,6,43.0,48.0
2025-06-11,Old High School,Swain,35.498711,-83.310242,2025,6,39.0,62.0
2025-06-11,Pitt Agri. Center,Pitt,35.6412760008938,-77.360126,2025,6,32.0,39.0
2025-06-11,Rockwell,Rowan,35.551868,-80.395039,2025,6,44.0,42.0
2025-06-11,West Johnston Co.,Johnston,35.59095,-78.4622,2025,6,,46.0
2025-06-12,Bryson City,Swain,35.434767,-83.442133,2025,6,32.0,53.0
2025-06-12,Castle Hayne,New Hanover,34.364167,-77.838611,2025,6,24.0,23.5
2025-06-12,Clemmons Middle,Forsyth,36.026612,-80.341962,2025,6,51.0,62.0
2025-06-12,Durham Armory,Durham,36.0329550008979,-78.904037,2025,6,44.0,46.0
2025-06-12,Frying Pan Mountain,Haywood,35.379167,-82.7925,2025,6,31.0,31.0
2025-06-12,Garinger High School,Mecklenburg,35.2401000008895,-80.785683,2025,6,44.0,51.0
2025-06-12,Hattie Avenue,Forsyth,36.11094,-80.224501,2025,6,80.0,59.5
2025-06-12,Leggett,Edgecombe,35.988278,-77.5843,2025,6,46.0,51.0
2025-06-12,Linville Falls,Avery,35.972347,-81.933072,2025,6,39.0,41.0
2025-06-12,Mendenhall School,Guilford,36.1090060008986,-79.802314,2025,6,77.0,59.0
2025-06-12,Millbrook School,Wake,35.856111,-78.574167,2025,6,40.0,46.0
2025-06-12,Old High School,Swain,35.498711,-83.310242,2025,6,31.0,54.0
2025-06-12,Pitt Agri. Center,Pitt,35.6412760008938,-77.360126,2025,6,36.0,37.0
2025-06-12,Rockwell,Rowan,35.551868,-80.395039,2025,6,37.0,52.0
2025-06-12,West Johnston Co.,Johnston,35.59095,-78.4622,2025,6,40.0,44.0
2025-06-13,Bryson City,Swain,35.434767,-83.442133,2025,6,23.0,23.0
2025-06-13,Castle Hayne,New Hanover,34.364167,-77.838611,2025,6,16.0,39.0
2025-06-13,Clemmons Middle,Forsyth,36.026612,-80.341962,2025,6,34.0,25.0
2025-06-13,Durham Armory,Durham,36.0329550008979,-78.904037,2025,6,26.0,29.5
2025-06-13,Frying Pan Mountain,Haywood,35.379167,-82.7925,2025,6,23.0,
2025-06-13,Garinger High School,Mecklenburg,35.2401000008895,-80.785683,2025,6,29.0,18.0
2025-06-13,Hattie Avenue,Forsyth,36.11094,-80.224501,2025,6,35.0,19.0
2025-06-13,Leggett,Edgecombe,35.988278,-77.5843,2025,6,25.0,35.0
2025-06-13,Linville Falls,Avery,35.972347,-81.933072,2025,6,26.0,
2025-06-13,Mendenhall School,Guilford,36.1090060008986,-79.802314,2025,6,32.0,27.0
2025-06-13,Millbrook School,Wake,35.856111,-78.574167,2025,6,21.0,36.0
2025-06-13,Old High School,Swain,35.498711,-83.310242,2025,6,24.0,34.0
2025-06-13,Pitt Agri. Center,Pitt,35.6412760008938,-77.360126,2025,6,20.0,29.0
2025-06-13,Rockwell,Rowan,35.551868,-80.395039,2025,6,31.0,25.0
2025-06-13,West Johnston Co.,Johnston,35.59095,-78.4622,2025,6,24.0,36.0
2025-06-14,Bryson City,Swain,35.434767,-83.442133,2025,6,25.0,26.0
2025-06-14,Castle Hayne,New Hanover,34.364167,-77.838611,2025,6,18.0,30.5
2025-06-14,Clemmons Middle,Forsyth,36.026612,-80.341962,2025,6,31.0,22.0
2025-06-14,Durham Armory,Durham,36.0329550008979,-78.904037,2025,6,27.0,24.5
2025-06-14,Frying Pan Mountain,Haywood,35.379167,-82.7925,2025,6,31.0,
2025-06-14,Garinger High School,Mecklenburg,35.2401000008895,-80.785683,2025,6,28.0,23.0
2025-06-14,Hattie Avenue,Forsyth,36.11094,-80.224501,2025,6,33.0,17.0
2025-06-14,Leggett,Edgecombe,35.988278,-77.5843,2025,6,29.0,38.0
2025-06-14,Linville Falls,Avery,35.972347,-81.933072,2025,6,27.0,
2025-06-14,Mendenhall School,Guilford,36.1090060008986,-79.802314,2025,6,32.0,18.0
2025-06-14,Millbrook School,Wake,35.856111,-78.574167,2025,6,28.0,34.0
2025-06-14,Old High School,Swain,35.498711,-83.310242,2025,6,26.0,33.0
2025-06-14,Pitt Agri. Center,Pitt,35.6412760008938,-77.360126,2025,6,24.0,43.0
2025-06-14,Rockwell,Rowan,35.551868,-80.395039,2025,6,31.0,22.0
2025-06-14,West Johnston Co.,Johnston,35.59095,-78.4622,2025,6,29.0,34.0
2025-06-15,Bryson City,Swain,35.434767,-83.442133,2025,6,28.0,28.0
2025-06-15,Castle Hayne,New Hanover,34.364167,-77.838611,2025,6,24.0,27.5
2025-06-15,Clemmons Middle,Forsyth,36.026612,-80.341962,2025,6,31.0,28.0
2025-06-15,Durham Armory,Durham,36.0329550008979,-78.904037,2025,6,23.0,34.5
2025-06-15,Frying Pan Mountain,Haywood,35.379167,-82.7925,2025,6,31.0,18.0
2025-06-15,Garinger High School,Mecklenburg,35.2401000008895,-80.785683,2025,6,28.0,27.0
2025-06-15,Hattie Avenue,Forsyth,36.11094,-80.224501,2025,6,32.0,23.5
2025-06-15,Leggett,Edgecombe,35.988278,-77.5843,2025,6,28.0,39.0
2025-06-15,Linville Falls,Avery,35.972347,-81.933072,2025,6,26.0,18.0
2025-06-15,Mendenhall School,Guilford,36.1090060008986,-79.802314,2025,6,31.0,29.0
2025-06-15,Millbrook School,Wake,35.856111,-78.574167,2025,6,25.0,39.5
2025-06-15,Old High School,Swain,35.498711,-83.310242,2025,6,26.0,34.0
2025-06-15,Pitt Agri. Center,Pitt,35.6412760008938,-77.360126,2025,6,29.0,35.0
2025-06-15,Rockwell,Rowan,35.551868,-80.395039,2025,6,30.0,28.0
2025-06-15,West Johnston Co.,Johnston,35.59095,-78.4622,2025,6,28.0,35.0
2025-06-16,Bryson City,Swain,35.434767,-83.442133,2025,6,25.0,29.0
2025-06-16,Castle Hayne,New Hanover,34.364167,-77.838611,2025,6,26.0,32.0
2025-06-16,Clemmons Middle,Forsyth,36.026612,-80.341962,2025,6,32.0,31.0
2025-06-16,Durham Armory,Durham,36.0329550008979,-78.904037,2025,6,,23.5
2025-06-16,Frying Pan Mountain,Haywood,35.379167,-82.7925,2025,6,29.0,
2025-06-16,Garinger High School,Mecklenburg,35.2401000008895,-80.785683,2025,6,31.0,37.0
2025-06-16,Hattie Avenue,Forsyth,36.11094,-80.224501,2025,6,33.0,21.0
2025-06-16,Leggett,Edgecombe,35.988278,-77.5843,2025,6,27.0,33.0
2025-06-16,Linville Falls,Avery,35.972347,-81.933072,2025,6,27.0,
2025-06-16,Mendenhall School,Guilford,36.1090060008986,-79.802314,2025,6,34.0,28.0
2025-06-16,Millbrook School,Wake,35.856111,-78.574167,2025,6,31.0,39.0
2025-06-16,Old High School,Swain,35.498711,-83.310242,2025,6,27.0,41.0
2025-06-16,Pitt Agri. Center,Pitt,35.6412760008938,-77.360126,2025,6,24.0,32.0
2025-06-16,Rockwell,Rowan,35.551868,-80.395039,2025,6,39.0,41.0
2025-06-16,West Johnston Co.,Johnston,35.59095,-78.4622,2025,6,32.0,37.0
2025-06-17,Bryson City,Swain,35.434767,-83.442133,2025,6,25.0,21.0
2025-06-17,Castle Hayne,New Hanover,34.364167,-77.838611,2025,6,25.0,32.0
2025-06-17,Clemmons Middle,Forsyth,36.026612,-80.341962,2025,6,37.0,29.0
2025-06-17,Durham Armory,Durham,36.0329550008979,-78.904037,2025,6,32.0,32.0
2025-06-17,Frying Pan Mountain,Haywood,35.379167,-82.7925,2025,6,39.0,
2025-06-17,Garinger High School,Mecklenburg,35.2401000008895,-80.785683,2025,6,29.0,34.0
2025-06-17,Hattie Avenue,Forsyth,36.11094,-80.224501,2025,6,39.0,21.0
2025-06-17,Leggett,Edgecombe,35.988278,-77.5843,2025,6,34.0,47.0
2025-06-17,Linville Falls,Avery,35.972347,-81.933072,2025,6,28.0,
2025-06-17,Mendenhall School,Guilford,36.1090060008986,-79.802314,2025,6,40.0,35.0
2025-06-17,Millbrook School,Wake,35.856111,-78.574167,2025,6,32.0,39.0
2025-06-17,Old High School,Swain,35.498711,-83.310242,2025,6,24.0,29.0
2025-06-17,Pitt Agri. Center,Pitt,35.6412760008938,-77.360126,2025,6,31.0,39.0
2025-06-17,Rockwell,Rowan,35.551868,-80.395039,2025,6,33.0,34.0
2025-06-17,West Johnston Co.,Johnston,35.59095,-78.4622,2025,6,28.0,36.0
2025-06-18,Bryson City,Swain,35.434767,-83.442133,2025,6,23.0,26.0
2025-06-18,Castle Hayne,New Hanover,34.364167,-77.838611,2025,6,28.0,34.0
2025-06-18,Clemmons Middle,Forsyth,36.026612,-80.341962,2025,6,39.0,23.0
2025-06-18,Durham Armory,Durham,36.0329550008979,-78.904037,2025,6,32.0,34.5
2025-06-18,Frying Pan Mountain,Haywood,35.379167,-82.7925,2025,6,30.0,27.0
2025-06-18,Garinger High School,Mecklenburg,35.2401000008895,-80.785683,2025,6,30.0,29.5
2025-06-18,Hattie Avenue,Forsyth,36.11094,-80.224501,2025,6,39.0,21.5
2025-06-18,Leggett,Edgecombe,35.988278,-77.5843,2025,6,34.0,41.0
2025-06-18,Linville Falls,Avery,35.972347,-81.933072,2025,6,30.0,18.0
2025-06-18,Mendenhall School,Guilford,36.1090060008986,-79.802314,2025,6,38.0,22.0
2025-06-18,Millbrook School,Wake,35.856111,-78.574167,2025,6,31.0,36.0
2025-06-18,Old High School,Swain,35.498711,-83.310242,2025,6,21.0,30.5
2025-06-18,Pitt Agri. Center,Pitt,35.6412760008938,-77.360126,2025,6,31.0,38.0
2025-06-18,Rockwell,Rowan,35.551868,-80.395039,2025,6,36.0,30.0
2025-06-18,West Johnston Co.,Johnston,35.59095,-78.4622,2025,6,32.0,45.0
2025-06-19,Bryson City,Swain,35.434767,-83.442133,2025,6,43.0,24.0
2025-06-19,Castle Hayne,New Hanover,34.364167,-77.838611,2025,6,31.0,32.5
2025-06-19,Clemmons Middle,Forsyth,36.026612,-80.341962,2025,6,34.0,31.0
2025-06-19,Durham Armory,Durham,36.0329550008979,-78.904037,2025,6,31.0,31.5
2025-06-19,Frying Pan Mountain,Haywood,35.379167,-82.7925,2025,6,44.0,
2025-06-19,Garinger High School,Mecklenburg,35.2401000008895,-80.785683,2025,6,28.0,31.0
2025-06-19,Hattie Avenue,Forsyth,36.11094,-80.224501,2025,6,37.0,22.0
2025-06-19,Leggett,Edgecombe,35.988278,-77.5843,2025,6,39.0,48.0
2025-06-19,Linville Falls,Avery,35.972347,-81.933072,2025,6,31.0,
2025-06-19,Mendenhall School,Guilford,36.1090060008986,-79.802314,2025,6,34.0,31.0
2025-06-19,Millbrook School,Wake,35.856111,-78.574167,2025,6,31.0,33.0
2025-06-19,Old High School,Swain,35.498711,-83.310242,2025,6,32.0,32.0
2025-06-19,Pitt Agri. Center,Pitt,35.6412760008938,-77.360126,2025,6,32.0,42.0
2025-06-19,Rockwell,Rowan,35.551868,-80.395039,2025,6,31.0,31.0
2025-06-19,West Johnston Co.,Johnston,35.59095,-78.4622,2025,6,36.0,44.0
2025-06-20,Bryson City,Swain,35.434767,-83.442133,2025,6,37.0,27.0
2025-06-20,Castle Hayne,New Hanover,34.364167,-77.838611,2025,6,32.0,38.0
2025-06-20,Clemmons Middle,Forsyth,36.026612,-80.341962,2025,6,71.0,32.0
2025-06-20,Durham Armory,Durham,36.0329550008979,-78.904037,2025,6,47.0,33.0
2025-06-20,Frying Pan Mountain,Haywood,35.379167,-82.7925,2025,6,34.0,
2025-06-20,Garinger High School,Mecklenburg,35.2401000008895,-80.785683,2025,6,58.0,33.0
2025-06-20,Hattie Avenue,Forsyth,36.11094,-80.224501,2025,6,67.0,26.0
2025-06-20,Leggett,Edgecombe,35.988278,-77.5843,2025,6,42.0,26.0
2025-06-20,Linville Falls,Avery,35.972347,-81.933072,2025,6,44.0,
2025-06-20,Mendenhall School,Guilford,36.1090060008986,-79.802314,2025,6,44.0,23.0
2025-06-20,Millbrook School,Wake,35.856111,-78.574167,2025,6,44.0,33.0
2025-06-20,Old High School,Swain,35.498711,-83.310242,2025,6,31.0,34.0
2025-06-20,Pitt Agri. Center,Pitt,35.6412760008938,-77.360126,2025,6,38.0,24.0
2025-06-20,Rockwell,Rowan,35.551868,-80.395039,2025,6,47.0,27.0
2025-06-20,West Johnston Co.,Johnston,35.59095,-78.4622,2025,6,46.0,55.0
2025-06-21,Bryson City,Swain,35.434767,-83.442133,2025,6,39.0,42.0
2025-06-21,Castle Hayne,New Hanover,34.364167,-77.838611,2025,6,30.0,28.0
2025-06-21,Clemmons Middle,Forsyth,36.026612,-80.341962,2025,6,54.0,43.0
2025-06-21,Durham Armory,Durham,36.0329550008979,-78.904037,2025,6,54.0,46.5
2025-06-21,Frying Pan Mountain,Haywood,35.379167,-82.7925,2025,6,44.0,28.0
2025-06-21,Garinger High School,Mecklenburg,35.2401000008895,-80.785683,2025,6,67.0,52.0
2025-06-21,Hattie Avenue,Forsyth,36.11094,-80.224501,2025,6,74.0,42.5
2025-06-21,Leggett,Edgecombe,35.988278,-77.5843,2025,6,40.0,46.0
2025-06-21,Linville Falls,Avery,35.972347,-81.933072,2025,6,38.0,32.0
2025-06-21,Mendenhall School,Guilford,36.1090060008986,-79.802314,2025,6,50.0,41.0
2025-06-21,Millbrook School,Wake,35.856111,-78.574167,2025,6,46.0,52.5
2025-06-21,Old High School,Swain,35.498711,-83.310242,2025,6,41.0,41.0
2025-06-21,Pitt Agri. Center,Pitt,35.6412760008938,-77.360126,2025,6,34.0,43.0
2025-06-21,Rockwell,Rowan,35.551868,-80.395039,2025,6,46.0,55.0
2025-06-21,West Johnston Co.,Johnston,35.59095,-78.4622,2025,6,47.0,50.0
2025-06-22,Bryson City,Swain,35.434767,-83.442133,2025,6,36.0,45.0
2025-06-22,Castle Hayne,New Hanover,34.364167,-77.838611,2025,6,27.0,22.5
2025-06-22,Clemmons Middle,Forsyth,36.026612,-80.341962,2025,6,43.0,53.0
2025-06-22,Durham Armory,Durham,36.0329550008979,-78.904037,2025,6,48.0,52.0
2025-06-22,Frying Pan Mountain,Haywood,35.379167,-82.7925,2025,6,48.0,
2025-06-22,Garinger High School,Mecklenburg,35.2401000008895,-80.785683,2025,6,67.0,56.0
2025-06-22,Hattie Avenue,Forsyth,36.11094,-80.224501,2025,6,46.0,38.0
2025-06-22,Leggett,Edgecombe,35.988278,-77.5843,2025,6,44.0,55.0
2025-06-22,Linville Falls,Avery,35.972347,-81.933072,2025,6,37.0,
2025-06-22,Mendenhall School,Guilford,36.1090060008986,-79.802314,2025,6,46.0,56.0
2025-06-22,Millbrook School,Wake,35.856111,-78.574167,2025,6,47.0,57.0
2025-06-22,Old High School,Swain,35.498711,-83.310242,2025,6,34.0,46.0
2025-06-22,Pitt Agri. Center,Pitt,35.6412760008938,-77.360126,2025,6,36.0,46.0
2025-06-22,Rockwell,Rowan,35.551868,-80.395039,2025,6,44.0,54.0
2025-06-22,West Johnston Co.,Johnston,35.59095,-78.4622,2025,6,43.0,56.0
2025-06-23,Bryson City,Swain,35.434767,-83.442133,2025,6,32.0,45.0
2025-06-23,Castle Hayne,New Hanover,34.364167,-77.838611,2025,6,37.0,39.0
2025-06-23,Clemmons Middle,Forsyth,36.026612,-80.341962,2025,6,43.0,58.0
2025-06-23,Durham Armory,Durham,36.0329550008979,-78.904037,2025,6,42.0,57.5
2025-06-23,Frying Pan Mountain,Haywood,35.379167,-82.7925,2025,6,43.0,
2025-06-23,Garinger High School,Mecklenburg,35.2401000008895,-80.785683,2025,6,71.0,57.0
2025-06-23,Hattie Avenue,Forsyth,36.11094,-80.224501,2025,6,50.0,41.0
2025-06-23,Leggett,Edgecombe,35.988278,-77.5843,2025,6,44.0,58.0
2025-06-23,Linville Falls,Avery,35.972347,-81.933072,2025,6,35.0,
2025-06-23,Mendenhall School,Guilford,36.1090060008986,-79.802314,2025,6,36.0,57.0
2025-06-23,Millbrook School,Wake,35.856111,-78.574167,2025,6,45.0,64.0
2025-06-23,Old High School,Swain,35.498711,-83.310242,2025,6,31.0,52.0
2025-06-23,Pitt Agri. Center,Pitt,35.6412760008938,-77.360126,2025,6,43.0,54.0
2025-06-23,Rockwell,Rowan,35.551868,-80.395039,2025,6,44.0,55.0
2025-06-23,West Johnston Co.,Johnston,35.59095,-78.4622,2025,6,64.0,62.0
2025-06-24,Bryson City,Swain,35.434767,-83.442133,2025,6,31.0,47.0
2025-06-24,Castle Hayne,New Hanover,34.364167,-77.838611,2025,6,44.0,59.5
2025-06-24,Clemmons Middle,Forsyth,36.026612,-80.341962,2025,6,44.0,61.5
2025-06-24,Durham Armory,Durham,36.0329550008979,-78.904037,2025,6,42.0,62.0
2025-06-24,Frying Pan Mountain,Haywood,35.379167,-82.7925,2025,6,41.0,49.0
2025-06-24,Garinger High School,Mecklenburg,35.2401000008895,-80.785683,2025,6,46.0,61.0
2025-06-24,Hattie Avenue,Forsyth,36.11094,-80.224501,2025,6,44.0,62.0
2025-06-24,Leggett,Edgecombe,35.988278,-77.5843,2025,6,,67.0
2025-06-24,Linville Falls,Avery,35.972347,-81.933072,2025,6,34.0,52.0
2025-06-24,Mendenhall School,Guilford,36.1090060008986,-79.802314,2025,6,38.0,63.0
2025-06-24,Millbrook School,Wake,35.856111,-78.574167,2025,6,37.0,67.0
2025-06-24,Old High School,Swain,35.498711,-83.310242,2025,6,,54.0
2025-06-24,Pitt Agri. Center,Pitt,35.6412760008938,-77.360126,2025,6,44.0,67.0
2025-06-24,Rockwell,Rowan,35.551868,-80.395039,2025,6,44.0,61.0
2025-06-24,West Johnston Co.,Johnston,35.59095,-78.4622,2025,6,,68.0
2025-06-25,Bryson City,Swain,35.434767,-83.442133,2025,6,22.0,51.0
2025-06-25,Castle Hayne,New Hanover,34.364167,-77.838611,2025,6,41.0,63.0
2025-06-25,Clemmons Middle,Forsyth,36.026612,-80.341962,2025,6,42.0,62.0
2025-06-25,Durham Armory,Durham,36.0329550008979,-78.904037,2025,6,31.0,62.0
2025-06-25,Frying Pan Mountain,Haywood,35.379167,-82.7925,2025,6,43.0,
2025-06-25,Garinger High School,Mecklenburg,35.2401000008895,-80.785683,2025,6,74.0,61.0
2025-06-25,Hattie Avenue,Forsyth,36.11094,-80.224501,2025,6,41.0,62.0
2025-06-25,Leggett,Edgecombe,35.988278,-77.5843,2025,6,,58.0
2025-06-25,Linville Falls,Avery,35.972347,-81.933072,2025,6,29.0,
2025-06-25,Mendenhall School,Guilford,36.1090060008986,-79.802314,2025,6,33.0,63.0
2025-06-25,Millbrook School,Wake,35.856111,-78.574167,2025,6,47.0,67.0
2025-06-25,Old High School,Swain,35.498711,-83.310242,2025,6,21.0,53.0
2025-06-25,Pitt Agri. Center,Pitt,35.6412760008938,-77.360126,2025,6,43.0,70.0
2025-06-25,Rockwell,Rowan,35.551868,-80.395039,2025,6,41.0,60.0
2025-06-25,West Johnston Co.,Johnston,35.59095,-78.4622,2025,6,,62.0
2025-06-26,Bryson City,Swain,35.434767,-83.442133,2025,6,29.0,44.0
2025-06-26,Castle Hayne,New Hanover,34.364167,-77.838611,2025,6,47.0,52.0
2025-06-26,Clemmons Middle,Forsyth,36.026612,-80.341962,2025,6,49.0,53.0
2025-06-26,Durham Armory,Durham,36.0329550008979,-78.904037,2025,6,67.0,58.0
2025-06-26,Frying Pan Mountain,Haywood,35.379167,-82.7925,2025,6,44.0,
2025-06-26,Garinger High School,Mecklenburg,35.2401000008895,-80.785683,2025,6,67.0,52.0
2025-06-26,Hattie Avenue,Forsyth,36.11094,-80.224501,2025,6,71.0,53.0
2025-06-26,Leggett,Edgecombe,35.988278,-77.5843,2025,6,48.0,61.0
2025-06-26,Mendenhall School,Guilford,36.1090060008986,-79.802314,2025,6,54.0,52.0
2025-06-26,Millbrook School,Wake,35.856111,-78.574167,2025,6,64.0,62.0
2025-06-26,Old High School,Swain,35.498711,-83.310242,2025,6,24.0,55.0
2025-06-26,Pitt Agri. Center,Pitt,35.6412760008938,-77.360126,2025,6,50.0,58.0
2025-06-26,Rockwell,Rowan,35.551868,-80.395039,2025,6,51.0,52.0
2025-06-26,West Johnston Co.,Johnston,35.59095,-78.4622,2025,6,67.0,61.0
2025-06-27,Bryson City,Swain,35.434767,-83.442133,2025,6,29.0,44.0
2025-06-27,Castle Hayne,New Hanover,34.364167,-77.838611,2025,6,37.0,34.5
2025-06-27,Clemmons Middle,Forsyth,36.026612,-80.341962,2025,6,47.0,53.0
2025-06-27,Durham Armory,Durham,36.0329550008979,-78.904037,2025,6,54.0,50.5
2025-06-27,Frying Pan Mountain,Haywood,35.379167,-82.7925,2025,6,44.0,36.0
2025-06-27,Garinger High School,Mecklenburg,35.2401000008895,-80.785683,2025,6,58.0,51.0
2025-06-27,Hattie Avenue,Forsyth,36.11094,-80.224501,2025,6,50.0,53.0
2025-06-27,Leggett,Edgecombe,35.988278,-77.5843,2025,6,46.0,65.0
2025-06-27,Mendenhall School,Guilford,36.1090060008986,-79.802314,2025,6,41.0,46.0
2025-06-27,Millbrook School,Wake,35.856111,-78.574167,2025,6,58.0,57.0
2025-06-27,Old High School,Swain,35.498711,-83.310242,2025,6,30.0,52.0
2025-06-27,Pitt Agri. Center,Pitt,35.6412760008938,-77.360126,2025,6,43.0,56.0
2025-06-27,Rockwell,Rowan,35.551868,-80.395039,2025,6,58.0,54.0
2025-06-27,West Johnston Co.,Johnston,35.59095,-78.4622,2025,6,47.0,57.0
2025-06-28,Bryson City,Swain,35.434767,-83.442133,2025,6,31.0,29.0
2025-06-28,Castle Hayne,New Hanover,34.364167,-77.838611,2025,6,31.0,19.5
2025-06-28,Clemmons Middle,Forsyth,36.026612,-80.341962,2025,6,44.0,51.0
2025-06-28,Durham Armory,Durham,36.0329550008979,-78.904037,2025,6,37.0,46.5
2025-06-28,Frying Pan Mountain,Haywood,35.379167,-82.7925,2025,6,40.0,
2025-06-28,Garinger High School,Mecklenburg,35.2401000008895,-80.785683,2025,6,46.0,52.0
2025-06-28,Hattie Avenue,Forsyth,36.11094,-80.224501,2025,6,44.0,51.0
2025-06-28,Leggett,Edgecombe,35.988278,-77.5843,2025,6,44.0,56.0
2025-06-28,Mendenhall School,Guilford,36.1090060008986,-79.802314,2025,6,40.0,50.0
2025-06-28,Millbrook School,Wake,35.856111,-78.574167,2025,6,42.0,54.0
2025-06-28,Old High School,Swain,35.498711,-83.310242,2025,6,30.0,34.0
2025-06-28,Pitt Agri. Center,Pitt,35.6412760008938,-77.360126,2025,6,38.0,42.0
2025-06-28,Rockwell,Rowan,35.551868,-80.395039,2025,6,44.0,52.0
2025-06-28,West Johnston Co.,Johnston,35.59095,-78.4622,2025,6,39.0,52.0
2025-06-29,Bryson City,Swain,35.434767,-83.442133,2025,6,32.0,27.0
2025-06-29,Castle Hayne,New Hanover,34.364167,-77.838611,2025,6,34.0,33.5
2025-06-29,Clemmons Middle,Forsyth,36.026612,-80.341962,2025,6,42.0,39.0
2025-06-29,Durham Armory,Durham,36.0329550008979,-78.904037,2025,6,41.0,49.5
2025-06-29,Frying Pan Mountain,Haywood,35.379167,-82.7925,2025,6,37.0,
2025-06-29,Garinger High School,Mecklenburg,35.2401000008895,-80.785683,2025,6,50.0,39.0
2025-06-29,Hattie Avenue,Forsyth,36.11094,-80.224501,2025,6,46.0,41.0
2025-06-29,Leggett,Edgecombe,35.988278,-77.5843,2025,6,42.0,57.0
2025-06-29,Mendenhall School,Guilford,36.1090060008986,-79.802314,2025,6,38.0,46.0
2025-06-29,Millbrook School,Wake,35.856111,-78.574167,2025,6,40.0,54.0
2025-06-29,Old High School,Swain,35.498711,-83.310242,2025,6,31.0,35.0
2025-06-29,Pitt Agri. Center,Pitt,35.6412760008938,-77.360126,2025,6,33.0,49.0
2025-06-29,Rockwell,Rowan,35.551868,-80.395039,2025,6,47.0,44.0
2025-06-29,West Johnston Co.,Johnston,35.59095,-78.4622,2025,6,39.0,53.0
2025-06-30,Bryson City,Swain,35.434767,-83.442133,2025,6,31.0,31.0
2025-06-30,Castle Hayne,New Hanover,34.364167,-77.838611,2025,6,30.0,40.0
2025-06-30,Clemmons Middle,Forsyth,36.026612,-80.341962,2025,6,41.0,50.5
2025-06-30,Durham Armory,Durham,36.0329550008979,-78.904037,2025,6,39.0,55.5
2025-06-30,Frying Pan Mountain,Haywood,35.379167,-82.7925,2025,6,33.0,31.0
2025-06-30,Garinger High School,Mecklenburg,35.2401000008895,-80.785683,2025,6,42.0,49.0
2025-06-30,Hattie Avenue,Forsyth,36.11094,-80.224501,2025,6,44.0,53.0
2025-06-30,Leggett,Edgecombe,35.988278,-77.5843,2025,6,37.0,55.0
2025-06-30,Mendenhall School,Guilford,36.1090060008986,-79.802314,2025,6,38.0,53.0
2025-06-30,Millbrook School,Wake,35.856111,-78.574167,2025,6,37.0,52.5
2025-06-30,Old High School,Swain,35.498711,-83.310242,2025,6,31.0,36.0
2025-06-30,Pitt Agri. Center,Pitt,35.6412760008938,-77.360126,2025,6,31.0,48.0
2025-06-30,Rockwell,Rowan,35.551868,-80.395039,2025,6,37.0,52.0
2025-06-30,West Johnston Co.,Johnston,35.59095,-78.4622,2025,6,34.0,53.0
2025-07-01,Bryson City,Swain,35.434767,-83.442133,2025,7,27.0,30.0
2025-07-01,Castle Hayne,New Hanover,34.364167,-77.838611,2025,7,30.0,39.0
2025-07-01,Clemmons Middle,Forsyth,36.026612,-80.341962,2025,7,48.0,43.0
2025-07-01,Durham Armory,Durham,36.0329550008979,-78.904037,2025,7,38.0,42.0
2025-07-01,Frying Pan Mountain,Haywood,35.379167,-82.7925,2025,7,30.0,
2025-07-01,Garinger High School,Mecklenburg,35.2401000008895,-80.785683,2025,7,40.0,46.0
2025-07-01,Hattie Avenue,Forsyth,36.11094,-80.224501,2025,7,49.0,44.0
2025-07-01,Leggett,Edgecombe,35.988278,-77.5843,2025,7,36.0,45.0
2025-07-01,Linville Falls,Avery,35.972347,-81.933072,2025,7,31.0,
2025-07-01,Mendenhall School,Guilford,36.1090060008986,-79.802314,2025,7,40.0,54.0
2025-07-01,Millbrook School,Wake,35.856111,-78.574167,2025,7,37.0,47.0
2025-07-01,Old High School,Swain,35.498711,-83.310242,2025,7,25.0,31.0
2025-07-01,Pitt Agri. Center,Pitt,35.6412760008938,-77.360126,2025,7,31.0,43.0
2025-07-01,Rockwell,Rowan,35.551868,-80.395039,2025,7,41.0,49.0
2025-07-01,West Johnston Co.,Johnston,35.59095,-78.4622,2025,7,36.0,41.0
2025-07-02,Bryson City,Swain,35.434767,-83.442133,2025,7,43.0,29.0
2025-07-02,Castle Hayne,New Hanover,34.364167,-77.838611,2025,7,25.0,39.0
2025-07-02,Clemmons Middle,Forsyth,36.026612,-80.341962,2025,7,34.0,26.0
2025-07-02,Durham Armory,Durham,36.0329550008979,-78.904037,2025,7,26.0,25.5
2025-07-02,Frying Pan Mountain,Haywood,35.379167,-82.7925,2025,7,44.0,
2025-07-02,Garinger High School,Mecklenburg,35.2401000008895,-80.785683,2025,7,40.0,26.0
2025-07-02,Hattie Avenue,Forsyth,36.11094,-80.224501,2025,7,32.0,26.0
2025-07-02,Leggett,Edgecombe,35.988278,-77.5843,2025,7,27.0,47.0
2025-07-02,Linville Falls,Avery,35.972347,-81.933072,2025,7,42.0,
2025-07-02,Mendenhall School,Guilford,36.1090060008986,-79.802314,2025,7,30.0,29.0
2025-07-02,Millbrook School,Wake,35.856111,-78.574167,2025,7,25.0,32.0
2025-07-02,Old High School,Swain,35.498711,-83.310242,2025,7,41.0,25.0
2025-07-02,Pitt Agri. Center,Pitt,35.6412760008938,-77.360126,2025,7,27.0,42.0
2025-07-02,Rockwell,Rowan,35.551868,-80.395039,2025,7,34.0,29.0
2025-07-02,West Johnston Co.,Johnston,35.59095,-78.4622,2025,7,24.0,39.0
2025-07-03,Bryson City,Swain,35.434767,-83.442133,2025,7,41.0,53.0
2025-07-03,Castle Hayne,New Hanover,34.364167,-77.838611,2025,7,31.0,42.5
2025-07-03,Clemmons Middle,Forsyth,36.026612,-80.341962,2025,7,54.0,47.0
2025-07-03,Durham Armory,Durham,36.0329550008979,-78.904037,2025,7,44.0,32.5
2025-07-03,Frying Pan Mountain,Haywood,35.379167,-82.7925,2025,7,51.0,29.0
2025-07-03,Garinger High School,Mecklenburg,35.2401000008895,-80.785683,2025,7,51.0,40.0
2025-07-03,Hattie Avenue,Forsyth,36.11094,-80.224501,2025,7,49.0,52.0
2025-07-03,Leggett,Edgecombe,35.988278,-77.5843,2025,7,43.0,36.0
2025-07-03,Linville Falls,Avery,35.972347,-81.933072,2025,7,45.0,31.0
2025-07-03,Mendenhall School,Guilford,36.1090060008986,-79.802314,2025,7,44.0,38.0
2025-07-03,Millbrook School,Wake,35.856111,-78.574167,2025,7,44.0,42.5
2025-07-03,Old High School,Swain,35.498711,-83.310242,2025,7,38.0,43.0
2025-07-03,Pitt Agri. Center,Pitt,35.6412760008938,-77.360126,2025,7,35.0,39.0
2025-07-03,Rockwell,Rowan,35.551868,-80.395039,2025,7,71.0,33.0
2025-07-03,West Johnston Co.,Johnston,35.59095,-78.4622,2025,7,40.0,33.0
2025-07-04,Bryson City,Swain,35.434767,-83.442133,2025,7,37.0,58.0
2025-07-04,Castle Hayne,New Hanover,34.364167,-77.838611,2025,7,39.0,44.0
2025-07-04,Clemmons Middle,Forsyth,36.026612,-80.341962,2025,7,50.0,66.0
2025-07-04,Durham Armory,Durham,36.0329550008979,-78.904037,2025,7,48.0,60.5
2025-07-04,Frying Pan Mountain,Haywood,35.379167,-82.7925,2025,7,43.0,
2025-07-04,Garinger High School,Mecklenburg,35.2401000008895,-80.785683,2025,7,47.0,68.0
2025-07-04,Hattie Avenue,Forsyth,36.11094,-80.224501,2025,7,50.0,70.0
2025-07-04,Leggett,Edgecombe,35.988278,-77.5843,2025,7,50.0,54.0
2025-07-04,Linville Falls,Avery,35.972347,-81.933072,2025,7,45.0,
2025-07-04,Mendenhall School,Guilford,36.1090060008986,-79.802314,2025,7,43.0,58.0
2025-07-04,Millbrook School,Wake,35.856111,-78.574167,2025,7,47.0,64.0
2025-07-04,Old High School,Swain,35.498711,-83.310242,2025,7,35.0,47.0
2025-07-04,Pitt Agri. Center,Pitt,35.6412760008938,-77.360126,2025,7,45.0,56.0
2025-07-04,Rockwell,Rowan,35.551868,-80.395039,2025,7,44.0,58.0
2025-07-04,West Johnston Co.,Johnston,35.59095,-78.4622,2025,7,51.0,60.0
2025-07-05,Bryson City,Swain,35.434767,-83.442133,2025,7,40.0,57.0
2025-07-05,Castle Hayne,New Hanover,34.364167,-77.838611,2025,7,32.0,40.0
2025-07-05,Clemmons Middle,Forsyth,36.026612,-80.341962,2025,7,47.0,70.0
2025-07-05,Durham Armory,Durham,36.0329550008979,-78.904037,2025,7,47.0,61.5
2025-07-05,Frying Pan Mountain,Haywood,35.379167,-82.7925,2025,7,45.0,
2025-07-05,Garinger High School,Mecklenburg,35.2401000008895,-80.785683,2025,7,45.0,61.0
2025-07-05,Hattie Avenue,Forsyth,36.11094,-80.224501,2025,7,48.0,66.0
2025-07-05,Leggett,Edgecombe,35.988278,-77.5843,2025,7,44.0,53.0
2025-07-05,Linville Falls,Avery,35.972347,-81.933072,2025,7,41.0,
2025-07-05,Mendenhall School,Guilford,36.1090060008986,-79.802314,2025,7,42.0,61.0
2025-07-05,Millbrook School,Wake,35.856111,-78.574167,2025,7,46.0,58.0
2025-07-05,Old High School,Swain,35.498711,-83.310242,2025,7,36.0,54.0
2025-07-05,Pitt Agri. Center,Pitt,35.6412760008938,-77.360126,2025,7,38.0,47.0
2025-07-05,Rockwell,Rowan,35.551868,-80.395039,2025,7,44.0,60.0
2025-07-05,West Johnston Co.,Johnston,35.59095,-78.4622,2025,7,45.0,58.0
2025-07-06,Bryson City,Swain,35.434767,-83.442133,2025,7,35.0,54.0
2025-07-06,Castle Hayne,New Hanover,34.364167,-77.838611,2025,7,30.0,28.5
2025-07-06,Clemmons Middle,Forsyth,36.026612,-80.341962,2025,7,19.0,42.5
2025-07-06,Durham Armory,Durham,36.0329550008979,-78.904037,2025,7,21.0,20.5
2025-07-06,Frying Pan Mountain,Haywood,35.379167,-82.7925,2025,7,41.0,45.0
2025-07-06,Garinger High School,Mecklenburg,35.2401000008895,-80.785683,2025,7,27.0,36.0
2025-07-06,Hattie Avenue,Forsyth,36.11094,-80.224501,2025,7,19.0,46.5
2025-07-06,Leggett,Edgecombe,35.988278,-77.5843,2025,7,26.0,31.0
2025-07-06,Linville Falls,Avery,35.972347,-81.933072,2025,7,39.0,38.0
2025-07-06,Mendenhall School,Guilford,36.1090060008986,-79.802314,2025,7,17.0,41.0
2025-07-06,Millbrook School,Wake,35.856111,-78.574167,2025,7,22.0,24.5
2025-07-06,Old High School,Swain,35.498711,-83.310242,2025,7,32.0,54.0
2025-07-06,Pitt Agri. Center,Pitt,35.6412760008938,-77.360126,2025,7,23.0,20.0
2025-07-06,Rockwell,Rowan,35.551868,-80.395039,2025,7,20.0,41.0
2025-07-06,West Johnston Co.,Johnston,35.59095,-78.4622,2025,7,,18.0
2025-07-07,Bryson City,Swain,35.434767,-83.442133,2025,7,35.0,53.0
2025-07-07,Castle Hayne,New Hanover,34.364167,-77.838611,2025,7,32.0,30.0
2025-07-07,Clemmons Middle,Forsyth,36.026612,-80.341962,2025,7,41.0,51.0
2025-07-07,Durham Armory,Durham,36.0329550008979,-78.904037,2025,7,38.0,38.0
2025-07-07,Frying Pan Mountain,Haywood,35.379167,-82.7925,2025,7,36.0,
2025-07-07,Garinger High School,Mecklenburg,35.2401000008895,-80.785683,2025,7,54.0,48.0
2025-07-07,Hattie Avenue,Forsyth,36.11094,-80.224501,2025,7,41.0,51.0
2025-07-07,Leggett,Edgecombe,35.988278,-77.5843,2025,7,37.0,39.0
2025-07-07,Linville Falls,Avery,35.972347,-81.933072,2025,7,37.0,
2025-07-07,Mendenhall School,Guilford,36.1090060008986,-79.802314,2025,7,43.0,52.0
2025-07-07,Millbrook School,Wake,35.856111,-78.574167,2025,7,33.0,48.0
2025-07-07,Old High School,Swain,35.498711,-83.310242,2025,7,36.0,55.0
2025-07-07,Pitt Agri. Center,Pitt,35.6412760008938,-77.360126,2025,7,33.0,40.0
2025-07-07,Rockwell,Rowan,35.551868,-80.395039,2025,7,47.0,40.0
2025-07-07,West Johnston Co.,Johnston,35.59095,-78.4622,2025,7,,50.0
2025-07-08,Bryson City,Swain,35.434767,-83.442133,2025,7,31.0,52.0
2025-07-08,Castle Hayne,New Hanover,34.364167,-77.838611,2025,7,31.0,30.0
2025-07-08,Clemmons Middle,Forsyth,36.026612,-80.341962,2025,7,50.0,60.0
2025-07-08,Durham Armory,Durham,36.0329550008979,-78.904037,2025,7,41.0,55.5
2025-07-08,Frying Pan Mountain,Haywood,35.379167,-82.7925,2025,7,36.0,
2025-07-08,Garinger High School,Mecklenburg,35.2401000008895,-80.785683,2025,7,80.0,58.0
2025-07-08,Hattie Avenue,Forsyth,36.11094,-80.224501,2025,7,58.0,60.0
2025-07-08,Leggett,Edgecombe,35.988278,-77.5843,2025,7,36.0,55.0
2025-07-08,Linville Falls,Avery,35.972347,-81.933072,2025,7,35.0,
2025-07-08,Mendenhall School,Guilford,36.1090060008986,-79.802314,2025,7,48.0,60.0
2025-07-08,Millbrook School,Wake,35.856111,-78.574167,2025,7,41.0,57.0
2025-07-08,Old High School,Swain,35.498711,-83.310242,2025,7,29.0,55.0
2025-07-08,Pitt Agri. Center,Pitt,35.6412760008938,-77.360126,2025,7,27.0,45.0
2025-07-08,Rockwell,Rowan,35.551868,-80.395039,2025,7,74.0,57.0
2025-07-08,West Johnston Co.,Johnston,35.59095,-78.4622,2025,7,,55.0
2025-07-09,Bryson City,Swain,35.434767,-83.442133,2025,7,30.0,44.0
2025-07-09,Castle Hayne,New Hanover,34.364167,-77.838611,2025,7,20.0,27.5
2025-07-09,Clemmons Middle,Forsyth,36.026612,-80.341962,2025,7,49.0,53.0
2025-07-09,Durham Armory,Durham,36.0329550008979,-78.904037,2025,7,39.0,42.0
2025-07-09,Frying Pan Mountain,Haywood,35.379167,-82.7925,2025,7,35.0,42.0
2025-07-09,Garinger High School,Mecklenburg,35.2401000008895,-80.785683,2025,7,48.0,52.0
2025-07-09,Hattie Avenue,Forsyth,36.11094,-80.224501,2025,7,50.0,54.5
2025-07-09,Leggett,Edgecombe,35.988278,-77.5843,2025,7,31.0,38.0
2025-07-09,Linville Falls,Avery,35.972347,-81.933072,2025,7,32.0,39.0
2025-07-09,Mendenhall School,Guilford,36.1090060008986,-79.802314,2025,7,41.0,54.0
2025-07-09,Millbrook School,Wake,35.856111,-78.574167,2025,7,34.0,45.0
2025-07-09,Old High School,Swain,35.498711,-83.310242,2025,7,30.0,50.0
2025-07-09,Pitt Agri. Center,Pitt,35.6412760008938,-77.360126,2025,7,26.0,29.0
2025-07-09,Rockwell,Rowan,35.551868,-80.395039,2025,7,41.0,51.0
2025-07-09,West Johnston Co.,Johnston,35.59095,-78.4622,2025,7,,39.0
2025-07-10,Bryson City,Swain,35.434767,-83.442133,2025,7,27.0,27.0
2025-07-10,Castle Hayne,New Hanover,34.364167,-77.838611,2025,7,35.0,32.5
2025-07-10,Clemmons Middle,Forsyth,36.026612,-80.341962,2025,7,35.0,31.0
2025-07-10,Durham Armory,Durham,36.0329550008979,-78.904037,2025,7,37.0,27.0
2025-07-10,Frying Pan Mountain,Haywood,35.379167,-82.7925,2025,7,33.0,
2025-07-10,Garinger High School,Mecklenburg,35.2401000008895,-80.785683,2025,7,54.0,40.0
2025-07-10,Hattie Avenue,Forsyth,36.11094,-80.224501,2025,7,38.0,26.0
2025-07-10,Leggett,Edgecombe,35.988278,-77.5843,2025,7,38.0,38.0
2025-07-10,Linville Falls,Avery,35.972347,-81.933072,2025,7,29.0,
2025-07-10,Mendenhall School,Guilford,36.1090060008986,-79.802314,2025,7,41.0,31.0
2025-07-10,Millbrook School,Wake,35.856111,-78.574167,2025,7,39.0,33.0
2025-07-10,Old High School,Swain,35.498711,-83.310242,2025,7,23.0,28.0
2025-07-10,Pitt Agri. Center,Pitt,35.6412760008938,-77.360126,2025,7,33.0,32.0
2025-07-10,Rockwell,Rowan,35.551868,-80.395039,2025,7,41.0,37.0
2025-07-10,West Johnston Co.,Johnston,35.59095,-78.4622,2025,7,35.0,41.0
2025-07-11,Bryson City,Swain,35.434767,-83.442133,2025,7,28.0,22.0
2025-07-11,Castle Hayne,New Hanover,34.364167,-77.838611,2025,7,34.0,27.0
2025-07-11,Clemmons Middle,Forsyth,36.026612,-80.341962,2025,7,40.0,43.0
2025-07-11,Durham Armory,Durham,36.0329550008979,-78.904037,2025,7,37.0,28.0
2025-07-11,Frying Pan Mountain,Haywood,35.379167,-82.7925,2025,7,36.0,
2025-07-11,Garinger High School,Mecklenburg,35.2401000008895,-80.785683,2025,7,44.0,28.0
2025-07-11,Hattie Avenue,Forsyth,36.11094,-80.224501,2025,7,48.0,41.0
2025-07-11,Leggett,Edgecombe,35.988278,-77.5843,2025,7,42.0,48.0
2025-07-11,Linville Falls,Avery,35.972347,-81.933072,2025,7,25.0,
2025-07-11,Mendenhall School,Guilford,36.1090060008986,-79.802314,2025,7,44.0,44.0
2025-07-11,Millbrook School,Wake,35.856111,-78.574167,2025,7,46.0,47.0
2025-07-11,Old High School,Swain,35.498711,-83.310242,2025,7,21.0,29.0
2025-07-11,Pitt Agri. Center,Pitt,35.6412760008938,-77.360126,2025,7,33.0,36.0
2025-07-11,Rockwell,Rowan,35.551868,-80.395039,2025,7,42.0,42.0
2025-07-11,West Johnston Co.,Johnston,35.59095,-78.4622,2025,7,35.0,41.0
2025-07-12,Bryson City,Swain,35.434767,-83.442133,2025,7,28.0,29.0
2025-07-12,Castle Hayne,New Hanover,34.364167,-77.838611,2025,7,34.0,38.5
2025-07-12,Clemmons Middle,Forsyth,36.026612,-80.341962,2025,7,42.0,39.5
2025-07-12,Durham Armory,Durham,36.0329550008979,-78.904037,2025,7,44.0,38.5
2025-07-12,Frying Pan Mountain,Haywood,35.379167,-82.7925,2025,7,34.0,19.0
2025-07-12,Garinger High School,Mecklenburg,35.2401000008895,-80.785683,2025,7,48.0,26.5
2025-07-12,Hattie Avenue,Forsyth,36.11094,-80.224501,2025,7,47.0,46.5
2025-07-12,Leggett,Edgecombe,35.988278,-77.5843,2025,7,39.0,54.0
2025-07-12,Linville Falls,Avery,35.972347,-81.933072,2025,7,28.0,27.0
2025-07-12,Mendenhall School,Guilford,36.1090060008986,-79.802314,2025,7,43.0,46.0
2025-07-12,Millbrook School,Wake,35.856111,-78.574167,2025,7,41.0,53.5
2025-07-12,Old High School,Swain,35.498711,-83.310242,2025,7,25.0,28.0
2025-07-12,Pitt Agri. Center,Pitt,35.6412760008938,-77.360126,2025,7,35.0,52.0
2025-07-12,Rockwell,Rowan,35.551868,-80.395039,2025,7,43.0,37.0
2025-07-12,West Johnston Co.,Johnston,35.59095,-78.4622,2025,7,36.0,55.0
2025-07-13,Bryson City,Swain,35.434767,-83.442133,2025,7,22.0,33.0
2025-07-13,Castle Hayne,New Hanover,34.364167,-77.838611,2025,7,31.0,36.0
2025-07-13,Clemmons Middle,Forsyth,36.026612,-80.341962,2025,7,33.0,42.0
2025-07-13,Durham Armory,Durham,36.0329550008979,-78.904037,2025,7,35.0,34.5
2025-07-13,Frying Pan Mountain,Haywood,35.379167,-82.7925,2025,7,29.0,
2025-07-13,Garinger High School,Mecklenburg,35.2401000008895,-80.785683,2025,7,36.0,39.0
2025-07-13,Hattie Avenue,Forsyth,36.11094,-80.224501,2025,7,33.0,44.0
2025-07-13,Leggett,Edgecombe,35.988278,-77.5843,2025,7,36.0,49.0
2025-07-13,Linville Falls,Avery,35.972347,-81.933072,2025,7,24.0,
2025-07-13,Mendenhall School,Guilford,36.1090060008986,-79.802314,2025,7,31.0,38.0
2025-07-13,Millbrook School,Wake,35.856111,-78.574167,2025,7,31.0,51.0
2025-07-13,Old High School,Swain,35.498711,-83.310242,2025,7,18.0,39.0
2025-07-13,Pitt Agri. Center,Pitt,35.6412760008938,-77.360126,2025,7,30.0,43.0
2025-07-13,Rockwell,Rowan,35.551868,-80.395039,2025,7,37.0,36.0
2025-07-13,West Johnston Co.,Johnston,35.59095,-78.4622,2025,7,32.0,42.0
2025-07-14,Bryson City,Swain,35.434767,-83.442133,2025,7,23.0,21.0
2025-07-14,Castle Hayne,New Hanover,34.364167,-77.838611,2025,7,28.0,20.5
2025-07-14,Clemmons Middle,Forsyth,36.026612,-80.341962,2025,7,36.0,39.0
2025-07-14,Durham Armory,Durham,36.0329550008979,-78.904037,2025,7,36.0,32.0
2025-07-14,Frying Pan Mountain,Haywood,35.379167,-82.7925,2025,7,29.0,
2025-07-14,Garinger High School,Mecklenburg,35.2401000008895,-80.785683,2025,7,71.0,37.0
2025-07-14,Hattie Avenue,Forsyth,36.11094,-80.224501,2025,7,45.0,41.0
2025-07-14,Leggett,Edgecombe,35.988278,-77.5843,2025,7,34.0,41.0
2025-07-14,Linville Falls,Avery,35.972347,-81.933072,2025,7,28.0,
2025-07-14,Mendenhall School,Guilford,36.1090060008986,-79.802314,2025,7,39.0,37.0
2025-07-14,Millbrook School,Wake,35.856111,-78.574167,2025,7,40.0,49.0
2025-07-14,Old High School,Swain,35.498711,-83.310242,2025,7,20.0,29.0
2025-07-14,Pitt Agri. Center,Pitt,35.6412760008938,-77.360126,2025,7,29.0,30.0
2025-07-14,Rockwell,Rowan,35.551868,-80.395039,2025,7,35.0,34.0
2025-07-14,West Johnston Co.,Johnston,35.59095,-78.4622,2025,7,36.0,38.0
2025-07-15,Bryson City,Swain,35.434767,-83.442133,2025,7,26.0,28.0
2025-07-15,Castle Hayne,New Hanover,34.364167,-77.838611,2025,7,31.0,23.0
2025-07-15,Clemmons Middle,Forsyth,36.026612,-80.341962,2025,7,42.0,39.0
2025-07-15,Durham Armory,Durham,36.0329550008979,-78.904037,2025,7,30.0,20.5
2025-07-15,Frying Pan Mountain,Haywood,35.379167,-82.7925,2025,7,24.0,22.0
2025-07-15,Garinger High School,Mecklenburg,35.2401000008895,-80.785683,2025,7,37.0,35.5
2025-07-15,Hattie Avenue,Forsyth,36.11094,-80.224501,2025,7,43.0,39.0
2025-07-15,Leggett,Edgecombe,35.988278,-77.5843,2025,7,32.0,31.0
2025-07-15,Linville Falls,Avery,35.972347,-81.933072,2025,7,25.0,28.0
2025-07-15,Mendenhall School,Guilford,36.1090060008986,-79.802314,2025,7,34.0,33.0
2025-07-15,Millbrook School,Wake,35.856111,-78.574167,2025,7,31.0,34.0
2025-07-15,Old High School,Swain,35.498711,-83.310242,2025,7,22.0,33.0
2025-07-15,Pitt Agri. Center,Pitt,35.6412760008938,-77.360126,2025,7,31.0,24.0
2025-07-15,Rockwell,Rowan,35.551868,-80.395039,2025,7,34.0,41.0
2025-07-15,West Johnston Co.,Johnston,35.59095,-78.4622,2025,7,31.0,26.0
2025-07-16,Bryson City,Swain,35.434767,-83.442133,2025,7,31.0,25.0
2025-07-16,Castle Hayne,New Hanover,34.364167,-77.838611,2025,7,13.0,33.5
2025-07-16,Clemmons Middle,Forsyth,36.026612,-80.341962,2025,7,39.0,31.0
2025-07-16,Durham Armory,Durham,36.0329550008979,-78.904037,2025,7,33.0,29.0
2025-07-16,Frying Pan Mountain,Haywood,35.379167,-82.7925,2025,7,32.0,
2025-07-16,Garinger High School,Mecklenburg,35.2401000008895,-80.785683,2025,7,36.0,24.0
2025-07-16,Hattie Avenue,Forsyth,36.11094,-80.224501,2025,7,40.0,32.0
2025-07-16,Leggett,Edgecombe,35.988278,-77.5843,2025,7,32.0,46.0
2025-07-16,Linville Falls,Avery,35.972347,-81.933072,2025,7,34.0,
2025-07-16,Mendenhall School,Guilford,36.1090060008986,-79.802314,2025,7,40.0,37.0
2025-07-16,Millbrook School,Wake,35.856111,-78.574167,2025,7,33.0,38.0
2025-07-16,Old High School,Swain,35.498711,-83.310242,2025,7,26.0,28.0
2025-07-16,Pitt Agri. Center,Pitt,35.6412760008938,-77.360126,2025,7,24.0,37.0
2025-07-16,Rockwell,Rowan,35.551868,-80.395039,2025,7,40.0,35.0
2025-07-16,West Johnston Co.,Johnston,35.59095,-78.4622,2025,7,,28.0
2025-07-17,Bryson City,Swain,35.434767,-83.442133,2025,7,29.0,32.0
2025-07-17,Castle Hayne,New Hanover,34.364167,-77.838611,2025,7,19.0,24.5
2025-07-17,Clemmons Middle,Forsyth,36.026612,-80.341962,2025,7,35.0,39.0
2025-07-17,Durham Armory,Durham,36.0329550008979,-78.904037,2025,7,31.0,37.5
2025-07-17,Frying Pan Mountain,Haywood,35.379167,-82.7925,2025,7,35.0,
2025-07-17,Garinger High School,Mecklenburg,35.2401000008895,-80.785683,2025,7,33.0,36.0
2025-07-17,Hattie Avenue,Forsyth,36.11094,-80.224501,2025,7,36.0,38.0
2025-07-17,Leggett,Edgecombe,35.988278,-77.5843,2025,7,31.0,44.0
2025-07-17,Linville Falls,Avery,35.972347,-81.933072,2025,7,31.0,
2025-07-17,Mendenhall School,Guilford,36.1090060008986,-79.802314,2025,7,35.0,39.0
2025-07-17,Millbrook School,Wake,35.856111,-78.574167,2025,7,30.0,43.0
2025-07-17,Old High School,Swain,35.498711,-83.310242,2025,7,29.0,33.0
2025-07-17,Pitt Agri. Center,Pitt,35.6412760008938,-77.360126,2025,7,30.0,36.0
2025-07-17,Rockwell,Rowan,35.551868,-80.395039,2025,7,33.0,35.0
2025-07-17,West Johnston Co.,Johnston,35.59095,-78.4622,2025,7,27.0,47.0
2025-07-18,Bryson City,Swain,35.434767,-83.442133,2025,7,26.0,27.0
2025-07-18,Castle Hayne,New Hanover,34.364167,-77.838611,2025,7,24.0,26.5
2025-07-18,Clemmons Middle,Forsyth,36.026612,-80.341962,2025,7,34.0,37.0
2025-07-18,Durham Armory,Durham,36.0329550008979,-78.904037,2025,7,40.0,30.5
2025-07-18,Frying Pan Mountain,Haywood,35.379167,-82.7925,2025,7,32.0,19.0
2025-07-18,Garinger High School,Mecklenburg,35.2401000008895,-80.785683,2025,7,33.0,41.0
2025-07-18,Hattie Avenue,Forsyth,36.11094,-80.224501,2025,7,38.0,33.5
2025-07-18,Leggett,Edgecombe,35.988278,-77.5843,2025,7,44.0,47.0
2025-07-18,Linville Falls,Avery,35.972347,-81.933072,2025,7,28.0,20.0
2025-07-18,Mendenhall School,Guilford,36.1090060008986,-79.802314,2025,7,40.0,39.0
2025-07-18,Millbrook School,Wake,35.856111,-78.574167,2025,7,37.0,42.5
2025-07-18,Old High School,Swain,35.498711,-83.310242,2025,7,25.0,25.0
2025-07-18,Pitt Agri. Center,Pitt,35.6412760008938,-77.360126,2025,7,34.0,36.0
2025-07-18,Rockwell,Rowan,35.551868,-80.395039,2025,7,39.0,45.0
2025-07-18,West Johnston Co.,Johnston,35.59095,-78.4622,2025,7,35.0,39.0
2025-07-19,Bryson City,Swain,35.434767,-83.442133,2025,7,27.0,20.0
2025-07-19,Castle Hayne,New Hanover,34.364167,-77.838611,2025,7,28.0,30.5
2025-07-19,Clemmons Middle,Forsyth,36.026612,-80.341962,2025,7,31.0,23.0
2025-07-19,Durham Armory,Durham,36.0329550008979,-78.904037,2025,7,33.0,25.0
2025-07-19,Frying Pan Mountain,Haywood,35.379167,-82.7925,2025,7,28.0,
2025-07-19,Garinger High School,Mecklenburg,35.2401000008895,-80.785683,2025,7,42.0,26.0
2025-07-19,Hattie Avenue,Forsyth,36.11094,-80.224501,2025,7,32.0,23.0
2025-07-19,Leggett,Edgecombe,35.988278,-77.5843,2025,7,37.0,42.0
2025-07-19,Linville Falls,Avery,35.972347,-81.933072,2025,7,29.0,
2025-07-19,Mendenhall School,Guilford,36.1090060008986,-79.802314,2025,7,36.0,28.0
2025-07-19,Millbrook School,Wake,35.856111,-78.574167,2025,7,31.0,42.0
2025-07-19,Old High School,Swain,35.498711,-83.310242,2025,7,28.0,24.0
2025-07-19,Pitt Agri. Center,Pitt,35.6412760008938,-77.360126,2025,7,31.0,47.0
2025-07-19,Rockwell,Rowan,35.551868,-80.395039,2025,7,44.0,36.0
2025-07-19,West Johnston Co.,Johnston,35.59095,-78.4622,2025,7,34.0,43.0
2025-07-20,Bryson City,Swain,35.434767,-83.442133,2025,7,28.0,34.0
2025-07-20,Castle Hayne,New Hanover,34.364167,-77.838611,2025,7,31.0,38.0
2025-07-20,Clemmons Middle,Forsyth,36.026612,-80.341962,2025,7,31.0,37.0
2025-07-20,Durham Armory,Durham,36.0329550008979,-78.904037,2025,7,31.0,30.5
2025-07-20,Frying Pan Mountain,Haywood,35.379167,-82.7925,2025,7,29.0,
2025-07-20,Garinger High School,Mecklenburg,35.2401000008895,-80.785683,2025,7,36.0,36.0
2025-07-20,Hattie Avenue,Forsyth,36.11094,-80.224501,2025,7,30.0,36.0
2025-07-20,Leggett,Edgecombe,35.988278,-77.5843,2025,7,35.0,40.0
2025-07-20,Linville Falls,Avery,35.972347,-81.933072,2025,7,31.0,
2025-07-20,Mendenhall School,Guilford,36.1090060008986,-79.802314,2025,7,31.0,33.0
2025-07-20,Millbrook School,Wake,35.856111,-78.574167,2025,7,34.0,39.0
2025-07-20,Old High School,Swain,35.498711,-83.310242,2025,7,19.0,38.0
2025-07-20,Pitt Agri. Center,Pitt,35.6412760008938,-77.360126,2025,7,31.0,37.0
2025-07-20,Rockwell,Rowan,35.551868,-80.395039,2025,7,35.0,36.0
2025-07-20,West Johnston Co.,Johnston,35.59095,-78.4622,2025,7,33.0,43.0
2025-07-21,Bryson City,Swain,35.434767,-83.442133,2025,7,27.0,41.0
2025-07-21,Castle Hayne,New Hanover,34.364167,-77.838611,2025,7,31.0,47.5
2025-07-21,Clemmons Middle,Forsyth,36.026612,-80.341962,2025,7,31.0,41.0
2025-07-21,Durham Armory,Durham,36.0329550008979,-78.904037,2025,7,34.0,32.0
2025-07-21,Frying Pan Mountain,Haywood,35.379167,-82.7925,2025,7,31.0,39.0
2025-07-21,Garinger High School,Mecklenburg,35.2401000008895,-80.785683,2025,7,40.0,51.5
2025-07-21,Hattie Avenue,Forsyth,36.11094,-80.224501,2025,7,32.0,45.5
2025-07-21,Leggett,Edgecombe,35.988278,-77.5843,2025,7,38.0,53.0
2025-07-21,Linville Falls,Avery,35.972347,-81.933072,2025,7,30.0,47.0
2025-07-21,Mendenhall School,Guilford,36.1090060008986,-79.802314,2025,7,32.0,36.0
2025-07-21,Millbrook School,Wake,35.856111,-78.574167,2025,7,36.0,45.5
2025-07-21,Old High School,Swain,35.498711,-83.310242,2025,7,,45.0
2025-07-21,Pitt Agri. Center,Pitt,35.6412760008938,-77.360126,2025,7,35.0,48.0
2025-07-21,Rockwell,Rowan,35.551868,-80.395039,2025,7,34.0,53.0
2025-07-21,West Johnston Co.,Johnston,35.59095,-78.4622,2025,7,44.0,49.0
2025-07-22,Bryson City,Swain,35.434767,-83.442133,2025,7,23.0,37.0
2025-07-22,Castle Hayne,New Hanover,34.364167,-77.838611,2025,7,29.0,46.0
2025-07-22,Clemmons Middle,Forsyth,36.026612,-80.341962,2025,7,44.0,49.0
2025-07-22,Durham Armory,Durham,36.0329550008979,-78.904037,2025,7,44.0,45.0
2025-07-22,Frying Pan Mountain,Haywood,35.379167,-82.7925,2025,7,30.0,
2025-07-22,Garinger High School,Mecklenburg,35.2401000008895,-80.785683,2025,7,32.0,39.0
2025-07-22,Hattie Avenue,Forsyth,36.11094,-80.224501,2025,7,44.0,52.0
2025-07-22,Leggett,Edgecombe,35.988278,-77.5843,2025,7,44.0,42.0
2025-07-22,Linville Falls,Avery,35.972347,-81.933072,2025,7,31.0,
2025-07-22,Mendenhall School,Guilford,36.1090060008986,-79.802314,2025,7,36.0,45.0
2025-07-22,Millbrook School,Wake,35.856111,-78.574167,2025,7,44.0,52.0
2025-07-22,Old High School,Swain,35.498711,-83.310242,2025,7,18.0,41.0
2025-07-22,Pitt Agri. Center,Pitt,35.6412760008938,-77.360126,2025,7,41.0,33.0
2025-07-22,Rockwell,Rowan,35.551868,-80.395039,2025,7,37.0,37.0
2025-07-22,West Johnston Co.,Johnston,35.59095,-78.4622,2025,7,44.0,44.0
2025-07-23,Bryson City,Swain,35.434767,-83.442133,2025,7,31.0,41.0
2025-07-23,Castle Hayne,New Hanover,34.364167,-77.838611,2025,7,31.0,35.0
2025-07-23,Clemmons Middle,Forsyth,36.026612,-80.341962,2025,7,67.0,59.0
2025-07-23,Durham Armory,Durham,36.0329550008979,-78.904037,2025,7,41.0,55.0
2025-07-23,Frying Pan Mountain,Haywood,35.379167,-82.7925,2025,7,39.0,
2025-07-23,Garinger High School,Mecklenburg,35.2401000008895,-80.785683,2025,7,49.0,52.0
2025-07-23,Hattie Avenue,Forsyth,36.11094,-80.224501,2025,7,51.0,59.0
2025-07-23,Leggett,Edgecombe,35.988278,-77.5843,2025,7,,44.0
2025-07-23,Linville Falls,Avery,35.972347,-81.933072,2025,7,39.0,
2025-07-23,Mendenhall School,Guilford,36.1090060008986,-79.802314,2025,7,42.0,53.0
2025-07-23,Millbrook School,Wake,35.856111,-78.574167,2025,7,41.0,55.0
2025-07-23,Old High School,Swain,35.498711,-83.310242,2025,7,32.0,49.0
2025-07-23,Pitt Agri. Center,Pitt,35.6412760008938,-77.360126,2025,7,35.0,55.0
2025-07-23,Rockwell,Rowan,35.551868,-80.395039,2025,7,48.0,53.0
2025-07-23,West Johnston Co.,Johnston,35.59095,-78.4622,2025,7,39.0,48.0
2025-07-24,Bryson City,Swain,35.434767,-83.442133,2025,7,37.0,53.0
2025-07-24,Castle Hayne,New Hanover,34.364167,-77.838611,2025,7,25.0,22.5
2025-07-24,Clemmons Middle,Forsyth,36.026612,-80.341962,2025,7,42.0,55.5
2025-07-24,Durham Armory,Durham,36.0329550008979,-78.904037,2025,7,39.0,36.0
2025-07-24,Frying Pan Mountain,Haywood,35.379167,-82.7925,2025,7,32.0,39.0
2025-07-24,Garinger High School,Mecklenburg,35.2401000008895,-80.785683,2025,7,44.0,51.5
2025-07-24,Hattie Avenue,Forsyth,36.11094,-80.224501,2025,7,50.0,55.5
2025-07-24,Leggett,Edgecombe,35.988278,-77.5843,2025,7,,40.0
2025-07-24,Linville Falls,Avery,35.972347,-81.933072,2025,7,41.0,44.0
2025-07-24,Mendenhall School,Guilford,36.1090060008986,-79.802314,2025,7,42.0,51.0
2025-07-24,Millbrook School,Wake,35.856111,-78.574167,2025,7,38.0,50.0
2025-07-24,Old High School,Swain,35.498711,-83.310242,2025,7,37.0,56.0
2025-07-24,Pitt Agri. Center,Pitt,35.6412760008938,-77.360126,2025,7,31.0,36.0
2025-07-24,Rockwell,Rowan,35.551868,-80.395039,2025,7,35.0,53.0
2025-07-24,West Johnston Co.,Johnston,35.59095,-78.4622,2025,7,39.0,56.0
2025-07-25,Bryson City,Swain,35.434767,-83.442133,2025,7,30.0,34.0
2025-07-25,Castle Hayne,New Hanover,34.364167,-77.838611,2025,7,30.0,36.0
2025-07-25,Clemmons Middle,Forsyth,36.026612,-80.341962,2025,7,44.0,53.0
2025-07-25,Durham Armory,Durham,36.0329550008979,-78.904037,2025,7,45.0,46.5
2025-07-25,Frying Pan Mountain,Haywood,35.379167,-82.7925,2025,7,31.0,
2025-07-25,Garinger High School,Mecklenburg,35.2401000008895,-80.785683,2025,7,45.0,28.0
2025-07-25,Hattie Avenue,Forsyth,36.11094,-80.224501,2025,7,43.0,56.0
2025-07-25,Leggett,Edgecombe,35.988278,-77.5843,2025,7,44.0,52.0
2025-07-25,Linville Falls,Avery,35.972347,-81.933072,2025,7,31.0,
2025-07-25,Mendenhall School,Guilford,36.1090060008986,-79.802314,2025,7,49.0,53.0
2025-07-25,Millbrook School,Wake,35.856111,-78.574167,2025,7,42.0,52.0
2025-07-25,Old High School,Swain,35.498711,-83.310242,2025,7,29.0,41.0
2025-07-25,Pitt Agri. Center,Pitt,35.6412760008938,-77.360126,2025,7,40.0,50.0
2025-07-25,Rockwell,Rowan,35.551868,-80.395039,2025,7,44.0,40.0
2025-07-25,West Johnston Co.,Johnston,35.59095,-78.4622,2025,7,39.0,59.0
2025-07-26,Bryson City,Swain,35.434767,-83.442133,2025,7,30.0,24.0
2025-07-26,Castle Hayne,New Hanover,34.364167,-77.838611,2025,7,31.0,52.0
2025-07-26,Clemmons Middle,Forsyth,36.026612,-80.341962,2025,7,51.0,54.0
2025-07-26,Durham Armory,Durham,36.0329550008979,-78.904037,2025,7,38.0,43.0
2025-07-26,Frying Pan Mountain,Haywood,35.379167,-82.7925,2025,7,30.0,
2025-07-26,Garinger High School,Mecklenburg,35.2401000008895,-80.785683,2025,7,64.0,39.0
2025-07-26,Hattie Avenue,Forsyth,36.11094,-80.224501,2025,7,44.0,55.0
2025-07-26,Leggett,Edgecombe,35.988278,-77.5843,2025,7,38.0,58.0
2025-07-26,Linville Falls,Avery,35.972347,-81.933072,2025,7,31.0,
2025-07-26,Mendenhall School,Guilford,36.1090060008986,-79.802314,2025,7,34.0,53.0
2025-07-26,Millbrook School,Wake,35.856111,-78.574167,2025,7,38.0,58.0
2025-07-26,Old High School,Swain,35.498711,-83.310242,2025,7,31.0,28.0
2025-07-26,Pitt Agri. Center,Pitt,35.6412760008938,-77.360126,2025,7,48.0,59.0
2025-07-26,Rockwell,Rowan,35.551868,-80.395039,2025,7,43.0,38.0
2025-07-26,West Johnston Co.,Johnston,35.59095,-78.4622,2025,7,46.0,57.0
2025-07-27,Bryson City,Swain,35.434767,-83.442133,2025,7,24.0,25.0
2025-07-27,Castle Hayne,New Hanover,34.364167,-77.838611,2025,7,31.0,51.0
2025-07-27,Clemmons Middle,Forsyth,36.026612,-80.341962,2025,7,31.0,32.0
2025-07-27,Durham Armory,Durham,36.0329550008979,-78.904037,2025,7,33.0,33.5
2025-07-27,Frying Pan Mountain,Haywood,35.379167,-82.7925,2025,7,27.0,15.0
2025-07-27,Garinger High School,Mecklenburg,35.2401000008895,-80.785683,2025,7,44.0,46.0
2025-07-27,Hattie Avenue,Forsyth,36.11094,-80.224501,2025,7,31.0,34.0
2025-07-27,Leggett,Edgecombe,35.988278,-77.5843,2025,7,32.0,54.0
2025-07-27,Linville Falls,Avery,35.972347,-81.933072,2025,7,25.0,22.0
2025-07-27,Mendenhall School,Guilford,36.1090060008986,-79.802314,2025,7,31.0,36.0
2025-07-27,Millbrook School,Wake,35.856111,-78.574167,2025,7,35.0,54.5
2025-07-27,Old High School,Swain,35.498711,-83.310242,2025,7,19.0,27.0
2025-07-27,Pitt Agri. Center,Pitt,35.6412760008938,-77.360126,2025,7,32.0,54.0
2025-07-27,Rockwell,Rowan,35.551868,-80.395039,2025,7,35.0,33.0
2025-07-27,West Johnston Co.,Johnston,35.59095,-78.4622,2025,7,44.0,53.0
2025-07-28,Bryson City,Swain,35.434767,-83.442133,2025,7,28.0,16.0
2025-07-28,Castle Hayne,New Hanover,34.364167,-77.838611,2025,7,34.0,38.0
2025-07-28,Clemmons Middle,Forsyth,36.026612,-80.341962,2025,7,41.0,28.0
2025-07-28,Durham Armory,Durham,36.0329550008979,-78.904037,2025,7,36.0,22.0
2025-07-28,Frying Pan Mountain,Haywood,35.379167,-82.7925,2025,7,32.0,
2025-07-28,Garinger High School,Mecklenburg,35.2401000008895,-80.785683,2025,7,44.0,26.0
2025-07-28,Hattie Avenue,Forsyth,36.11094,-80.224501,2025,7,43.0,28.0
2025-07-28,Leggett,Edgecombe,35.988278,-77.5843,2025,7,35.0,47.0
2025-07-28,Linville Falls,Avery,35.972347,-81.933072,2025,7,29.0,
2025-07-28,Mendenhall School,Guilford,36.1090060008986,-79.802314,2025,7,34.0,27.0
2025-07-28,Millbrook School,Wake,35.856111,-78.574167,2025,7,36.0,42.0
2025-07-28,Old High School,Swain,35.498711,-83.310242,2025,7,26.0,22.0
2025-07-28,Pitt Agri. Center,Pitt,35.6412760008938,-77.360126,2025,7,33.0,31.0
2025-07-28,Rockwell,Rowan,35.551868,-80.395039,2025,7,46.0,22.0
2025-07-28,West Johnston Co.,Johnston,35.59095,-78.4622,2025,7,43.0,34.0
2025-07-29,Bryson City,Swain,35.434767,-83.442133,2025,7,29.0,20.0
2025-07-29,Castle Hayne,New Hanover,34.364167,-77.838611,2025,7,29.0,25.0
2025-07-29,Clemmons Middle,Forsyth,36.026612,-80.341962,2025,7,45.0,34.0
2025-07-29,Durham Armory,Durham,36.0329550008979,-78.904037,2025,7,,36.0
2025-07-29,Frying Pan Mountain,Haywood,35.379167,-82.7925,2025,7,31.0,
2025-07-29,Garinger High School,Mecklenburg,35.2401000008895,-80.785683,2025,7,42.0,23.0
2025-07-29,Hattie Avenue,Forsyth,36.11094,-80.224501,2025,7,47.0,33.0
2025-07-29,Leggett,Edgecombe,35.988278,-77.5843,2025,7,38.0,52.0
2025-07-29,Linville Falls,Avery,35.972347,-81.933072,2025,7,24.0,
2025-07-29,Mendenhall School,Guilford,36.1090060008986,-79.802314,2025,7,36.0,41.0
2025-07-29,Millbrook School,Wake,35.856111,-78.574167,2025,7,42.0,43.0
2025-07-29,Old High School,Swain,35.498711,-83.310242,2025,7,27.0,29.0
2025-07-29,Pitt Agri. Center,Pitt,35.6412760008938,-77.360126,2025,7,34.0,39.0
2025-07-29,Rockwell,Rowan,35.551868,-80.395039,2025,7,30.0,38.0
2025-07-29,West Johnston Co.,Johnston,35.59095,-78.4622,2025,7,42.0,39.0
2025-07-30,Bryson City,Swain,35.434767,-83.442133,2025,7,30.0,18.0
2025-07-30,Castle Hayne,New Hanover,34.364167,-77.838611,2025,7,23.0,29.5
2025-07-30,Clemmons Middle,Forsyth,36.026612,-80.341962,2025,7,49.0,48.0
2025-07-30,Durham Armory,Durham,36.0329550008979,-78.904037,2025,7,54.0,26.5
2025-07-30,Frying Pan Mountain,Haywood,35.379167,-82.7925,2025,7,34.0,22.0
2025-07-30,Garinger High School,Mecklenburg,35.2401000008895,-80.785683,2025,7,46.0,41.5
2025-07-30,Hattie Avenue,Forsyth,36.11094,-80.224501,2025,7,54.0,45.5
2025-07-30,Leggett,Edgecombe,35.988278,-77.5843,2025,7,40.0,46.0
2025-07-30,Linville Falls,Avery,35.972347,-81.933072,2025,7,32.0,30.0
2025-07-30,Mendenhall School,Guilford,36.1090060008986,-79.802314,2025,7,41.0,44.0
2025-07-30,Millbrook School,Wake,35.856111,-78.574167,2025,7,44.0,38.5
2025-07-30,Old High School,Swain,35.498711,-83.310242,2025,7,24.0,33.0
2025-07-30,Pitt Agri. Center,Pitt,35.6412760008938,-77.360126,2025,7,36.0,38.0
2025-07-30,Rockwell,Rowan,35.551868,-80.395039,2025,7,41.0,44.0
2025-07-30,West Johnston Co.,Johnston,35.59095,-78.4622,2025,7,38.0,38.0
2025-07-31,Castle Hayne,New Hanover,34.364167,-77.838611,2025,7,30.0,35.0
2025-07-31,Clemmons Middle,Forsyth,36.026612,-80.341962,2025,7,44.0,27.0
2025-07-31,Durham Armory,Durham,36.0329550008979,-78.904037,2025,7,36.0,27.0
2025-07-31,Frying Pan Mountain,Haywood,35.379167,-82.7925,2025,7,33.0,
2025-07-31,Garinger High School,Mecklenburg,35.2401000008895,-80.785683,2025,7,45.0,26.0
2025-07-31,Hattie Avenue,Forsyth,36.11094,-80.224501,2025,7,46.0,29.0
2025-07-31,Leggett,Edgecombe,35.988278,-77.5843,2025,7,38.0,51.0
2025-07-31,Linville Falls,Avery,35.972347,-81.933072,2025,7,25.0,
2025-07-31,Mendenhall School,Guilford,36.1090060008986,-79.802314,2025,7,47.0,39.0
2025-07-31,Millbrook School,Wake,35.856111,-78.574167,2025,7,41.0,52.0
2025-07-31,Old High School,Swain,35.498711,-83.310242,2025,7,23.0,31.0
2025-07-31,Pitt Agri. Center,Pitt,35.6412760008938,-77.360126,2025,7,37.0,40.0
2025-07-31,Rockwell,Rowan,35.551868,-80.395039,2025,7,44.0,28.0
2025-07-31,West Johnston Co.,Johnston,35.59095,-78.4622,2025,7,41.0,44.0
2025-08-01,Bryson City,Swain,35.434767,-83.442133,2025,8,32.0,
2025-08-01,Castle Hayne,New Hanover,34.364167,-77.838611,2025,8,33.0,27.5
2025-08-01,Clemmons Middle,Forsyth,36.026612,-80.341962,2025,8,39.0,28.0
2025-08-01,Durham Armory,Durham,36.0329550008979,-78.904037,2025,8,31.0,25.0
2025-08-01,Frying Pan Mountain,Haywood,35.379167,-82.7925,2025,8,37.0,
2025-08-01,Garinger High School,Mecklenburg,35.2401000008895,-80.785683,2025,8,37.0,31.0
2025-08-01,Hattie Avenue,Forsyth,36.11094,-80.224501,2025,8,36.0,29.0
2025-08-01,Leggett,Edgecombe,35.988278,-77.5843,2025,8,25.0,39.0
2025-08-01,Linville Falls,Avery,35.972347,-81.933072,2025,8,33.0,
2025-08-01,Mendenhall School,Guilford,36.1090060008986,-79.802314,2025,8,31.0,28.0
2025-08-01,Millbrook School,Wake,35.856111,-78.574167,2025,8,31.0,42.0
2025-08-01,Old High School,Swain,35.498711,-83.310242,2025,8,26.0,33.0
2025-08-01,Pitt Agri. Center,Pitt,35.6412760008938,-77.360126,2025,8,27.0,44.0
2025-08-01,Rockwell,Rowan,35.551868,-80.395039,2025,8,32.0,23.0
2025-08-01,West Johnston Co.,Johnston,35.59095,-78.4622,2025,8,31.0,44.0
2025-08-02,Bryson City,Swain,35.434767,-83.442133,2025,8,21.0,16.0
2025-08-02,Castle Hayne,New Hanover,34.364167,-77.838611,2025,8,26.0,30.5
2025-08-02,Clemmons Middle,Forsyth,36.026612,-80.341962,2025,8,34.0,28.0
2025-08-02,Durham Armory,Durham,36.0329550008979,-78.904037,2025,8,31.0,19.0
2025-08-02,Frying Pan Mountain,Haywood,35.379167,-82.7925,2025,8,26.0,1.0
2025-08-02,Garinger High School,Mecklenburg,35.2401000008895,-80.785683,2025,8,24.0,18.0
2025-08-02,Hattie Avenue,Forsyth,36.11094,-80.224501,2025,8,35.0,27.0
2025-08-02,Leggett,Edgecombe,35.988278,-77.5843,2025,8,30.0,28.0
2025-08-02,Linville Falls,Avery,35.972347,-81.933072,2025,8,31.0,2.0
2025-08-02,Mendenhall School,Guilford,36.1090060008986,-79.802314,2025,8,27.0,28.0
2025-08-02,Millbrook School,Wake,35.856111,-78.574167,2025,8,29.0,29.0
2025-08-02,Old High School,Swain,35.498711,-83.310242,2025,8,20.0,21.0
2025-08-02,Pitt Agri. Center,Pitt,35.6412760008938,-77.360126,2025,8,29.0,19.0
2025-08-02,Rockwell,Rowan,35.551868,-80.395039,2025,8,27.0,26.0
2025-08-02,West Johnston Co.,Johnston,35.59095,-78.4622,2025,8,30.0,18.0
2025-08-03,Bryson City,Swain,35.434767,-83.442133,2025,8,25.0,22.0
2025-08-03,Castle Hayne,New Hanover,34.364167,-77.838611,2025,8,29.0,41.0
2025-08-03,Clemmons Middle,Forsyth,36.026612,-80.341962,2025,8,33.0,46.0
2025-08-03,Durham Armory,Durham,36.0329550008979,-78.904037,2025,8,41.0,32.0
2025-08-03,Frying Pan Mountain,Haywood,35.379167,-82.7925,2025,8,34.0,
2025-08-03,Garinger High School,Mecklenburg,35.2401000008895,-80.785683,2025,8,33.0,38.0
2025-08-03,Hattie Avenue,Forsyth,36.11094,-80.224501,2025,8,32.0,48.0
2025-08-03,Leggett,Edgecombe,35.988278,-77.5843,2025,8,37.0,33.0
2025-08-03,Linville Falls,Avery,35.972347,-81.933072,2025,8,33.0,
2025-08-03,Mendenhall School,Guilford,36.1090060008986,-79.802314,2025,8,33.0,38.0
2025-08-03,Millbrook School,Wake,35.856111,-78.574167,2025,8,38.0,34.0
2025-08-03,Old High School,Swain,35.498711,-83.310242,2025,8,24.0,25.0
2025-08-03,Pitt Agri. Center,Pitt,35.6412760008938,-77.360126,2025,8,35.0,29.0
2025-08-03,Rockwell,Rowan,35.551868,-80.395039,2025,8,32.0,39.0
2025-08-03,West Johnston Co.,Johnston,35.59095,-78.4622,2025,8,37.0,34.0
2025-08-04,Bryson City,Swain,35.434767,-83.442133,2025,8,23.0,25.0
2025-08-04,Castle Hayne,New Hanover,34.364167,-77.838611,2025,8,29.0,35.5
2025-08-04,Clemmons Middle,Forsyth,36.026612,-80.341962,2025,8,44.0,48.0
2025-08-04,Durham Armory,Durham,36.0329550008979,-78.904037,2025,8,44.0,34.5
2025-08-04,Frying Pan Mountain,Haywood,35.379167,-82.7925,2025,8,35.0,
2025-08-04,Garinger High School,Mecklenburg,35.2401000008895,-80.785683,2025,8,36.0,45.0
2025-08-04,Hattie Avenue,Forsyth,36.11094,-80.224501,2025,8,42.0,47.0
2025-08-04,Leggett,Edgecombe,35.988278,-77.5843,2025,8,41.0,31.0
2025-08-04,Linville Falls,Avery,35.972347,-81.933072,2025,8,35.0,
2025-08-04,Mendenhall School,Guilford,36.1090060008986,-79.802314,2025,8,37.0,46.0
2025-08-04,Millbrook School,Wake,35.856111,-78.574167,2025,8,41.0,38.0
2025-08-04,Old High School,Swain,35.498711,-83.310242,2025,8,22.0,26.0
2025-08-04,Pitt Agri. Center,Pitt,35.6412760008938,-77.360126,2025,8,37.0,22.0
2025-08-04,Rockwell,Rowan,35.551868,-80.395039,2025,8,37.0,45.0
2025-08-04,West Johnston Co.,Johnston,35.59095,-78.4622,2025,8,42.0,39.0
2025-08-05,Bryson City,Swain,35.434767,-83.442133,2025,8,24.0,13.0
2025-08-05,Castle Hayne,New Hanover,34.364167,-77.838611,2025,8,27.0,27.0
2025-08-05,Clemmons Middle,Forsyth,36.026612,-80.341962,2025,8,34.0,40.0
2025-08-05,Durham Armory,Durham,36.0329550008979,-78.904037,2025,8,36.0,24.5
2025-08-05,Frying Pan Mountain,Haywood,35.379167,-82.7925,2025,8,29.0,2.0
2025-08-05,Garinger High School,Mecklenburg,35.2401000008895,-80.785683,2025,8,33.0,26.0
2025-08-05,Hattie Avenue,Forsyth,36.11094,-80.224501,2025,8,36.0,41.0
2025-08-05,Leggett,Edgecombe,35.988278,-77.5843,2025,8,28.0,32.0
2025-08-05,Linville Falls,Avery,35.972347,-81.933072,2025,8,33.0,16.0
2025-08-05,Mendenhall School,Guilford,36.1090060008986,-79.802314,2025,8,31.0,32.0
2025-08-05,Millbrook School,Wake,35.856111,-78.574167,2025,8,29.0,38.0
2025-08-05,Old High School,Swain,35.498711,-83.310242,2025,8,26.0,17.0
2025-08-05,Pitt Agri. Center,Pitt,35.6412760008938,-77.360126,2025,8,30.0,26.0
2025-08-05,Rockwell,Rowan,35.551868,-80.395039,2025,8,32.0,23.0
2025-08-05,West Johnston Co.,Johnston,35.59095,-78.4622,2025,8,30.0,36.0
2025-08-06,Bryson City,Swain,35.434767,-83.442133,2025,8,26.0,21.0
2025-08-06,Castle Hayne,New Hanover,34.364167,-77.838611,2025,8,25.0,14.0
2025-08-06,Clemmons Middle,Forsyth,36.026612,-80.341962,2025,8,28.0,36.0
2025-08-06,Durham Armory,Durham,36.0329550008979,-78.904037,2025,8,30.0,10.0
2025-08-06,Frying Pan Mountain,Haywood,35.379167,-82.7925,2025,8,26.0,
2025-08-06,Garinger High School,Mecklenburg,35.2401000008895,-80.785683,2025,8,24.0,21.0
2025-08-06,Hattie Avenue,Forsyth,36.11094,-80.224501,2025,8,30.0,37.0
2025-08-06,Leggett,Edgecombe,35.988278,-77.5843,2025,8,26.0,35.0
2025-08-06,Linville Falls,Avery,35.972347,-81.933072,2025,8,26.0,
2025-08-06,Mendenhall School,Guilford,36.1090060008986,-79.802314,2025,8,26.0,20.0
2025-08-06,Millbrook School,Wake,35.856111,-78.574167,2025,8,31.0,28.0
2025-08-06,Old High School,Swain,35.498711,-83.310242,2025,8,22.0,25.5
2025-08-06,Pitt Agri. Center,Pitt,35.6412760008938,-77.360126,2025,8,26.0,33.0
2025-08-06,Rockwell,Rowan,35.551868,-80.395039,2025,8,26.0,16.0
2025-08-06,West Johnston Co.,Johnston,35.59095,-78.4622,2025,8,29.0,26.0
2025-08-07,Bryson City,Swain,35.434767,-83.442133,2025,8,26.0,24.0
2025-08-07,Castle Hayne,New Hanover,34.364167,-77.838611,2025,8,26.0,49.0
2025-08-07,Clemmons Middle,Forsyth,36.026612,-80.341962,2025,8,27.0,64.0
2025-08-07,Durham Armory,Durham,36.0329550008979,-78.904037,2025,8,31.0,61.0
2025-08-07,Frying Pan Mountain,Haywood,35.379167,-82.7925,2025,8,29.0,
2025-08-07,Garinger High School,Mecklenburg,35.2401000008895,-80.785683,2025,8,29.0,44.0
2025-08-07,Hattie Avenue,Forsyth,36.11094,-80.224501,2025,8,26.0,66.0
2025-08-07,Leggett,Edgecombe,35.988278,-77.5843,2025,8,31.0,68.0
2025-08-07,Linville Falls,Avery,35.972347,-81.933072,2025,8,31.0,
2025-08-07,Mendenhall School,Guilford,36.1090060008986,-79.802314,2025,8,21.0,60.0
2025-08-07,Millbrook School,Wake,35.856111,-78.574167,2025,8,28.0,67.0
2025-08-07,Old High School,Swain,35.498711,-83.310242,2025,8,24.0,28.0
2025-08-07,Pitt Agri. Center,Pitt,35.6412760008938,-77.360126,2025,8,31.0,68.0
2025-08-07,Rockwell,Rowan,35.551868,-80.395039,2025,8,28.0,52.0
2025-08-07,West Johnston Co.,Johnston,35.59095,-78.4622,2025,8,27.0,62.0
2025-08-08,Bryson City,Swain,35.434767,-83.442133,2025,8,30.0,36.0
2025-08-08,Castle Hayne,New Hanover,34.364167,-77.838611,2025,8,23.0,62.5
2025-08-08,Clemmons Middle,Forsyth,36.026612,-80.341962,2025,8,39.0,85.0
2025-08-08,Durham Armory,Durham,36.0329550008979,-78.904037,2025,8,37.0,69.5
2025-08-08,Frying Pan Mountain,Haywood,35.379167,-82.7925,2025,8,30.0,19.0
2025-08-08,Garinger High School,Mecklenburg,35.2401000008895,-80.785683,2025,8,34.0,74.5
2025-08-08,Hattie Avenue,Forsyth,36.11094,-80.224501,2025,8,39.0,81.5
2025-08-08,Leggett,Edgecombe,35.988278,-77.5843,2025,8,28.0,63.0
2025-08-08,Linville Falls,Avery,35.972347,-81.933072,2025,8,34.0,65.0
2025-08-08,Mendenhall School,Guilford,36.1090060008986,-79.802314,2025,8,33.0,72.0
2025-08-08,Millbrook School,Wake,35.856111,-78.574167,2025,8,30.0,70.0
2025-08-08,Old High School,Swain,35.498711,-83.310242,2025,8,24.0,37.0
2025-08-08,Pitt Agri. Center,Pitt,35.6412760008938,-77.360126,2025,8,28.0,61.0
2025-08-08,Rockwell,Rowan,35.551868,-80.395039,2025,8,37.0,81.0
2025-08-08,West Johnston Co.,Johnston,35.59095,-78.4622,2025,8,27.0,68.0
2025-08-09,Bryson City,Swain,35.434767,-83.442133,2025,8,28.0,58.0
2025-08-09,Castle Hayne,New Hanover,34.364167,-77.838611,2025,8,24.0,29.0
2025-08-09,Clemmons Middle,Forsyth,36.026612,-80.341962,2025,8,37.0,61.0
2025-08-09,Durham Armory,Durham,36.0329550008979,-78.904037,2025,8,37.0,40.5
2025-08-09,Frying Pan Mountain,Haywood,35.379167,-82.7925,2025,8,30.0,
2025-08-09,Garinger High School,Mecklenburg,35.2401000008895,-80.785683,2025,8,32.0,57.0
2025-08-09,Hattie Avenue,Forsyth,36.11094,-80.224501,2025,8,36.0,60.0
2025-08-09,Leggett,Edgecombe,35.988278,-77.5843,2025,8,28.0,33.0
2025-08-09,Linville Falls,Avery,35.972347,-81.933072,2025,8,32.0,
2025-08-09,Mendenhall School,Guilford,36.1090060008986,-79.802314,2025,8,31.0,48.0
2025-08-09,Millbrook School,Wake,35.856111,-78.574167,2025,8,32.0,44.0
2025-08-09,Old High School,Swain,35.498711,-83.310242,2025,8,29.0,54.0
2025-08-09,Pitt Agri. Center,Pitt,35.6412760008938,-77.360126,2025,8,27.0,27.0
2025-08-09,Rockwell,Rowan,35.551868,-80.395039,2025,8,34.0,57.0
2025-08-09,West Johnston Co.,Johnston,35.59095,-78.4622,2025,8,31.0,39.0
2025-08-10,Bryson City,Swain,35.434767,-83.442133,2025,8,22.0,45.0
2025-08-10,Castle Hayne,New Hanover,34.364167,-77.838611,2025,8,23.0,13.5
2025-08-10,Clemmons Middle,Forsyth,36.026612,-80.341962,2025,8,39.0,51.0
2025-08-10,Durham Armory,Durham,36.0329550008979,-78.904037,2025,8,33.0,29.5
2025-08-10,Frying Pan Mountain,Haywood,35.379167,-82.7925,2025,8,25.0,
2025-08-10,Garinger High School,Mecklenburg,35.2401000008895,-80.785683,2025,8,26.0,31.0
2025-08-10,Hattie Avenue,Forsyth,36.11094,-80.224501,2025,8,36.0,48.0
2025-08-10,Leggett,Edgecombe,35.988278,-77.5843,2025,8,24.0,31.0
2025-08-10,Linville Falls,Avery,35.972347,-81.933072,2025,8,28.0,
2025-08-10,Mendenhall School,Guilford,36.1090060008986,-79.802314,2025,8,32.0,42.0
2025-08-10,Millbrook School,Wake,35.856111,-78.574167,2025,8,28.0,35.0
2025-08-10,Old High School,Swain,35.498711,-83.310242,2025,8,22.0,40.0
2025-08-10,Pitt Agri. Center,Pitt,35.6412760008938,-77.360126,2025,8,24.0,15.0
2025-08-10,Rockwell,Rowan,35.551868,-80.395039,2025,8,26.0,47.0
2025-08-10,West Johnston Co.,Johnston,35.59095,-78.4622,2025,8,27.0,29.0
2025-08-11,Bryson City,Swain,35.434767,-83.442133,2025,8,20.0,24.0
2025-08-11,Castle Hayne,New Hanover,34.364167,-77.838611,2025,8,15.0,9.5
2025-08-11,Clemmons Middle,Forsyth,36.026612,-80.341962,2025,8,24.0,26.0
2025-08-11,Durham Armory,Durham,36.0329550008979,-78.904037,2025,8,25.0,9.5
2025-08-11,Frying Pan Mountain,Haywood,35.379167,-82.7925,2025,8,19.0,2.0
2025-08-11,Garinger High School,Mecklenburg,35.2401000008895,-80.785683,2025,8,17.0,8.5
2025-08-11,Hattie Avenue,Forsyth,36.11094,-80.224501,2025,8,22.0,30.0
2025-08-11,Leggett,Edgecombe,35.988278,-77.5843,2025,8,19.0,22.0
2025-08-11,Linville Falls,Avery,35.972347,-81.933072,2025,8,21.0,10.0
2025-08-11,Mendenhall School,Guilford,36.1090060008986,-79.802314,2025,8,19.0,26.0
2025-08-11,Millbrook School,Wake,35.856111,-78.574167,2025,8,19.0,22.0
2025-08-11,Old High School,Swain,35.498711,-83.310242,2025,8,16.0,21.0
2025-08-11,Pitt Agri. Center,Pitt,35.6412760008938,-77.360126,2025,8,17.0,11.0
2025-08-11,Rockwell,Rowan,35.551868,-80.395039,2025,8,15.0,13.0
2025-08-11,West Johnston Co.,Johnston,35.59095,-78.4622,2025,8,21.0,24.0
2025-08-12,Bryson City,Swain,35.434767,-83.442133,2025,8,16.0,16.0
2025-08-12,Castle Hayne,New Hanover,34.364167,-77.838611,2025,8,10.0,11.0
2025-08-12,Clemmons Middle,Forsyth,36.026612,-80.341962,2025,8,21.0,18.0
2025-08-12,Durham Armory,Durham,36.0329550008979,-78.904037,2025,8,19.0,9.0
2025-08-12,Frying Pan Mountain,Haywood,35.379167,-82.7925,2025,8,23.0,
2025-08-12,Garinger High School,Mecklenburg,35.2401000008895,-80.785683,2025,8,22.0,20.0
2025-08-12,Hattie Avenue,Forsyth,36.11094,-80.224501,2025,8,21.0,21.0
2025-08-12,Leggett,Edgecombe,35.988278,-77.5843,2025,8,19.0,16.0
2025-08-12,Linville Falls,Avery,35.972347,-81.933072,2025,8,19.0,
2025-08-12,Mendenhall School,Guilford,36.1090060008986,-79.802314,2025,8,23.0,17.0
2025-08-12,Millbrook School,Wake,35.856111,-78.574167,2025,8,15.0,22.0
2025-08-12,Old High School,Swain,35.498711,-83.310242,2025,8,19.0,36.5
2025-08-12,Pitt Agri. Center,Pitt,35.6412760008938,-77.360126,2025,8,15.0,8.0
2025-08-12,Rockwell,Rowan,35.551868,-80.395039,2025,8,21.0,23.0
2025-08-12,West Johnston Co.,Johnston,35.59095,-78.4622,2025,8,19.0,17.0
2025-08-13,Bryson City,Swain,35.434767,-83.442133,2025,8,18.0,13.0
2025-08-13,Castle Hayne,New Hanover,34.364167,-77.838611,2025,8,13.0,18.0
2025-08-13,Clemmons Middle,Forsyth,36.026612,-80.341962,2025,8,24.0,26.0
2025-08-13,Durham Armory,Durham,36.0329550008979,-78.904037,2025,8,24.0,11.0
2025-08-13,Frying Pan Mountain,Haywood,35.379167,-82.7925,2025,8,23.0,
2025-08-13,Garinger High School,Mecklenburg,35.2401000008895,-80.785683,2025,8,21.0,27.0
2025-08-13,Hattie Avenue,Forsyth,36.11094,-80.224501,2025,8,24.0,29.0
2025-08-13,Leggett,Edgecombe,35.988278,-77.5843,2025,8,24.0,28.0
2025-08-13,Linville Falls,Avery,35.972347,-81.933072,2025,8,22.0,
2025-08-13,Mendenhall School,Guilford,36.1090060008986,-79.802314,2025,8,24.0,38.0
2025-08-13,Millbrook School,Wake,35.856111,-78.574167,2025,8,22.0,28.0
2025-08-13,Old High School,Swain,35.498711,-83.310242,2025,8,18.0,18.0
2025-08-13,Pitt Agri. Center,Pitt,35.6412760008938,-77.360126,2025,8,23.0,23.0
2025-08-13,Rockwell,Rowan,35.551868,-80.395039,2025,8,25.0,29.0
2025-08-13,West Johnston Co.,Johnston,35.59095,-78.4622,2025,8,36.0,21.0
2025-08-14,Bryson City,Swain,35.434767,-83.442133,2025,8,23.0,17.0
2025-08-14,Castle Hayne,New Hanover,34.364167,-77.838611,2025,8,21.0,17.0
2025-08-14,Clemmons Middle,Forsyth,36.026612,-80.341962,2025,8,27.0,20.0
2025-08-14,Durham Armory,Durham,36.0329550008979,-78.904037,2025,8,29.0,12.5
2025-08-14,Frying Pan Mountain,Haywood,35.379167,-82.7925,2025,8,35.0,
2025-08-14,Garinger High School,Mecklenburg,35.2401000008895,-80.785683,2025,8,31.0,23.5
2025-08-14,Hattie Avenue,Forsyth,36.11094,-80.224501,2025,8,30.0,28.0
2025-08-14,Leggett,Edgecombe,35.988278,-77.5843,2025,8,22.0,42.0
2025-08-14,Linville Falls,Avery,35.972347,-81.933072,2025,8,27.0,19.0
2025-08-14,Mendenhall School,Guilford,36.1090060008986,-79.802314,2025,8,37.0,23.0
2025-08-14,Millbrook School,Wake,35.856111,-78.574167,2025,8,27.0,35.0
2025-08-14,Old High School,Swain,35.498711,-83.310242,2025,8,17.0,23.0
2025-08-14,Pitt Agri. Center,Pitt,35.6412760008938,-77.360126,2025,8,23.0,31.0
2025-08-14,Rockwell,Rowan,35.551868,-80.395039,2025,8,27.0,30.0
2025-08-14,West Johnston Co.,Johnston,35.59095,-78.4622,2025,8,31.0,38.0
2025-08-15,Bryson City,Swain,35.434767,-83.442133,2025,8,30.0,29.0
2025-08-15,Castle Hayne,New Hanover,34.364167,-77.838611,2025,8,20.0,25.0
2025-08-15,Clemmons Middle,Forsyth,36.026612,-80.341962,2025,8,46.0,37.0
2025-08-15,Durham Armory,Durham,36.0329550008979,-78.904037,2025,8,39.0,25.5
2025-08-15,Frying Pan Mountain,Haywood,35.379167,-82.7925,2025,8,43.0,
2025-08-15,Garinger High School,Mecklenburg,35.2401000008895,-80.785683,2025,8,42.0,36.0
2025-08-15,Hattie Avenue,Forsyth,36.11094,-80.224501,2025,8,44.0,42.0
2025-08-15,Leggett,Edgecombe,35.988278,-77.5843,2025,8,30.0,29.0
2025-08-15,Linville Falls,Avery,35.972347,-81.933072,2025,8,29.0,
2025-08-15,Mendenhall School,Guilford,36.1090060008986,-79.802314,2025,8,38.0,33.0
2025-08-15,Millbrook School,Wake,35.856111,-78.574167,2025,8,36.0,43.0
2025-08-15,Old High School,Swain,35.498711,-83.310242,2025,8,26.0,36.0
2025-08-15,Pitt Agri. Center,Pitt,35.6412760008938,-77.360126,2025,8,24.0,24.0
2025-08-15,Rockwell,Rowan,35.551868,-80.395039,2025,8,44.0,37.0
2025-08-15,West Johnston Co.,Johnston,35.59095,-78.4622,2025,8,43.0,39.0
2025-08-16,Bryson City,Swain,35.434767,-83.442133,2025,8,24.0,38.0
2025-08-16,Castle Hayne,New Hanover,34.364167,-77.838611,2025,8,20.0,28.5
2025-08-16,Clemmons Middle,Forsyth,36.026612,-80.341962,2025,8,45.0,51.0
2025-08-16,Durham Armory,Durham,36.0329550008979,-78.904037,2025,8,32.0,27.0
2025-08-16,Frying Pan Mountain,Haywood,35.379167,-82.7925,2025,8,39.0,
2025-08-16,Garinger High School,Mecklenburg,35.2401000008895,-80.785683,2025,8,43.0,51.0
2025-08-16,Hattie Avenue,Forsyth,36.11094,-80.224501,2025,8,45.0,52.0
2025-08-16,Leggett,Edgecombe,35.988278,-77.5843,2025,8,34.0,42.0
2025-08-16,Linville Falls,Avery,35.972347,-81.933072,2025,8,26.0,
2025-08-16,Mendenhall School,Guilford,36.1090060008986,-79.802314,2025,8,36.0,46.0
2025-08-16,Millbrook School,Wake,35.856111,-78.574167,2025,8,30.0,51.0
2025-08-16,Old High School,Swain,35.498711,-83.310242,2025,8,24.0,41.0
2025-08-16,Pitt Agri. Center,Pitt,35.6412760008938,-77.360126,2025,8,31.0,32.0
2025-08-16,Rockwell,Rowan,35.551868,-80.395039,2025,8,38.0,51.0
2025-08-16,West Johnston Co.,Johnston,35.59095,-78.4622,2025,8,32.0,46.0
2025-08-17,Bryson City,Swain,35.434767,-83.442133,2025,8,29.0,45.0
2025-08-17,Castle Hayne,New Hanover,34.364167,-77.838611,2025,8,32.0,40.5
2025-08-17,Clemmons Middle,Forsyth,36.026612,-80.341962,2025,8,37.0,52.5
2025-08-17,Durham Armory,Durham,36.0329550008979,-78.904037,2025,8,39.0,33.5
2025-08-17,Frying Pan Mountain,Haywood,35.379167,-82.7925,2025,8,42.0,38.0
2025-08-17,Garinger High School,Mecklenburg,35.2401000008895,-80.785683,2025,8,45.0,51.5
2025-08-17,Hattie Avenue,Forsyth,36.11094,-80.224501,2025,8,37.0,53.5
2025-08-17,Leggett,Edgecombe,35.988278,-77.5843,2025,8,35.0,46.0
2025-08-17,Linville Falls,Avery,35.972347,-81.933072,2025,8,38.0,51.0
2025-08-17,Mendenhall School,Guilford,36.1090060008986,-79.802314,2025,8,37.0,49.0
2025-08-17,Millbrook School,Wake,35.856111,-78.574167,2025,8,39.0,51.5
2025-08-17,Old High School,Swain,35.498711,-83.310242,2025,8,29.0,46.0
2025-08-17,Pitt Agri. Center,Pitt,35.6412760008938,-77.360126,2025,8,35.0,46.0
2025-08-17,Rockwell,Rowan,35.551868,-80.395039,2025,8,40.0,44.0
2025-08-17,West Johnston Co.,Johnston,35.59095,-78.4622,2025,8,40.0,55.0
2025-08-18,Bryson City,Swain,35.434767,-83.442133,2025,8,30.0,47.0
2025-08-18,Castle Hayne,New Hanover,34.364167,-77.838611,2025,8,35.0,45.0
2025-08-18,Clemmons Middle,Forsyth,36.026612,-80.341962,2025,8,46.0,47.0
2025-08-18,Durham Armory,Durham,36.0329550008979,-78.904037,2025,8,36.0,29.5
2025-08-18,Frying Pan Mountain,Haywood,35.379167,-82.7925,2025,8,38.0,
2025-08-18,Garinger High School,Mecklenburg,35.2401000008895,-80.785683,2025,8,43.0,52.0
2025-08-18,Hattie Avenue,Forsyth,36.11094,-80.224501,2025,8,46.0,51.0
2025-08-18,Leggett,Edgecombe,35.988278,-77.5843,2025,8,38.0,52.0
2025-08-18,Linville Falls,Avery,35.972347,-81.933072,2025,8,32.0,
2025-08-18,Mendenhall School,Guilford,36.1090060008986,-79.802314,2025,8,36.0,48.0
2025-08-18,Millbrook School,Wake,35.856111,-78.574167,2025,8,38.0,53.0
2025-08-18,Old High School,Swain,35.498711,-83.310242,2025,8,30.0,43.0
2025-08-18,Pitt Agri. Center,Pitt,35.6412760008938,-77.360126,2025,8,32.0,53.0
2025-08-18,Rockwell,Rowan,35.551868,-80.395039,2025,8,44.0,49.0
2025-08-18,West Johnston Co.,Johnston,35.59095,-78.4622,2025,8,39.0,52.0
2025-08-19,Bryson City,Swain,35.434767,-83.442133,2025,8,29.0,37.0
2025-08-19,Castle Hayne,New Hanover,34.364167,-77.838611,2025,8,25.0,46.0
2025-08-19,Clemmons Middle,Forsyth,36.026612,-80.341962,2025,8,,36.0
2025-08-19,Durham Armory,Durham,36.0329550008979,-78.904037,2025,8,22.0,10.5
2025-08-19,Frying Pan Mountain,Haywood,35.379167,-82.7925,2025,8,36.0,
2025-08-19,Garinger High School,Mecklenburg,35.2401000008895,-80.785683,2025,8,41.0,42.0
2025-08-19,Hattie Avenue,Forsyth,36.11094,-80.224501,2025,8,35.0,37.0
2025-08-19,Leggett,Edgecombe,35.988278,-77.5843,2025,8,22.0,20.0
2025-08-19,Linville Falls,Avery,35.972347,-81.933072,2025,8,29.0,
2025-08-19,Mendenhall School,Guilford,36.1090060008986,-79.802314,2025,8,25.0,26.0
2025-08-19,Millbrook School,Wake,35.856111,-78.574167,2025,8,22.0,28.0
2025-08-19,Old High School,Swain,35.498711,-83.310242,2025,8,31.0,38.0
2025-08-19,Pitt Agri. Center,Pitt,35.6412760008938,-77.360126,2025,8,20.0,22.0
2025-08-19,Rockwell,Rowan,35.551868,-80.395039,2025,8,36.0,39.0
2025-08-19,West Johnston Co.,Johnston,35.59095,-78.4622,2025,8,25.0,26.0
2025-08-20,Bryson City,Swain,35.434767,-83.442133,2025,8,26.0,27.0
2025-08-20,Castle Hayne,New Hanover,34.364167,-77.838611,2025,8,16.0,23.5
2025-08-20,Clemmons Middle,Forsyth,36.026612,-80.341962,2025,8,36.0,44.0
2025-08-20,Durham Armory,Durham,36.0329550008979,-78.904037,2025,8,29.0,12.5
2025-08-20,Frying Pan Mountain,Haywood,35.379167,-82.7925,2025,8,36.0,29.0
2025-08-20,Garinger High School,Mecklenburg,35.2401000008895,-80.785683,2025,8,41.0,43.0
2025-08-20,Hattie Avenue,Forsyth,36.11094,-80.224501,2025,8,32.0,43.0
2025-08-20,Leggett,Edgecombe,35.988278,-77.5843,2025,8,20.0,23.0
2025-08-20,Linville Falls,Avery,35.972347,-81.933072,2025,8,31.0,38.0
2025-08-20,Mendenhall School,Guilford,36.1090060008986,-79.802314,2025,8,25.0,32.0
2025-08-20,Millbrook School,Wake,35.856111,-78.574167,2025,8,24.0,30.5
2025-08-20,Old High School,Swain,35.498711,-83.310242,2025,8,29.0,30.0
2025-08-20,Pitt Agri. Center,Pitt,35.6412760008938,-77.360126,2025,8,19.0,22.0
2025-08-20,Rockwell,Rowan,35.551868,-80.395039,2025,8,35.0,35.0
2025-08-20,West Johnston Co.,Johnston,35.59095,-78.4622,2025,8,24.0,28.0
2025-08-21,Bryson City,Swain,35.434767,-83.442133,2025,8,29.0,29.0
2025-08-21,Castle Hayne,New Hanover,34.364167,-77.838611,2025,8,23.0,26.0
2025-08-21,Clemmons Middle,Forsyth,36.026612,-80.341962,2025,8,35.0,35.0
2025-08-21,Durham Armory,Durham,36.0329550008979,-78.904037,2025,8,28.0,14.0
2025-08-21,Frying Pan Mountain,Haywood,35.379167,-82.7925,2025,8,32.0,
2025-08-21,Garinger High School,Mecklenburg,35.2401000008895,-80.785683,2025,8,39.0,42.0
2025-08-21,Hattie Avenue,Forsyth,36.11094,-80.224501,2025,8,38.0,35.0
2025-08-21,Leggett,Edgecombe,35.988278,-77.5843,2025,8,25.0,23.0
2025-08-21,Linville Falls,Avery,35.972347,-81.933072,2025,8,24.0,
2025-08-21,Mendenhall School,Guilford,36.1090060008986,-79.802314,2025,8,31.0,25.0
2025-08-21,Millbrook School,Wake,35.856111,-78.574167,2025,8,24.0,31.0
2025-08-21,Old High School,Swain,35.498711,-83.310242,2025,8,23.0,33.0
2025-08-21,Pitt Agri. Center,Pitt,35.6412760008938,-77.360126,2025,8,23.0,23.0
2025-08-21,Rockwell,Rowan,35.551868,-80.395039,2025,8,36.0,36.0
2025-08-21,West Johnston Co.,Johnston,35.59095,-78.4622,2025,8,25.0,31.0
2025-08-22,Bryson City,Swain,35.434767,-83.442133,2025,8,29.0,32.0
2025-08-22,Castle Hayne,New Hanover,34.364167,-77.838611,2025,8,29.0,17.5
2025-08-22,Clemmons Middle,Forsyth,36.026612,-80.341962,2025,8,31.0,24.0
2025-08-22,Durham Armory,Durham,36.0329550008979,-78.904037,2025,8,33.0,10.5
2025-08-22,Frying Pan Mountain,Haywood,35.379167,-82.7925,2025,8,27.0,
2025-08-22,Garinger High School,Mecklenburg,35.2401000008895,-80.785683,2025,8,25.0,16.0
2025-08-22,Hattie Avenue,Forsyth,36.11094,-80.224501,2025,8,32.0,23.0
2025-08-22,Leggett,Edgecombe,35.988278,-77.5843,2025,8,34.0,26.0
2025-08-22,Linville Falls,Avery,35.972347,-81.933072,2025,8,31.0,
2025-08-22,Mendenhall School,Guilford,36.1090060008986,-79.802314,2025,8,27.0,19.0
2025-08-22,Millbrook School,Wake,35.856111,-78.574167,2025,8,28.0,30.0
2025-08-22,Old High School,Swain,35.498711,-83.310242,2025,8,32.0,34.0
2025-08-22,Pitt Agri. Center,Pitt,35.6412760008938,-77.360126,2025,8,34.0,16.0
2025-08-22,Rockwell,Rowan,35.551868,-80.395039,2025,8,27.0,26.0
2025-08-22,West Johnston Co.,Johnston,35.59095,-78.4622,2025,8,30.0,25.0
2025-08-23,Bryson City,Swain,35.434767,-83.442133,2025,8,22.0,30.0
2025-08-23,Castle Hayne,New Hanover,34.364167,-77.838611,2025,8,32.0,18.5
2025-08-23,Clemmons Middle,Forsyth,36.026612,-80.341962,2025,8,31.0,33.0
2025-08-23,Durham Armory,Durham,36.0329550008979,-78.904037,2025,8,40.0,26.0
2025-08-23,Frying Pan Mountain,Haywood,35.379167,-82.7925,2025,8,34.0,12.0
2025-08-23,Garinger High School,Mecklenburg,35.2401000008895,-80.785683,2025,8,31.0,34.5
2025-08-23,Hattie Avenue,Forsyth,36.11094,-80.224501,2025,8,35.0,36.0
2025-08-23,Leggett,Edgecombe,35.988278,-77.5843,2025,8,32.0,29.0
2025-08-23,Linville Falls,Avery,35.972347,-81.933072,2025,8,30.0,28.0
2025-08-23,Mendenhall School,Guilford,36.1090060008986,-79.802314,2025,8,32.0,32.0
2025-08-23,Millbrook School,Wake,35.856111,-78.574167,2025,8,34.0,38.5
2025-08-23,Old High School,Swain,35.498711,-83.310242,2025,8,,25.5
2025-08-23,Pitt Agri. Center,Pitt,35.6412760008938,-77.360126,2025,8,31.0,29.0
2025-08-23,Rockwell,Rowan,35.551868,-80.395039,2025,8,29.0,32.0
2025-08-23,West Johnston Co.,Johnston,35.59095,-78.4622,2025,8,33.0,38.0
2025-08-24,Bryson City,Swain,35.434767,-83.442133,2025,8,29.0,31.0
2025-08-24,Castle Hayne,New Hanover,34.364167,-77.838611,2025,8,24.0,20.0
2025-08-24,Clemmons Middle,Forsyth,36.026612,-80.341962,2025,8,34.0,33.0
2025-08-24,Durham Armory,Durham,36.0329550008979,-78.904037,2025,8,35.0,21.5
2025-08-24,Frying Pan Mountain,Haywood,35.379167,-82.7925,2025,8,31.0,
2025-08-24,Garinger High School,Mecklenburg,35.2401000008895,-80.785683,2025,8,46.0,36.0
2025-08-24,Hattie Avenue,Forsyth,36.11094,-80.224501,2025,8,39.0,39.0
2025-08-24,Leggett,Edgecombe,35.988278,-77.5843,2025,8,27.0,32.0
2025-08-24,Linville Falls,Avery,35.972347,-81.933072,2025,8,30.0,
2025-08-24,Mendenhall School,Guilford,36.1090060008986,-79.802314,2025,8,40.0,44.0
2025-08-24,Millbrook School,Wake,35.856111,-78.574167,2025,8,28.0,41.0
2025-08-24,Old High School,Swain,35.498711,-83.310242,2025,8,,28.0
2025-08-24,Pitt Agri. Center,Pitt,35.6412760008938,-77.360126,2025,8,27.0,27.0
2025-08-24,Rockwell,Rowan,35.551868,-80.395039,2025,8,39.0,35.0
2025-08-24,West Johnston Co.,Johnston,35.59095,-78.4622,2025,8,26.0,38.0
2025-08-25,Bryson City,Swain,35.434767,-83.442133,2025,8,31.0,18.0
2025-08-25,Castle Hayne,New Hanover,34.364167,-77.838611,2025,8,31.0,28.5
2025-08-25,Clemmons Middle,Forsyth,36.026612,-80.341962,2025,8,35.0,27.0
2025-08-25,Durham Armory,Durham,36.0329550008979,-78.904037,2025,8,39.0,27.5
2025-08-25,Frying Pan Mountain,Haywood,35.379167,-82.7925,2025,8,31.0,
2025-08-25,Garinger High School,Mecklenburg,35.2401000008895,-80.785683,2025,8,45.0,32.0
2025-08-25,Hattie Avenue,Forsyth,36.11094,-80.224501,2025,8,37.0,30.0
2025-08-25,Leggett,Edgecombe,35.988278,-77.5843,2025,8,33.0,34.0
2025-08-25,Linville Falls,Avery,35.972347,-81.933072,2025,8,34.0,
2025-08-25,Mendenhall School,Guilford,36.1090060008986,-79.802314,2025,8,37.0,24.0
2025-08-25,Millbrook School,Wake,35.856111,-78.574167,2025,8,38.0,43.0
2025-08-25,Old High School,Swain,35.498711,-83.310242,2025,8,31.0,26.0
2025-08-25,Pitt Agri. Center,Pitt,35.6412760008938,-77.360126,2025,8,36.0,41.0
2025-08-25,Rockwell,Rowan,35.551868,-80.395039,2025,8,37.0,26.0
2025-08-25,West Johnston Co.,Johnston,35.59095,-78.4622,2025,8,43.0,41.0
2025-08-26,Bryson City,Swain,35.434767,-83.442133,2025,8,32.0,22.0
2025-08-26,Castle Hayne,New Hanover,34.364167,-77.838611,2025,8,35.0,38.0
2025-08-26,Clemmons Middle,Forsyth,36.026612,-80.341962,2025,8,37.0,23.0
2025-08-26,Durham Armory,Durham,36.0329550008979,-78.904037,2025,8,38.0,26.0
2025-08-26,Frying Pan Mountain,Haywood,35.379167,-82.7925,2025,8,34.0,17.0
2025-08-26,Garinger High School,Mecklenburg,35.2401000008895,-80.785683,2025,8,41.0,34.0
2025-08-26,Hattie Avenue,Forsyth,36.11094,-80.224501,2025,8,39.0,29.0
2025-08-26,Leggett,Edgecombe,35.988278,-77.5843,2025,8,32.0,31.0
2025-08-26,Linville Falls,Avery,35.972347,-81.933072,2025,8,37.0,24.0
2025-08-26,Mendenhall School,Guilford,36.1090060008986,-79.802314,2025,8,36.0,23.0
2025-08-26,Millbrook School,Wake,35.856111,-78.574167,2025,8,36.0,31.5
2025-08-26,Old High School,Swain,35.498711,-83.310242,2025,8,31.0,17.0
2025-08-26,Pitt Agri. Center,Pitt,35.6412760008938,-77.360126,2025,8,33.0,32.0
2025-08-26,Rockwell,Rowan,35.551868,-80.395039,2025,8,39.0,25.0
2025-08-26,West Johnston Co.,Johnston,35.59095,-78.4622,2025,8,33.0,31.0
2025-08-27,Bryson City,Swain,35.434767,-83.442133,2025,8,33.0,20.0
2025-08-27,Castle Hayne,New Hanover,34.364167,-77.838611,2025,8,38.0,33.0
2025-08-27,Clemmons Middle,Forsyth,36.026612,-80.341962,2025,8,40.0,24.0
2025-08-27,Durham Armory,Durham,36.0329550008979,-78.904037,2025,8,42.0,27.5
2025-08-27,Frying Pan Mountain,Haywood,35.379167,-82.7925,2025,8,34.0,
2025-08-27,Garinger High School,Mecklenburg,35.2401000008895,-80.785683,2025,8,45.0,29.0
2025-08-27,Hattie Avenue,Forsyth,36.11094,-80.224501,2025,8,43.0,29.0
2025-08-27,Leggett,Edgecombe,35.988278,-77.5843,2025,8,39.0,38.0
2025-08-27,Linville Falls,Avery,35.972347,-81.933072,2025,8,37.0,
2025-08-27,Mendenhall School,Guilford,36.1090060008986,-79.802314,2025,8,36.0,24.0
2025-08-27,Millbrook School,Wake,35.856111,-78.574167,2025,8,39.0,26.0
2025-08-27,Old High School,Swain,35.498711,-83.310242,2025,8,30.0,15.0
2025-08-27,Pitt Agri. Center,Pitt,35.6412760008938,-77.360126,2025,8,39.0,33.0
2025-08-27,Rockwell,Rowan,35.551868,-80.395039,2025,8,41.0,24.0
2025-08-27,West Johnston Co.,Johnston,35.59095,-78.4622,2025,8,40.0,39.0
2025-08-28,Bryson City,Swain,35.434767,-83.442133,2025,8,33.0,23.0
2025-08-28,Castle Hayne,New Hanover,34.364167,-77.838611,2025,8,40.0,33.0
2025-08-28,Clemmons Middle,Forsyth,36.026612,-80.341962,2025,8,47.0,43.0
2025-08-28,Durham Armory,Durham,36.0329550008979,-78.904037,2025,8,48.0,34.5
2025-08-28,Frying Pan Mountain,Haywood,35.379167,-82.7925,2025,8,45.0,
2025-08-28,Garinger High School,Mecklenburg,35.2401000008895,-80.785683,2025,8,45.0,46.0
2025-08-28,Hattie Avenue,Forsyth,36.11094,-80.224501,2025,8,54.0,42.0
2025-08-28,Leggett,Edgecombe,35.988278,-77.5843,2025,8,42.0,34.0
2025-08-28,Linville Falls,Avery,35.972347,-81.933072,2025,8,41.0,
2025-08-28,Mendenhall School,Guilford,36.1090060008986,-79.802314,2025,8,45.0,39.0
2025-08-28,Millbrook School,Wake,35.856111,-78.574167,2025,8,44.0,42.0
2025-08-28,Old High School,Swain,35.498711,-83.310242,2025,8,33.0,18.0
2025-08-28,Pitt Agri. Center,Pitt,35.6412760008938,-77.360126,2025,8,40.0,39.0
2025-08-28,Rockwell,Rowan,35.551868,-80.395039,2025,8,44.0,46.0
2025-08-28,West Johnston Co.,Johnston,35.59095,-78.4622,2025,8,42.0,36.0
2025-08-29,Bryson City,Swain,35.434767,-83.442133,2025,8,35.0,32.0
2025-08-29,Castle Hayne,New Hanover,34.364167,-77.838611,2025,8,45.0,42.0
2025-08-29,Clemmons Middle,Forsyth,36.026612,-80.341962,2025,8,42.0,38.5
2025-08-29,Durham Armory,Durham,36.0329550008979,-78.904037,2025,8,44.0,36.0
2025-08-29,Frying Pan Mountain,Haywood,35.379167,-82.7925,2025,8,44.0,21.0
2025-08-29,Garinger High School,Mecklenburg,35.2401000008895,-80.785683,2025,8,49.0,48.5
2025-08-29,Hattie Avenue,Forsyth,36.11094,-80.224501,2025,8,44.0,45.0
2025-08-29,Leggett,Edgecombe,35.988278,-77.5843,2025,8,41.0,41.0
2025-08-29,Linville Falls,Avery,35.972347,-81.933072,2025,8,39.0,23.0
2025-08-29,Mendenhall School,Guilford,36.1090060008986,-79.802314,2025,8,44.0,38.0
2025-08-29,Millbrook School,Wake,35.856111,-78.574167,2025,8,43.0,44.0
2025-08-29,Old High School,Swain,35.498711,-83.310242,2025,8,29.0,23.5
2025-08-29,Pitt Agri. Center,Pitt,35.6412760008938,-77.360126,2025,8,43.0,41.0
2025-08-29,Rockwell,Rowan,35.551868,-80.395039,2025,8,46.0,40.0
2025-08-29,West Johnston Co.,Johnston,35.59095,-78.4622,2025,8,46.0,48.0
2025-08-30,Bryson City,Swain,35.434767,-83.442133,2025,8,33.0,41.0
2025-08-30,Castle Hayne,New Hanover,34.364167,-77.838611,2025,8,37.0,41.5
2025-08-30,Clemmons Middle,Forsyth,36.026612,-80.341962,2025,8,44.0,36.0
2025-08-30,Durham Armory,Durham,36.0329550008979,-78.904037,2025,8,42.0,33.0
2025-08-30,Frying Pan Mountain,Haywood,35.379167,-82.7925,2025,8,41.0,
2025-08-30,Garinger High School,Mecklenburg,35.2401000008895,-80.785683,2025,8,44.0,52.0
2025-08-30,Hattie Avenue,Forsyth,36.11094,-80.224501,2025,8,43.0,39.0
2025-08-30,Leggett,Edgecombe,35.988278,-77.5843,2025,8,38.0,31.0
2025-08-30,Linville Falls,Avery,35.972347,-81.933072,2025,8,32.0,
2025-08-30,Mendenhall School,Guilford,36.1090060008986,-79.802314,2025,8,39.0,36.0
2025-08-30,Millbrook School,Wake,35.856111,-78.574167,2025,8,39.0,43.0
2025-08-30,Old High School,Swain,35.498711,-83.310242,2025,8,28.0,23.0
2025-08-30,Pitt Agri. Center,Pitt,35.6412760008938,-77.360126,2025,8,38.0,43.0
2025-08-30,Rockwell,Rowan,35.551868,-80.395039,2025,8,42.0,42.0
2025-08-30,West Johnston Co.,Johnston,35.59095,-78.4622,2025,8,42.0,45.0
2025-08-31,Bryson City,Swain,35.434767,-83.442133,2025,8,32.0,36.0
2025-08-31,Castle Hayne,New Hanover,34.364167,-77.838611,2025,8,37.0,23.5
2025-08-31,Clemmons Middle,Forsyth,36.026612,-80.341962,2025,8,41.0,34.0
2025-08-31,Durham Armory,Durham,36.0329550008979,-78.904037,2025,8,40.0,26.5
2025-08-31,Frying Pan Mountain,Haywood,35.379167,-82.7925,2025,8,31.0,
2025-08-31,Garinger High School,Mecklenburg,35.2401000008895,-80.785683,2025,8,37.0,40.0
2025-08-31,Hattie Avenue,Forsyth,36.11094,-80.224501,2025,8,43.0,34.0
2025-08-31,Leggett,Edgecombe,35.988278,-77.5843,2025,8,40.0,27.0
2025-08-31,Linville Falls,Avery,35.972347,-81.933072,2025,8,31.0,
2025-08-31,Mendenhall School,Guilford,36.1090060008986,-79.802314,2025,8,36.0,27.0
2025-08-31,Millbrook School,Wake,35.856111,-78.574167,2025,8,38.0,28.0
2025-08-31,Old High School,Swain,35.498711,-83.310242,2025,8,31.0,27.0
2025-08-31,Pitt Agri. Center,Pitt,35.6412760008938,-77.360126,2025,8,42.0,16.0
2025-08-31,Rockwell,Rowan,35.551868,-80.395039,2025,8,37.0,28.0
2025-08-31,West Johnston Co.,Johnston,35.59095,-78.4622,2025,8,38.0,23.0
2025-09-01,Bryson City,Swain,35.434767,-83.442133,2025,9,31.0,38.0
2025-09-01,Castle Hayne,New Hanover,34.364167,-77.838611,2025,9,31.0,19.5
2025-09-01,Clemmons Middle,Forsyth,36.026612,-80.341962,2025,9,40.0,26.5
2025-09-01,Durham Armory,Durham,36.0329550008979,-78.904037,2025,9,37.0,23.0
2025-09-01,Frying Pan Mountain,Haywood,35.379167,-82.7925,2025,9,39.0,22.0
2025-09-01,Garinger High School,Mecklenburg,35.2401000008895,-80.785683,2025,9,39.0,30.5
2025-09-01,Hattie Avenue,Forsyth,36.11094,-80.224501,2025,9,40.0,25.5
2025-09-01,Leggett,Edgecombe,35.988278,-77.5843,2025,9,34.0,21.0
2025-09-01,Linville Falls,Avery,35.972347,-81.933072,2025,9,36.0,21.0
2025-09-01,Mendenhall School,Guilford,36.1090060008986,-79.802314,2025,9,34.0,22.0
2025-09-01,Millbrook School,Wake,35.856111,-78.574167,2025,9,31.0,23.5
2025-09-01,Old High School,Swain,35.498711,-83.310242,2025,9,24.0,26.0
2025-09-01,Pitt Agri. Center,Pitt,35.6412760008938,-77.360126,2025,9,32.0,18.0
2025-09-01,Rockwell,Rowan,35.551868,-80.395039,2025,9,38.0,24.0
2025-09-01,West Johnston Co.,Johnston,35.59095,-78.4622,2025,9,33.0,31.0
2025-09-02,Bryson City,Swain,35.434767,-83.442133,2025,9,29.0,31.0
2025-09-02,Castle Hayne,New Hanover,34.364167,-77.838611,2025,9,30.0,20.0
2025-09-02,Clemmons Middle,Forsyth,36.026612,-80.341962,2025,9,44.0,24.0
2025-09-02,Durham Armory,Durham,36.0329550008979,-78.904037,2025,9,39.0,25.5
2025-09-02,Frying Pan Mountain,Haywood,35.379167,-82.7925,2025,9,35.0,
2025-09-02,Garinger High School,Mecklenburg,35.2401000008895,-80.785683,2025,9,43.0,34.0
2025-09-02,Hattie Avenue,Forsyth,36.11094,-80.224501,2025,9,44.0,23.0
2025-09-02,Leggett,Edgecombe,35.988278,-77.5843,2025,9,31.0,21.0
2025-09-02,Linville Falls,Avery,35.972347,-81.933072,2025,9,31.0,
2025-09-02,Mendenhall School,Guilford,36.1090060008986,-79.802314,2025,9,36.0,22.0
2025-09-02,Millbrook School,Wake,35.856111,-78.574167,2025,9,35.0,23.0
2025-09-02,Old High School,Swain,35.498711,-83.310242,2025,9,24.0,23.0
2025-09-02,Pitt Agri. Center,Pitt,35.6412760008938,-77.360126,2025,9,31.0,14.0
2025-09-02,Rockwell,Rowan,35.551868,-80.395039,2025,9,42.0,27.0
2025-09-02,West Johnston Co.,Johnston,35.59095,-78.4622,2025,9,35.0,21.0
2025-09-03,Bryson City,Swain,35.434767,-83.442133,2025,9,30.0,30.0
2025-09-03,Castle Hayne,New Hanover,34.364167,-77.838611,2025,9,39.0,27.5
2025-09-03,Clemmons Middle,Forsyth,36.026612,-80.341962,2025,9,45.0,35.0
2025-09-03,Durham Armory,Durham,36.0329550008979,-78.904037,2025,9,47.0,30.5
2025-09-03,Frying Pan Mountain,Haywood,35.379167,-82.7925,2025,9,36.0,
2025-09-03,Garinger High School,Mecklenburg,35.2401000008895,-80.785683,2025,9,47.0,50.0
2025-09-03,Hattie Avenue,Forsyth,36.11094,-80.224501,2025,9,45.0,37.0
2025-09-03,Leggett,Edgecombe,35.988278,-77.5843,2025,9,42.0,29.0
2025-09-03,Linville Falls,Avery,35.972347,-81.933072,2025,9,29.0,
2025-09-03,Mendenhall School,Guilford,36.1090060008986,-79.802314,2025,9,46.0,33.0
2025-09-03,Millbrook School,Wake,35.856111,-78.574167,2025,9,44.0,34.0
2025-09-03,Old High School,Swain,35.498711,-83.310242,2025,9,27.0,22.0
2025-09-03,Pitt Agri. Center,Pitt,35.6412760008938,-77.360126,2025,9,39.0,23.0
2025-09-03,Rockwell,Rowan,35.551868,-80.395039,2025,9,50.0,51.0
2025-09-03,West Johnston Co.,Johnston,35.59095,-78.4622,2025,9,42.0,38.0
2025-09-04,Bryson City,Swain,35.434767,-83.442133,2025,9,29.0,30.0
2025-09-04,Castle Hayne,New Hanover,34.364167,-77.838611,2025,9,44.0,28.5
2025-09-04,Clemmons Middle,Forsyth,36.026612,-80.341962,2025,9,38.0,45.5
2025-09-04,Durham Armory,Durham,36.0329550008979,-78.904037,2025,9,45.0,42.0
2025-09-04,Frying Pan Mountain,Haywood,35.379167,-82.7925,2025,9,36.0,31.0
2025-09-04,Garinger High School,Mecklenburg,35.2401000008895,-80.785683,2025,9,38.0,50.0
2025-09-04,Hattie Avenue,Forsyth,36.11094,-80.224501,2025,9,41.0,51.0
2025-09-04,Leggett,Edgecombe,35.988278,-77.5843,2025,9,44.0,50.0
2025-09-04,Linville Falls,Avery,35.972347,-81.933072,2025,9,27.0,26.0
2025-09-04,Mendenhall School,Guilford,36.1090060008986,-79.802314,2025,9,43.0,52.0
2025-09-04,Millbrook School,Wake,35.856111,-78.574167,2025,9,44.0,50.0
2025-09-04,Old High School,Swain,35.498711,-83.310242,2025,9,28.0,31.0
2025-09-04,Pitt Agri. Center,Pitt,35.6412760008938,-77.360126,2025,9,42.0,31.0
2025-09-04,Rockwell,Rowan,35.551868,-80.395039,2025,9,43.0,51.0
2025-09-04,West Johnston Co.,Johnston,35.59095,-78.4622,2025,9,47.0,52.0
2025-09-05,Bryson City,Swain,35.434767,-83.442133,2025,9,27.0,50.0
2025-09-05,Castle Hayne,New Hanover,34.364167,-77.838611,2025,9,38.0,20.0
2025-09-05,Clemmons Middle,Forsyth,36.026612,-80.341962,2025,9,41.0,51.0
2025-09-05,Durham Armory,Durham,36.0329550008979,-78.904037,2025,9,44.0,47.0
2025-09-05,Frying Pan Mountain,Haywood,35.379167,-82.7925,2025,9,41.0,
2025-09-05,Garinger High School,Mecklenburg,35.2401000008895,-80.785683,2025,9,42.0,54.0
2025-09-05,Hattie Avenue,Forsyth,36.11094,-80.224501,2025,9,46.0,55.0
2025-09-05,Leggett,Edgecombe,35.988278,-77.5843,2025,9,44.0,50.0
2025-09-05,Linville Falls,Avery,35.972347,-81.933072,2025,9,31.0,
2025-09-05,Mendenhall School,Guilford,36.1090060008986,-79.802314,2025,9,47.0,54.0
2025-09-05,Millbrook School,Wake,35.856111,-78.574167,2025,9,43.0,54.0
2025-09-05,Old High School,Swain,35.498711,-83.310242,2025,9,24.0,43.0
2025-09-05,Pitt Agri. Center,Pitt,35.6412760008938,-77.360126,2025,9,42.0,39.0
2025-09-05,Rockwell,Rowan,35.551868,-80.395039,2025,9,49.0,52.0
2025-09-05,West Johnston Co.,Johnston,35.59095,-78.4622,2025,9,43.0,52.0
2025-09-06,Bryson City,Swain,35.434767,-83.442133,2025,9,28.0,27.0
2025-09-06,Castle Hayne,New Hanover,34.364167,-77.838611,2025,9,31.0,10.5
2025-09-06,Clemmons Middle,Forsyth,36.026612,-80.341962,2025,9,34.0,59.0
2025-09-06,Durham Armory,Durham,36.0329550008979,-78.904037,2025,9,39.0,47.0
2025-09-06,Frying Pan Mountain,Haywood,35.379167,-82.7925,2025,9,44.0,
2025-09-06,Garinger High School,Mecklenburg,35.2401000008895,-80.785683,2025,9,36.0,54.0
2025-09-06,Hattie Avenue,Forsyth,36.11094,-80.224501,2025,9,36.0,61.0
2025-09-06,Leggett,Edgecombe,35.988278,-77.5843,2025,9,41.0,53.0
2025-09-06,Linville Falls,Avery,35.972347,-81.933072,2025,9,34.0,
2025-09-06,Mendenhall School,Guilford,36.1090060008986,-79.802314,2025,9,37.0,56.0
2025-09-06,Millbrook School,Wake,35.856111,-78.574167,2025,9,41.0,55.0
2025-09-06,Old High School,Swain,35.498711,-83.310242,2025,9,26.0,34.0
2025-09-06,Pitt Agri. Center,Pitt,35.6412760008938,-77.360126,2025,9,36.0,35.0
2025-09-06,Rockwell,Rowan,35.551868,-80.395039,2025,9,37.0,57.0
2025-09-06,West Johnston Co.,Johnston,35.59095,-78.4622,2025,9,40.0,51.0
2025-09-07,Bryson City,Swain,35.434767,-83.442133,2025,9,29.0,18.0
2025-09-07,Castle Hayne,New Hanover,34.364167,-77.838611,2025,9,27.0,30.0
2025-09-07,Clemmons Middle,Forsyth,36.026612,-80.341962,2025,9,25.0,39.0
2025-09-07,Durham Armory,Durham,36.0329550008979,-78.904037,2025,9,25.0,33.5
2025-09-07,Frying Pan Mountain,Haywood,35.379167,-82.7925,2025,9,33.0,14.0
2025-09-07,Garinger High School,Mecklenburg,35.2401000008895,-80.785683,2025,9,27.0,36.0
2025-09-07,Hattie Avenue,Forsyth,36.11094,-80.224501,2025,9,27.0,39.5
2025-09-07,Leggett,Edgecombe,35.988278,-77.5843,2025,9,26.0,52.0
2025-09-07,Linville Falls,Avery,35.972347,-81.933072,2025,9,30.0,19.0
2025-09-07,Mendenhall School,Guilford,36.1090060008986,-79.802314,2025,9,21.0,24.0
2025-09-07,Millbrook School,Wake,35.856111,-78.574167,2025,9,22.0,42.5
2025-09-07,Old High School,Swain,35.498711,-83.310242,2025,9,28.0,21.0
2025-09-07,Pitt Agri. Center,Pitt,35.6412760008938,-77.360126,2025,9,24.0,46.0
2025-09-07,Rockwell,Rowan,35.551868,-80.395039,2025,9,24.0,32.0
2025-09-07,West Johnston Co.,Johnston,35.59095,-78.4622,2025,9,21.0,42.0
2025-09-08,Bryson City,Swain,35.434767,-83.442133,2025,9,31.0,21.0
2025-09-08,Castle Hayne,New Hanover,34.364167,-77.838611,2025,9,33.0,32.0
2025-09-08,Clemmons Middle,Forsyth,36.026612,-80.341962,2025,9,40.0,26.0
2025-09-08,Durham Armory,Durham,36.0329550008979,-78.904037,2025,9,40.0,23.5
2025-09-08,Frying Pan Mountain,Haywood,35.379167,-82.7925,2025,9,38.0,
2025-09-08,Garinger High School,Mecklenburg,35.2401000008895,-80.785683,2025,9,40.0,28.0
2025-09-08,Hattie Avenue,Forsyth,36.11094,-80.224501,2025,9,41.0,24.0
2025-09-08,Leggett,Edgecombe,35.988278,-77.5843,2025,9,40.0,28.0
2025-09-08,Linville Falls,Avery,35.972347,-81.933072,2025,9,34.0,
2025-09-08,Mendenhall School,Guilford,36.1090060008986,-79.802314,2025,9,35.0,22.0
2025-09-08,Millbrook School,Wake,35.856111,-78.574167,2025,9,38.0,27.0
2025-09-08,Old High School,Swain,35.498711,-83.310242,2025,9,30.0,20.0
2025-09-08,Pitt Agri. Center,Pitt,35.6412760008938,-77.360126,2025,9,41.0,37.0
2025-09-08,Rockwell,Rowan,35.551868,-80.395039,2025,9,39.0,26.0
2025-09-08,West Johnston Co.,Johnston,35.59095,-78.4622,2025,9,38.0,24.0
2025-09-09,Bryson City,Swain,35.434767,-83.442133,2025,9,32.0,28.0
2025-09-09,Castle Hayne,New Hanover,34.364167,-77.838611,2025,9,28.0,27.0
2025-09-09,Clemmons Middle,Forsyth,36.026612,-80.341962,2025,9,45.0,23.0
2025-09-09,Durham Armory,Durham,36.0329550008979,-78.904037,2025,9,37.0,25.5
2025-09-09,Frying Pan Mountain,Haywood,35.379167,-82.7925,2025,9,39.0,
2025-09-09,Garinger High School,Mecklenburg,35.2401000008895,-80.785683,2025,9,48.0,29.0
2025-09-09,Hattie Avenue,Forsyth,36.11094,-80.224501,2025,9,46.0,22.0
2025-09-09,Leggett,Edgecombe,35.988278,-77.5843,2025,9,29.0,31.0
2025-09-09,Linville Falls,Avery,35.972347,-81.933072,2025,9,34.0,
2025-09-09,Mendenhall School,Guilford,36.1090060008986,-79.802314,2025,9,39.0,24.0
2025-09-09,Millbrook School,Wake,35.856111,-78.574167,2025,9,32.0,33.0
2025-09-09,Old High School,Swain,35.498711,-83.310242,2025,9,31.0,22.0
2025-09-09,Pitt Agri. Center,Pitt,35.6412760008938,-77.360126,2025,9,30.0,25.0
2025-09-09,Rockwell,Rowan,35.551868,-80.395039,2025,9,45.0,24.0
2025-09-09,West Johnston Co.,Johnston,35.59095,-78.4622,2025,9,31.0,29.0
2025-09-10,Bryson City,Swain,35.434767,-83.442133,2025,9,36.0,28.0
2025-09-10,Castle Hayne,New Hanover,34.364167,-77.838611,2025,9,19.0,16.0
2025-09-10,Clemmons Middle,Forsyth,36.026612,-80.341962,2025,9,40.0,35.0
2025-09-10,Durham Armory,Durham,36.0329550008979,-78.904037,2025,9,29.0,24.0
2025-09-10,Frying Pan Mountain,Haywood,35.379167,-82.7925,2025,9,42.0,22.0
2025-09-10,Garinger High School,Mecklenburg,35.2401000008895,-80.785683,2025,9,43.0,35.5
2025-09-10,Hattie Avenue,Forsyth,36.11094,-80.224501,2025,9,41.0,27.0
2025-09-10,Leggett,Edgecombe,35.988278,-77.5843,2025,9,20.0,20.0
2025-09-10,Linville Falls,Avery,35.972347,-81.933072,2025,9,39.0,19.0
2025-09-10,Mendenhall School,Guilford,36.1090060008986,-79.802314,2025,9,38.0,28.0
2025-09-10,Millbrook School,Wake,35.856111,-78.574167,2025,9,20.0,18.5
2025-09-10,Old High School,Swain,35.498711,-83.310242,2025,9,32.0,26.5
2025-09-10,Pitt Agri. Center,Pitt,35.6412760008938,-77.360126,2025,9,18.0,18.0
2025-09-10,Rockwell,Rowan,35.551868,-80.395039,2025,9,40.0,25.0
2025-09-10,West Johnston Co.,Johnston,35.59095,-78.4622,2025,9,20.0,14.0
2025-09-11,Bryson City,Swain,35.434767,-83.442133,2025,9,35.0,34.0
2025-09-11,Castle Hayne,New Hanover,34.364167,-77.838611,2025,9,17.0,21.0
2025-09-11,Clemmons Middle,Forsyth,36.026612,-80.341962,2025,9,44.0,29.0
2025-09-11,Durham Armory,Durham,36.0329550008979,-78.904037,2025,9,34.0,26.0
2025-09-11,Frying Pan Mountain,Haywood,35.379167,-82.7925,2025,9,47.0,
2025-09-11,Garinger High School,Mecklenburg,35.2401000008895,-80.785683,2025,9,47.0,40.0
2025-09-11,Hattie Avenue,Forsyth,36.11094,-80.224501,2025,9,46.0,31.0
2025-09-11,Leggett,Edgecombe,35.988278,-77.5843,2025,9,21.0,28.0
2025-09-11,Linville Falls,Avery,35.972347,-81.933072,2025,9,43.0,
2025-09-11,Mendenhall School,Guilford,36.1090060008986,-79.802314,2025,9,35.0,26.0
2025-09-11,Millbrook School,Wake,35.856111,-78.574167,2025,9,28.0,31.0
2025-09-11,Old High School,Swain,35.498711,-83.310242,2025,9,,28.0
2025-09-11,Pitt Agri. Center,Pitt,35.6412760008938,-77.360126,2025,9,20.0,17.0
2025-09-11,Rockwell,Rowan,35.551868,-80.395039,2025,9,47.0,26.0
2025-09-11,West Johnston Co.,Johnston,35.59095,-78.4622,2025,9,24.0,25.0
2025-09-12,Bryson City,Swain,35.434767,-83.442133,2025,9,35.0,39.0
2025-09-12,Castle Hayne,New Hanover,34.364167,-77.838611,2025,9,43.0,35.0
2025-09-12,Clemmons Middle,Forsyth,36.026612,-80.341962,2025,9,49.0,34.0
2025-09-12,Durham Armory,Durham,36.0329550008979,-78.904037,2025,9,47.0,50.0
2025-09-12,Frying Pan Mountain,Haywood,35.379167,-82.7925,2025,9,49.0,
2025-09-12,Garinger High School,Mecklenburg,35.2401000008895,-80.785683,2025,9,48.0,50.0
2025-09-12,Hattie Avenue,Forsyth,36.11094,-80.224501,2025,9,50.0,39.0
2025-09-12,Leggett,Edgecombe,35.988278,-77.5843,2025,9,46.0,37.0
2025-09-12,Linville Falls,Avery,35.972347,-81.933072,2025,9,40.0,
2025-09-12,Mendenhall School,Guilford,36.1090060008986,-79.802314,2025,9,42.0,39.0
2025-09-12,Millbrook School,Wake,35.856111,-78.574167,2025,9,44.0,33.0
2025-09-12,Old High School,Swain,35.498711,-83.310242,2025,9,,32.0
2025-09-12,Pitt Agri. Center,Pitt,35.6412760008938,-77.360126,2025,9,44.0,32.0
2025-09-12,Rockwell,Rowan,35.551868,-80.395039,2025,9,46.0,41.0
2025-09-12,West Johnston Co.,Johnston,35.59095,-78.4622,2025,9,41.0,33.0
2025-09-13,Bryson City,Swain,35.434767,-83.442133,2025,9,37.0,34.0
2025-09-13,Castle Hayne,New Hanover,34.364167,-77.838611,2025,9,31.0,36.0
2025-09-13,Clemmons Middle,Forsyth,36.026612,-80.341962,2025,9,45.0,37.0
2025-09-13,Durham Armory,Durham,36.0329550008979,-78.904037,2025,9,44.0,42.0
2025-09-13,Frying Pan Mountain,Haywood,35.379167,-82.7925,2025,9,48.0,30.0
2025-09-13,Garinger High School,Mecklenburg,35.2401000008895,-80.785683,2025,9,44.0,52.5
2025-09-13,Hattie Avenue,Forsyth,36.11094,-80.224501,2025,9,46.0,43.0
2025-09-13,Leggett,Edgecombe,35.988278,-77.5843,2025,9,43.0,32.0
2025-09-13,Linville Falls,Avery,35.972347,-81.933072,2025,9,41.0,31.0
2025-09-13,Mendenhall School,Guilford,36.1090060008986,-79.802314,2025,9,43.0,42.0
2025-09-13,Millbrook School,Wake,35.856111,-78.574167,2025,9,42.0,39.0
2025-09-13,Old High School,Swain,35.498711,-83.310242,2025,9,,28.0
2025-09-13,Pitt Agri. Center,Pitt,35.6412760008938,-77.360126,2025,9,39.0,31.0
2025-09-13,Rockwell,Rowan,35.551868,-80.395039,2025,9,43.0,43.0
2025-09-13,West Johnston Co.,Johnston,35.59095,-78.4622,2025,9,42.0,42.0
2025-09-14,Bryson City,Swain,35.434767,-83.442133,2025,9,31.0,42.0
2025-09-14,Castle Hayne,New Hanover,34.364167,-77.838611,2025,9,36.0,34.0
2025-09-14,Clemmons Middle,Forsyth,36.026612,-80.341962,2025,9,49.0,47.0
2025-09-14,Durham Armory,Durham,36.0329550008979,-78.904037,2025,9,43.0,51.0
2025-09-14,Frying Pan Mountain,Haywood,35.379167,-82.7925,2025,9,47.0,
2025-09-14,Garinger High School,Mecklenburg,35.2401000008895,-80.785683,2025,9,48.0,53.0
2025-09-14,Hattie Avenue,Forsyth,36.11094,-80.224501,2025,9,61.0,51.0
2025-09-14,Leggett,Edgecombe,35.988278,-77.5843,2025,9,42.0,48.0
2025-09-14,Linville Falls,Avery,35.972347,-81.933072,2025,9,41.0,
2025-09-14,Mendenhall School,Guilford,36.1090060008986,-79.802314,2025,9,44.0,46.0
2025-09-14,Millbrook School,Wake,35.856111,-78.574167,2025,9,39.0,49.0
2025-09-14,Old High School,Swain,35.498711,-83.310242,2025,9,,31.0
2025-09-14,Pitt Agri. Center,Pitt,35.6412760008938,-77.360126,2025,9,41.0,39.0
2025-09-14,Rockwell,Rowan,35.551868,-80.395039,2025,9,48.0,44.0
2025-09-14,West Johnston Co.,Johnston,35.59095,-78.4622,2025,9,41.0,49.0
2025-09-15,Bryson City,Swain,35.434767,-83.442133,2025,9,36.0,40.0
2025-09-15,Castle Hayne,New Hanover,34.364167,-77.838611,2025,9,36.0,45.0
2025-09-15,Clemmons Middle,Forsyth,36.026612,-80.341962,2025,9,44.0,51.0
2025-09-15,Durham Armory,Durham,36.0329550008979,-78.904037,2025,9,44.0,52.0
2025-09-15,Frying Pan Mountain,Haywood,35.379167,-82.7925,2025,9,45.0,
2025-09-15,Garinger High School,Mecklenburg,35.2401000008895,-80.785683,2025,9,48.0,52.0
2025-09-15,Hattie Avenue,Forsyth,36.11094,-80.224501,2025,9,46.0,54.0
2025-09-15,Leggett,Edgecombe,35.988278,-77.5843,2025,9,40.0,44.0
2025-09-15,Linville Falls,Avery,35.972347,-81.933072,2025,9,40.0,
2025-09-15,Mendenhall School,Guilford,36.1090060008986,-79.802314,2025,9,37.0,47.0
2025-09-15,Millbrook School,Wake,35.856111,-78.574167,2025,9,42.0,51.0
2025-09-15,Old High School,Swain,35.498711,-83.310242,2025,9,28.0,39.0
2025-09-15,Pitt Agri. Center,Pitt,35.6412760008938,-77.360126,2025,9,37.0,31.0
2025-09-15,Rockwell,Rowan,35.551868,-80.395039,2025,9,44.0,49.0
2025-09-15,West Johnston Co.,Johnston,35.59095,-78.4622,2025,9,41.0,43.0
2025-09-16,Bryson City,Swain,35.434767,-83.442133,2025,9,41.0,48.0
2025-09-16,Castle Hayne,New Hanover,34.364167,-77.838611,2025,9,31.0,41.0
2025-09-16,Clemmons Middle,Forsyth,36.026612,-80.341962,2025,9,41.0,39.0
2025-09-16,Durham Armory,Durham,36.0329550008979,-78.904037,2025,9,40.0,40.0
2025-09-16,Frying Pan Mountain,Haywood,35.379167,-82.7925,2025,9,44.0,38.0
2025-09-16,Garinger High School,Mecklenburg,35.2401000008895,-80.785683,2025,9,45.0,40.0
2025-09-16,Hattie Avenue,Forsyth,36.11094,-80.224501,2025,9,43.0,41.0
2025-09-16,Leggett,Edgecombe,35.988278,-77.5843,2025,9,31.0,40.0
2025-09-16,Linville Falls,Avery,35.972347,-81.933072,2025,9,31.0,36.0
2025-09-16,Mendenhall School,Guilford,36.1090060008986,-79.802314,2025,9,38.0,33.0
2025-09-16,Millbrook School,Wake,35.856111,-78.574167,2025,9,35.0,36.5
2025-09-16,Old High School,Swain,35.498711,-83.310242,2025,9,34.0,41.0
2025-09-16,Pitt Agri. Center,Pitt,35.6412760008938,-77.360126,2025,9,29.0,18.0
2025-09-16,Rockwell,Rowan,35.551868,-80.395039,2025,9,44.0,34.0
2025-09-16,West Johnston Co.,Johnston,35.59095,-78.4622,2025,9,37.0,29.0
2025-09-17,Bryson City,Swain,35.434767,-83.442133,2025,9,40.0,39.0
2025-09-17,Castle Hayne,New Hanover,34.364167,-77.838611,2025,9,39.0,40.0
2025-09-17,Clemmons Middle,Forsyth,36.026612,-80.341962,2025,9,39.0,39.0
2025-09-17,Durham Armory,Durham,36.0329550008979,-78.904037,2025,9,30.0,29.0
2025-09-17,Frying Pan Mountain,Haywood,35.379167,-82.7925,2025,9,44.0,
2025-09-17,Garinger High School,Mecklenburg,35.2401000008895,-80.785683,2025,9,46.0,47.0
2025-09-17,Hattie Avenue,Forsyth,36.11094,-80.224501,2025,9,42.0,41.0
2025-09-17,Leggett,Edgecombe,35.988278,-77.5843,2025,9,25.0,17.0
2025-09-17,Linville Falls,Avery,35.972347,-81.933072,2025,9,38.0,
2025-09-17,Mendenhall School,Guilford,36.1090060008986,-79.802314,2025,9,32.0,33.0
2025-09-17,Millbrook School,Wake,35.856111,-78.574167,2025,9,27.0,25.0
2025-09-17,Old High School,Swain,35.498711,-83.310242,2025,9,35.0,38.0
2025-09-17,Pitt Agri. Center,Pitt,35.6412760008938,-77.360126,2025,9,27.0,17.0
2025-09-17,Rockwell,Rowan,35.551868,-80.395039,2025,9,44.0,47.0
2025-09-17,West Johnston Co.,Johnston,35.59095,-78.4622,2025,9,35.0,28.0
2025-09-18,Bryson City,Swain,35.434767,-83.442133,2025,9,38.0,38.0
2025-09-18,Castle Hayne,New Hanover,34.364167,-77.838611,2025,9,33.0,21.0
2025-09-18,Clemmons Middle,Forsyth,36.026612,-80.341962,2025,9,41.0,27.0
2025-09-18,Durham Armory,Durham,36.0329550008979,-78.904037,2025,9,35.0,26.0
2025-09-18,Frying Pan Mountain,Haywood,35.379167,-82.7925,2025,9,44.0,
2025-09-18,Garinger High School,Mecklenburg,35.2401000008895,-80.785683,2025,9,64.0,52.0
2025-09-18,Hattie Avenue,Forsyth,36.11094,-80.224501,2025,9,45.0,30.0
2025-09-18,Leggett,Edgecombe,35.988278,-77.5843,2025,9,26.0,
2025-09-18,Linville Falls,Avery,35.972347,-81.933072,2025,9,37.0,
2025-09-18,Mendenhall School,Guilford,36.1090060008986,-79.802314,2025,9,41.0,16.0
2025-09-18,Millbrook School,Wake,35.856111,-78.574167,2025,9,33.0,22.0
2025-09-18,Old High School,Swain,35.498711,-83.310242,2025,9,38.0,33.0
2025-09-18,Pitt Agri. Center,Pitt,35.6412760008938,-77.360126,2025,9,25.0,19.0
2025-09-18,Rockwell,Rowan,35.551868,-80.395039,2025,9,45.0,39.0
2025-09-18,West Johnston Co.,Johnston,35.59095,-78.4622,2025,9,41.0,23.0
2025-09-19,Bryson City,Swain,35.434767,-83.442133,2025,9,36.0,32.0
2025-09-19,Castle Hayne,New Hanover,34.364167,-77.838611,2025,9,42.0,37.5
2025-09-19,Clemmons Middle,Forsyth,36.026612,-80.341962,2025,9,77.0,47.0
2025-09-19,Durham Armory,Durham,36.0329550008979,-78.904037,2025,9,67.0,51.0
2025-09-19,Frying Pan Mountain,Haywood,35.379167,-82.7925,2025,9,51.0,32.0
2025-09-19,Garinger High School,Mecklenburg,35.2401000008895,-80.785683,2025,9,67.0,57.0
2025-09-19,Hattie Avenue,Forsyth,36.11094,-80.224501,2025,9,87.0,51.5
2025-09-19,Leggett,Edgecombe,35.988278,-77.5843,2025,9,47.0,
2025-09-19,Linville Falls,Avery,35.972347,-81.933072,2025,9,34.0,34.0
2025-09-19,Mendenhall School,Guilford,36.1090060008986,-79.802314,2025,9,74.0,46.0
2025-09-19,Millbrook School,Wake,35.856111,-78.574167,2025,9,67.0,48.5
2025-09-19,Old High School,Swain,35.498711,-83.310242,2025,9,34.0,33.0
2025-09-19,Pitt Agri. Center,Pitt,35.6412760008938,-77.360126,2025,9,45.0,16.0
2025-09-19,Rockwell,Rowan,35.551868,-80.395039,2025,9,58.0,53.0
2025-09-19,West Johnston Co.,Johnston,35.59095,-78.4622,2025,9,49.0,54.0
2025-09-20,Bryson City,Swain,35.434767,-83.442133,2025,9,32.0,32.0
2025-09-20,Castle Hayne,New Hanover,34.364167,-77.838611,2025,9,39.0,32.5
2025-09-20,Clemmons Middle,Forsyth,36.026612,-80.341962,2025,9,61.0,55.0
2025-09-20,Durham Armory,Durham,36.0329550008979,-78.904037,2025,9,50.0,57.0
2025-09-20,Frying Pan Mountain,Haywood,35.379167,-82.7925,2025,9,50.0,
2025-09-20,Garinger High School,Mecklenburg,35.2401000008895,-80.785683,2025,9,77.0,59.0
2025-09-20,Hattie Avenue,Forsyth,36.11094,-80.224501,2025,9,61.0,55.0
2025-09-20,Leggett,Edgecombe,35.988278,-77.5843,2025,9,49.0,
2025-09-20,Linville Falls,Avery,35.972347,-81.933072,2025,9,44.0,
2025-09-20,Mendenhall School,Guilford,36.1090060008986,-79.802314,2025,9,47.0,52.0
2025-09-20,Millbrook School,Wake,35.856111,-78.574167,2025,9,47.0,54.0
2025-09-20,Old High School,Swain,35.498711,-83.310242,2025,9,28.0,31.0
2025-09-20,Pitt Agri. Center,Pitt,35.6412760008938,-77.360126,2025,9,49.0,7.0
2025-09-20,Rockwell,Rowan,35.551868,-80.395039,2025,9,58.0,56.0
2025-09-20,West Johnston Co.,Johnston,35.59095,-78.4622,2025,9,49.0,52.0
2025-09-21,Bryson City,Swain,35.434767,-83.442133,2025,9,34.0,43.0
2025-09-21,Castle Hayne,New Hanover,34.364167,-77.838611,2025,9,40.0,46.5
2025-09-21,Clemmons Middle,Forsyth,36.026612,-80.341962,2025,9,47.0,55.0
2025-09-21,Durham Armory,Durham,36.0329550008979,-78.904037,2025,9,47.0,56.0
2025-09-21,Frying Pan Mountain,Haywood,35.379167,-82.7925,2025,9,37.0,
2025-09-21,Garinger High School,Mecklenburg,35.2401000008895,-80.785683,2025,9,48.0,57.0
2025-09-21,Hattie Avenue,Forsyth,36.11094,-80.224501,2025,9,49.0,57.0
2025-09-21,Leggett,Edgecombe,35.988278,-77.5843,2025,9,40.0,3.0
2025-09-21,Linville Falls,Avery,35.972347,-81.933072,2025,9,43.0,
2025-09-21,Mendenhall School,Guilford,36.1090060008986,-79.802314,2025,9,41.0,53.0
2025-09-21,Millbrook School,Wake,35.856111,-78.574167,2025,9,43.0,54.0
2025-09-21,Old High School,Swain,35.498711,-83.310242,2025,9,36.0,36.0
2025-09-21,Pitt Agri. Center,Pitt,35.6412760008938,-77.360126,2025,9,37.0,6.0
2025-09-21,Rockwell,Rowan,35.551868,-80.395039,2025,9,44.0,54.0
2025-09-21,West Johnston Co.,Johnston,35.59095,-78.4622,2025,9,43.0,54.0
2025-09-22,Bryson City,Swain,35.434767,-83.442133,2025,9,34.0,52.0
2025-09-22,Castle Hayne,New Hanover,34.364167,-77.838611,2025,9,23.0,32.5
2025-09-22,Clemmons Middle,Forsyth,36.026612,-80.341962,2025,9,44.0,53.5
2025-09-22,Durham Armory,Durham,36.0329550008979,-78.904037,2025,9,46.0,50.0
2025-09-22,Frying Pan Mountain,Haywood,35.379167,-82.7925,2025,9,38.0,38.0
2025-09-22,Garinger High School,Mecklenburg,35.2401000008895,-80.785683,2025,9,45.0,55.0
2025-09-22,Hattie Avenue,Forsyth,36.11094,-80.224501,2025,9,49.0,55.5
2025-09-22,Leggett,Edgecombe,35.988278,-77.5843,2025,9,36.0,
2025-09-22,Linville Falls,Avery,35.972347,-81.933072,2025,9,43.0,47.0
2025-09-22,Mendenhall School,Guilford,36.1090060008986,-79.802314,2025,9,45.0,48.0
2025-09-22,Millbrook School,Wake,35.856111,-78.574167,2025,9,42.0,38.0
2025-09-22,Old High School,Swain,35.498711,-83.310242,2025,9,33.0,47.0
2025-09-22,Pitt Agri. Center,Pitt,35.6412760008938,-77.360126,2025,9,35.0,6.0
2025-09-22,Rockwell,Rowan,35.551868,-80.395039,2025,9,40.0,52.0
2025-09-22,West Johnston Co.,Johnston,35.59095,-78.4622,2025,9,41.0,34.0
2025-09-23,Bryson City,Swain,35.434767,-83.442133,2025,9,31.0,52.0
2025-09-23,Castle Hayne,New Hanover,34.364167,-77.838611,2025,9,29.0,17.5
2025-09-23,Clemmons Middle,Forsyth,36.026612,-80.341962,2025,9,54.0,56.0
2025-09-23,Durham Armory,Durham,36.0329550008979,-78.904037,2025,9,48.0,55.0
2025-09-23,Frying Pan Mountain,Haywood,35.379167,-82.7925,2025,9,36.0,
2025-09-23,Garinger High School,Mecklenburg,35.2401000008895,-80.785683,2025,9,49.0,55.0
2025-09-23,Hattie Avenue,Forsyth,36.11094,-80.224501,2025,9,64.0,58.0
2025-09-23,Leggett,Edgecombe,35.988278,-77.5843,2025,9,41.0,
2025-09-23,Linville Falls,Avery,35.972347,-81.933072,2025,9,33.0,
2025-09-23,Mendenhall School,Guilford,36.1090060008986,-79.802314,2025,9,51.0,52.0
2025-09-23,Millbrook School,Wake,35.856111,-78.574167,2025,9,48.0,46.0
2025-09-23,Old High School,Swain,35.498711,-83.310242,2025,9,33.0,49.5
2025-09-23,Pitt Agri. Center,Pitt,35.6412760008938,-77.360126,2025,9,35.0,8.0
2025-09-23,Rockwell,Rowan,35.551868,-80.395039,2025,9,80.0,55.0
2025-09-23,West Johnston Co.,Johnston,35.59095,-78.4622,2025,9,45.0,43.0
2025-09-24,Bryson City,Swain,35.434767,-83.442133,2025,9,22.0,51.0
2025-09-24,Castle Hayne,New Hanover,34.364167,-77.838611,2025,9,26.0,10.5
2025-09-24,Clemmons Middle,Forsyth,36.026612,-80.341962,2025,9,48.0,56.0
2025-09-24,Durham Armory,Durham,36.0329550008979,-78.904037,2025,9,45.0,57.0
2025-09-24,Frying Pan Mountain,Haywood,35.379167,-82.7925,2025,9,37.0,
2025-09-24,Garinger High School,Mecklenburg,35.2401000008895,-80.785683,2025,9,42.0,56.0
2025-09-24,Hattie Avenue,Forsyth,36.11094,-80.224501,2025,9,54.0,59.0
2025-09-24,Leggett,Edgecombe,35.988278,-77.5843,2025,9,41.0,
2025-09-24,Linville Falls,Avery,35.972347,-81.933072,2025,9,31.0,
2025-09-24,Mendenhall School,Guilford,36.1090060008986,-79.802314,2025,9,58.0,54.0
2025-09-24,Millbrook School,Wake,35.856111,-78.574167,2025,9,43.0,44.0
2025-09-24,Old High School,Swain,35.498711,-83.310242,2025,9,,44.0
2025-09-24,Pitt Agri. Center,Pitt,35.6412760008938,-77.360126,2025,9,32.0,19.0
2025-09-24,Rockwell,Rowan,35.551868,-80.395039,2025,9,46.0,57.0
2025-09-24,West Johnston Co.,Johnston,35.59095,-78.4622,2025,9,44.0,43.0
2025-09-25,Bryson City,Swain,35.434767,-83.442133,2025,9,25.0,14.0
2025-09-25,Castle Hayne,New Hanover,34.364167,-77.838611,2025,9,31.0,16.0
2025-09-25,Clemmons Middle,Forsyth,36.026612,-80.341962,2025,9,31.0,41.0
2025-09-25,Durham Armory,Durham,36.0329550008979,-78.904037,2025,9,34.0,42.0
2025-09-25,Frying Pan Mountain,Haywood,35.379167,-82.7925,2025,9,32.0,11.0
2025-09-25,Garinger High School,Mecklenburg,35.2401000008895,-80.785683,2025,9,33.0,40.5
2025-09-25,Hattie Avenue,Forsyth,36.11094,-80.224501,2025,9,32.0,43.5
2025-09-25,Leggett,Edgecombe,35.988278,-77.5843,2025,9,35.0,
2025-09-25,Linville Falls,Avery,35.972347,-81.933072,2025,9,27.0,19.0
2025-09-25,Mendenhall School,Guilford,36.1090060008986,-79.802314,2025,9,33.0,52.0
2025-09-25,Millbrook School,Wake,35.856111,-78.574167,2025,9,34.0,40.0
2025-09-25,Old High School,Swain,35.498711,-83.310242,2025,9,24.0,19.0
2025-09-25,Pitt Agri. Center,Pitt,35.6412760008938,-77.360126,2025,9,32.0,36.0
2025-09-25,Rockwell,Rowan,35.551868,-80.395039,2025,9,34.0,47.0
2025-09-25,West Johnston Co.,Johnston,35.59095,-78.4622,2025,9,,50.0
2025-09-26,Bryson City,Swain,35.434767,-83.442133,2025,9,26.0,16.0
2025-09-26,Castle Hayne,New Hanover,34.364167,-77.838611,2025,9,27.0,22.5
2025-09-26,Clemmons Middle,Forsyth,36.026612,-80.341962,2025,9,34.0,31.0
2025-09-26,Durham Armory,Durham,36.0329550008979,-78.904037,2025,9,34.0,28.0
2025-09-26,Frying Pan Mountain,Haywood,35.379167,-82.7925,2025,9,30.0,
2025-09-26,Garinger High School,Mecklenburg,35.2401000008895,-80.785683,2025,9,31.0,26.0
2025-09-26,Hattie Avenue,Forsyth,36.11094,-80.224501,2025,9,37.0,26.0
2025-09-26,Leggett,Edgecombe,35.988278,-77.5843,2025,9,41.0,22.0
2025-09-26,Linville Falls,Avery,35.972347,-81.933072,2025,9,29.0,
2025-09-26,Mendenhall School,Guilford,36.1090060008986,-79.802314,2025,9,28.0,27.0
2025-09-26,Millbrook School,Wake,35.856111,-78.574167,2025,9,37.0,41.0
2025-09-26,Old High School,Swain,35.498711,-83.310242,2025,9,28.0,25.0
2025-09-26,Pitt Agri. Center,Pitt,35.6412760008938,-77.360126,2025,9,35.0,35.0
2025-09-26,Rockwell,Rowan,35.551868,-80.395039,2025,9,28.0,28.0
2025-09-26,West Johnston Co.,Johnston,35.59095,-78.4622,2025,9,31.0,51.0
2025-09-27,Bryson City,Swain,35.434767,-83.442133,2025,9,27.0,13.0
2025-09-27,Castle Hayne,New Hanover,34.364167,-77.838611,2025,9,14.0,22.5
2025-09-27,Clemmons Middle,Forsyth,36.026612,-80.341962,2025,9,33.0,17.0
2025-09-27,Durham Armory,Durham,36.0329550008979,-78.904037,2025,9,29.0,23.0
2025-09-27,Frying Pan Mountain,Haywood,35.379167,-82.7925,2025,9,35.0,
2025-09-27,Garinger High School,Mecklenburg,35.2401000008895,-80.785683,2025,9,34.0,28.0
2025-09-27,Hattie Avenue,Forsyth,36.11094,-80.224501,2025,9,39.0,17.0
2025-09-27,Leggett,Edgecombe,35.988278,-77.5843,2025,9,20.0,48.0
2025-09-27,Linville Falls,Avery,35.972347,-81.933072,2025,9,29.0,
2025-09-27,Mendenhall School,Guilford,36.1090060008986,-79.802314,2025,9,36.0,8.0
2025-09-27,Millbrook School,Wake,35.856111,-78.574167,2025,9,30.0,27.0
2025-09-27,Old High School,Swain,35.498711,-83.310242,2025,9,27.0,26.0
2025-09-27,Pitt Agri. Center,Pitt,35.6412760008938,-77.360126,2025,9,20.0,33.0
2025-09-27,Rockwell,Rowan,35.551868,-80.395039,2025,9,26.0,37.0
2025-09-27,West Johnston Co.,Johnston,35.59095,-78.4622,2025,9,24.0,32.0
2025-09-28,Bryson City,Swain,35.434767,-83.442133,2025,9,31.0,22.0
2025-09-28,Castle Hayne,New Hanover,34.364167,-77.838611,2025,9,21.0,32.5
2025-09-28,Clemmons Middle,Forsyth,36.026612,-80.341962,2025,9,40.0,26.0
2025-09-28,Durham Armory,Durham,36.0329550008979,-78.904037,2025,9,37.0,29.0
2025-09-28,Frying Pan Mountain,Haywood,35.379167,-82.7925,2025,9,38.0,14.0
2025-09-28,Garinger High School,Mecklenburg,35.2401000008895,-80.785683,2025,9,36.0,28.5
2025-09-28,Hattie Avenue,Forsyth,36.11094,-80.224501,2025,9,41.0,28.5
2025-09-28,Leggett,Edgecombe,35.988278,-77.5843,2025,9,31.0,24.0
2025-09-28,Linville Falls,Avery,35.972347,-81.933072,2025,9,29.0,21.0
2025-09-28,Mendenhall School,Guilford,36.1090060008986,-79.802314,2025,9,32.0,21.0
2025-09-28,Millbrook School,Wake,35.856111,-78.574167,2025,9,35.0,33.5
2025-09-28,Old High School,Swain,35.498711,-83.310242,2025,9,30.0,28.5
2025-09-28,Pitt Agri. Center,Pitt,35.6412760008938,-77.360126,2025,9,27.0,24.0
2025-09-28,Rockwell,Rowan,35.551868,-80.395039,2025,9,33.0,21.0
2025-09-28,West Johnston Co.,Johnston,35.59095,-78.4622,2025,9,33.0,27.0
2025-09-29,Bryson City,Swain,35.434767,-83.442133,2025,9,37.0,22.0
2025-09-29,Castle Hayne,New Hanover,34.364167,-77.838611,2025,9,18.0,18.5
2025-09-29,Clemmons Middle,Forsyth,36.026612,-80.341962,2025,9,37.0,37.0
2025-09-29,Durham Armory,Durham,36.0329550008979,-78.904037,2025,9,28.0,36.0
2025-09-29,Frying Pan Mountain,Haywood,35.379167,-82.7925,2025,9,36.0,
2025-09-29,Garinger High School,Mecklenburg,35.2401000008895,-80.785683,2025,9,29.0,30.0
2025-09-29,Hattie Avenue,Forsyth,36.11094,-80.224501,2025,9,39.0,38.0
2025-09-29,Leggett,Edgecombe,35.988278,-77.5843,2025,9,31.0,30.0
2025-09-29,Linville Falls,Avery,35.972347,-81.933072,2025,9,35.0,
2025-09-29,Mendenhall School,Guilford,36.1090060008986,-79.802314,2025,9,29.0,33.0
2025-09-29,Millbrook School,Wake,35.856111,-78.574167,2025,9,23.0,41.0
2025-09-29,Old High School,Swain,35.498711,-83.310242,2025,9,31.0,22.0
2025-09-29,Pitt Agri. Center,Pitt,35.6412760008938,-77.360126,2025,9,25.0,27.0
2025-09-29,Rockwell,Rowan,35.551868,-80.395039,2025,9,29.0,32.0
2025-09-29,West Johnston Co.,Johnston,35.59095,-78.4622,2025,9,24.0,33.0
2025-09-30,Bryson City,Swain,35.434767,-83.442133,2025,9,19.0,8.0
2025-09-30,Castle Hayne,New Hanover,34.364167,-77.838611,2025,9,28.0,31.5
2025-09-30,Clemmons Middle,Forsyth,36.026612,-80.341962,2025,9,37.0,39.0
2025-09-30,Durham Armory,Durham,36.0329550008979,-78.904037,2025,9,,53.0
2025-09-30,Frying Pan Mountain,Haywood,35.379167,-82.7925,2025,9,39.0,
2025-09-30,Garinger High School,Mecklenburg,35.2401000008895,-80.785683,2025,9,40.0,39.0
2025-09-30,Hattie Avenue,Forsyth,36.11094,-80.224501,2025,9,39.0,41.0
2025-09-30,Leggett,Edgecombe,35.988278,-77.5843,2025,9,33.0,44.0
2025-09-30,Linville Falls,Avery,35.972347,-81.933072,2025,9,29.0,
2025-09-30,Mendenhall School,Guilford,36.1090060008986,-79.802314,2025,9,33.0,35.0
2025-09-30,Millbrook School,Wake,35.856111,-78.574167,2025,9,29.0,55.0
2025-09-30,Old High School,Swain,35.498711,-83.310242,2025,9,19.0,17.0
2025-09-30,Pitt Agri. Center,Pitt,35.6412760008938,-77.360126,2025,9,36.0,33.0
2025-09-30,Rockwell,Rowan,35.551868,-80.395039,2025,9,40.0,39.0
2025-09-30,West Johnston Co.,Johnston,35.59095,-78.4622,2025,9,31.0,52.0
2025-10-01,Bryson City,Swain,35.434767,-83.442133,2025,10,25.0,13.0
2025-10-01,Castle Hayne,New Hanover,34.364167,-77.838611,2025,10,31.0,51.5
2025-10-01,Clemmons Middle,Forsyth,36.026612,-80.341962,2025,10,41.0,52.0
2025-10-01,Durham Armory,Durham,36.0329550008979,-78.904037,2025,10,,50.0
2025-10-01,Frying Pan Mountain,Haywood,35.379167,-82.7925,2025,10,45.0,
2025-10-01,Garinger High School,Mecklenburg,35.2401000008895,-80.785683,2025,10,44.0,45.0
2025-10-01,Hattie Avenue,Forsyth,36.11094,-80.224501,2025,10,41.0,47.0
2025-10-01,Leggett,Edgecombe,35.988278,-77.5843,2025,10,31.0,37.0
2025-10-01,Linville Falls,Avery,35.972347,-81.933072,2025,10,41.0,
2025-10-01,Mendenhall School,Guilford,36.1090060008986,-79.802314,2025,10,33.0,36.0
2025-10-01,Millbrook School,Wake,35.856111,-78.574167,2025,10,31.0,46.5
2025-10-01,Old High School,Swain,35.498711,-83.310242,2025,10,25.0,21.0
2025-10-01,Pitt Agri. Center,Pitt,35.6412760008938,-77.360126,2025,10,32.0,40.0
2025-10-01,Rockwell,Rowan,35.551868,-80.395039,2025,10,41.0,
2025-10-01,West Johnston Co.,Johnston,35.59095,-78.4622,2025,10,31.0,39.0
2025-10-02,Bryson City,Swain,35.434767,-83.442133,2025,10,30.0,32.0
2025-10-02,Castle Hayne,New Hanover,34.364167,-77.838611,2025,10,25.0,29.0
2025-10-02,Clemmons Middle,Forsyth,36.026612,-80.341962,2025,10,38.0,33.0
2025-10-02,Durham Armory,Durham,36.0329550008979,-78.904037,2025,10,31.0,31.0
2025-10-02,Frying Pan Mountain,Haywood,35.379167,-82.7925,2025,10,40.0,
2025-10-02,Garinger High School,Mecklenburg,35.2401000008895,-80.785683,2025,10,35.0,37.0
2025-10-02,Hattie Avenue,Forsyth,36.11094,-80.224501,2025,10,38.0,34.0
2025-10-02,Leggett,Edgecombe,35.988278,-77.5843,2025,10,30.0,18.0
2025-10-02,Linville Falls,Avery,35.972347,-81.933072,2025,10,38.0,
2025-10-02,Mendenhall School,Guilford,36.1090060008986,-79.802314,2025,10,30.0,
2025-10-02,Millbrook School,Wake,35.856111,-78.574167,2025,10,31.0,31.0
2025-10-02,Old High School,Swain,35.498711,-83.310242,2025,10,32.0,31.0
2025-10-02,Pitt Agri. Center,Pitt,35.6412760008938,-77.360126,2025,10,29.0,26.0
2025-10-02,Rockwell,Rowan,35.551868,-80.395039,2025,10,32.0,
2025-10-02,West Johnston Co.,Johnston,35.59095,-78.4622,2025,10,30.0,23.0
2025-10-03,Bryson City,Swain,35.434767,-83.442133,2025,10,31.0,32.0
2025-10-03,Castle Hayne,New Hanover,34.364167,-77.838611,2025,10,27.0,27.5
2025-10-03,Clemmons Middle,Forsyth,36.026612,-80.341962,2025,10,36.0,24.0
2025-10-03,Durham Armory,Durham,36.0329550008979,-78.904037,2025,10,33.0,32.0
2025-10-03,Frying Pan Mountain,Haywood,35.379167,-82.7925,2025,10,44.0,
2025-10-03,Garinger High School,Mecklenburg,35.2401000008895,-80.785683,2025,10,35.0,32.0
2025-10-03,Hattie Avenue,Forsyth,36.11094,-80.224501,2025,10,35.0,28.0
2025-10-03,Leggett,Edgecombe,35.988278,-77.5843,2025,10,33.0,22.0
2025-10-03,Linville Falls,Avery,35.972347,-81.933072,2025,10,29.0,
2025-10-03,Mendenhall School,Guilford,36.1090060008986,-79.802314,2025,10,31.0,
2025-10-03,Millbrook School,Wake,35.856111,-78.574167,2025,10,31.0,31.0
2025-10-03,Old High School,Swain,35.498711,-83.310242,2025,10,31.0,24.0
2025-10-03,Pitt Agri. Center,Pitt,35.6412760008938,-77.360126,2025,10,32.0,23.0
2025-10-03,Rockwell,Rowan,35.551868,-80.395039,2025,10,33.0,
2025-10-03,West Johnston Co.,Johnston,35.59095,-78.4622,2025,10,33.0,
2025-10-04,Bryson City,Swain,35.434767,-83.442133,2025,10,27.0,39.0
2025-10-04,Castle Hayne,New Hanover,34.364167,-77.838611,2025,10,28.0,19.0
2025-10-04,Clemmons Middle,Forsyth,36.026612,-80.341962,2025,10,41.0,39.0
2025-10-04,Durham Armory,Durham,36.0329550008979,-78.904037,2025,10,42.0,36.0
2025-10-04,Frying Pan Mountain,Haywood,35.379167,-82.7925,2025,10,36.0,
2025-10-04,Garinger High School,Mecklenburg,35.2401000008895,-80.785683,2025,10,34.0,48.5
2025-10-04,Hattie Avenue,Forsyth,36.11094,-80.224501,2025,10,46.0,43.5
2025-10-04,Leggett,Edgecombe,35.988278,-77.5843,2025,10,32.0,23.0
2025-10-04,Linville Falls,Avery,35.972347,-81.933072,2025,10,34.0,
2025-10-04,Mendenhall School,Guilford,36.1090060008986,-79.802314,2025,10,41.0,
2025-10-04,Millbrook School,Wake,35.856111,-78.574167,2025,10,35.0,37.0
2025-10-04,Old High School,Swain,35.498711,-83.310242,2025,10,24.0,23.5
2025-10-04,Pitt Agri. Center,Pitt,35.6412760008938,-77.360126,2025,10,31.0,25.0
2025-10-04,Rockwell,Rowan,35.551868,-80.395039,2025,10,33.0,
2025-10-04,West Johnston Co.,Johnston,35.59095,-78.4622,2025,10,33.0,
2025-10-05,Bryson City,Swain,35.434767,-83.442133,2025,10,28.0,22.0
2025-10-05,Castle Hayne,New Hanover,34.364167,-77.838611,2025,10,34.0,15.0
2025-10-05,Clemmons Middle,Forsyth,36.026612,-80.341962,2025,10,31.0,38.0
2025-10-05,Durham Armory,Durham,36.0329550008979,-78.904037,2025,10,31.0,35.0
2025-10-05,Frying Pan Mountain,Haywood,35.379167,-82.7925,2025,10,28.0,
2025-10-05,Garinger High School,Mecklenburg,35.2401000008895,-80.785683,2025,10,30.0,35.0
2025-10-05,Hattie Avenue,Forsyth,36.11094,-80.224501,2025,10,34.0,30.0
2025-10-05,Leggett,Edgecombe,35.988278,-77.5843,2025,10,31.0,18.0
2025-10-05,Linville Falls,Avery,35.972347,-81.933072,2025,10,29.0,
2025-10-05,Mendenhall School,Guilford,36.1090060008986,-79.802314,2025,10,31.0,
2025-10-05,Millbrook School,Wake,35.856111,-78.574167,2025,10,31.0,30.0
2025-10-05,Old High School,Swain,35.498711,-83.310242,2025,10,27.0,14.0
2025-10-05,Pitt Agri. Center,Pitt,35.6412760008938,-77.360126,2025,10,31.0,22.0
2025-10-05,Rockwell,Rowan,35.551868,-80.395039,2025,10,29.0,
2025-10-05,West Johnston Co.,Johnston,35.59095,-78.4622,2025,10,31.0,
2025-10-06,Bryson City,Swain,35.434767,-83.442133,2025,10,28.0,13.0
2025-10-06,Castle Hayne,New Hanover,34.364167,-77.838611,2025,10,31.0,14.0
2025-10-06,Clemmons Middle,Forsyth,36.026612,-80.341962,2025,10,38.0,33.0
2025-10-06,Durham Armory,Durham,36.0329550008979,-78.904037,2025,10,42.0,29.0
2025-10-06,Frying Pan Mountain,Haywood,35.379167,-82.7925,2025,10,26.0,
2025-10-06,Garinger High School,Mecklenburg,35.2401000008895,-80.785683,2025,10,27.0,34.0
2025-10-06,Hattie Avenue,Forsyth,36.11094,-80.224501,2025,10,43.0,28.0
2025-10-06,Leggett,Edgecombe,35.988278,-77.5843,2025,10,34.0,17.0
2025-10-06,Linville Falls,Avery,35.972347,-81.933072,2025,10,33.0,
2025-10-06,Mendenhall School,Guilford,36.1090060008986,-79.802314,2025,10,34.0,
2025-10-06,Millbrook School,Wake,35.856111,-78.574167,2025,10,35.0,27.0
2025-10-06,Old High School,Swain,35.498711,-83.310242,2025,10,27.0,13.0
2025-10-06,Pitt Agri. Center,Pitt,35.6412760008938,-77.360126,2025,10,33.0,14.0
2025-10-06,Rockwell,Rowan,35.551868,-80.395039,2025,10,27.0,
2025-10-06,West Johnston Co.,Johnston,35.59095,-78.4622,2025,10,35.0,
2025-10-07,Bryson City,Swain,35.434767,-83.442133,2025,10,23.0,18.0
2025-10-07,Castle Hayne,New Hanover,34.364167,-77.838611,2025,10,31.0,12.0
2025-10-07,Clemmons Middle,Forsyth,36.026612,-80.341962,2025,10,32.0,26.0
2025-10-07,Durham Armory,Durham,36.0329550008979,-78.904037,2025,10,35.0,27.0
2025-10-07,Frying Pan Mountain,Haywood,35.379167,-82.7925,2025,10,24.0,
2025-10-07,Garinger High School,Mecklenburg,35.2401000008895,-80.785683,2025,10,31.0,21.0
2025-10-07,Hattie Avenue,Forsyth,36.11094,-80.224501,2025,10,33.0,29.0
2025-10-07,Leggett,Edgecombe,35.988278,-77.5843,2025,10,31.0,14.0
2025-10-07,Linville Falls,Avery,35.972347,-81.933072,2025,10,30.0,
2025-10-07,Mendenhall School,Guilford,36.1090060008986,-79.802314,2025,10,31.0,19.0
2025-10-07,Millbrook School,Wake,35.856111,-78.574167,2025,10,31.0,27.5
2025-10-07,Old High School,Swain,35.498711,-83.310242,2025,10,22.0,17.0
2025-10-07,Pitt Agri. Center,Pitt,35.6412760008938,-77.360126,2025,10,29.0,18.0
2025-10-07,Rockwell,Rowan,35.551868,-80.395039,2025,10,30.0,
2025-10-07,West Johnston Co.,Johnston,35.59095,-78.4622,2025,10,31.0,
2025-10-08,Bryson City,Swain,35.434767,-83.442133,2025,10,26.0,22.0
2025-10-08,Castle Hayne,New Hanover,34.364167,-77.838611,2025,10,25.0,22.5
2025-10-08,Clemmons Middle,Forsyth,36.026612,-80.341962,2025,10,31.0,18.0
2025-10-08,Durham Armory,Durham,36.0329550008979,-78.904037,2025,10,31.0,23.0
2025-10-08,Frying Pan Mountain,Haywood,35.379167,-82.7925,2025,10,32.0,
2025-10-08,Garinger High School,Mecklenburg,35.2401000008895,-80.785683,2025,10,28.0,19.0
2025-10-08,Hattie Avenue,Forsyth,36.11094,-80.224501,2025,10,32.0,20.0
2025-10-08,Leggett,Edgecombe,35.988278,-77.5843,2025,10,25.0,19.0
2025-10-08,Linville Falls,Avery,35.972347,-81.933072,2025,10,31.0,
2025-10-08,Mendenhall School,Guilford,36.1090060008986,-79.802314,2025,10,30.0,15.0
2025-10-08,Millbrook School,Wake,35.856111,-78.574167,2025,10,30.0,23.0
2025-10-08,Old High School,Swain,35.498711,-83.310242,2025,10,28.0,23.0
2025-10-08,Pitt Agri. Center,Pitt,35.6412760008938,-77.360126,2025,10,24.0,25.0
2025-10-08,Rockwell,Rowan,35.551868,-80.395039,2025,10,29.0,18.0
2025-10-08,West Johnston Co.,Johnston,35.59095,-78.4622,2025,10,28.0,19.0
2025-10-09,Bryson City,Swain,35.434767,-83.442133,2025,10,29.0,27.0
2025-10-09,Castle Hayne,New Hanover,34.364167,-77.838611,2025,10,31.0,27.5
2025-10-09,Clemmons Middle,Forsyth,36.026612,-80.341962,2025,10,38.0,21.0
2025-10-09,Durham Armory,Durham,36.0329550008979,-78.904037,2025,10,38.0,21.0
2025-10-09,Frying Pan Mountain,Haywood,35.379167,-82.7925,2025,10,37.0,
2025-10-09,Garinger High School,Mecklenburg,35.2401000008895,-80.785683,2025,10,40.0,23.0
2025-10-09,Hattie Avenue,Forsyth,36.11094,-80.224501,2025,10,38.0,20.0
2025-10-09,Leggett,Edgecombe,35.988278,-77.5843,2025,10,34.0,19.0
2025-10-09,Linville Falls,Avery,35.972347,-81.933072,2025,10,35.0,
2025-10-09,Mendenhall School,Guilford,36.1090060008986,-79.802314,2025,10,34.0,17.0
2025-10-09,Millbrook School,Wake,35.856111,-78.574167,2025,10,35.0,19.0
2025-10-09,Old High School,Swain,35.498711,-83.310242,2025,10,30.0,18.0
2025-10-09,Pitt Agri. Center,Pitt,35.6412760008938,-77.360126,2025,10,35.0,21.0
2025-10-09,Rockwell,Rowan,35.551868,-80.395039,2025,10,39.0,15.0
2025-10-09,West Johnston Co.,Johnston,35.59095,-78.4622,2025,10,35.0,22.0
2025-10-10,Bryson City,Swain,35.434767,-83.442133,2025,10,34.0,28.0
2025-10-10,Castle Hayne,New Hanover,34.364167,-77.838611,2025,10,31.0,28.0
2025-10-10,Clemmons Middle,Forsyth,36.026612,-80.341962,2025,10,34.0,22.0
2025-10-10,Durham Armory,Durham,36.0329550008979,-78.904037,2025,10,35.0,24.0
2025-10-10,Frying Pan Mountain,Haywood,35.379167,-82.7925,2025,10,38.0,
2025-10-10,Garinger High School,Mecklenburg,35.2401000008895,-80.785683,2025,10,31.0,26.5
2025-10-10,Hattie Avenue,Forsyth,36.11094,-80.224501,2025,10,33.0,27.0
2025-10-10,Leggett,Edgecombe,35.988278,-77.5843,2025,10,33.0,19.0
2025-10-10,Linville Falls,Avery,35.972347,-81.933072,2025,10,35.0,
2025-10-10,Mendenhall School,Guilford,36.1090060008986,-79.802314,2025,10,30.0,19.0
2025-10-10,Millbrook School,Wake,35.856111,-78.574167,2025,10,34.0,26.0
2025-10-10,Old High School,Swain,35.498711,-83.310242,2025,10,34.0,23.0
2025-10-10,Pitt Agri. Center,Pitt,35.6412760008938,-77.360126,2025,10,33.0,21.0
2025-10-10,Rockwell,Rowan,35.551868,-80.395039,2025,10,31.0,17.0
2025-10-10,West Johnston Co.,Johnston,35.59095,-78.4622,2025,10,34.0,23.0
2025-10-11,Bryson City,Swain,35.434767,-83.442133,2025,10,30.0,35.0
2025-10-11,Castle Hayne,New Hanover,34.364167,-77.838611,2025,10,30.0,15.5
2025-10-11,Clemmons Middle,Forsyth,36.026612,-80.341962,2025,10,31.0,24.0
2025-10-11,Durham Armory,Durham,36.0329550008979,-78.904037,2025,10,29.0,27.0
2025-10-11,Frying Pan Mountain,Haywood,35.379167,-82.7925,2025,10,39.0,
2025-10-11,Garinger High School,Mecklenburg,35.2401000008895,-80.785683,2025,10,30.0,22.0
2025-10-11,Hattie Avenue,Forsyth,36.11094,-80.224501,2025,10,31.0,24.0
2025-10-11,Leggett,Edgecombe,35.988278,-77.5843,2025,10,27.0,22.0
2025-10-11,Linville Falls,Avery,35.972347,-81.933072,2025,10,38.0,
2025-10-11,Mendenhall School,Guilford,36.1090060008986,-79.802314,2025,10,27.0,15.0
2025-10-11,Millbrook School,Wake,35.856111,-78.574167,2025,10,23.0,30.0
2025-10-11,Old High School,Swain,35.498711,-83.310242,2025,10,33.0,35.0
2025-10-11,Pitt Agri. Center,Pitt,35.6412760008938,-77.360126,2025,10,29.0,27.0
2025-10-11,Rockwell,Rowan,35.551868,-80.395039,2025,10,29.0,24.0
2025-10-11,West Johnston Co.,Johnston,35.59095,-78.4622,2025,10,24.0,22.0
2025-10-12,Bryson City,Swain,35.434767,-83.442133,2025,10,33.0,32.0
2025-10-12,Castle Hayne,New Hanover,34.364167,-77.838611,2025,10,28.0,6.0
2025-10-12,Clemmons Middle,Forsyth,36.026612,-80.341962,2025,10,28.0,12.0
2025-10-12,Durham Armory,Durham,36.0329550008979,-78.904037,2025,10,29.0,11.0
2025-10-12,Frying Pan Mountain,Haywood,35.379167,-82.7925,2025,10,37.0,
2025-10-12,Garinger High School,Mecklenburg,35.2401000008895,-80.785683,2025,10,28.0,9.0
2025-10-12,Hattie Avenue,Forsyth,36.11094,-80.224501,2025,10,28.0,13.0
2025-10-12,Leggett,Edgecombe,35.988278,-77.5843,2025,10,30.0,8.0
2025-10-12,Linville Falls,Avery,35.972347,-81.933072,2025,10,31.0,
2025-10-12,Mendenhall School,Guilford,36.1090060008986,-79.802314,2025,10,24.0,8.0
2025-10-12,Millbrook School,Wake,35.856111,-78.574167,2025,10,25.0,11.0
2025-10-12,Old High School,Swain,35.498711,-83.310242,2025,10,36.0,18.0
2025-10-12,Pitt Agri. Center,Pitt,35.6412760008938,-77.360126,2025,10,30.0,8.0
2025-10-12,Rockwell,Rowan,35.551868,-80.395039,2025,10,26.0,14.0
2025-10-12,West Johnston Co.,Johnston,35.59095,-78.4622,2025,10,29.0,4.0
2025-10-13,Bryson City,Swain,35.434767,-83.442133,2025,10,33.0,29.0
2025-10-13,Castle Hayne,New Hanover,34.364167,-77.838611,2025,10,19.0,22.0
2025-10-13,Clemmons Middle,Forsyth,36.026612,-80.341962,2025,10,32.0,9.0
2025-10-13,Durham Armory,Durham,36.0329550008979,-78.904037,2025,10,29.0,12.0
2025-10-13,Frying Pan Mountain,Haywood,35.379167,-82.7925,2025,10,39.0,
2025-10-13,Garinger High School,Mecklenburg,35.2401000008895,-80.785683,2025,10,35.0,10.5
2025-10-13,Hattie Avenue,Forsyth,36.11094,-80.224501,2025,10,32.0,13.0
2025-10-13,Leggett,Edgecombe,35.988278,-77.5843,2025,10,24.0,7.0
2025-10-13,Linville Falls,Avery,35.972347,-81.933072,2025,10,37.0,
2025-10-13,Mendenhall School,Guilford,36.1090060008986,-79.802314,2025,10,31.0,11.0
2025-10-13,Millbrook School,Wake,35.856111,-78.574167,2025,10,25.0,11.5
2025-10-13,Old High School,Swain,35.498711,-83.310242,2025,10,35.0,11.0
2025-10-13,Pitt Agri. Center,Pitt,35.6412760008938,-77.360126,2025,10,21.0,8.0
2025-10-13,Rockwell,Rowan,35.551868,-80.395039,2025,10,32.0,9.0
2025-10-13,West Johnston Co.,Johnston,35.59095,-78.4622,2025,10,25.0,
2025-10-14,Bryson City,Swain,35.434767,-83.442133,2025,10,34.0,15.0
2025-10-14,Castle Hayne,New Hanover,34.364167,-77.838611,2025,10,19.0,25.0
2025-10-14,Clemmons Middle,Forsyth,36.026612,-80.341962,2025,10,36.0,16.0
2025-10-14,Durham Armory,Durham,36.0329550008979,-78.904037,2025,10,26.0,11.5
2025-10-14,Frying Pan Mountain,Haywood,35.379167,-82.7925,2025,10,43.0,
2025-10-14,Garinger High School,Mecklenburg,35.2401000008895,-80.785683,2025,10,38.0,14.0
2025-10-14,Hattie Avenue,Forsyth,36.11094,-80.224501,2025,10,35.0,19.0
2025-10-14,Leggett,Edgecombe,35.988278,-77.5843,2025,10,20.0,8.0
2025-10-14,Linville Falls,Avery,35.972347,-81.933072,2025,10,38.0,
2025-10-14,Mendenhall School,Guilford,36.1090060008986,-79.802314,2025,10,30.0,14.0
2025-10-14,Millbrook School,Wake,35.856111,-78.574167,2025,10,22.0,16.0
2025-10-14,Old High School,Swain,35.498711,-83.310242,2025,10,37.0,12.0
2025-10-14,Pitt Agri. Center,Pitt,35.6412760008938,-77.360126,2025,10,19.0,9.0
2025-10-14,Rockwell,Rowan,35.551868,-80.395039,2025,10,37.0,16.0
2025-10-14,West Johnston Co.,Johnston,35.59095,-78.4622,2025,10,22.0,
2025-10-15,Bryson City,Swain,35.434767,-83.442133,2025,10,31.0,34.0
2025-10-15,Castle Hayne,New Hanover,34.364167,-77.838611,2025,10,19.0,29.0
2025-10-15,Clemmons Middle,Forsyth,36.026612,-80.341962,2025,10,38.0,23.0
2025-10-15,Durham Armory,Durham,36.0329550008979,-78.904037,2025,10,39.0,20.0
2025-10-15,Frying Pan Mountain,Haywood,35.379167,-82.7925,2025,10,44.0,
2025-10-15,Garinger High School,Mecklenburg,35.2401000008895,-80.785683,2025,10,44.0,28.0
2025-10-15,Hattie Avenue,Forsyth,36.11094,-80.224501,2025,10,39.0,22.0
2025-10-15,Leggett,Edgecombe,35.988278,-77.5843,2025,10,34.0,21.0
2025-10-15,Linville Falls,Avery,35.972347,-81.933072,2025,10,44.0,
2025-10-15,Mendenhall School,Guilford,36.1090060008986,-79.802314,2025,10,36.0,16.0
2025-10-15,Millbrook School,Wake,35.856111,-78.574167,2025,10,37.0,26.0
2025-10-15,Old High School,Swain,35.498711,-83.310242,2025,10,33.0,13.0
2025-10-15,Pitt Agri. Center,Pitt,35.6412760008938,-77.360126,2025,10,29.0,19.0
2025-10-15,Rockwell,Rowan,35.551868,-80.395039,2025,10,39.0,14.0
2025-10-15,West Johnston Co.,Johnston,35.59095,-78.4622,2025,10,35.0,
2025-10-16,Bryson City,Swain,35.434767,-83.442133,2025,10,35.0,27.0
2025-10-16,Castle Hayne,New Hanover,34.364167,-77.838611,2025,10,34.0,29.0
2025-10-16,Clemmons Middle,Forsyth,36.026612,-80.341962,2025,10,38.0,21.5
2025-10-16,Durham Armory,Durham,36.0329550008979,-78.904037,2025,10,35.0,21.5
2025-10-16,Frying Pan Mountain,Haywood,35.379167,-82.7925,2025,10,43.0,
2025-10-16,Garinger High School,Mecklenburg,35.2401000008895,-80.785683,2025,10,39.0,26.5
2025-10-16,Hattie Avenue,Forsyth,36.11094,-80.224501,2025,10,37.0,29.5
2025-10-16,Leggett,Edgecombe,35.988278,-77.5843,2025,10,37.0,18.0
2025-10-16,Linville Falls,Avery,35.972347,-81.933072,2025,10,40.0,
2025-10-16,Mendenhall School,Guilford,36.1090060008986,-79.802314,2025,10,34.0,14.0
2025-10-16,Millbrook School,Wake,35.856111,-78.574167,2025,10,33.0,29.5
2025-10-16,Old High School,Swain,35.498711,-83.310242,2025,10,,19.0
2025-10-16,Pitt Agri. Center,Pitt,35.6412760008938,-77.360126,2025,10,35.0,21.0
2025-10-16,Rockwell,Rowan,35.551868,-80.395039,2025,10,38.0,19.0
2025-10-16,West Johnston Co.,Johnston,35.59095,-78.4622,2025,10,34.0,
2025-10-17,Bryson City,Swain,35.434767,-83.442133,2025,10,35.0,37.0
2025-10-17,Castle Hayne,New Hanover,34.364167,-77.838611,2025,10,35.0,27.0
2025-10-17,Clemmons Middle,Forsyth,36.026612,-80.341962,2025,10,42.0,33.0
2025-10-17,Durham Armory,Durham,36.0329550008979,-78.904037,2025,10,38.0,19.5
2025-10-17,Frying Pan Mountain,Haywood,35.379167,-82.7925,2025,10,43.0,
2025-10-17,Garinger High School,Mecklenburg,35.2401000008895,-80.785683,2025,10,44.0,48.0
2025-10-17,Hattie Avenue,Forsyth,36.11094,-80.224501,2025,10,43.0,23.0
2025-10-17,Leggett,Edgecombe,35.988278,-77.5843,2025,10,33.0,17.0
2025-10-17,Linville Falls,Avery,35.972347,-81.933072,2025,10,40.0,
2025-10-17,Mendenhall School,Guilford,36.1090060008986,-79.802314,2025,10,41.0,33.0
2025-10-17,Millbrook School,Wake,35.856111,-78.574167,2025,10,33.0,31.0
2025-10-17,Old High School,Swain,35.498711,-83.310242,2025,10,,17.0
2025-10-17,Pitt Agri. Center,Pitt,35.6412760008938,-77.360126,2025,10,32.0,21.0
2025-10-17,Rockwell,Rowan,35.551868,-80.395039,2025,10,43.0,40.0
2025-10-17,West Johnston Co.,Johnston,35.59095,-78.4622,2025,10,36.0,13.0
2025-10-18,Bryson City,Swain,35.434767,-83.442133,2025,10,36.0,60.0
2025-10-18,Castle Hayne,New Hanover,34.364167,-77.838611,2025,10,42.0,41.0
2025-10-18,Clemmons Middle,Forsyth,36.026612,-80.341962,2025,10,47.0,55.0
2025-10-18,Durham Armory,Durham,36.0329550008979,-78.904037,2025,10,43.0,48.5
2025-10-18,Frying Pan Mountain,Haywood,35.379167,-82.7925,2025,10,43.0,
2025-10-18,Garinger High School,Mecklenburg,35.2401000008895,-80.785683,2025,10,42.0,52.0
2025-10-18,Hattie Avenue,Forsyth,36.11094,-80.224501,2025,10,50.0,55.0
2025-10-18,Leggett,Edgecombe,35.988278,-77.5843,2025,10,44.0,38.0
2025-10-18,Linville Falls,Avery,35.972347,-81.933072,2025,10,46.0,
2025-10-18,Mendenhall School,Guilford,36.1090060008986,-79.802314,2025,10,48.0,52.0
2025-10-18,Millbrook School,Wake,35.856111,-78.574167,2025,10,41.0,51.0
2025-10-18,Old High School,Swain,35.498711,-83.310242,2025,10,,47.0
2025-10-18,Pitt Agri. Center,Pitt,35.6412760008938,-77.360126,2025,10,43.0,
2025-10-18,Rockwell,Rowan,35.551868,-80.395039,2025,10,47.0,52.0
2025-10-18,West Johnston Co.,Johnston,35.59095,-78.4622,2025,10,39.0,55.0
2025-10-19,Bryson City,Swain,35.434767,-83.442133,2025,10,33.0,29.0
2025-10-19,Castle Hayne,New Hanover,34.364167,-77.838611,2025,10,39.0,27.0
2025-10-19,Clemmons Middle,Forsyth,36.026612,-80.341962,2025,10,38.0,28.0
2025-10-19,Durham Armory,Durham,36.0329550008979,-78.904037,2025,10,42.0,33.0
2025-10-19,Frying Pan Mountain,Haywood,35.379167,-82.7925,2025,10,37.0,
2025-10-19,Garinger High School,Mecklenburg,35.2401000008895,-80.785683,2025,10,37.0,30.5
2025-10-19,Hattie Avenue,Forsyth,36.11094,-80.224501,2025,10,39.0,29.5
2025-10-19,Leggett,Edgecombe,35.988278,-77.5843,2025,10,40.0,29.0
2025-10-19,Mendenhall School,Guilford,36.1090060008986,-79.802314,2025,10,37.0,33.0
2025-10-19,Millbrook School,Wake,35.856111,-78.574167,2025,10,39.0,32.5
2025-10-19,Old High School,Swain,35.498711,-83.310242,2025,10,,21.0
2025-10-19,Pitt Agri. Center,Pitt,35.6412760008938,-77.360126,2025,10,38.0,
2025-10-19,Rockwell,Rowan,35.551868,-80.395039,2025,10,37.0,25.0
2025-10-19,West Johnston Co.,Johnston,35.59095,-78.4622,2025,10,41.0,28.0
2025-10-20,Bryson City,Swain,35.434767,-83.442133,2025,10,29.0,15.0
2025-10-20,Castle Hayne,New Hanover,34.364167,-77.838611,2025,10,31.0,23.5
2025-10-20,Clemmons Middle,Forsyth,36.026612,-80.341962,2025,10,32.0,17.0
2025-10-20,Durham Armory,Durham,36.0329550008979,-78.904037,2025,10,34.0,14.0
2025-10-20,Frying Pan Mountain,Haywood,35.379167,-82.7925,2025,10,48.0,
2025-10-20,Garinger High School,Mecklenburg,35.2401000008895,-80.785683,2025,10,33.0,25.0
2025-10-20,Hattie Avenue,Forsyth,36.11094,-80.224501,2025,10,32.0,20.0
2025-10-20,Leggett,Edgecombe,35.988278,-77.5843,2025,10,33.0,10.0
2025-10-20,Linville Falls,Avery,35.972347,-81.933072,2025,10,34.0,
2025-10-20,Mendenhall School,Guilford,36.1090060008986,-79.802314,2025,10,31.0,11.0
2025-10-20,Millbrook School,Wake,35.856111,-78.574167,2025,10,33.0,21.0
2025-10-20,Old High School,Swain,35.498711,-83.310242,2025,10,,12.0
2025-10-20,Pitt Agri. Center,Pitt,35.6412760008938,-77.360126,2025,10,32.0,
2025-10-20,Rockwell,Rowan,35.551868,-80.395039,2025,10,33.0,19.0
2025-10-20,West Johnston Co.,Johnston,35.59095,-78.4622,2025,10,34.0,15.0
2025-10-21,Bryson City,Swain,35.434767,-83.442133,2025,10,24.0,28.0
2025-10-21,Castle Hayne,New Hanover,34.364167,-77.838611,2025,10,38.0,35.5
2025-10-21,Clemmons Middle,Forsyth,36.026612,-80.341962,2025,10,44.0,35.0
2025-10-21,Durham Armory,Durham,36.0329550008979,-78.904037,2025,10,44.0,43.0
2025-10-21,Frying Pan Mountain,Haywood,35.379167,-82.7925,2025,10,45.0,
2025-10-21,Garinger High School,Mecklenburg,35.2401000008895,-80.785683,2025,10,42.0,50.0
2025-10-21,Hattie Avenue,Forsyth,36.11094,-80.224501,2025,10,44.0,41.0
2025-10-21,Leggett,Edgecombe,35.988278,-77.5843,2025,10,42.0,35.0
2025-10-21,Linville Falls,Avery,35.972347,-81.933072,2025,10,42.0,
2025-10-21,Mendenhall School,Guilford,36.1090060008986,-79.802314,2025,10,45.0,41.0
2025-10-21,Millbrook School,Wake,35.856111,-78.574167,2025,10,43.0,43.0
2025-10-21,Old High School,Swain,35.498711,-83.310242,2025,10,28.0,21.0
2025-10-21,Pitt Agri. Center,Pitt,35.6412760008938,-77.360126,2025,10,38.0,37.0
2025-10-21,Rockwell,Rowan,35.551868,-80.395039,2025,10,44.0,43.0
2025-10-21,West Johnston Co.,Johnston,35.59095,-78.4622,2025,10,44.0,41.0
2025-10-22,Bryson City,Swain,35.434767,-83.442133,2025,10,34.0,16.0
2025-10-22,Castle Hayne,New Hanover,34.364167,-77.838611,2025,10,38.0,44.5
2025-10-22,Clemmons Middle,Forsyth,36.026612,-80.341962,2025,10,37.0,19.0
2025-10-22,Durham Armory,Durham,36.0329550008979,-78.904037,2025,10,41.0,26.5
2025-10-22,Frying Pan Mountain,Haywood,35.379167,-82.7925,2025,10,39.0,
2025-10-22,Garinger High School,Mecklenburg,35.2401000008895,-80.785683,2025,10,38.0,29.0
2025-10-22,Hattie Avenue,Forsyth,36.11094,-80.224501,2025,10,36.0,20.5
2025-10-22,Leggett,Edgecombe,35.988278,-77.5843,2025,10,40.0,34.0
2025-10-22,Linville Falls,Avery,35.972347,-81.933072,2025,10,38.0,
2025-10-22,Mendenhall School,Guilford,36.1090060008986,-79.802314,2025,10,36.0,22.0
2025-10-22,Millbrook School,Wake,35.856111,-78.574167,2025,10,38.0,34.0
2025-10-22,Old High School,Swain,35.498711,-83.310242,2025,10,32.0,14.5
2025-10-22,Pitt Agri. Center,Pitt,35.6412760008938,-77.360126,2025,10,40.0,34.0
2025-10-22,Rockwell,Rowan,35.551868,-80.395039,2025,10,38.0,19.0
2025-10-22,West Johnston Co.,Johnston,35.59095,-78.4622,2025,10,42.0,53.0
2025-10-23,Bryson City,Swain,35.434767,-83.442133,2025,10,39.0,32.0
2025-10-23,Castle Hayne,New Hanover,34.364167,-77.838611,2025,10,34.0,36.5
2025-10-23,Clemmons Middle,Forsyth,36.026612,-80.341962,2025,10,38.0,23.0
2025-10-23,Durham Armory,Durham,36.0329550008979,-78.904037,2025,10,38.0,20.0
2025-10-23,Frying Pan Mountain,Haywood,35.379167,-82.7925,2025,10,41.0,
2025-10-23,Garinger High School,Mecklenburg,35.2401000008895,-80.785683,2025,10,38.0,28.0
2025-10-23,Hattie Avenue,Forsyth,36.11094,-80.224501,2025,10,37.0,26.0
2025-10-23,Leggett,Edgecombe,35.988278,-77.5843,2025,10,37.0,34.0
2025-10-23,Linville Falls,Avery,35.972347,-81.933072,2025,10,40.0,
2025-10-23,Mendenhall School,Guilford,36.1090060008986,-79.802314,2025,10,36.0,16.0
2025-10-23,Millbrook School,Wake,35.856111,-78.574167,2025,10,37.0,22.0
2025-10-23,Old High School,Swain,35.498711,-83.310242,2025,10,37.0,15.0
2025-10-23,Pitt Agri. Center,Pitt,35.6412760008938,-77.360126,2025,10,37.0,28.0
2025-10-23,Rockwell,Rowan,35.551868,-80.395039,2025,10,38.0,18.0
2025-10-23,West Johnston Co.,Johnston,35.59095,-78.4622,2025,10,38.0,29.0
2025-10-24,Bryson City,Swain,35.434767,-83.442133,2025,10,31.0,23.0
2025-10-24,Castle Hayne,New Hanover,34.364167,-77.838611,2025,10,33.0,32.5
2025-10-24,Clemmons Middle,Forsyth,36.026612,-80.341962,2025,10,36.0,23.0
2025-10-24,Durham Armory,Durham,36.0329550008979,-78.904037,2025,10,37.0,22.5
2025-10-24,Frying Pan Mountain,Haywood,35.379167,-82.7925,2025,10,37.0,
2025-10-24,Garinger High School,Mecklenburg,35.2401000008895,-80.785683,2025,10,38.0,
2025-10-24,Hattie Avenue,Forsyth,36.11094,-80.224501,2025,10,37.0,23.0
2025-10-24,Leggett,Edgecombe,35.988278,-77.5843,2025,10,36.0,25.0
2025-10-24,Linville Falls,Avery,35.972347,-81.933072,2025,10,38.0,
2025-10-24,Mendenhall School,Guilford,36.1090060008986,-79.802314,2025,10,35.0,24.0
2025-10-24,Millbrook School,Wake,35.856111,-78.574167,2025,10,36.0,27.0
2025-10-24,Old High School,Swain,35.498711,-83.310242,2025,10,30.0,13.0
2025-10-24,Pitt Agri. Center,Pitt,35.6412760008938,-77.360126,2025,10,35.0,22.0
2025-10-24,Rockwell,Rowan,35.551868,-80.395039,2025,10,36.0,22.0
2025-10-24,West Johnston Co.,Johnston,35.59095,-78.4622,2025,10,37.0,23.0
2025-10-25,Bryson City,Swain,35.434767,-83.442133,2025,10,34.0,42.0
2025-10-25,Castle Hayne,New Hanover,34.364167,-77.838611,2025,10,31.0,31.0
2025-10-25,Clemmons Middle,Forsyth,36.026612,-80.341962,2025,10,34.0,22.0
2025-10-25,Durham Armory,Durham,36.0329550008979,-78.904037,2025,10,34.0,24.5
2025-10-25,Frying Pan Mountain,Haywood,35.379167,-82.7925,2025,10,39.0,
2025-10-25,Garinger High School,Mecklenburg,35.2401000008895,-80.785683,2025,10,30.0,49.0
2025-10-25,Hattie Avenue,Forsyth,36.11094,-80.224501,2025,10,36.0,36.0
2025-10-25,Leggett,Edgecombe,35.988278,-77.5843,2025,10,31.0,23.0
2025-10-25,Linville Falls,Avery,35.972347,-81.933072,2025,10,34.0,
2025-10-25,Mendenhall School,Guilford,36.1090060008986,-79.802314,2025,10,33.0,31.0
2025-10-25,Millbrook School,Wake,35.856111,-78.574167,2025,10,34.0,25.5
2025-10-25,Old High School,Swain,35.498711,-83.310242,2025,10,35.0,16.0
2025-10-25,Pitt Agri. Center,Pitt,35.6412760008938,-77.360126,2025,10,31.0,22.0
2025-10-25,Rockwell,Rowan,35.551868,-80.395039,2025,10,31.0,21.0
2025-10-25,West Johnston Co.,Johnston,35.59095,-78.4622,2025,10,31.0,22.0
2025-10-26,Bryson City,Swain,35.434767,-83.442133,2025,10,25.0,39.0
2025-10-26,Castle Hayne,New Hanover,34.364167,-77.838611,2025,10,25.0,28.0
2025-10-26,Clemmons Middle,Forsyth,36.026612,-80.341962,2025,10,33.0,34.0
2025-10-26,Durham Armory,Durham,36.0329550008979,-78.904037,2025,10,32.0,28.5
2025-10-26,Frying Pan Mountain,Haywood,35.379167,-82.7925,2025,10,36.0,
2025-10-26,Garinger High School,Mecklenburg,35.2401000008895,-80.785683,2025,10,33.0,
2025-10-26,Hattie Avenue,Forsyth,36.11094,-80.224501,2025,10,32.0,35.0
2025-10-26,Leggett,Edgecombe,35.988278,-77.5843,2025,10,29.0,19.0
2025-10-26,Linville Falls,Avery,35.972347,-81.933072,2025,10,35.0,
2025-10-26,Mendenhall School,Guilford,36.1090060008986,-79.802314,2025,10,30.0,31.0
2025-10-26,Millbrook School,Wake,35.856111,-78.574167,2025,10,31.0,24.0
2025-10-26,Old High School,Swain,35.498711,-83.310242,2025,10,28.0,23.0
2025-10-26,Pitt Agri. Center,Pitt,35.6412760008938,-77.360126,2025,10,29.0,17.0
2025-10-26,Rockwell,Rowan,35.551868,-80.395039,2025,10,34.0,37.0
2025-10-26,West Johnston Co.,Johnston,35.59095,-78.4622,2025,10,31.0,19.0
2025-10-27,Bryson City,Swain,35.434767,-83.442133,2025,10,25.0,12.0
2025-10-27,Castle Hayne,New Hanover,34.364167,-77.838611,2025,10,31.0,18.5
2025-10-27,Clemmons Middle,Forsyth,36.026612,-80.341962,2025,10,30.0,30.0
2025-10-27,Durham Armory,Durham,36.0329550008979,-78.904037,2025,10,31.0,24.0
2025-10-27,Frying Pan Mountain,Haywood,35.379167,-82.7925,2025,10,36.0,
2025-10-27,Garinger High School,Mecklenburg,35.2401000008895,-80.785683,2025,10,28.0,
2025-10-27,Hattie Avenue,Forsyth,36.11094,-80.224501,2025,10,31.0,30.0
2025-10-27,Leggett,Edgecombe,35.988278,-77.5843,2025,10,31.0,17.0
2025-10-27,Linville Falls,Avery,35.972347,-81.933072,2025,10,32.0,
2025-10-27,Mendenhall School,Guilford,36.1090060008986,-79.802314,2025,10,26.0,28.0
2025-10-27,Millbrook School,Wake,35.856111,-78.574167,2025,10,31.0,23.0
2025-10-27,Old High School,Swain,35.498711,-83.310242,2025,10,23.0,13.0
2025-10-27,Pitt Agri. Center,Pitt,35.6412760008938,-77.360126,2025,10,30.0,14.0
2025-10-27,Rockwell,Rowan,35.551868,-80.395039,2025,10,29.0,26.0
2025-10-27,West Johnston Co.,Johnston,35.59095,-78.4622,2025,10,35.0,18.0
2025-10-28,Bryson City,Swain,35.434767,-83.442133,2025,10,24.0,12.0
2025-10-28,Castle Hayne,New Hanover,34.364167,-77.838611,2025,10,24.0,11.0
2025-10-28,Clemmons Middle,Forsyth,36.026612,-80.341962,2025,10,28.0,18.0
2025-10-28,Durham Armory,Durham,36.0329550008979,-78.904037,2025,10,26.0,15.0
2025-10-28,Frying Pan Mountain,Haywood,35.379167,-82.7925,2025,10,38.0,
2025-10-28,Garinger High School,Mecklenburg,35.2401000008895,-80.785683,2025,10,27.0,17.0
2025-10-28,Hattie Avenue,Forsyth,36.11094,-80.224501,2025,10,27.0,19.0
2025-10-28,Leggett,Edgecombe,35.988278,-77.5843,2025,10,25.0,16.0
2025-10-28,Linville Falls,Avery,35.972347,-81.933072,2025,10,34.0,
2025-10-28,Mendenhall School,Guilford,36.1090060008986,-79.802314,2025,10,22.0,14.0
2025-10-28,Millbrook School,Wake,35.856111,-78.574167,2025,10,23.0,16.5
2025-10-28,Old High School,Swain,35.498711,-83.310242,2025,10,26.0,13.0
2025-10-28,Pitt Agri. Center,Pitt,35.6412760008938,-77.360126,2025,10,23.0,9.0
2025-10-28,Rockwell,Rowan,35.551868,-80.395039,2025,10,27.0,11.0
2025-10-28,West Johnston Co.,Johnston,35.59095,-78.4622,2025,10,29.0,11.0
2025-10-29,Bryson City,Swain,35.434767,-83.442133,2025,10,18.0,9.0
2025-10-29,Castle Hayne,New Hanover,34.364167,-77.838611,2025,10,18.0,13.5
2025-10-29,Clemmons Middle,Forsyth,36.026612,-80.341962,2025,10,13.0,19.0
2025-10-29,Durham Armory,Durham,36.0329550008979,-78.904037,2025,10,14.0,16.5
2025-10-29,Frying Pan Mountain,Haywood,35.379167,-82.7925,2025,10,24.0,
2025-10-29,Garinger High School,Mecklenburg,35.2401000008895,-80.785683,2025,10,12.0,17.0
2025-10-29,Hattie Avenue,Forsyth,36.11094,-80.224501,2025,10,15.0,18.0
2025-10-29,Leggett,Edgecombe,35.988278,-77.5843,2025,10,19.0,12.0
2025-10-29,Linville Falls,Avery,35.972347,-81.933072,2025,10,18.0,
2025-10-29,Mendenhall School,Guilford,36.1090060008986,-79.802314,2025,10,11.0,12.0
2025-10-29,Millbrook School,Wake,35.856111,-78.574167,2025,10,14.0,20.0
2025-10-29,Old High School,Swain,35.498711,-83.310242,2025,10,28.0,9.0
2025-10-29,Pitt Agri. Center,Pitt,35.6412760008938,-77.360126,2025,10,19.0,11.0
2025-10-29,Rockwell,Rowan,35.551868,-80.395039,2025,10,13.0,17.0
2025-10-29,West Johnston Co.,Johnston,35.59095,-78.4622,2025,10,16.0,15.0
2025-10-30,Bryson City,Swain,35.434767,-83.442133,2025,10,19.0,9.0
2025-10-30,Castle Hayne,New Hanover,34.364167,-77.838611,2025,10,27.0,22.5
2025-10-30,Clemmons Middle,Forsyth,36.026612,-80.341962,2025,10,26.0,10.0
2025-10-30,Durham Armory,Durham,36.0329550008979,-78.904037,2025,10,27.0,13.5
2025-10-30,Frying Pan Mountain,Haywood,35.379167,-82.7925,2025,10,30.0,
2025-10-30,Garinger High School,Mecklenburg,35.2401000008895,-80.785683,2025,10,22.0,7.0
2025-10-30,Hattie Avenue,Forsyth,36.11094,-80.224501,2025,10,25.0,10.0
2025-10-30,Leggett,Edgecombe,35.988278,-77.5843,2025,10,29.0,18.0
2025-10-30,Linville Falls,Avery,35.972347,-81.933072,2025,10,29.0,
2025-10-30,Mendenhall School,Guilford,36.1090060008986,-79.802314,2025,10,25.0,6.0
2025-10-30,Millbrook School,Wake,35.856111,-78.574167,2025,10,21.0,22.0
2025-10-30,Old High School,Swain,35.498711,-83.310242,2025,10,16.0,9.0
2025-10-30,Pitt Agri. Center,Pitt,35.6412760008938,-77.360126,2025,10,28.0,12.0
2025-10-30,Rockwell,Rowan,35.551868,-80.395039,2025,10,26.0,5.0
2025-10-30,West Johnston Co.,Johnston,35.59095,-78.4622,2025,10,24.0,19.0
2025-10-31,Bryson City,Swain,35.434767,-83.442133,2025,10,32.0,28.0
2025-10-31,Castle Hayne,New Hanover,34.364167,-77.838611,2025,10,31.0,27.5
2025-10-31,Clemmons Middle,Forsyth,36.026612,-80.341962,2025,10,33.0,19.0
2025-10-31,Durham Armory,Durham,36.0329550008979,-78.904037,2025,10,36.0,19.0
2025-10-31,Frying Pan Mountain,Haywood,35.379167,-82.7925,2025,10,34.0,
2025-10-31,Garinger High School,Mecklenburg,35.2401000008895,-80.785683,2025,10,31.0,27.0
2025-10-31,Hattie Avenue,Forsyth,36.11094,-80.224501,2025,10,32.0,22.0
2025-10-31,Leggett,Edgecombe,35.988278,-77.5843,2025,10,34.0,18.0
2025-10-31,Linville Falls,Avery,35.972347,-81.933072,2025,10,33.0,
2025-10-31,Mendenhall School,Guilford,36.1090060008986,-79.802314,2025,10,31.0,20.0
2025-10-31,Millbrook School,Wake,35.856111,-78.574167,2025,10,34.0,20.0
2025-10-31,Old High School,Swain,35.498711,-83.310242,2025,10,31.0,18.0
2025-10-31,Pitt Agri. Center,Pitt,35.6412760008938,-77.360126,2025,10,35.0,19.0
2025-10-31,Rockwell,Rowan,35.551868,-80.395039,2025,10,34.0,19.0
2025-10-31,West Johnston Co.,Johnston,35.59095,-78.4622,2025,10,34.0,19.0
2025-11-01,Bryson City,Swain,35.434767,-83.442133,2025,11,25.0,33.0
2025-11-01,Castle Hayne,New Hanover,34.364167,-77.838611,2025,11,32.0,39.0
2025-11-01,Clemmons Middle,Forsyth,36.026612,-80.341962,2025,11,35.0,32.0
2025-11-01,Durham Armory,Durham,36.0329550008979,-78.904037,2025,11,35.0,42.0
2025-11-01,Frying Pan Mountain,Haywood,35.379167,-82.7925,2025,11,36.0,
2025-11-01,Garinger High School,Mecklenburg,35.2401000008895,-80.785683,2025,11,36.0,66.0
2025-11-01,Hattie Avenue,Forsyth,36.11094,-80.224501,2025,11,35.0,46.0
2025-11-01,Leggett,Edgecombe,35.988278,-77.5843,2025,11,33.0,38.0
2025-11-01,Linville Falls,Avery,35.972347,-81.933072,2025,11,34.0,
2025-11-01,Mendenhall School,Guilford,36.1090060008986,-79.802314,2025,11,32.0,62.0
2025-11-01,Millbrook School,Wake,35.856111,-78.574167,2025,11,33.0,46.0
2025-11-01,Old High School,Swain,35.498711,-83.310242,2025,11,,17.0
2025-11-01,Pitt Agri. Center,Pitt,35.6412760008938,-77.360126,2025,11,33.0,37.0
2025-11-01,Rockwell,Rowan,35.551868,-80.395039,2025,11,34.0,51.0
2025-11-01,West Johnston Co.,Johnston,35.59095,-78.4622,2025,11,34.0,47.0
2025-11-02,Bryson City,Swain,35.434767,-83.442133,2025,11,31.0,31.0
2025-11-02,Castle Hayne,New Hanover,34.364167,-77.838611,2025,11,35.0,35.0
2025-11-02,Clemmons Middle,Forsyth,36.026612,-80.341962,2025,11,37.0,50.0
2025-11-02,Durham Armory,Durham,36.0329550008979,-78.904037,2025,11,37.0,51.0
2025-11-02,Frying Pan Mountain,Haywood,35.379167,-82.7925,2025,11,38.0,
2025-11-02,Garinger High School,Mecklenburg,35.2401000008895,-80.785683,2025,11,33.0,66.0
2025-11-02,Hattie Avenue,Forsyth,36.11094,-80.224501,2025,11,39.0,56.0
2025-11-02,Leggett,Edgecombe,35.988278,-77.5843,2025,11,37.0,33.0
2025-11-02,Linville Falls,Avery,35.972347,-81.933072,2025,11,37.0,
2025-11-02,Mendenhall School,Guilford,36.1090060008986,-79.802314,2025,11,34.0,55.0
2025-11-02,Millbrook School,Wake,35.856111,-78.574167,2025,11,34.0,57.0
2025-11-02,Old High School,Swain,35.498711,-83.310242,2025,11,32.0,19.0
2025-11-02,Pitt Agri. Center,Pitt,35.6412760008938,-77.360126,2025,11,35.0,43.0
2025-11-02,Rockwell,Rowan,35.551868,-80.395039,2025,11,33.0,55.0
2025-11-02,West Johnston Co.,Johnston,35.59095,-78.4622,2025,11,33.0,63.0
2025-11-03,Bryson City,Swain,35.434767,-83.442133,2025,11,,15.0
2025-11-03,Castle Hayne,New Hanover,34.364167,-77.838611,2025,11,,29.0
2025-11-03,Clemmons Middle,Forsyth,36.026612,-80.341962,2025,11,,39.0
2025-11-03,Durham Armory,Durham,36.0329550008979,-78.904037,2025,11,,32.0
2025-11-03,Garinger High School,Mecklenburg,35.2401000008895,-80.785683,2025,11,33.0,45.0
2025-11-03,Hattie Avenue,Forsyth,36.11094,-80.224501,2025,11,35.0,39.0
2025-11-03,Leggett,Edgecombe,35.988278,-77.5843,2025,11,,21.0
2025-11-03,Mendenhall School,Guilford,36.1090060008986,-79.802314,2025,11,,28.0
2025-11-03,Millbrook School,Wake,35.856111,-78.574167,2025,11,33.0,32.5
2025-11-03,Old High School,Swain,35.498711,-83.310242,2025,11,,25.5
2025-11-03,Pitt Agri. Center,Pitt,35.6412760008938,-77.360126,2025,11,,21.0
2025-11-03,Rockwell,Rowan,35.551868,-80.395039,2025,11,36.0,32.0
2025-11-03,West Johnston Co.,Johnston,35.59095,-78.4622,2025,11,,29.0
2025-11-04,Bryson City,Swain,35.434767,-83.442133,2025,11,,31.0
2025-11-04,Castle Hayne,New Hanover,34.364167,-77.838611,2025,11,,41.0
2025-11-04,Clemmons Middle,Forsyth,36.026612,-80.341962,2025,11,,36.0
2025-11-04,Durham Armory,Durham,36.0329550008979,-78.904037,2025,11,,25.0
2025-11-04,Garinger High School,Mecklenburg,35.2401000008895,-80.785683,2025,11,36.0,39.0
2025-11-04,Hattie Avenue,Forsyth,36.11094,-80.224501,2025,11,,27.0
2025-11-04,Leggett,Edgecombe,35.988278,-77.5843,2025,11,,23.0
2025-11-04,Mendenhall School,Guilford,36.1090060008986,-79.802314,2025,11,,28.0
2025-11-04,Millbrook School,Wake,35.856111,-78.574167,2025,11,33.0,33.0
2025-11-04,Old High School,Swain,35.498711,-83.310242,2025,11,,17.0
2025-11-04,Pitt Agri. Center,Pitt,35.6412760008938,-77.360126,2025,11,,26.0
2025-11-04,Rockwell,Rowan,35.551868,-80.395039,2025,11,36.0,27.0
2025-11-04,West Johnston Co.,Johnston,35.59095,-78.4622,2025,11,,32.0
2025-11-05,Bryson City,Swain,35.434767,-83.442133,2025,11,,31.0
2025-11-05,Castle Hayne,New Hanover,34.364167,-77.838611,2025,11,,39.5
2025-11-05,Clemmons Middle,Forsyth,36.026612,-80.341962,2025,11,,53.0
2025-11-05,Durham Armory,Durham,36.0329550008979,-78.904037,2025,11,,51.0
2025-11-05,Garinger High School,Mecklenburg,35.2401000008895,-80.785683,2025,11,40.0,54.0
2025-11-05,Hattie Avenue,Forsyth,36.11094,-80.224501,2025,11,,54.0
2025-11-05,Leggett,Edgecombe,35.988278,-77.5843,2025,11,,42.0
2025-11-05,Mendenhall School,Guilford,36.1090060008986,-79.802314,2025,11,,53.0
2025-11-05,Millbrook School,Wake,35.856111,-78.574167,2025,11,36.0,53.0
2025-11-05,Old High School,Swain,35.498711,-83.310242,2025,11,,23.0
2025-11-05,Pitt Agri. Center,Pitt,35.6412760008938,-77.360126,2025,11,,43.0
2025-11-05,Rockwell,Rowan,35.551868,-80.395039,2025,11,42.0,52.0
2025-11-05,West Johnston Co.,Johnston,35.59095,-78.4622,2025,11,,46.0
2025-11-06,Bryson City,Swain,35.434767,-83.442133,2025,11,,41.0
2025-11-06,Castle Hayne,New Hanover,34.364167,-77.838611,2025,11,,53.5
2025-11-06,Clemmons Middle,Forsyth,36.026612,-80.341962,2025,11,,39.0
2025-11-06,Durham Armory,Durham,36.0329550008979,-78.904037,2025,11,,52.0
2025-11-06,Garinger High School,Mecklenburg,35.2401000008895,-80.785683,2025,11,43.0,51.0
2025-11-06,Hattie Avenue,Forsyth,36.11094,-80.224501,2025,11,,39.0
2025-11-06,Leggett,Edgecombe,35.988278,-77.5843,2025,11,,40.0
2025-11-06,Mendenhall School,Guilford,36.1090060008986,-79.802314,2025,11,,41.0
2025-11-06,Millbrook School,Wake,35.856111,-78.574167,2025,11,39.0,54.0
2025-11-06,Old High School,Swain,35.498711,-83.310242,2025,11,,29.0
2025-11-06,Pitt Agri. Center,Pitt,35.6412760008938,-77.360126,2025,11,,34.0
2025-11-06,Rockwell,Rowan,35.551868,-80.395039,2025,11,42.0,38.0
2025-11-06,West Johnston Co.,Johnston,35.59095,-78.4622,2025,11,,47.0
2025-11-07,Bryson City,Swain,35.434767,-83.442133,2025,11,,55.0
2025-11-07,Castle Hayne,New Hanover,34.364167,-77.838611,2025,11,,33.0
2025-11-07,Clemmons Middle,Forsyth,36.026612,-80.341962,2025,11,,55.0
2025-11-07,Durham Armory,Durham,36.0329550008979,-78.904037,2025,11,,50.0
2025-11-07,Garinger High School,Mecklenburg,35.2401000008895,-80.785683,2025,11,37.0,56.0
2025-11-07,Hattie Avenue,Forsyth,36.11094,-80.224501,2025,11,,58.0
2025-11-07,Leggett,Edgecombe,35.988278,-77.5843,2025,11,,31.0
2025-11-07,Mendenhall School,Guilford,36.1090060008986,-79.802314,2025,11,,54.0
2025-11-07,Millbrook School,Wake,35.856111,-78.574167,2025,11,34.0,44.0
2025-11-07,Old High School,Swain,35.498711,-83.310242,2025,11,,47.0
2025-11-07,Pitt Agri. Center,Pitt,35.6412760008938,-77.360126,2025,11,,34.0
2025-11-07,Rockwell,Rowan,35.551868,-80.395039,2025,11,40.0,54.0
2025-11-07,West Johnston Co.,Johnston,35.59095,-78.4622,2025,11,,54.0
2025-11-08,Bryson City,Swain,35.434767,-83.442133,2025,11,,38.0
2025-11-08,Castle Hayne,New Hanover,34.364167,-77.838611,2025,11,,53.5
2025-11-08,Clemmons Middle,Forsyth,36.026612,-80.341962,2025,11,,62.0
2025-11-08,Durham Armory,Durham,36.0329550008979,-78.904037,2025,11,,61.0
2025-11-08,Garinger High School,Mecklenburg,35.2401000008895,-80.785683,2025,11,36.0,45.0
2025-11-08,Hattie Avenue,Forsyth,36.11094,-80.224501,2025,11,,63.0
2025-11-08,Leggett,Edgecombe,35.988278,-77.5843,2025,11,,56.0
2025-11-08,Mendenhall School,Guilford,36.1090060008986,-79.802314,2025,11,,56.0
2025-11-08,Millbrook School,Wake,35.856111,-78.574167,2025,11,37.0,65.0
2025-11-08,Old High School,Swain,35.498711,-83.310242,2025,11,,28.0
2025-11-08,Pitt Agri. Center,Pitt,35.6412760008938,-77.360126,2025,11,,54.0
2025-11-08,Rockwell,Rowan,35.551868,-80.395039,2025,11,35.0,58.0
2025-11-08,West Johnston Co.,Johnston,35.59095,-78.4622,2025,11,,56.0
2025-11-09,Bryson City,Swain,35.434767,-83.442133,2025,11,,32.0
2025-11-09,Castle Hayne,New Hanover,34.364167,-77.838611,2025,11,,45.0
2025-11-09,Clemmons Middle,Forsyth,36.026612,-80.341962,2025,11,,55.5
2025-11-09,Durham Armory,Durham,36.0329550008979,-78.904037,2025,11,,58.0
2025-11-09,Garinger High School,Mecklenburg,35.2401000008895,-80.785683,2025,11,37.0,50.0
2025-11-09,Hattie Avenue,Forsyth,36.11094,-80.224501,2025,11,,55.5
2025-11-09,Leggett,Edgecombe,35.988278,-77.5843,2025,11,,58.0
2025-11-09,Mendenhall School,Guilford,36.1090060008986,-79.802314,2025,11,,57.0
2025-11-09,Millbrook School,Wake,35.856111,-78.574167,2025,11,29.0,58.0
2025-11-09,Old High School,Swain,35.498711,-83.310242,2025,11,,28.0
2025-11-09,Pitt Agri. Center,Pitt,35.6412760008938,-77.360126,2025,11,,53.0
2025-11-09,Rockwell,Rowan,35.551868,-80.395039,2025,11,38.0,50.0
2025-11-09,West Johnston Co.,Johnston,35.59095,-78.4622,2025,11,,56.0
2025-11-10,Bryson City,Swain,35.434767,-83.442133,2025,11,,9.0
2025-11-10,Castle Hayne,New Hanover,34.364167,-77.838611,2025,11,,30.0
2025-11-10,Clemmons Middle,Forsyth,36.026612,-80.341962,2025,11,,10.0
2025-11-10,Durham Armory,Durham,36.0329550008979,-78.904037,2025,11,,5.0
2025-11-10,Garinger High School,Mecklenburg,35.2401000008895,-80.785683,2025,11,26.0,4.0
2025-11-10,Hattie Avenue,Forsyth,36.11094,-80.224501,2025,11,,11.0
2025-11-10,Leggett,Edgecombe,35.988278,-77.5843,2025,11,,8.0
2025-11-10,Mendenhall School,Guilford,36.1090060008986,-79.802314,2025,11,,7.0
2025-11-10,Millbrook School,Wake,35.856111,-78.574167,2025,11,26.0,9.0
2025-11-10,Old High School,Swain,35.498711,-83.310242,2025,11,,9.0
2025-11-10,Pitt Agri. Center,Pitt,35.6412760008938,-77.360126,2025,11,,8.0
2025-11-10,Rockwell,Rowan,35.551868,-80.395039,2025,11,27.0,0.0
2025-11-10,West Johnston Co.,Johnston,35.59095,-78.4622,2025,11,,1.0
2025-11-11,Bryson City,Swain,35.434767,-83.442133,2025,11,,25.0
2025-11-11,Castle Hayne,New Hanover,34.364167,-77.838611,2025,11,,26.5
2025-11-11,Clemmons Middle,Forsyth,36.026612,-80.341962,2025,11,,16.0
2025-11-11,Durham Armory,Durham,36.0329550008979,-78.904037,2025,11,,13.0
2025-11-11,Garinger High School,Mecklenburg,35.2401000008895,-80.785683,2025,11,30.0,16.0
2025-11-11,Hattie Avenue,Forsyth,36.11094,-80.224501,2025,11,,15.0
2025-11-11,Leggett,Edgecombe,35.988278,-77.5843,2025,11,,14.0
2025-11-11,Mendenhall School,Guilford,36.1090060008986,-79.802314,2025,11,,9.0
2025-11-11,Millbrook School,Wake,35.856111,-78.574167,2025,11,29.0,14.0
2025-11-11,Old High School,Swain,35.498711,-83.310242,2025,11,,10.0
2025-11-11,Pitt Agri. Center,Pitt,35.6412760008938,-77.360126,2025,11,,16.0
2025-11-11,Rockwell,Rowan,35.551868,-80.395039,2025,11,31.0,9.0
2025-11-11,West Johnston Co.,Johnston,35.59095,-78.4622,2025,11,,11.0
2025-11-12,Bryson City,Swain,35.434767,-83.442133,2025,11,,36.0
2025-11-12,Castle Hayne,New Hanover,34.364167,-77.838611,2025,11,,45.5
2025-11-12,Clemmons Middle,Forsyth,36.026612,-80.341962,2025,11,,28.0
2025-11-12,Durham Armory,Durham,36.0329550008979,-78.904037,2025,11,,42.5
2025-11-12,Garinger High School,Mecklenburg,35.2401000008895,-80.785683,2025,11,36.0,47.5
2025-11-12,Hattie Avenue,Forsyth,36.11094,-80.224501,2025,11,,28.5
2025-11-12,Leggett,Edgecombe,35.988278,-77.5843,2025,11,,51.0
2025-11-12,Mendenhall School,Guilford,36.1090060008986,-79.802314,2025,11,,41.0
2025-11-12,Millbrook School,Wake,35.856111,-78.574167,2025,11,33.0,36.5
2025-11-12,Old High School,Swain,35.498711,-83.310242,2025,11,,17.0
2025-11-12,Pitt Agri. Center,Pitt,35.6412760008938,-77.360126,2025,11,,42.0
2025-11-12,Rockwell,Rowan,35.551868,-80.395039,2025,11,37.0,47.0
2025-11-12,West Johnston Co.,Johnston,35.59095,-78.4622,2025,11,,49.0
2025-11-13,Bryson City,Swain,35.434767,-83.442133,2025,11,,34.0
2025-11-13,Castle Hayne,New Hanover,34.364167,-77.838611,2025,11,,52.0
2025-11-13,Clemmons Middle,Forsyth,36.026612,-80.341962,2025,11,,31.0
2025-11-13,Durham Armory,Durham,36.0329550008979,-78.904037,2025,11,,41.5
2025-11-13,Garinger High School,Mecklenburg,35.2401000008895,-80.785683,2025,11,37.0,55.0
2025-11-13,Hattie Avenue,Forsyth,36.11094,-80.224501,2025,11,,24.0
2025-11-13,Leggett,Edgecombe,35.988278,-77.5843,2025,11,,46.0
2025-11-13,Mendenhall School,Guilford,36.1090060008986,-79.802314,2025,11,,44.0
2025-11-13,Millbrook School,Wake,35.856111,-78.574167,2025,11,36.0,37.0
2025-11-13,Old High School,Swain,35.498711,-83.310242,2025,11,,22.0
2025-11-13,Pitt Agri. Center,Pitt,35.6412760008938,-77.360126,2025,11,,35.0
2025-11-13,Rockwell,Rowan,35.551868,-80.395039,2025,11,39.0,52.0
2025-11-13,West Johnston Co.,Johnston,35.59095,-78.4622,2025,11,,52.0
2025-11-14,Bryson City,Swain,35.434767,-83.442133,2025,11,,54.0
2025-11-14,Castle Hayne,New Hanover,34.364167,-77.838611,2025,11,,42.5
2025-11-14,Clemmons Middle,Forsyth,36.026612,-80.341962,2025,11,,29.0
2025-11-14,Durham Armory,Durham,36.0329550008979,-78.904037,2025,11,,27.5
2025-11-14,Garinger High School,Mecklenburg,35.2401000008895,-80.785683,2025,11,39.0,48.0
2025-11-14,Hattie Avenue,Forsyth,36.11094,-80.224501,2025,11,,25.0
2025-11-14,Leggett,Edgecombe,35.988278,-77.5843,2025,11,,36.0
2025-11-14,Mendenhall School,Guilford,36.1090060008986,-79.802314,2025,11,,26.0
2025-11-14,Millbrook School,Wake,35.856111,-78.574167,2025,11,34.0,29.0
2025-11-14,Old High School,Swain,35.498711,-83.310242,2025,11,,21.0
2025-11-14,Pitt Agri. Center,Pitt,35.6412760008938,-77.360126,2025,11,,40.0
2025-11-14,Rockwell,Rowan,35.551868,-80.395039,2025,11,40.0,47.0
2025-11-14,West Johnston Co.,Johnston,35.59095,-78.4622,2025,11,,49.0
2025-11-15,Bryson City,Swain,35.434767,-83.442133,2025,11,,57.0
2025-11-15,Castle Hayne,New Hanover,34.364167,-77.838611,2025,11,,55.0
2025-11-15,Clemmons Middle,Forsyth,36.026612,-80.341962,2025,11,,54.5
2025-11-15,Durham Armory,Durham,36.0329550008979,-78.904037,2025,11,,51.0
2025-11-15,Garinger High School,Mecklenburg,35.2401000008895,-80.785683,2025,11,42.0,54.5
2025-11-15,Hattie Avenue,Forsyth,36.11094,-80.224501,2025,11,,54.5
2025-11-15,Leggett,Edgecombe,35.988278,-77.5843,2025,11,,52.0
2025-11-15,Mendenhall School,Guilford,36.1090060008986,-79.802314,2025,11,,54.0
2025-11-15,Millbrook School,Wake,35.856111,-78.574167,2025,11,40.0,53.0
2025-11-15,Old High School,Swain,35.498711,-83.310242,2025,11,,32.5
2025-11-15,Pitt Agri. Center,Pitt,35.6412760008938,-77.360126,2025,11,,53.0
2025-11-15,Rockwell,Rowan,35.551868,-80.395039,2025,11,42.0,53.0
2025-11-15,West Johnston Co.,Johnston,35.59095,-78.4622,2025,11,,54.0
2025-11-16,Bryson City,Swain,35.434767,-83.442133,2025,11,,29.0
2025-11-16,Castle Hayne,New Hanover,34.364167,-77.838611,2025,11,,58.5
2025-11-16,Clemmons Middle,Forsyth,36.026612,-80.341962,2025,11,,36.0
2025-11-16,Durham Armory,Durham,36.0329550008979,-78.904037,2025,11,,40.5
2025-11-16,Garinger High School,Mecklenburg,35.2401000008895,-80.785683,2025,11,36.0,43.0
2025-11-16,Hattie Avenue,Forsyth,36.11094,-80.224501,2025,11,,37.0
2025-11-16,Leggett,Edgecombe,35.988278,-77.5843,2025,11,,39.0
2025-11-16,Mendenhall School,Guilford,36.1090060008986,-79.802314,2025,11,,30.0
2025-11-16,Millbrook School,Wake,35.856111,-78.574167,2025,11,38.0,50.0
2025-11-16,Old High School,Swain,35.498711,-83.310242,2025,11,,25.0
2025-11-16,Pitt Agri. Center,Pitt,35.6412760008938,-77.360126,2025,11,,44.0
2025-11-16,Rockwell,Rowan,35.551868,-80.395039,2025,11,37.0,38.0
2025-11-16,West Johnston Co.,Johnston,35.59095,-78.4622,2025,11,,46.0
2025-11-17,Bryson City,Swain,35.434767,-83.442133,2025,11,,13.0
2025-11-17,Castle Hayne,New Hanover,34.364167,-77.838611,2025,11,,28.0
2025-11-17,Clemmons Middle,Forsyth,36.026612,-80.341962,2025,11,,17.0
2025-11-17,Durham Armory,Durham,36.0329550008979,-78.904037,2025,11,,19.0
2025-11-17,Garinger High School,Mecklenburg,35.2401000008895,-80.785683,2025,11,35.0,29.0
2025-11-17,Hattie Avenue,Forsyth,36.11094,-80.224501,2025,11,,16.0
2025-11-17,Leggett,Edgecombe,35.988278,-77.5843,2025,11,,16.0
2025-11-17,Mendenhall School,Guilford,36.1090060008986,-79.802314,2025,11,,19.0
2025-11-17,Millbrook School,Wake,35.856111,-78.574167,2025,11,36.0,20.5
2025-11-17,Old High School,Swain,35.498711,-83.310242,2025,11,,11.0
2025-11-17,Pitt Agri. Center,Pitt,35.6412760008938,-77.360126,2025,11,,21.0
2025-11-17,Rockwell,Rowan,35.551868,-80.395039,2025,11,38.0,11.0
2025-11-17,West Johnston Co.,Johnston,35.59095,-78.4622,2025,11,,27.0
2025-11-18,Bryson City,Swain,35.434767,-83.442133,2025,11,,36.0
2025-11-18,Castle Hayne,New Hanover,34.364167,-77.838611,2025,11,,36.0
2025-11-18,Clemmons Middle,Forsyth,36.026612,-80.341962,2025,11,,33.0
2025-11-18,Durham Armory,Durham,36.0329550008979,-78.904037,2025,11,,33.0
2025-11-18,Garinger High School,Mecklenburg,35.2401000008895,-80.785683,2025,11,41.0,43.0
2025-11-18,Hattie Avenue,Forsyth,36.11094,-80.224501,2025,11,,31.5
2025-11-18,Leggett,Edgecombe,35.988278,-77.5843,2025,11,,34.0
2025-11-18,Mendenhall School,Guilford,36.1090060008986,-79.802314,2025,11,,32.0
2025-11-18,Millbrook School,Wake,35.856111,-78.574167,2025,11,34.0,42.0
2025-11-18,Old High School,Swain,35.498711,-83.310242,2025,11,,15.0
2025-11-18,Pitt Agri. Center,Pitt,35.6412760008938,-77.360126,2025,11,,52.0
2025-11-18,Rockwell,Rowan,35.551868,-80.395039,2025,11,40.0,38.0
2025-11-18,West Johnston Co.,Johnston,35.59095,-78.4622,2025,11,,46.0
2025-11-19,Bryson City,Swain,35.434767,-83.442133,2025,11,,47.0
2025-11-19,Castle Hayne,New Hanover,34.364167,-77.838611,2025,11,,46.5
2025-11-19,Clemmons Middle,Forsyth,36.026612,-80.341962,2025,11,,52.0
2025-11-19,Durham Armory,Durham,36.0329550008979,-78.904037,2025,11,,51.5
2025-11-19,Garinger High School,Mecklenburg,35.2401000008895,-80.785683,2025,11,39.0,55.0
2025-11-19,Hattie Avenue,Forsyth,36.11094,-80.224501,2025,11,,52.0
2025-11-19,Leggett,Edgecombe,35.988278,-77.5843,2025,11,,43.0
2025-11-19,Mendenhall School,Guilford,36.1090060008986,-79.802314,2025,11,,52.0
2025-11-19,Millbrook School,Wake,35.856111,-78.574167,2025,11,36.0,46.0
2025-11-19,Old High School,Swain,35.498711,-83.310242,2025,11,,28.0
2025-11-19,Pitt Agri. Center,Pitt,35.6412760008938,-77.360126,2025,11,,47.0
2025-11-19,Rockwell,Rowan,35.551868,-80.395039,2025,11,39.0,53.0
2025-11-19,West Johnston Co.,Johnston,35.59095,-78.4622,2025,11,,53.0
2025-11-20,Bryson City,Swain,35.434767,-83.442133,2025,11,,51.0
2025-11-20,Castle Hayne,New Hanover,34.364167,-77.838611,2025,11,,53.0
2025-11-20,Clemmons Middle,Forsyth,36.026612,-80.341962,2025,11,,55.0
2025-11-20,Durham Armory,Durham,36.0329550008979,-78.904037,2025,11,,48.5
2025-11-20,Garinger High School,Mecklenburg,35.2401000008895,-80.785683,2025,11,37.0,63.0
2025-11-20,Hattie Avenue,Forsyth,36.11094,-80.224501,2025,11,,53.0
2025-11-20,Leggett,Edgecombe,35.988278,-77.5843,2025,11,,43.0
2025-11-20,Mendenhall School,Guilford,36.1090060008986,-79.802314,2025,11,,47.0
2025-11-20,Millbrook School,Wake,35.856111,-78.574167,2025,11,25.0,54.0
2025-11-20,Old High School,Swain,35.498711,-83.310242,2025,11,,37.0
2025-11-20,Pitt Agri. Center,Pitt,35.6412760008938,-77.360126,2025,11,,53.0
2025-11-20,Rockwell,Rowan,35.551868,-80.395039,2025,11,34.0,58.0
2025-11-20,West Johnston Co.,Johnston,35.59095,-78.4622,2025,11,,52.0
2025-11-21,Bryson City,Swain,35.434767,-83.442133,2025,11,,54.0
2025-11-21,Castle Hayne,New Hanover,34.364167,-77.838611,2025,11,,57.0
2025-11-21,Clemmons Middle,Forsyth,36.026612,-80.341962,2025,11,,81.0
2025-11-21,Durham Armory,Durham,36.0329550008979,-78.904037,2025,11,,71.0
2025-11-21,Garinger High School,Mecklenburg,35.2401000008895,-80.785683,2025,11,25.0,81.0
2025-11-21,Hattie Avenue,Forsyth,36.11094,-80.224501,2025,11,,84.5
2025-11-21,Leggett,Edgecombe,35.988278,-77.5843,2025,11,,61.0
2025-11-21,Mendenhall School,Guilford,36.1090060008986,-79.802314,2025,11,,76.0
2025-11-21,Millbrook School,Wake,35.856111,-78.574167,2025,11,12.0,72.0
2025-11-21,Old High School,Swain,35.498711,-83.310242,2025,11,,46.5
2025-11-21,Pitt Agri. Center,Pitt,35.6412760008938,-77.360126,2025,11,,62.0
2025-11-21,Rockwell,Rowan,35.551868,-80.395039,2025,11,20.0,88.0
2025-11-21,West Johnston Co.,Johnston,35.59095,-78.4622,2025,11,,65.0
2025-11-22,Bryson City,Swain,35.434767,-83.442133,2025,11,,46.0
2025-11-22,Castle Hayne,New Hanover,34.364167,-77.838611,2025,11,,59.0
2025-11-22,Clemmons Middle,Forsyth,36.026612,-80.341962,2025,11,,58.0
2025-11-22,Durham Armory,Durham,36.0329550008979,-78.904037,2025,11,,62.0
2025-11-22,Garinger High School,Mecklenburg,35.2401000008895,-80.785683,2025,11,30.0,37.0
2025-11-22,Hattie Avenue,Forsyth,36.11094,-80.224501,2025,11,,63.0
2025-11-22,Leggett,Edgecombe,35.988278,-77.5843,2025,11,,58.0
2025-11-22,Mendenhall School,Guilford,36.1090060008986,-79.802314,2025,11,,59.0
2025-11-22,Millbrook School,Wake,35.856111,-78.574167,2025,11,27.0,65.0
2025-11-22,Old High School,Swain,35.498711,-83.310242,2025,11,,25.0
2025-11-22,Pitt Agri. Center,Pitt,35.6412760008938,-77.360126,2025,11,,55.0
2025-11-22,Rockwell,Rowan,35.551868,-80.395039,2025,11,31.0,44.0
2025-11-22,West Johnston Co.,Johnston,35.59095,-78.4622,2025,11,,56.0
2025-11-23,Bryson City,Swain,35.434767,-83.442133,2025,11,,34.0
2025-11-23,Castle Hayne,New Hanover,34.364167,-77.838611,2025,11,,53.5
2025-11-23,Clemmons Middle,Forsyth,36.026612,-80.341962,2025,11,,30.0
2025-11-23,Durham Armory,Durham,36.0329550008979,-78.904037,2025,11,,34.5
2025-11-23,Garinger High School,Mecklenburg,35.2401000008895,-80.785683,2025,11,33.0,46.0
2025-11-23,Hattie Avenue,Forsyth,36.11094,-80.224501,2025,11,,29.0
2025-11-23,Leggett,Edgecombe,35.988278,-77.5843,2025,11,,31.0
2025-11-23,Mendenhall School,Guilford,36.1090060008986,-79.802314,2025,11,,29.0
2025-11-23,Millbrook School,Wake,35.856111,-78.574167,2025,11,30.0,43.0
2025-11-23,Old High School,Swain,35.498711,-83.310242,2025,11,,12.0
2025-11-23,Pitt Agri. Center,Pitt,35.6412760008938,-77.360126,2025,11,,25.0
2025-11-23,Rockwell,Rowan,35.551868,-80.395039,2025,11,32.0,37.0
2025-11-23,West Johnston Co.,Johnston,35.59095,-78.4622,2025,11,,40.0
2025-11-24,Bryson City,Swain,35.434767,-83.442133,2025,11,,55.0
2025-11-24,Castle Hayne,New Hanover,34.364167,-77.838611,2025,11,,54.5
2025-11-24,Clemmons Middle,Forsyth,36.026612,-80.341962,2025,11,,31.0
2025-11-24,Durham Armory,Durham,36.0329550008979,-78.904037,2025,11,,37.0
2025-11-24,Garinger High School,Mecklenburg,35.2401000008895,-80.785683,2025,11,34.0,40.5
2025-11-24,Hattie Avenue,Forsyth,36.11094,-80.224501,2025,11,,32.0
2025-11-24,Leggett,Edgecombe,35.988278,-77.5843,2025,11,,36.0
2025-11-24,Mendenhall School,Guilford,36.1090060008986,-79.802314,2025,11,,21.0
2025-11-24,Millbrook School,Wake,35.856111,-78.574167,2025,11,34.0,46.0
2025-11-24,Old High School,Swain,35.498711,-83.310242,2025,11,,18.0
2025-11-24,Pitt Agri. Center,Pitt,35.6412760008938,-77.360126,2025,11,,41.0
2025-11-24,Rockwell,Rowan,35.551868,-80.395039,2025,11,34.0,45.0
2025-11-24,West Johnston Co.,Johnston,35.59095,-78.4622,2025,11,,41.0
2025-11-25,Bryson City,Swain,35.434767,-83.442133,2025,11,,54.0
2025-11-25,Castle Hayne,New Hanover,34.364167,-77.838611,2025,11,,24.0
2025-11-25,Clemmons Middle,Forsyth,36.026612,-80.341962,2025,11,,56.0
2025-11-25,Durham Armory,Durham,36.0329550008979,-78.904037,2025,11,,46.0
2025-11-25,Garinger High School,Mecklenburg,35.2401000008895,-80.785683,2025,11,31.0,33.0
2025-11-25,Hattie Avenue,Forsyth,36.11094,-80.224501,2025,11,,56.0
2025-11-25,Leggett,Edgecombe,35.988278,-77.5843,2025,11,,36.0
2025-11-25,Mendenhall School,Guilford,36.1090060008986,-79.802314,2025,11,,45.0
2025-11-25,Millbrook School,Wake,35.856111,-78.574167,2025,11,32.0,39.0
2025-11-25,Old High School,Swain,35.498711,-83.310242,2025,11,,28.0
2025-11-25,Pitt Agri. Center,Pitt,35.6412760008938,-77.360126,2025,11,,28.0
2025-11-25,Rockwell,Rowan,35.551868,-80.395039,2025,11,28.0,49.0
2025-11-25,West Johnston Co.,Johnston,35.59095,-78.4622,2025,11,,47.0
2025-11-26,Bryson City,Swain,35.434767,-83.442133,2025,11,,18.0
2025-11-26,Castle Hayne,New Hanover,34.364167,-77.838611,2025,11,,36.0
2025-11-26,Clemmons Middle,Forsyth,36.026612,-80.341962,2025,11,,54.0
2025-11-26,Durham Armory,Durham,36.0329550008979,-78.904037,2025,11,,38.5
2025-11-26,Garinger High School,Mecklenburg,35.2401000008895,-80.785683,2025,11,33.0,37.0
2025-11-26,Hattie Avenue,Forsyth,36.11094,-80.224501,2025,11,,54.0
2025-11-26,Leggett,Edgecombe,35.988278,-77.5843,2025,11,,34.0
2025-11-26,Mendenhall School,Guilford,36.1090060008986,-79.802314,2025,11,,39.0
2025-11-26,Millbrook School,Wake,35.856111,-78.574167,2025,11,32.0,36.0
2025-11-26,Old High School,Swain,35.498711,-83.310242,2025,11,,16.0
2025-11-26,Pitt Agri. Center,Pitt,35.6412760008938,-77.360126,2025,11,,24.0
2025-11-26,Rockwell,Rowan,35.551868,-80.395039,2025,11,34.0,33.0
2025-11-26,West Johnston Co.,Johnston,35.59095,-78.4622,2025,11,,33.0
2025-11-27,Bryson City,Swain,35.434767,-83.442133,2025,11,,11.0
2025-11-27,Castle Hayne,New Hanover,34.364167,-77.838611,2025,11,,29.5
2025-11-27,Clemmons Middle,Forsyth,36.026612,-80.341962,2025,11,,17.0
2025-11-27,Durham Armory,Durham,36.0329550008979,-78.904037,2025,11,,14.0
2025-11-27,Garinger High School,Mecklenburg,35.2401000008895,-80.785683,2025,11,33.0,13.5
2025-11-27,Hattie Avenue,Forsyth,36.11094,-80.224501,2025,11,,16.5
2025-11-27,Leggett,Edgecombe,35.988278,-77.5843,2025,11,,18.0
2025-11-27,Mendenhall School,Guilford,36.1090060008986,-79.802314,2025,11,,20.0
2025-11-27,Millbrook School,Wake,35.856111,-78.574167,2025,11,32.0,15.0
2025-11-27,Old High School,Swain,35.498711,-83.310242,2025,11,,10.0
2025-11-27,Pitt Agri. Center,Pitt,35.6412760008938,-77.360126,2025,11,,10.0
2025-11-27,Rockwell,Rowan,35.551868,-80.395039,2025,11,33.0,7.0
2025-11-27,West Johnston Co.,Johnston,35.59095,-78.4622,2025,11,,11.0
2025-11-28,Bryson City,Swain,35.434767,-83.442133,2025,11,,28.0
2025-11-28,Castle Hayne,New Hanover,34.364167,-77.838611,2025,11,,28.5
2025-11-28,Clemmons Middle,Forsyth,36.026612,-80.341962,2025,11,,29.0
2025-11-28,Durham Armory,Durham,36.0329550008979,-78.904037,2025,11,,19.0
2025-11-28,Garinger High School,Mecklenburg,35.2401000008895,-80.785683,2025,11,31.0,24.0
2025-11-28,Hattie Avenue,Forsyth,36.11094,-80.224501,2025,11,,22.0
2025-11-28,Leggett,Edgecombe,35.988278,-77.5843,2025,11,,19.0
2025-11-28,Mendenhall School,Guilford,36.1090060008986,-79.802314,2025,11,,19.0
2025-11-28,Millbrook School,Wake,35.856111,-78.574167,2025,11,31.0,19.0
2025-11-28,Old High School,Swain,35.498711,-83.310242,2025,11,,15.0
2025-11-28,Pitt Agri. Center,Pitt,35.6412760008938,-77.360126,2025,11,,19.0
2025-11-28,Rockwell,Rowan,35.551868,-80.395039,2025,11,31.0,17.0
2025-11-28,West Johnston Co.,Johnston,35.59095,-78.4622,2025,11,,23.0
2025-11-29,Bryson City,Swain,35.434767,-83.442133,2025,11,,41.0
2025-11-29,Castle Hayne,New Hanover,34.364167,-77.838611,2025,11,,32.0
2025-11-29,Clemmons Middle,Forsyth,36.026612,-80.341962,2025,11,,35.0
2025-11-29,Durham Armory,Durham,36.0329550008979,-78.904037,2025,11,,28.0
2025-11-29,Garinger High School,Mecklenburg,35.2401000008895,-80.785683,2025,11,31.0,38.0
2025-11-29,Hattie Avenue,Forsyth,36.11094,-80.224501,2025,11,,39.0
2025-11-29,Leggett,Edgecombe,35.988278,-77.5843,2025,11,,24.0
2025-11-29,Mendenhall School,Guilford,36.1090060008986,-79.802314,2025,11,,26.0
2025-11-29,Millbrook School,Wake,35.856111,-78.574167,2025,11,30.0,37.0
2025-11-29,Old High School,Swain,35.498711,-83.310242,2025,11,,17.0
2025-11-29,Pitt Agri. Center,Pitt,35.6412760008938,-77.360126,2025,11,,24.0
2025-11-29,Rockwell,Rowan,35.551868,-80.395039,2025,11,31.0,27.0
2025-11-29,West Johnston Co.,Johnston,35.59095,-78.4622,2025,11,,36.0
2025-11-30,Bryson City,Swain,35.434767,-83.442133,2025,11,,33.0
2025-11-30,Castle Hayne,New Hanover,34.364167,-77.838611,2025,11,,19.5
2025-11-30,Clemmons Middle,Forsyth,36.026612,-80.341962,2025,11,,55.0
2025-11-30,Durham Armory,Durham,36.0329550008979,-78.904037,2025,11,,45.0
2025-11-30,Garinger High School,Mecklenburg,35.2401000008895,-80.785683,2025,11,20.0,47.0
2025-11-30,Hattie Avenue,Forsyth,36.11094,-80.224501,2025,11,,53.0
2025-11-30,Leggett,Edgecombe,35.988278,-77.5843,2025,11,,34.0
2025-11-30,Mendenhall School,Guilford,36.1090060008986,-79.802314,2025,11,,47.0
2025-11-30,Millbrook School,Wake,35.856111,-78.574167,2025,11,26.0,39.0
2025-11-30,Old High School,Swain,35.498711,-83.310242,2025,11,,22.0
2025-11-30,Pitt Agri. Center,Pitt,35.6412760008938,-77.360126,2025,11,,36.0
2025-11-30,Rockwell,Rowan,35.551868,-80.395039,2025,11,25.0,51.0
2025-11-30,West Johnston Co.,Johnston,35.59095,-78.4622,2025,11,,41.0
2025-12-01,Bryson City,Swain,35.434767,-83.442133,2025,12,,28.0
2025-12-01,Castle Hayne,New Hanover,34.364167,-77.838611,2025,12,,38.5
2025-12-01,Clemmons Middle,Forsyth,36.026612,-80.341962,2025,12,,38.0
2025-12-01,Durham Armory,Durham,36.0329550008979,-78.904037,2025,12,,29.0
2025-12-01,Garinger High School,Mecklenburg,35.2401000008895,-80.785683,2025,12,25.0,36.0
2025-12-01,Hattie Avenue,Forsyth,36.11094,-80.224501,2025,12,,42.0
2025-12-01,Leggett,Edgecombe,35.988278,-77.5843,2025,12,,28.0
2025-12-01,Mendenhall School,Guilford,36.1090060008986,-79.802314,2025,12,,28.0
2025-12-01,Millbrook School,Wake,35.856111,-78.574167,2025,12,27.0,37.0
2025-12-01,Old High School,Swain,35.498711,-83.310242,2025,12,,19.0
2025-12-01,Pitt Agri. Center,Pitt,35.6412760008938,-77.360126,2025,12,,27.0
2025-12-01,Rockwell,Rowan,35.551868,-80.395039,2025,12,26.0,31.0
2025-12-01,West Johnston Co.,Johnston,35.59095,-78.4622,2025,12,,22.0
2025-12-02,Bryson City,Swain,35.434767,-83.442133,2025,12,,19.0
2025-12-02,Castle Hayne,New Hanover,34.364167,-77.838611,2025,12,,28.5
2025-12-02,Clemmons Middle,Forsyth,36.026612,-80.341962,2025,12,,41.0
2025-12-02,Durham Armory,Durham,36.0329550008979,-78.904037,2025,12,,27.0
2025-12-02,Garinger High School,Mecklenburg,35.2401000008895,-80.785683,2025,12,13.0,37.0
2025-12-02,Hattie Avenue,Forsyth,36.11094,-80.224501,2025,12,,37.0
2025-12-02,Leggett,Edgecombe,35.988278,-77.5843,2025,12,,22.0
2025-12-02,Mendenhall School,Guilford,36.1090060008986,-79.802314,2025,12,,33.0
2025-12-02,Millbrook School,Wake,35.856111,-78.574167,2025,12,,29.0
2025-12-02,Old High School,Swain,35.498711,-83.310242,2025,12,,7.0
2025-12-02,Pitt Agri. Center,Pitt,35.6412760008938,-77.360126,2025,12,,23.0
2025-12-02,Rockwell,Rowan,35.551868,-80.395039,2025,12,24.0,29.0
2025-12-02,West Johnston Co.,Johnston,35.59095,-78.4622,2025,12,,31.0
2025-12-03,Bryson City,Swain,35.434767,-83.442133,2025,12,,25.0
2025-12-03,Castle Hayne,New Hanover,34.364167,-77.838611,2025,12,,47.5
2025-12-03,Clemmons Middle,Forsyth,36.026612,-80.341962,2025,12,,37.0
2025-12-03,Durham Armory,Durham,36.0329550008979,-78.904037,2025,12,,34.0
2025-12-03,Garinger High School,Mecklenburg,35.2401000008895,-80.785683,2025,12,26.0,37.5
2025-12-03,Hattie Avenue,Forsyth,36.11094,-80.224501,2025,12,,35.5
2025-12-03,Leggett,Edgecombe,35.988278,-77.5843,2025,12,,31.0
2025-12-03,Mendenhall School,Guilford,36.1090060008986,-79.802314,2025,12,,42.0
2025-12-03,Millbrook School,Wake,35.856111,-78.574167,2025,12,,41.0
2025-12-03,Old High School,Swain,35.498711,-83.310242,2025,12,,13.0
2025-12-03,Pitt Agri. Center,Pitt,35.6412760008938,-77.360126,2025,12,,34.0
2025-12-03,Rockwell,Rowan,35.551868,-80.395039,2025,12,,31.0
2025-12-03,West Johnston Co.,Johnston,35.59095,-78.4622,2025,12,,32.0
2025-12-04,Bryson City,Swain,35.434767,-83.442133,2025,12,,53.0
2025-12-04,Castle Hayne,New Hanover,34.364167,-77.838611,2025,12,,56.5
2025-12-04,Clemmons Middle,Forsyth,36.026612,-80.341962,2025,12,,55.0
2025-12-04,Durham Armory,Durham,36.0329550008979,-78.904037,2025,12,,47.0
2025-12-04,Garinger High School,Mecklenburg,35.2401000008895,-80.785683,2025,12,12.0,60.0
2025-12-04,Hattie Avenue,Forsyth,36.11094,-80.224501,2025,12,,54.0
2025-12-04,Leggett,Edgecombe,35.988278,-77.5843,2025,12,,52.0
2025-12-04,Mendenhall School,Guilford,36.1090060008986,-79.802314,2025,12,,50.0
2025-12-04,Millbrook School,Wake,35.856111,-78.574167,2025,12,19.0,54.0
2025-12-04,Old High School,Swain,35.498711,-83.310242,2025,12,,23.0
2025-12-04,Pitt Agri. Center,Pitt,35.6412760008938,-77.360126,2025,12,,56.0
2025-12-04,Rockwell,Rowan,35.551868,-80.395039,2025,12,,60.0
2025-12-04,West Johnston Co.,Johnston,35.59095,-78.4622,2025,12,,58.0
2025-12-05,Bryson City,Swain,35.434767,-83.442133,2025,12,,21.0
2025-12-05,Castle Hayne,New Hanover,34.364167,-77.838611,2025,12,,42.0
2025-12-05,Clemmons Middle,Forsyth,36.026612,-80.341962,2025,12,,44.0
2025-12-05,Durham Armory,Durham,36.0329550008979,-78.904037,2025,12,,34.0
2025-12-05,Garinger High School,Mecklenburg,35.2401000008895,-80.785683,2025,12,12.0,43.0
2025-12-05,Hattie Avenue,Forsyth,36.11094,-80.224501,2025,12,,37.0
2025-12-05,Leggett,Edgecombe,35.988278,-77.5843,2025,12,,26.0
2025-12-05,Mendenhall School,Guilford,36.1090060008986,-79.802314,2025,12,,33.0
2025-12-05,Millbrook School,Wake,35.856111,-78.574167,2025,12,17.0,35.0
2025-12-05,Old High School,Swain,35.498711,-83.310242,2025,12,,11.0
2025-12-05,Pitt Agri. Center,Pitt,35.6412760008938,-77.360126,2025,12,,26.0
2025-12-05,Rockwell,Rowan,35.551868,-80.395039,2025,12,15.0,47.0
2025-12-05,West Johnston Co.,Johnston,35.59095,-78.4622,2025,12,,33.0
2025-12-06,Bryson City,Swain,35.434767,-83.442133,2025,12,,56.0
2025-12-06,Castle Hayne,New Hanover,34.364167,-77.838611,2025,12,,36.5
2025-12-06,Clemmons Middle,Forsyth,36.026612,-80.341962,2025,12,,59.0
2025-12-06,Durham Armory,Durham,36.0329550008979,-78.904037,2025,12,,48.5
2025-12-06,Garinger High School,Mecklenburg,35.2401000008895,-80.785683,2025,12,6.0,58.5
2025-12-06,Hattie Avenue,Forsyth,36.11094,-80.224501,2025,12,,53.5
2025-12-06,Leggett,Edgecombe,35.988278,-77.5843,2025,12,,37.0
2025-12-06,Mendenhall School,Guilford,36.1090060008986,-79.802314,2025,12,,52.0
2025-12-06,Millbrook School,Wake,35.856111,-78.574167,2025,12,9.0,53.0
2025-12-06,Old High School,Swain,35.498711,-83.310242,2025,12,,15.0
2025-12-06,Pitt Agri. Center,Pitt,35.6412760008938,-77.360126,2025,12,,33.0
2025-12-06,Rockwell,Rowan,35.551868,-80.395039,2025,12,8.0,51.0
2025-12-06,West Johnston Co.,Johnston,35.59095,-78.4622,2025,12,,44.0
2025-12-07,Bryson City,Swain,35.434767,-83.442133,2025,12,,42.0
2025-12-07,Castle Hayne,New Hanover,34.364167,-77.838611,2025,12,,63.0
2025-12-07,Clemmons Middle,Forsyth,36.026612,-80.341962,2025,12,,56.0
2025-12-07,Durham Armory,Durham,36.0329550008979,-78.904037,2025,12,,58.0
2025-12-07,Garinger High School,Mecklenburg,35.2401000008895,-80.785683,2025,12,7.0,51.0
2025-12-07,Hattie Avenue,Forsyth,36.11094,-80.224501,2025,12,,56.0
2025-12-07,Leggett,Edgecombe,35.988278,-77.5843,2025,12,,53.0
2025-12-07,Mendenhall School,Guilford,36.1090060008986,-79.802314,2025,12,,52.0
2025-12-07,Millbrook School,Wake,35.856111,-78.574167,2025,12,10.0,61.0
2025-12-07,Old High School,Swain,35.498711,-83.310242,2025,12,,14.0
2025-12-07,Pitt Agri. Center,Pitt,35.6412760008938,-77.360126,2025,12,,53.0
2025-12-07,Rockwell,Rowan,35.551868,-80.395039,2025,12,6.0,56.0
2025-12-07,West Johnston Co.,Johnston,35.59095,-78.4622,2025,12,,59.0
2025-12-08,Bryson City,Swain,35.434767,-83.442133,2025,12,,52.0
2025-12-08,Castle Hayne,New Hanover,34.364167,-77.838611,2025,12,,52.5
2025-12-08,Clemmons Middle,Forsyth,36.026612,-80.341962,2025,12,,56.0
2025-12-08,Durham Armory,Durham,36.0329550008979,-78.904037,2025,12,,51.0
2025-12-08,Garinger High School,Mecklenburg,35.2401000008895,-80.785683,2025,12,19.0,46.0
2025-12-08,Hattie Avenue,Forsyth,36.11094,-80.224501,2025,12,,55.0
2025-12-08,Leggett,Edgecombe,35.988278,-77.5843,2025,12,,33.0
2025-12-08,Mendenhall School,Guilford,36.1090060008986,-79.802314,2025,12,,53.0
2025-12-08,Millbrook School,Wake,35.856111,-78.574167,2025,12,26.0,54.0
2025-12-08,Old High School,Swain,35.498711,-83.310242,2025,12,,17.0
2025-12-08,Pitt Agri. Center,Pitt,35.6412760008938,-77.360126,2025,12,,37.0
2025-12-08,Rockwell,Rowan,35.551868,-80.395039,2025,12,23.0,47.0
2025-12-08,West Johnston Co.,Johnston,35.59095,-78.4622,2025,12,,44.0
2025-12-09,Bryson City,Swain,35.434767,-83.442133,2025,12,,32.0
2025-12-09,Castle Hayne,New Hanover,34.364167,-77.838611,2025,12,,30.0
2025-12-09,Clemmons Middle,Forsyth,36.026612,-80.341962,2025,12,,40.0
2025-12-09,Durham Armory,Durham,36.0329550008979,-78.904037,2025,12,,33.0
2025-12-09,Garinger High School,Mecklenburg,35.2401000008895,-80.785683,2025,12,20.0,41.0
2025-12-09,Hattie Avenue,Forsyth,36.11094,-80.224501,2025,12,,38.0
2025-12-09,Leggett,Edgecombe,35.988278,-77.5843,2025,12,,23.0
2025-12-09,Mendenhall School,Guilford,36.1090060008986,-79.802314,2025,12,,39.0
2025-12-09,Millbrook School,Wake,35.856111,-78.574167,2025,12,26.0,36.0
2025-12-09,Old High School,Swain,35.498711,-83.310242,2025,12,,16.0
2025-12-09,Pitt Agri. Center,Pitt,35.6412760008938,-77.360126,2025,12,,24.0
2025-12-09,Rockwell,Rowan,35.551868,-80.395039,2025,12,25.0,37.0
2025-12-09,West Johnston Co.,Johnston,35.59095,-78.4622,2025,12,,28.0
2025-12-10,Bryson City,Swain,35.434767,-83.442133,2025,12,,37.0
2025-12-10,Castle Hayne,New Hanover,34.364167,-77.838611,2025,12,,42.5
2025-12-10,Clemmons Middle,Forsyth,36.026612,-80.341962,2025,12,,53.0
2025-12-10,Durham Armory,Durham,36.0329550008979,-78.904037,2025,12,,48.5
2025-12-10,Garinger High School,Mecklenburg,35.2401000008895,-80.785683,2025,12,30.0,39.0
2025-12-10,Hattie Avenue,Forsyth,36.11094,-80.224501,2025,12,,53.0
2025-12-10,Leggett,Edgecombe,35.988278,-77.5843,2025,12,,42.0
2025-12-10,Mendenhall School,Guilford,36.1090060008986,-79.802314,2025,12,,45.0
2025-12-10,Millbrook School,Wake,35.856111,-78.574167,2025,12,27.0,52.0
2025-12-10,Old High School,Swain,35.498711,-83.310242,2025,12,,22.0
2025-12-10,Pitt Agri. Center,Pitt,35.6412760008938,-77.360126,2025,12,,46.0
2025-12-10,Rockwell,Rowan,35.551868,-80.395039,2025,12,31.0,41.0
2025-12-10,West Johnston Co.,Johnston,35.59095,-78.4622,2025,12,,43.0
2025-12-11,Bryson City,Swain,35.434767,-83.442133,2025,12,,18.0
2025-12-11,Castle Hayne,New Hanover,34.364167,-77.838611,2025,12,,31.0
2025-12-11,Clemmons Middle,Forsyth,36.026612,-80.341962,2025,12,,18.0
2025-12-11,Durham Armory,Durham,36.0329550008979,-78.904037,2025,12,,13.5
2025-12-11,Garinger High School,Mecklenburg,35.2401000008895,-80.785683,2025,12,27.0,15.0
2025-12-11,Hattie Avenue,Forsyth,36.11094,-80.224501,2025,12,,18.0
2025-12-11,Leggett,Edgecombe,35.988278,-77.5843,2025,12,,13.0
2025-12-11,Mendenhall School,Guilford,36.1090060008986,-79.802314,2025,12,,18.0
2025-12-11,Millbrook School,Wake,35.856111,-78.574167,2025,12,26.0,16.5
2025-12-11,Old High School,Swain,35.498711,-83.310242,2025,12,,13.0
2025-12-11,Pitt Agri. Center,Pitt,35.6412760008938,-77.360126,2025,12,,20.0
2025-12-11,Rockwell,Rowan,35.551868,-80.395039,2025,12,28.0,12.0
2025-12-11,West Johnston Co.,Johnston,35.59095,-78.4622,2025,12,,17.0
2025-12-12,Bryson City,Swain,35.434767,-83.442133,2025,12,,51.0
2025-12-12,Castle Hayne,New Hanover,34.364167,-77.838611,2025,12,,31.5
2025-12-12,Clemmons Middle,Forsyth,36.026612,-80.341962,2025,12,,50.0
2025-12-12,Durham Armory,Durham,36.0329550008979,-78.904037,2025,12,,39.0
2025-12-12,Garinger High School,Mecklenburg,35.2401000008895,-80.785683,2025,12,27.0,33.0
2025-12-12,Hattie Avenue,Forsyth,36.11094,-80.224501,2025,12,,39.0
2025-12-12,Leggett,Edgecombe,35.988278,-77.5843,2025,12,,23.0
2025-12-12,Mendenhall School,Guilford,36.1090060008986,-79.802314,2025,12,,36.0
2025-12-12,Millbrook School,Wake,35.856111,-78.574167,2025,12,22.0,40.0
2025-12-12,Old High School,Swain,35.498711,-83.310242,2025,12,,22.0
2025-12-12,Pitt Agri. Center,Pitt,35.6412760008938,-77.360126,2025,12,,26.0
2025-12-12,Rockwell,Rowan,35.551868,-80.395039,2025,12,24.0,63.0
2025-12-12,West Johnston Co.,Johnston,35.59095,-78.4622,2025,12,,34.0
2025-12-13,Bryson City,Swain,35.434767,-83.442133,2025,12,,66.0
2025-12-13,Castle Hayne,New Hanover,34.364167,-77.838611,2025,12,,44.0
2025-12-13,Clemmons Middle,Forsyth,36.026612,-80.341962,2025,12,,68.0
2025-12-13,Durham Armory,Durham,36.0329550008979,-78.904037,2025,12,,59.5
2025-12-13,Garinger High School,Mecklenburg,35.2401000008895,-80.785683,2025,12,31.0,59.0
2025-12-13,Hattie Avenue,Forsyth,36.11094,-80.224501,2025,12,,64.0
2025-12-13,Leggett,Edgecombe,35.988278,-77.5843,2025,12,,52.0
2025-12-13,Mendenhall School,Guilford,36.1090060008986,-79.802314,2025,12,,59.0
2025-12-13,Millbrook School,Wake,35.856111,-78.574167,2025,12,25.0,64.5
2025-12-13,Old High School,Swain,35.498711,-83.310242,2025,12,,27.0
2025-12-13,Pitt Agri. Center,Pitt,35.6412760008938,-77.360126,2025,12,,56.0
2025-12-13,Rockwell,Rowan,35.551868,-80.395039,2025,12,28.0,62.0
2025-12-13,West Johnston Co.,Johnston,35.59095,-78.4622,2025,12,,58.0
2025-12-14,Bryson City,Swain,35.434767,-83.442133,2025,12,,29.0
2025-12-14,Castle Hayne,New Hanover,34.364167,-77.838611,2025,12,,34.0
2025-12-14,Clemmons Middle,Forsyth,36.026612,-80.341962,2025,12,,48.0
2025-12-14,Durham Armory,Durham,36.0329550008979,-78.904037,2025,12,,40.5
2025-12-14,Garinger High School,Mecklenburg,35.2401000008895,-80.785683,2025,12,33.0,32.0
2025-12-14,Hattie Avenue,Forsyth,36.11094,-80.224501,2025,12,,39.0
2025-12-14,Leggett,Edgecombe,35.988278,-77.5843,2025,12,,41.0
2025-12-14,Mendenhall School,Guilford,36.1090060008986,-79.802314,2025,12,,40.0
2025-12-14,Millbrook School,Wake,35.856111,-78.574167,2025,12,33.0,51.0
2025-12-14,Old High School,Swain,35.498711,-83.310242,2025,12,,11.0
2025-12-14,Pitt Agri. Center,Pitt,35.6412760008938,-77.360126,2025,12,,33.0
2025-12-14,Rockwell,Rowan,35.551868,-80.395039,2025,12,35.0,44.0
2025-12-14,West Johnston Co.,Johnston,35.59095,-78.4622,2025,12,,31.0
2025-12-15,Bryson City,Swain,35.434767,-83.442133,2025,12,,45.0
2025-12-15,Castle Hayne,New Hanover,34.364167,-77.838611,2025,12,,28.5
2025-12-15,Clemmons Middle,Forsyth,36.026612,-80.341962,2025,12,,27.5
2025-12-15,Durham Armory,Durham,36.0329550008979,-78.904037,2025,12,,20.0
2025-12-15,Garinger High School,Mecklenburg,35.2401000008895,-80.785683,2025,12,27.0,29.5
2025-12-15,Hattie Avenue,Forsyth,36.11094,-80.224501,2025,12,,22.5
2025-12-15,Leggett,Edgecombe,35.988278,-77.5843,2025,12,,11.0
2025-12-15,Mendenhall School,Guilford,36.1090060008986,-79.802314,2025,12,,20.0
2025-12-15,Millbrook School,Wake,35.856111,-78.574167,2025,12,27.0,32.0
2025-12-15,Old High School,Swain,35.498711,-83.310242,2025,12,,10.5
2025-12-15,Pitt Agri. Center,Pitt,35.6412760008938,-77.360126,2025,12,,19.0
2025-12-15,Rockwell,Rowan,35.551868,-80.395039,2025,12,29.0,16.0
2025-12-15,West Johnston Co.,Johnston,35.59095,-78.4622,2025,12,,24.0
2025-12-16,Bryson City,Swain,35.434767,-83.442133,2025,12,,55.0
2025-12-16,Castle Hayne,New Hanover,34.364167,-77.838611,2025,12,,44.5
2025-12-16,Clemmons Middle,Forsyth,36.026612,-80.341962,2025,12,,55.0
2025-12-16,Durham Armory,Durham,36.0329550008979,-78.904037,2025,12,,44.5
2025-12-16,Garinger High School,Mecklenburg,35.2401000008895,-80.785683,2025,12,26.0,54.0
2025-12-16,Hattie Avenue,Forsyth,36.11094,-80.224501,2025,12,,52.0
2025-12-16,Leggett,Edgecombe,35.988278,-77.5843,2025,12,,42.0
2025-12-16,Mendenhall School,Guilford,36.1090060008986,-79.802314,2025,12,,46.0
2025-12-16,Millbrook School,Wake,35.856111,-78.574167,2025,12,26.0,50.5
2025-12-16,Pitt Agri. Center,Pitt,35.6412760008938,-77.360126,2025,12,,48.0
2025-12-16,Rockwell,Rowan,35.551868,-80.395039,2025,12,26.0,56.0
2025-12-16,West Johnston Co.,Johnston,35.59095,-78.4622,2025,12,,34.0
2025-12-17,Bryson City,Swain,35.434767,-83.442133,2025,12,,65.0
2025-12-17,Castle Hayne,New Hanover,34.364167,-77.838611,2025,12,,54.5
2025-12-17,Clemmons Middle,Forsyth,36.026612,-80.341962,2025,12,,69.0
2025-12-17,Durham Armory,Durham,36.0329550008979,-78.904037,2025,12,,59.0
2025-12-17,Garinger High School,Mecklenburg,35.2401000008895,-80.785683,2025,12,30.0,59.0
2025-12-17,Hattie Avenue,Forsyth,36.11094,-80.224501,2025,12,,78.0
2025-12-17,Leggett,Edgecombe,35.988278,-77.5843,2025,12,,51.0
2025-12-17,Mendenhall School,Guilford,36.1090060008986,-79.802314,2025,12,,61.0
2025-12-17,Millbrook School,Wake,35.856111,-78.574167,2025,12,27.0,67.0
2025-12-17,Pitt Agri. Center,Pitt,35.6412760008938,-77.360126,2025,12,,53.0
2025-12-17,Rockwell,Rowan,35.551868,-80.395039,2025,12,30.0,61.0
2025-12-17,West Johnston Co.,Johnston,35.59095,-78.4622,2025,12,,56.0
2025-12-18,Bryson City,Swain,35.434767,-83.442133,2025,12,,57.0
2025-12-18,Castle Hayne,New Hanover,34.364167,-77.838611,2025,12,,34.0
2025-12-18,Clemmons Middle,Forsyth,36.026612,-80.341962,2025,12,,76.0
2025-12-18,Durham Armory,Durham,36.0329550008979,-78.904037,2025,12,,60.5
2025-12-18,Garinger High School,Mecklenburg,35.2401000008895,-80.785683,2025,12,26.0,52.0
2025-12-18,Hattie Avenue,Forsyth,36.11094,-80.224501,2025,12,,69.5
2025-12-18,Leggett,Edgecombe,35.988278,-77.5843,2025,12,,54.0
2025-12-18,Mendenhall School,Guilford,36.1090060008986,-79.802314,2025,12,,63.0
2025-12-18,Millbrook School,Wake,35.856111,-78.574167,2025,12,26.0,61.0
2025-12-18,Pitt Agri. Center,Pitt,35.6412760008938,-77.360126,2025,12,,53.0
2025-12-18,Rockwell,Rowan,35.551868,-80.395039,2025,12,29.0,59.0
2025-12-18,West Johnston Co.,Johnston,35.59095,-78.4622,2025,12,,55.0
2025-12-19,Bryson City,Swain,35.434767,-83.442133,2025,12,,10.0
2025-12-19,Castle Hayne,New Hanover,34.364167,-77.838611,2025,12,,20.0
2025-12-19,Clemmons Middle,Forsyth,36.026612,-80.341962,2025,12,,14.0
2025-12-19,Durham Armory,Durham,36.0329550008979,-78.904037,2025,12,,11.0
2025-12-19,Garinger High School,Mecklenburg,35.2401000008895,-80.785683,2025,12,32.0,14.0
2025-12-19,Hattie Avenue,Forsyth,36.11094,-80.224501,2025,12,,14.0
2025-12-19,Leggett,Edgecombe,35.988278,-77.5843,2025,12,,7.0
2025-12-19,Mendenhall School,Guilford,36.1090060008986,-79.802314,2025,12,,7.0
2025-12-19,Millbrook School,Wake,35.856111,-78.574167,2025,12,35.0,14.0
2025-12-19,Pitt Agri. Center,Pitt,35.6412760008938,-77.360126,2025,12,,11.0
2025-12-19,Rockwell,Rowan,35.551868,-80.395039,2025,12,35.0,8.0
2025-12-19,West Johnston Co.,Johnston,35.59095,-78.4622,2025,12,,7.0
2025-12-20,Bryson City,Swain,35.434767,-83.442133,2025,12,,60.0
2025-12-20,Castle Hayne,New Hanover,34.364167,-77.838611,2025,12,,29.0
2025-12-20,Clemmons Middle,Forsyth,36.026612,-80.341962,2025,12,,27.0
2025-12-20,Durham Armory,Durham,36.0329550008979,-78.904037,2025,12,,31.0
2025-12-20,Garinger High School,Mecklenburg,35.2401000008895,-80.785683,2025,12,33.0,27.0
2025-12-20,Hattie Avenue,Forsyth,36.11094,-80.224501,2025,12,,23.0
2025-12-20,Leggett,Edgecombe,35.988278,-77.5843,2025,12,,23.0
2025-12-20,Mendenhall School,Guilford,36.1090060008986,-79.802314,2025,12,,26.0
2025-12-20,Millbrook School,Wake,35.856111,-78.574167,2025,12,30.0,30.0
2025-12-20,Pitt Agri. Center,Pitt,35.6412760008938,-77.360126,2025,12,,21.0
2025-12-20,Rockwell,Rowan,35.551868,-80.395039,2025,12,33.0,32.0
2025-12-20,West Johnston Co.,Johnston,35.59095,-78.4622,2025,12,,26.0
2025-12-21,Bryson City,Swain,35.434767,-83.442133,2025,12,,64.0
2025-12-21,Castle Hayne,New Hanover,34.364167,-77.838611,2025,12,,36.5
2025-12-21,Clemmons Middle,Forsyth,36.026612,-80.341962,2025,12,,42.0
2025-12-21,Durham Armory,Durham,36.0329550008979,-78.904037,2025,12,,29.0
2025-12-21,Garinger High School,Mecklenburg,35.2401000008895,-80.785683,2025,12,31.0,36.5
2025-12-21,Hattie Avenue,Forsyth,36.11094,-80.224501,2025,12,,31.0
2025-12-21,Leggett,Edgecombe,35.988278,-77.5843,2025,12,,23.0
2025-12-21,Mendenhall School,Guilford,36.1090060008986,-79.802314,2025,12,,34.0
2025-12-21,Millbrook School,Wake,35.856111,-78.574167,2025,12,33.0,31.0
2025-12-21,Old High School,Swain,35.498711,-83.310242,2025,12,,16.0
2025-12-21,Pitt Agri. Center,Pitt,35.6412760008938,-77.360126,2025,12,,26.0
2025-12-21,Rockwell,Rowan,35.551868,-80.395039,2025,12,32.0,47.0
2025-12-21,West Johnston Co.,Johnston,35.59095,-78.4622,2025,12,,30.0
2025-12-22,Bryson City,Swain,35.434767,-83.442133,2025,12,,76.0
2025-12-22,Castle Hayne,New Hanover,34.364167,-77.838611,2025,12,,23.0
2025-12-22,Clemmons Middle,Forsyth,36.026612,-80.341962,2025,12,,27.0
2025-12-22,Durham Armory,Durham,36.0329550008979,-78.904037,2025,12,,22.5
2025-12-22,Garinger High School,Mecklenburg,35.2401000008895,-80.785683,2025,12,34.0,23.0
2025-12-22,Hattie Avenue,Forsyth,36.11094,-80.224501,2025,12,,20.0
2025-12-22,Leggett,Edgecombe,35.988278,-77.5843,2025,12,,19.0
2025-12-22,Mendenhall School,Guilford,36.1090060008986,-79.802314,2025,12,,18.0
2025-12-22,Millbrook School,Wake,35.856111,-78.574167,2025,12,32.0,21.0
2025-12-22,Pitt Agri. Center,Pitt,35.6412760008938,-77.360126,2025,12,,18.0
2025-12-22,Rockwell,Rowan,35.551868,-80.395039,2025,12,33.0,28.0
2025-12-22,West Johnston Co.,Johnston,35.59095,-78.4622,2025,12,,21.0
2025-12-23,Bryson City,Swain,35.434767,-83.442133,2025,12,,71.0
2025-12-23,Castle Hayne,New Hanover,34.364167,-77.838611,2025,12,,36.0
2025-12-23,Clemmons Middle,Forsyth,36.026612,-80.341962,2025,12,,39.0
2025-12-23,Durham Armory,Durham,36.0329550008979,-78.904037,2025,12,,45.0
2025-12-23,Garinger High School,Mecklenburg,35.2401000008895,-80.785683,2025,12,37.0,33.0
2025-12-23,Hattie Avenue,Forsyth,36.11094,-80.224501,2025,12,,37.0
2025-12-23,Leggett,Edgecombe,35.988278,-77.5843,2025,12,,33.0
2025-12-23,Mendenhall School,Guilford,36.1090060008986,-79.802314,2025,12,,37.0
2025-12-23,Millbrook School,Wake,35.856111,-78.574167,2025,12,31.0,36.0
2025-12-23,Pitt Agri. Center,Pitt,35.6412760008938,-77.360126,2025,12,,31.0
2025-12-23,Rockwell,Rowan,35.551868,-80.395039,2025,12,38.0,49.0
2025-12-23,West Johnston Co.,Johnston,35.59095,-78.4622,2025,12,,50.0
2025-12-24,Bryson City,Swain,35.434767,-83.442133,2025,12,,68.0
2025-12-24,Castle Hayne,New Hanover,34.364167,-77.838611,2025,12,,53.0
2025-12-24,Clemmons Middle,Forsyth,36.026612,-80.341962,2025,12,,55.0
2025-12-24,Durham Armory,Durham,36.0329550008979,-78.904037,2025,12,,56.0
2025-12-24,Garinger High School,Mecklenburg,35.2401000008895,-80.785683,2025,12,30.0,59.0
2025-12-24,Hattie Avenue,Forsyth,36.11094,-80.224501,2025,12,,52.5
2025-12-24,Leggett,Edgecombe,35.988278,-77.5843,2025,12,,39.0
2025-12-24,Mendenhall School,Guilford,36.1090060008986,-79.802314,2025,12,,56.0
2025-12-24,Millbrook School,Wake,35.856111,-78.574167,2025,12,33.0,46.5
2025-12-24,Old High School,Swain,35.498711,-83.310242,2025,12,,48.0
2025-12-24,Pitt Agri. Center,Pitt,35.6412760008938,-77.360126,2025,12,,36.0
2025-12-24,Rockwell,Rowan,35.551868,-80.395039,2025,12,31.0,53.0
2025-12-24,West Johnston Co.,Johnston,35.59095,-78.4622,2025,12,,41.0
2025-12-25,Bryson City,Swain,35.434767,-83.442133,2025,12,,52.0
2025-12-25,Castle Hayne,New Hanover,34.364167,-77.838611,2025,12,,40.5
2025-12-25,Clemmons Middle,Forsyth,36.026612,-80.341962,2025,12,,55.0
2025-12-25,Durham Armory,Durham,36.0329550008979,-78.904037,2025,12,,61.5
2025-12-25,Garinger High School,Mecklenburg,35.2401000008895,-80.785683,2025,12,30.0,54.0
2025-12-25,Hattie Avenue,Forsyth,36.11094,-80.224501,2025,12,,54.0
2025-12-25,Leggett,Edgecombe,35.988278,-77.5843,2025,12,,38.0
2025-12-25,Mendenhall School,Guilford,36.1090060008986,-79.802314,2025,12,,63.0
2025-12-25,Millbrook School,Wake,35.856111,-78.574167,2025,12,26.0,58.0
2025-12-25,Pitt Agri. Center,Pitt,35.6412760008938,-77.360126,2025,12,,52.0
2025-12-25,Rockwell,Rowan,35.551868,-80.395039,2025,12,31.0,52.0
2025-12-25,West Johnston Co.,Johnston,35.59095,-78.4622,2025,12,,55.0
2025-12-26,Bryson City,Swain,35.434767,-83.442133,2025,12,,41.0
2025-12-26,Castle Hayne,New Hanover,34.364167,-77.838611,2025,12,,41.5
2025-12-26,Clemmons Middle,Forsyth,36.026612,-80.341962,2025,12,,45.0
2025-12-26,Durham Armory,Durham,36.0329550008979,-78.904037,2025,12,,31.5
2025-12-26,Garinger High School,Mecklenburg,35.2401000008895,-80.785683,2025,12,24.0,54.0
2025-12-26,Hattie Avenue,Forsyth,36.11094,-80.224501,2025,12,,43.0
2025-12-26,Leggett,Edgecombe,35.988278,-77.5843,2025,12,,22.0
2025-12-26,Mendenhall School,Guilford,36.1090060008986,-79.802314,2025,12,,35.0
2025-12-26,Millbrook School,Wake,35.856111,-78.574167,2025,12,30.0,38.0
2025-12-26,Pitt Agri. Center,Pitt,35.6412760008938,-77.360126,2025,12,,25.0
2025-12-26,Rockwell,Rowan,35.551868,-80.395039,2025,12,27.0,41.0
2025-12-26,West Johnston Co.,Johnston,35.59095,-78.4622,2025,12,,34.0
2025-12-27,Bryson City,Swain,35.434767,-83.442133,2025,12,,39.0
2025-12-27,Castle Hayne,New Hanover,34.364167,-77.838611,2025,12,,52.5
2025-12-27,Clemmons Middle,Forsyth,36.026612,-80.341962,2025,12,,51.0
2025-12-27,Durham Armory,Durham,36.0329550008979,-78.904037,2025,12,,45.5
2025-12-27,Garinger High School,Mecklenburg,35.2401000008895,-80.785683,2025,12,27.0,57.5
2025-12-27,Hattie Avenue,Forsyth,36.11094,-80.224501,2025,12,,50.0
2025-12-27,Leggett,Edgecombe,35.988278,-77.5843,2025,12,,28.0
2025-12-27,Mendenhall School,Guilford,36.1090060008986,-79.802314,2025,12,,51.0
2025-12-27,Millbrook School,Wake,35.856111,-78.574167,2025,12,24.0,51.5
2025-12-27,Old High School,Swain,35.498711,-83.310242,2025,12,,34.0
2025-12-27,Pitt Agri. Center,Pitt,35.6412760008938,-77.360126,2025,12,,30.0
2025-12-27,Rockwell,Rowan,35.551868,-80.395039,2025,12,31.0,51.0
2025-12-27,West Johnston Co.,Johnston,35.59095,-78.4622,2025,12,,41.0
2025-12-28,Bryson City,Swain,35.434767,-83.442133,2025,12,,56.0
2025-12-28,Castle Hayne,New Hanover,34.364167,-77.838611,2025,12,,27.5
2025-12-28,Clemmons Middle,Forsyth,36.026612,-80.341962,2025,12,,37.0
2025-12-28,Durham Armory,Durham,36.0329550008979,-78.904037,2025,12,,27.0
2025-12-28,Garinger High School,Mecklenburg,35.2401000008895,-80.785683,2025,12,17.0,45.0
2025-12-28,Hattie Avenue,Forsyth,36.11094,-80.224501,2025,12,,39.0
2025-12-28,Leggett,Edgecombe,35.988278,-77.5843,2025,12,,35.0
2025-12-28,Mendenhall School,Guilford,36.1090060008986,-79.802314,2025,12,,27.0
2025-12-28,Millbrook School,Wake,35.856111,-78.574167,2025,12,22.0,34.0
2025-12-28,Pitt Agri. Center,Pitt,35.6412760008938,-77.360126,2025,12,,31.0
2025-12-28,Rockwell,Rowan,35.551868,-80.395039,2025,12,19.0,39.0
2025-12-28,West Johnston Co.,Johnston,35.59095,-78.4622,2025,12,,34.0
2025-12-29,Bryson City,Swain,35.434767,-83.442133,2025,12,,12.0
2025-12-29,Castle Hayne,New Hanover,34.364167,-77.838611,2025,12,,32.0
2025-12-29,Clemmons Middle,Forsyth,36.026612,-80.341962,2025,12,,27.0
2025-12-29,Durham Armory,Durham,36.0329550008979,-78.904037,2025,12,,27.5
2025-12-29,Garinger High School,Mecklenburg,35.2401000008895,-80.785683,2025,12,30.0,24.0
2025-12-29,Hattie Avenue,Forsyth,36.11094,-80.224501,2025,12,,26.0
2025-12-29,Leggett,Edgecombe,35.988278,-77.5843,2025,12,,27.0
2025-12-29,Mendenhall School,Guilford,36.1090060008986,-79.802314,2025,12,,20.0
2025-12-29,Millbrook School,Wake,35.856111,-78.574167,2025,12,30.0,32.0
2025-12-29,Pitt Agri. Center,Pitt,35.6412760008938,-77.360126,2025,12,,69.0
2025-12-29,Rockwell,Rowan,35.551868,-80.395039,2025,12,31.0,22.0
2025-12-29,West Johnston Co.,Johnston,35.59095,-78.4622,2025,12,,21.0
2025-12-30,Bryson City,Swain,35.434767,-83.442133,2025,12,,12.0
2025-12-30,Castle Hayne,New Hanover,34.364167,-77.838611,2025,12,,30.0
2025-12-30,Clemmons Middle,Forsyth,36.026612,-80.341962,2025,12,,20.0
2025-12-30,Durham Armory,Durham,36.0329550008979,-78.904037,2025,12,,15.5
2025-12-30,Garinger High School,Mecklenburg,35.2401000008895,-80.785683,2025,12,27.0,17.5
2025-12-30,Hattie Avenue,Forsyth,36.11094,-80.224501,2025,12,,18.5
2025-12-30,Leggett,Edgecombe,35.988278,-77.5843,2025,12,,16.0
2025-12-30,Mendenhall School,Guilford,36.1090060008986,-79.802314,2025,12,,18.0
2025-12-30,Millbrook School,Wake,35.856111,-78.574167,2025,12,27.0,17.5
2025-12-30,Pitt Agri. Center,Pitt,35.6412760008938,-77.360126,2025,12,,11.0
2025-12-30,Rockwell,Rowan,35.551868,-80.395039,2025,12,30.0,9.0
2025-12-30,West Johnston Co.,Johnston,35.59095,-78.4622,2025,12,,21.0
2025-12-31,Bryson City,Swain,35.434767,-83.442133,2025,12,,22.0
2025-12-31,Castle Hayne,New Hanover,34.364167,-77.838611,2025,12,,35.0
2025-12-31,Clemmons Middle,Forsyth,36.026612,-80.341962,2025,12,,17.0
2025-12-31,Durham Armory,Durham,36.0329550008979,-78.904037,2025,12,,30.5
2025-12-31,Garinger High School,Mecklenburg,35.2401000008895,-80.785683,2025,12,34.0,31.0
2025-12-31,Hattie Avenue,Forsyth,36.11094,-80.224501,2025,12,,18.0
2025-12-31,Leggett,Edgecombe,35.988278,-77.5843,2025,12,,22.0
2025-12-31,Mendenhall School,Guilford,36.1090060008986,-79.802314,2025,12,,18.0
2025-12-31,Millbrook School,Wake,35.856111,-78.574167,2025,12,32.0,24.0
2025-12-31,Pitt Agri. Center,Pitt,35.6412760008938,-77.360126,2025,12,,23.0
2025-12-31,Rockwell,Rowan,35.551868,-80.395039,2025,12,35.0,21.0
2025-12-31,West Johnston Co.,Johnston,35.59095,-78.4622,2025,12,,25.0
